TradDt,BizDt,Sgmt,Src,FinInstrmTp,FinInstrmId,ISIN,TckrSymb,SctySrs,XpryDt,FininstrmActlXpryDt,StrkPric,OptnTp,FinInstrmNm,OpnPric,HghPric,LwPric,ClsPric,LastPric,PrvsClsgPric,UndrlygPric,SttlmPric,OpnIntrst,ChngInOpnIntrst,TtlTradgVol,TtlTrfVal,TtlNbOfTxsExctd,SsnId,NewBrdLotQty,Rmks,Rsvd1,Rsvd2,Rsvd3,Rsvd4
2026-06-12,2026-06-12,CM,BSE,STK,500002,INE117A01022,ABB,A,,,,,ABB INDIA LIMITED,6786.00,6843.35,6723.05,6766.10,6766.10,6723.00,,6770.50,,,11347,76961491.00,2619,F1,1,,,,,
2026-06-12,2026-06-12,CM,BSE,STK,500003,INE208C01025,AEGISLOG,A,,,,,AEGIS LOGISTICS LTD.,959.90,975.95,913.35,944.55,944.55,927.75,,944.40,,,1912968,1817725259.00,38233,F1,1,,,,,
2026-06-12,2026-06-12,CM,BSE,STK,500008,INE885A01032,ARE&M,A,,,,,Amara Raja Energy & Mobility L,812.00,825.00,806.90,823.45,823.45,796.05,,823.65,,,27167,22178074.00,1556,F1,1,,,,,
2026-06-12,2026-06-12,CM,BSE,STK,500009,INE432A01017,AMBALALSA,B,,,,,AMBALAL SARABHAI ENTERPRISES L,31.99,33.30,31.51,32.40,32.40,31.52,,32.52,,,47964,1561225.00,283,F1,1,,,,,
2026-06-12,2026-06-12,CM,BSE,STK,500012,INE714B01016,ANDHRAPET,X,,,,,ANDHRA PETROCHEMICALS LTD.,49.49,51.90,47.50,49.74,49.74,47.46,,49.74,,,225638,11272763.00,962,F1,1,,,,,
2026-06-12,2026-06-12,CM,BSE,STK,500014,INE096A01010,UTIQUE,X,,,,,UTIQUE ENTERPRISES LIMITED,3.86,4.08,3.86,3.91,4.02,3.96,,3.91,,,4479,17690.00,47,F1,1,,,,,
2026-06-12,2026-06-12,CM,BSE,STK,500016,INE957C01019,ARUNAHTEL,X,,,,,ARUNA HOTELS LTD.,8.04,8.04,7.46,7.85,7.85,7.71,,7.85,,,1390,10616.00,26,F1,1,,,,,
2026-06-12,2026-06-12,CM,BSE,STK,500020,INE032A01023,BOMDYEING,A,,,,,BOMBAY DYEING & MFG.CO.LTD.,123.05,127.50,123.05,127.10,126.95,122.70,,127.15,,,54275,6833182.00,541,F1,1,,,,,
2026-06-12,2026-06-12,CM,BSE,STK,500023,INE363A01022,ASIANHOTNR,B,,,,,ASIAN HOTELS (NORTH) LIMITED,270.05,299.15,270.05,295.80,295.80,293.65,,297.60,,,808,227167.00,74,F1,1,,,,,
2026-06-12,2026-06-12,CM,BSE,STK,500027,INE100A01010,ATUL,A,,,,,ATUL LTD.,6585.00,6610.80,6500.00,6513.55,6513.55,6499.35,,6517.50,,,756,4953880.00,283,F1,1,,,,,
2026-06-12,2026-06-12,CM,BSE,STK,500028,INE447A01015,ATVPR,X,,,,,ATV PROJECTS INDIA LTD.,28.49,28.99,27.11,27.38,27.38,27.63,,27.38,,,16348,453359.00,154,F1,1,,,,,
2026-06-12,2026-06-12,CM,BSE,STK,500031,INE193E01025,BAJAJELEC,A,,,,,BAJAJ ELECTRICALS LTD.,308.50,312.00,304.00,311.00,311.00,304.95,,310.95,,,20077,6165630.00,1347,F1,1,,,,,
2026-06-12,2026-06-12,CM,BSE,STK,500032,INE306A01021,BAJAJHIND,A,,,,,BAJAJ HINDUSTHAN SUGAR LIMITED,18.78,19.07,18.56,18.96,18.96,18.52,,18.94,,,414054,7787155.00,1211,F1,1,,,,,
2026-06-12,2026-06-12,CM,BSE,STK,500033,INE451A01017,FORCEMOT,A,,,,,FORCE MOTORS LTD.,17486.95,17996.80,17191.00,17895.30,17895.30,17092.90,,17892.00,,,7631,133862889.00,1919,F1,1,,,,,
2026-06-12,2026-06-12,CM,BSE,STK,500034,INE296A01032,BAJFINANCE,A,,,,,BAJAJ FINANCE LIMITED,882.00,921.00,880.70,918.65,918.65,870.30,,918.30,,,344086,309385013.00,6971,F1,1,,,,,
2026-06-12,2026-06-12,CM,BSE,STK,500038,INE119A01028,BALRAMCHIN,A,,,,,BALRAMPUR CHINI MILLS LTD.,551.80,551.80,536.70,539.60,536.70,548.85,,539.95,,,15929,8631581.00,625,F1,1,,,,,
2026-06-12,2026-06-12,CM,BSE,STK,500039,INE213C01025,BANCOINDIA,A,,,,,BANCO PRODUCTS (INDIA) LTD.,670.25,697.15,658.40,689.90,689.90,668.45,,689.55,,,48774,33244036.00,1751,F1,1,,,,,
2026-06-12,2026-06-12,CM,BSE,STK,500040,INE055A01016,ABREL,A,,,,,ADITYA BIRLA REAL ESTATE LIMIT,1188.95,1226.40,1182.00,1198.40,1191.65,1182.65,,1198.40,,,22721,27279335.00,1826,F1,1,,,,,
2026-06-12,2026-06-12,CM,BSE,STK,500041,INE459A01010,BANARISUG,B,,,,,BANNARI AMMAN SUGARS LTD.,3680.00,3680.00,3649.95,3649.95,3649.95,3624.15,,3615.60,,,59,215497.00,3,F1,1,,,,,
2026-06-12,2026-06-12,CM,BSE,STK,500042,INE373A01013,BASF,A,,,,,BASF INDIA LTD.,3260.00,3365.35,3260.00,3352.95,3351.65,3253.95,,3355.60,,,2321,7707305.00,456,F1,1,,,,,
2026-06-12,2026-06-12,CM,BSE,STK,500043,INE176A01028,BATAINDIA,A,,,,,BATA INDIA LTD.,669.95,671.50,658.60,669.00,670.05,657.70,,669.10,,,3431,2279037.00,364,F1,1,,,,,
2026-06-12,2026-06-12,CM,BSE,STK,500048,INE258A01024,BEML,A,,,,,BEML LTD.,1734.15,1780.00,1734.15,1773.55,1777.00,1727.70,,1775.60,,,15718,27704557.00,1245,F1,1,,,,,
2026-06-12,2026-06-12,CM,BSE,STK,500049,INE263A01024,BEL,A,,,,,BHARAT ELECTRONICS LTD.,407.85,409.05,403.40,406.55,406.55,402.35,,406.50,,,716078,290947189.00,12797,F1,1,,,,,
2026-06-12,2026-06-12,CM,BSE,STK,500051,INE099C01010,BHAGGAS,XT,,,,,BHAGAWATI GAS LIMITED,7.10,7.10,7.10,7.10,7.10,6.97,,7.10,,,10877,77226.00,17,F1,1,,,,,
2026-06-12,2026-06-12,CM,BSE,STK,500052,INE922A01025,BEPL,B,,,,,BHANSALI ENGINEERING POLYMERS,94.27,97.30,94.27,97.04,97.30,94.07,,97.15,,,17385,1674672.00,211,F1,1,,,,,
2026-06-12,2026-06-12,CM,BSE,STK,500058,INE819C01011,BIHSPONG,X,,,,,BIHAR SPONGE IRON LTD.,12.40,13.15,12.11,12.70,12.78,12.40,,12.70,,,17906,228356.00,211,F1,1,,,,,
2026-06-12,2026-06-12,CM,BSE,STK,500059,INE071A01013,BILVYAPAR,T,,,,,BIL VYAPAR LIMITED,4.07,4.07,4.04,4.04,4.04,3.98,,3.99,,,2124,8641.00,6,F1,1,,,,,
2026-06-12,2026-06-12,CM,BSE,STK,500060,INE800A01015,BIRLACABLE,T,,,,,Birla Cable Limited,188.00,194.70,187.35,194.70,194.70,185.45,,194.32,,,8445,1637710.00,124,F1,1,,,,,
2026-06-12,2026-06-12,CM,BSE,STK,500067,INE472A01039,BLUESTARCO,A,,,,,BLUE STAR LTD.,1568.65,1587.00,1554.80,1582.80,1582.00,1557.55,,1583.70,,,19079,29931786.00,1649,F1,1,,,,,
2026-06-12,2026-06-12,CM,BSE,STK,500068,INE131C01011,DISAQ,B,,,,,DISA INDIA LTD.,10414.00,11405.00,10414.00,11379.75,11405.00,11258.00,,11379.00,,,48,543125.00,35,F1,1,,,,,
2026-06-12,2026-06-12,CM,BSE,STK,500069,INE418C01012,QUESTCAP,X,,,,,QUEST CAPITAL MARKETS LIMITED,272.30,272.50,268.90,270.60,269.00,272.30,,270.60,,,411,111192.00,14,F1,1,,,,,
2026-06-12,2026-06-12,CM,BSE,STK,500074,INE110A01019,BPL,B,,,,,BPL LTD.,54.00,54.00,51.29,51.84,51.95,51.03,,51.61,,,5151,266691.00,241,F1,1,,,,,
2026-06-12,2026-06-12,CM,BSE,STK,500078,INE959C01023,OAL,B,,,,,ORIENTAL AROMATICS LIMITED,324.00,333.95,324.00,325.70,325.35,323.40,,326.75,,,607,197899.00,28,F1,1,,,,,
2026-06-12,2026-06-12,CM,BSE,STK,500083,INE281A01026,CENTEXT,B,,,,,CENTURY EXTRUSIONS LTD.,19.98,20.25,19.46,19.92,19.92,19.70,,20.06,,,18035,356373.00,109,F1,1,,,,,
2026-06-12,2026-06-12,CM,BSE,STK,500084,INE486A01021,CESC,A,,,,,CESC LTD.,168.75,170.20,167.80,168.30,168.50,167.95,,168.16,,,54726,9220968.00,935,F1,1,,,,,
2026-06-12,2026-06-12,CM,BSE,STK,500085,INE085A01013,CHAMBLFERT,A,,,,,CHAMBAL FERTILISERS & CHEMICAL,468.50,471.50,465.85,470.15,468.90,466.35,,470.20,,,71426,33480405.00,1866,F1,1,,,,,
2026-06-12,2026-06-12,CM,BSE,STK,500086,INE302A01020,EXIDEIND,A,,,,,EXIDE INDUSTRIES LTD.,391.00,393.80,388.00,391.90,392.50,385.70,,391.95,,,128656,50309471.00,3393,F1,1,,,,,
2026-06-12,2026-06-12,CM,BSE,STK,500087,INE059A01026,CIPLA,A,,,,,CIPLA LTD.,1401.45,1401.45,1382.45,1388.80,1388.80,1383.00,,1389.40,,,18251,25373262.00,2570,F1,1,,,,,
2026-06-12,2026-06-12,CM,BSE,STK,500089,INE303A01010,DICIND,B,,,,,DIC INDIA LTD.,482.10,498.00,482.10,498.00,498.00,512.00,,496.15,,,7,3390.00,3,F1,1,,,,,
2026-06-12,2026-06-12,CM,BSE,STK,500092,INE007A01025,CRISIL,A,,,,,CRISIL LTD.,3977.75,3977.75,3852.50,3897.70,3897.70,3898.10,,3894.00,,,53536,207763982.00,844,F1,1,,,,,
2026-06-12,2026-06-12,CM,BSE,STK,500093,INE067A01029,CGPOWER,A,,,,,CG Power and Industrial Soluti,924.95,924.95,897.55,914.05,915.15,901.30,,914.45,,,96209,87336603.00,3633,F1,1,,,,,
2026-06-12,2026-06-12,CM,BSE,STK,500096,INE016A01026,DABUR,A,,,,,DABUR INDIA LTD.,422.15,428.80,420.45,426.15,426.70,422.20,,426.40,,,76827,32621145.00,2040,F1,1,,,,,
2026-06-12,2026-06-12,CM,BSE,STK,500097,INE495A01022,DALMIASUG,B,,,,,DALMIA BHARAT SUGAR AND INDUST,324.20,328.75,324.20,328.15,328.00,323.60,,327.70,,,2956,965684.00,114,F1,1,,,,,
2026-06-12,2026-06-12,CM,BSE,STK,500101,INE034A01011,ARVIND,A,,,,,ARVIND LTD.,502.95,504.20,492.00,494.70,496.00,492.90,,494.50,,,9500,4708957.00,391,F1,1,,,,,
2026-06-12,2026-06-12,CM,BSE,STK,500103,INE257A01026,BHEL,A,,,,,BHARAT HEAVY ELECTRICALS LTD.,376.45,380.05,369.65,378.75,378.75,370.60,,378.75,,,323438,121466634.00,6467,F1,1,,,,,
2026-06-12,2026-06-12,CM,BSE,STK,500104,INE094A01015,HINDPETRO,A,,,,,HINDUSTAN PETROLEUM CORPORATIO,376.35,390.95,372.00,388.75,388.75,365.70,,388.90,,,594316,226333906.00,10667,F1,1,,,,,
2026-06-12,2026-06-12,CM,BSE,STK,500106,INE039A01010,IFCI,A,,,,,IFCI LTD.,72.31,84.63,72.31,84.63,84.63,70.53,,84.60,,,23166167,1899330384.00,44254,F1,1,,,,,
2026-06-12,2026-06-12,CM,BSE,STK,500108,INE153A01019,MTNL,B,,,,,MAHANAGAR TELEPHONE NIGAM LTD.,28.98,31.91,28.73,30.83,30.76,28.55,,30.84,,,241021,7438437.00,1439,F1,1,,,,,
2026-06-12,2026-06-12,CM,BSE,STK,500109,INE103A01014,MRPL,A,,,,,MANGALORE REFINERY & PETROCHEM,158.85,162.65,155.70,160.95,161.10,155.65,,161.01,,,449160,71370449.00,3209,F1,1,,,,,
2026-06-12,2026-06-12,CM,BSE,STK,500110,INE178A01016,CHENNPETRO,A,,,,,CHENNAI PETROLEUM CORPORATION,1132.10,1158.80,1115.00,1136.35,1136.35,1140.60,,1137.60,,,96362,109484968.00,4054,F1,1,,,,,
2026-06-12,2026-06-12,CM,BSE,STK,500112,INE062A01020,SBIN,A,,,,,STATE BANK OF INDIA,1018.95,1018.95,1004.40,1016.90,1016.90,1000.65,,1017.15,,,483190,489022155.00,15491,F1,1,,,,,
2026-06-12,2026-06-12,CM,BSE,STK,500113,INE114A01011,SAIL,A,,,,,STEEL AUTHORITY OF INDIA LTD.,184.95,185.90,180.40,184.00,184.00,181.30,,184.09,,,510045,93268357.00,4259,F1,1,,,,,
2026-06-12,2026-06-12,CM,BSE,STK,500114,INE280A01028,TITAN,A,,,,,TITAN COMPANY LIMITED,4050.15,4200.00,4050.15,4187.05,4187.05,4024.90,,4184.10,,,30729,126921108.00,4865,F1,1,,,,,
2026-06-12,2026-06-12,CM,BSE,STK,500116,INE008A01015,IDBI,A,,,,,IDBI BANK LTD.,73.32,75.67,73.32,75.44,75.44,72.31,,75.40,,,786556,58724125.00,4063,F1,1,,,,,
2026-06-12,2026-06-12,CM,BSE,STK,500117,INE500A01029,DCW,B,,,,,DCW LTD.,45.11,46.90,45.11,46.81,46.81,44.97,,46.74,,,99345,4600794.00,413,F1,1,,,,,
2026-06-12,2026-06-12,CM,BSE,STK,500119,INE041A01016,DHAMPURSUG,B,,,,,DHAMPUR SUGAR MILLS LTD.,143.70,144.25,140.65,141.30,141.30,142.90,,141.27,,,9215,1307380.00,130,F1,1,,,,,
2026-06-12,2026-06-12,CM,BSE,STK,500120,INE591D01014,DIAMINESQ,B,,,,,DIAMINES & CHEMICALS LTD.,245.00,258.50,243.60,258.50,258.50,241.35,,252.67,,,74,18684.00,7,F1,1,,,,,
2026-06-12,2026-06-12,CM,BSE,STK,500123,INE280B01018,ELANTAS,B,,,,,ELANTAS BECK INDIA LTD.,9448.05,9571.75,9050.00,9561.10,9561.10,9310.40,,9548.50,,,87,818400.00,64,F1,1,,,,,
2026-06-12,2026-06-12,CM,BSE,STK,500124,INE089A01031,DRREDDY,A,,,,,DR.REDDYS LABORATORIES LTD.,1288.25,1288.25,1266.00,1273.90,1273.80,1275.05,,1275.40,,,16559,21088367.00,1546,F1,1,,,,,
2026-06-12,2026-06-12,CM,BSE,STK,500125,INE126A01031,EIDPARRY,A,,,,,E.I.D.-PARRY (INDIA) LTD.,712.25,731.00,712.25,729.30,727.75,710.10,,729.55,,,15082,10868973.00,1183,F1,1,,,,,
2026-06-12,2026-06-12,CM,BSE,STK,500126,INE199A01012,PGHL,A,,,,,PROCTER & GAMBLE HEALTH LIMITE,6240.00,6322.65,6215.00,6273.55,6287.00,6187.70,,6287.00,,,477,2991787.00,178,F1,1,,,,,
2026-06-12,2026-06-12,CM,BSE,STK,500128,INE086A01029,ELECTCAST,A,,,,,ELECTROSTEEL CASTINGS LTD.,69.51,72.13,69.51,71.74,71.60,69.34,,71.87,,,154486,10933524.00,2611,F1,1,,,,,
2026-06-12,2026-06-12,CM,BSE,STK,500133,INE284A01012,ESABINDIA,A,,,,,ESAB INDIA LTD.,5686.55,5738.45,5676.50,5725.65,5738.45,5628.05,,5728.00,,,96,548193.00,37,F1,1,,,,,
2026-06-12,2026-06-12,CM,BSE,STK,500135,INE255A01020,EPL,A,,,,,EPL LIMITED,219.80,225.40,218.00,224.65,223.90,217.25,,224.80,,,56005,12533005.00,1060,F1,1,,,,,
2026-06-12,2026-06-12,CM,BSE,STK,500136,INE778B01029,ESTER,B,,,,,ESTER INDUSTRIES LTD.,87.07,88.82,86.79,88.05,88.05,85.10,,88.51,,,455,39573.00,52,F1,1,,,,,
2026-06-12,2026-06-12,CM,BSE,STK,500142,INE512A01016,FGP,X,,,,,FGP LTD.,12.46,12.46,11.70,11.98,11.76,12.05,,11.98,,,8782,105521.00,37,F1,1,,,,,
2026-06-12,2026-06-12,CM,BSE,STK,500143,INE160F01013,PHCAP,XT,,,,,PH CAPITAL LTD.,954.90,954.90,920.00,930.90,939.90,917.00,,930.90,,,1754,1630166.00,42,F1,1,,,,,
2026-06-12,2026-06-12,CM,BSE,STK,500144,INE235A01022,FINCABLES,A,,,,,FINOLEX CABLES LTD.,1020.00,1039.95,1014.75,1035.20,1034.05,1013.05,,1035.80,,,46172,47585475.00,3405,F1,1,,,,,
2026-06-12,2026-06-12,CM,BSE,STK,500147,INE515A01019,COCKERILL,B,,,,,JOHN COCKERILL INDIA LIMITED,9800.05,10200.00,9646.30,10029.05,10029.05,9659.90,,10014.00,,,5441,54133703.00,1604,F1,1,,,,,
2026-06-12,2026-06-12,CM,BSE,STK,500148,INE516A01017,UFLEX,B,,,,,UFLEX LTD.,424.00,424.00,413.20,417.50,418.50,405.75,,417.40,,,2861,1191754.00,194,F1,1,,,,,
2026-06-12,2026-06-12,CM,BSE,STK,500150,INE519A01011,FOSECOIND,B,,,,,FOSECO INDIA LTD.,4817.00,5064.00,4817.00,4952.60,4959.10,4625.90,,4934.10,,,185,918488.00,73,F1,1,,,,,
2026-06-12,2026-06-12,CM,BSE,STK,500151,INE973A01010,GOLDENTOBC,Z,,,,,GOLDEN TOBACCO LTD.,26.10,26.10,25.01,25.90,25.90,25.00,,25.90,,,197,5074.00,7,F1,1,,,,,
2026-06-12,2026-06-12,CM,BSE,STK,500153,INE388A01029,GANESHBE,B,,,,,GANESH BENZOPLAST LTD.,110.42,113.05,108.03,108.25,108.36,108.06,,108.28,,,15833,1746874.00,195,F1,1,,,,,
2026-06-12,2026-06-12,CM,BSE,STK,500159,INE085D01033,METROGLOBL,B,,,,,METROGLOBAL LIMITED,128.90,134.90,125.10,133.55,134.90,130.00,,132.57,,,2668,353645.00,34,F1,1,,,,,
2026-06-12,2026-06-12,CM,BSE,STK,500160,INE043A01012,GTL,B,,,,,GTL LTD.,8.15,8.60,8.15,8.46,8.45,8.27,,8.41,,,193082,1624593.00,413,F1,1,,,,,
2026-06-12,2026-06-12,CM,BSE,STK,500163,INE260B01028,GODFRYPHLP,A,,,,,GODFREY PHILLIPS INDIA LTD.,2244.60,2306.80,2229.55,2300.90,2301.00,2191.10,,2301.00,,,15518,35293119.00,1864,F1,1,,,,,
2026-06-12,2026-06-12,CM,BSE,STK,500164,INE233A01035,GODREJIND,A,,,,,GODREJ INDUSTRIES LTD.,1011.50,1068.65,1011.50,1039.65,1039.65,1010.25,,1038.00,,,10940,11341148.00,799,F1,1,,,,,
2026-06-12,2026-06-12,CM,BSE,STK,500165,INE531A01024,KANSAINER,A,,,,,KANSAI NEROLAC PAINTS LTD.,218.15,220.00,213.85,216.40,218.20,216.00,,216.50,,,13219,2852113.00,379,F1,1,,,,,
2026-06-12,2026-06-12,CM,BSE,STK,500166,INE300A01016,GOODRICKE,X,,,,,GOODRICKE GROUP LTD.,180.00,181.00,176.05,179.65,179.65,176.75,,179.65,,,918,165162.00,35,F1,1,,,,,
2026-06-12,2026-06-12,CM,BSE,STK,500168,INE533A01012,GOODYEAR,B,,,,,GOODYEAR INDIA LTD.,724.50,735.00,724.00,729.90,729.90,724.00,,732.85,,,805,585785.00,114,F1,1,,,,,
2026-06-12,2026-06-12,CM,BSE,STK,500170,INE537A01013,GTNINDS,X,,,,,GTN INDUSTRIES LTD.,23.90,24.30,23.30,23.80,23.80,23.91,,23.80,,,171,4063.00,5,F1,1,,,,,
2026-06-12,2026-06-12,CM,BSE,STK,500171,INE539A01019,GHCL,A,,,,,GHCL LTD.,422.05,432.90,421.35,430.35,429.90,419.85,,430.45,,,30418,12957714.00,2863,F1,1,,,,,
2026-06-12,2026-06-12,CM,BSE,STK,500173,INE538A01037,GFLLIMITED,B,,,,,GFL LIMITED,48.00,49.10,46.08,47.68,47.65,46.11,,48.15,,,10158,484657.00,93,F1,1,,,,,
2026-06-12,2026-06-12,CM,BSE,STK,500174,INE540A01017,GLFL,T,,,,,GUJARAT LEASE FINANCING LTD.,6.50,6.78,6.50,6.69,6.78,6.84,,6.22,,,501,3349.00,4,F1,1,,,,,
2026-06-12,2026-06-12,CM,BSE,STK,500179,INE236A01020,HCL-INSYS,B,,,,,HCL INFOSYSTEMS LTD.,12.35,12.35,11.76,12.19,12.10,11.76,,12.19,,,51830,628744.00,348,F1,1,,,,,
2026-06-12,2026-06-12,CM,BSE,STK,500180,INE040A01034,HDFCBANK,A,,,,,HDFC BANK LTD.,755.00,774.45,752.80,772.40,772.40,744.60,,772.45,,,2246959,1716090227.00,70472,F1,1,,,,,
2026-06-12,2026-06-12,CM,BSE,STK,500182,INE158A01026,HEROMOTOCO,A,,,,,HERO MOTOCORP LTD.,4924.40,4966.20,4868.70,4963.05,4963.05,4836.10,,4962.60,,,8995,44361439.00,1785,F1,1,,,,,
2026-06-12,2026-06-12,CM,BSE,STK,500183,INE548A01028,HFCL,A,,,,,HFCL LIMITED,169.30,171.85,169.30,171.85,171.85,163.70,,171.86,,,359072,61429692.00,1960,F1,1,,,,,
2026-06-12,2026-06-12,CM,BSE,STK,500184,INE019C01026,HSCL,A,,,,,Himadri Speciality Chemical Lt,690.85,692.15,667.65,680.15,680.15,680.45,,680.50,,,917205,622465512.00,12469,F1,1,,,,,
2026-06-12,2026-06-12,CM,BSE,STK,500185,INE549A01026,HCC,A,,,,,HINDUSTAN CONSTRUCTION CO.LTD.,22.35,23.52,22.35,23.37,23.37,21.70,,23.37,,,2800681,64398318.00,4343,F1,1,,,,,
2026-06-12,2026-06-12,CM,BSE,STK,500186,INE345A01011,HINDOILEXP,B,,,,,HINDUSTAN OIL EXPLORATION CO.L,161.75,177.85,157.35,165.70,166.60,167.75,,165.54,,,199293,33659686.00,2665,F1,1,,,,,
2026-06-12,2026-06-12,CM,BSE,STK,500187,INE415A01038,AGI,A,,,,,AGI GREENPAC LIMITED,617.80,647.40,617.80,644.85,643.30,617.85,,645.70,,,23716,15129396.00,1116,F1,1,,,,,
2026-06-12,2026-06-12,CM,BSE,STK,500188,INE267A01025,HINDZINC,A,,,,,HINDUSTAN ZINC LTD.,560.95,564.90,555.00,559.85,559.85,544.95,,559.90,,,151953,84951927.00,3315,F1,1,,,,,
2026-06-12,2026-06-12,CM,BSE,STK,500189,INE353A01023,NDLVENTURE,B,,,,,NDL Ventures Limited,128.00,128.00,127.80,127.80,127.80,126.15,,129.56,,,60,7678.00,2,F1,1,,,,,
2026-06-12,2026-06-12,CM,BSE,STK,500191,INE262A01018,HMT,Z,,,,,HMT LTD.,55.99,55.99,53.02,54.11,55.00,54.99,,55.27,,,5054,272625.00,31,F1,1,,,,,
2026-06-12,2026-06-12,CM,BSE,STK,500192,INE962B01011,PRAGBOS,X,,,,,PRAG BOSIMI SYNTHETICS LTD.,1.70,1.88,1.70,1.85,1.85,1.82,,1.85,,,10563,18979.00,21,F1,1,,,,,
2026-06-12,2026-06-12,CM,BSE,STK,500193,INE102A01024,HLVLTD,B,,,,,HLV LIMITED,7.80,7.93,7.72,7.84,7.75,7.62,,7.82,,,7413,58076.00,45,F1,1,,,,,
2026-06-12,2026-06-12,CM,BSE,STK,500199,INE204A01010,IGPL,B,,,,,I G PETROCHEMICALS LTD.,429.00,437.70,429.00,437.65,437.70,427.10,,435.80,,,279,120739.00,34,F1,1,,,,,
2026-06-12,2026-06-12,CM,BSE,STK,500201,INE560A01023,INDIAGLYCO,B,,,,,INDIA GLYCOLS LTD.,956.00,990.20,952.70,984.10,986.70,941.40,,986.65,,,1123,1085990.00,102,F1,1,,,,,
2026-06-12,2026-06-12,CM,BSE,STK,500202,INE333C01013,INDLEASE,X,,,,,INDIA LEASE DEVELOPMENT LTD.,8.83,8.83,8.83,8.83,8.83,8.41,,8.83,,,984,8688.00,7,F1,1,,,,,
2026-06-12,2026-06-12,CM,BSE,STK,500206,INE680B01019,MARGOFIN,X,,,,,MARGO FINANCE LIMITED,62.79,65.00,62.30,64.00,64.00,62.79,,64.00,,,786,50310.00,17,F1,1,,,,,
2026-06-12,2026-06-12,CM,BSE,STK,500207,INE156A01020,INDORAMA,B,,,,,INDO RAMA SYNTHETICS (INDIA) L,45.49,46.33,44.12,45.13,45.16,44.44,,45.35,,,7488,338639.00,204,F1,1,,,,,
2026-06-12,2026-06-12,CM,BSE,STK,500209,INE009A01021,INFY,A,,,,,INFOSYS LTD.,1121.20,1123.60,1111.50,1116.45,1116.45,1114.00,,1116.40,,,260436,290919684.00,9234,F1,1,,,,,
2026-06-12,2026-06-12,CM,BSE,STK,500210,INE177A01018,INGERRAND,A,,,,,INGERSOLL-RAND (INDIA) LTD.,4039.95,4150.00,4022.00,4141.15,4123.10,4001.05,,4145.00,,,1370,5619277.00,269,F1,1,,,,,
2026-06-12,2026-06-12,CM,BSE,STK,500213,INE262B01016,ITHL,X,,,,,INTERNATIONAL TRAVEL HOUSE LTD,305.00,309.75,298.55,301.85,304.95,299.15,,301.85,,,2197,661846.00,60,F1,1,,,,,
2026-06-12,2026-06-12,CM,BSE,STK,500214,INE570A01022,IONEXCHANG,A,,,,,ION EXCHANGE (INDIA) LTD.,335.85,347.00,335.55,346.35,344.50,329.65,,345.70,,,30063,10236586.00,1130,F1,1,,,,,
2026-06-12,2026-06-12,CM,BSE,STK,500215,INE209A01019,SUNDROP,B,,,,,SUNDROP BRANDS LIMITED,648.15,700.00,648.10,676.90,670.00,658.00,,686.60,,,789,517963.00,192,F1,1,,,,,
2026-06-12,2026-06-12,CM,BSE,STK,500219,INE175A01038,JISLJALEQS,A,,,,,JAIN IRRIGATION SYSTEMS LTD.,29.95,31.22,29.95,31.05,31.05,29.64,,31.02,,,265140,8177582.00,969,F1,1,,,,,
2026-06-12,2026-06-12,CM,BSE,STK,500220,INE711C01028,JASCH,X,,,,,JASCH INDUSTRIES LTD.,234.95,236.00,222.00,225.60,224.00,227.55,,225.60,,,2971,684464.00,64,F1,1,,,,,
2026-06-12,2026-06-12,CM,BSE,STK,500227,INE197D01010,JINDALPOLY,B,,,,,JINDAL POLY FILMS LTD.,765.45,765.45,729.20,753.10,753.10,730.65,,752.10,,,9931,7473628.00,584,F1,1,,,,,
2026-06-12,2026-06-12,CM,BSE,STK,500228,INE019A01038,JSWSTEEL,A,,,,,JSW STEEL LTD.,1296.00,1305.00,1286.10,1297.55,1297.45,1282.55,,1297.60,,,27798,36032256.00,2590,F1,1,,,,,
2026-06-12,2026-06-12,CM,BSE,STK,500233,INE217B01036,KAJARIACER,A,,,,,KAJARIA CERAMICS LTD.,1092.75,1092.75,1072.00,1083.05,1082.25,1075.50,,1082.30,,,3297,3559999.00,366,F1,1,,,,,
2026-06-12,2026-06-12,CM,BSE,STK,500234,INE437B01014,KAKATCEM,T,,,,,KAKATIYA CEMENT SUGAR & INDUST,119.70,125.65,119.40,125.65,125.65,119.70,,127.18,,,747,93473.00,13,F1,1,,,,,
2026-06-12,2026-06-12,CM,BSE,STK,500235,INE907A01026,KSL,B,,,,,KALYANI STEELS LTD.,800.00,819.00,780.90,804.15,804.15,782.05,,807.30,,,1140,907208.00,248,F1,1,,,,,
2026-06-12,2026-06-12,CM,BSE,STK,500238,INE716A01013,WHIRLPOOL,A,,,,,WHIRLPOOL OF INDIA LTD.,771.15,779.35,765.00,770.00,774.50,769.40,,769.95,,,115201,88726461.00,1594,F1,1,,,,,
2026-06-12,2026-06-12,CM,BSE,STK,500239,INE104A01012,KGDENIM,X,,,,,KG DENIM LTD.,15.90,16.48,14.71,14.96,15.17,15.14,,14.96,,,37753,574790.00,220,F1,1,,,,,
2026-06-12,2026-06-12,CM,BSE,STK,500240,INE266B01017,KINETICENG,X,,,,,KINETIC ENGINEERING LTD.,223.35,223.40,216.00,218.20,218.20,216.05,,218.20,,,5505,1205403.00,96,F1,1,,,,,
2026-06-12,2026-06-12,CM,BSE,STK,500241,INE732A01036,KIRLOSBROS,A,,,,,KIRLOSKAR BROTHERS LTD.,1693.60,1735.00,1692.00,1728.05,1724.30,1660.50,,1729.30,,,4212,7226516.00,440,F1,1,,,,,
2026-06-12,2026-06-12,CM,BSE,STK,500243,INE250A01039,KIRLOSIND,B,,,,,KIRLOSKAR INDUSTRIES LTD,3062.80,3150.00,3062.80,3137.75,3135.00,3057.00,,3130.60,,,144,450316.00,51,F1,1,,,,,
2026-06-12,2026-06-12,CM,BSE,STK,500245,INE884B01025,KIRLFER,B,,,,,KIRLOSKAR FERROUS INDUSTRIES L,419.30,432.65,412.45,427.05,428.00,415.40,,427.35,,,30345,12847865.00,962,F1,1,,,,,
2026-06-12,2026-06-12,CM,BSE,STK,500246,INE601C01013,ENVAIREL,XT,,,,,ENVAIR ELECTRODYNE LTD.,95.65,95.65,95.65,95.65,95.65,97.60,,95.65,,,464,44381.00,5,F1,1,,,,,
2026-06-12,2026-06-12,CM,BSE,STK,500247,INE237A01036,KOTAKBANK,A,,,,,KOTAK MAHINDRA BANK LTD.,397.75,404.15,395.25,403.35,403.35,393.10,,403.30,,,2189072,872337862.00,4899,F1,1,,,,,
2026-06-12,2026-06-12,CM,BSE,STK,500249,INE999A01023,KSB,A,,,,,KSB LIMITED,810.05,844.60,810.05,835.50,843.00,807.45,,834.85,,,18979,15802785.00,981,F1,1,,,,,
2026-06-12,2026-06-12,CM,BSE,STK,500250,INE337A01034,LGBBROSLTD,B,,,,,L.G.BALAKRISHNAN & BROS.LTD.,1487.00,1536.65,1478.90,1525.85,1536.65,1471.75,,1524.40,,,920,1385375.00,95,F1,1,,,,,
2026-06-12,2026-06-12,CM,BSE,STK,500251,INE849A01020,TRENT,A,,,,,TRENT LTD.,2737.15,2785.90,2722.30,2754.75,2754.75,2711.80,,2755.30,,,37120,102152108.00,3891,F1,1,,,,,
2026-06-12,2026-06-12,CM,BSE,STK,500252,INE269B01029,LMW,A,,,,,LMW Limited,15823.00,15823.00,15658.30,15762.40,15763.80,15562.30,,15759.00,,,37,582580.00,25,F1,1,,,,,
2026-06-12,2026-06-12,CM,BSE,STK,500253,INE115A01026,LICHSGFIN,A,,,,,LIC HOUSING FINANCE LTD.,541.55,560.90,541.55,559.35,559.00,536.15,,559.50,,,105235,58231301.00,2939,F1,1,,,,,
2026-06-12,2026-06-12,CM,BSE,STK,500257,INE326A01037,LUPIN,A,,,,,LUPIN LTD.,2276.30,2296.40,2268.25,2292.70,2292.00,2274.00,,2293.30,,,24902,56857717.00,2876,F1,1,,,,,
2026-06-12,2026-06-12,CM,BSE,STK,500259,INE933A01014,LYKALABS,B,,,,,LYKA LABS LTD.,70.81,70.81,69.09,69.33,69.50,68.96,,69.58,,,870,60644.00,95,F1,1,,,,,
2026-06-12,2026-06-12,CM,BSE,STK,500260,INE331A01037,RAMCOCEM,A,,,,,THE RAMCO CEMENTS LIMITED,857.95,886.40,845.85,882.20,876.25,850.75,,880.60,,,9347,8112858.00,793,F1,1,,,,,
2026-06-12,2026-06-12,CM,BSE,STK,500262,INE965B01022,HYBRIDFIN,B,,,,,HYBRID FINANCIAL SERVICES LIMI,16.58,17.44,15.86,16.02,16.02,16.05,,16.12,,,6239,100700.00,55,F1,1,,,,,
2026-06-12,2026-06-12,CM,BSE,STK,500264,INE270B01035,MAFATIND,B,,,,,MAFATLAL INDUSTRIES LTD.,125.55,128.00,125.55,126.35,126.00,125.55,,126.07,,,8575,1084179.00,242,F1,1,,,,,
2026-06-12,2026-06-12,CM,BSE,STK,500265,INE271B01025,MAHSEAMLES,A,,,,,MAHARASHTRA SEAMLESS LTD.,585.45,618.80,585.45,617.25,614.60,594.10,,617.10,,,4379,2680471.00,437,F1,1,,,,,
2026-06-12,2026-06-12,CM,BSE,STK,500266,INE288A01013,MAHSCOOTER,A,,,,,MAHARASHTRA SCOOTERS LTD.,12200.00,12380.00,12172.00,12343.25,12334.75,12055.30,,12335.00,,,237,2906175.00,127,F1,1,,,,,
2026-06-12,2026-06-12,CM,BSE,STK,500267,INE201B01022,MAJESAUT,B,,,,,MAJESTIC AUTO LTD.,335.00,338.00,334.75,335.20,337.90,335.00,,335.45,,,265,89210.00,21,F1,1,,,,,
2026-06-12,2026-06-12,CM,BSE,STK,500268,INE201A01024,MANALIPETC,B,,,,,MANALI PETROCHEMICAL LTD.,60.86,68.27,60.51,64.96,66.00,59.11,,65.19,,,373017,24489535.00,2130,F1,1,,,,,
2026-06-12,2026-06-12,CM,BSE,STK,500270,INE461A01024,BARODARY,X,,,,,BARODA RAYON CORPORATION LTD.,126.95,127.80,123.50,126.80,124.00,127.00,,126.80,,,1108,139142.00,52,F1,1,,,,,
2026-06-12,2026-06-12,CM,BSE,STK,500271,INE180A01020,MFSL,A,,,,,Max Financial Services Limited,1567.35,1591.85,1548.15,1580.05,1582.05,1561.55,,1579.00,,,3783,5962706.00,670,F1,1,,,,,
2026-06-12,2026-06-12,CM,BSE,STK,500277,INE401C01018,MIDINDIA,X,,,,,MID INDIA INDUSTRIES LTD.,5.90,6.57,5.90,6.20,6.20,6.20,,6.20,,,6158,37964.00,15,F1,1,,,,,
2026-06-12,2026-06-12,CM,BSE,STK,500279,INE831A01028,MIRCELECTR,T,,,,,MIRC ELECTRONICS LTD.,35.69,37.47,34.60,37.47,37.47,35.69,,37.53,,,27281,1004925.00,111,F1,1,,,,,
2026-06-12,2026-06-12,CM,BSE,STK,500280,INE485A01015,CENTENKA,B,,,,,CENTURY ENKA LTD.,501.75,502.90,494.15,501.60,499.05,491.45,,501.85,,,1439,719263.00,72,F1,1,,,,,
2026-06-12,2026-06-12,CM,BSE,STK,500284,INE846D01012,LORDSCHLO,B,,,,,LORDS CHLORO ALKALI LTD.,135.50,135.50,131.40,132.75,132.60,133.65,,132.83,,,1471,195865.00,150,F1,1,,,,,
2026-06-12,2026-06-12,CM,BSE,STK,500285,INE285B01017,SPICEJET,A,,,,,SPICEJET LTD.,11.65,12.58,11.65,12.35,12.35,11.51,,12.35,,,12409708,151746419.00,9442,F1,1,,,,,
2026-06-12,2026-06-12,CM,BSE,STK,500288,INE083A01026,MOREPENLAB,A,,,,,MOREPEN LABORATORIES LTD.,48.48,51.50,48.20,50.16,50.15,47.27,,50.12,,,816998,40662215.00,2540,F1,1,,,,,
2026-06-12,2026-06-12,CM,BSE,STK,500290,INE883A01011,MRF,A,,,,,MRF LTD.,123685.00,125694.65,123585.50,125457.40,125498.00,122961.70,,125510.00,,,745,92831900.00,590,F1,1,,,,,
2026-06-12,2026-06-12,CM,BSE,STK,500292,INE578A01017,HEIDELBERG,B,,,,,HEIDELBERGCEMENT INDIA LTD.,148.00,149.70,147.90,149.05,149.05,146.95,,149.03,,,1999,297770.00,127,F1,1,,,,,
2026-06-12,2026-06-12,CM,BSE,STK,500294,INE868B01028,NCC,A,,,,,NCC LIMITED,146.35,152.00,146.30,151.55,151.50,145.25,,151.68,,,216684,32539165.00,2474,F1,1,,,,,
2026-06-12,2026-06-12,CM,BSE,STK,500295,INE205A01025,VEDL,A,,,,,VEDANTA LIMITED,314.80,314.80,303.55,309.50,309.50,305.05,,309.65,,,1484318,458304559.00,20621,F1,1,,,,,
2026-06-12,2026-06-12,CM,BSE,STK,500296,INE290A01027,NAHARSPING,T,,,,,NAHAR SPINNING MILLS LTD.,262.05,264.00,260.60,261.05,261.05,265.90,,261.05,,,480,125349.00,7,F1,1,,,,,
2026-06-12,2026-06-12,CM,BSE,STK,500298,INE585A01020,NAPEROL,X,,,,,Naperol Investments Limited,603.00,610.00,600.00,604.85,602.00,597.60,,604.85,,,198,119456.00,37,F1,1,,,,,
2026-06-12,2026-06-12,CM,BSE,STK,500300,INE047A01021,GRASIM,A,,,,,GRASIM INDUSTRIES LTD.,3148.85,3148.85,3077.00,3105.35,3105.10,3089.35,,3105.50,,,11156,34543231.00,1710,F1,1,,,,,
2026-06-12,2026-06-12,CM,BSE,STK,500304,INE161A01038,NIITLTD,B,,,,,NIIT LTD.,85.38,88.79,85.31,87.15,87.15,85.23,,87.26,,,71429,6198638.00,1221,F1,1,,,,,
2026-06-12,2026-06-12,CM,BSE,STK,500306,INE903A01025,JAYKAY,B,,,,,Jaykay Enterprises Limited,174.00,174.55,170.20,171.50,171.20,170.05,,172.16,,,25092,4337610.00,391,F1,1,,,,,
2026-06-12,2026-06-12,CM,BSE,STK,500307,INE910A01012,NIRLON,B,,,,,NIRLON LTD.,621.00,623.00,618.00,618.40,618.40,621.00,,620.00,,,55,34182.00,13,F1,1,,,,,
2026-06-12,2026-06-12,CM,BSE,STK,500312,INE213A01029,ONGC,A,,,,,OIL AND NATURAL GAS CORPORATIO,251.75,251.75,243.35,246.15,246.15,252.55,,246.20,,,832484,205014613.00,11184,F1,1,,,,,
2026-06-12,2026-06-12,CM,BSE,STK,500313,INE591A01010,OILCOUNTUB,T,,,,,OIL COUNTRY TUBULAR LTD.,57.50,57.50,55.50,55.90,55.90,55.33,,56.13,,,786,43677.00,15,F1,1,,,,,
2026-06-12,2026-06-12,CM,BSE,STK,500314,INE750A01020,ORIENTHOT,B,,,,,ORIENTAL HOTELS LTD.,105.25,109.00,102.77,108.37,106.64,103.19,,108.32,,,23314,2483827.00,204,F1,1,,,,,
2026-06-12,2026-06-12,CM,BSE,STK,500317,INE142A01012,OSWALAGRO,T,,,,,OSWAL AGRO MILLS LTD.,41.99,42.99,41.99,42.99,42.99,42.42,,41.99,,,1010,42724.00,8,F1,1,,,,,
2026-06-12,2026-06-12,CM,BSE,STK,500319,INE557C01017,INDSUCR,X,,,,,INDIAN SUCROSE LTD.,75.49,75.90,73.33,73.78,73.33,72.81,,73.78,,,3211,240132.00,43,F1,1,,,,,
2026-06-12,2026-06-12,CM,BSE,STK,500322,INE167E01037,PANCM,XT,,,,,PANYAM CEMENTS & MINERAL INDUS,101.05,101.05,96.00,101.05,101.05,100.50,,101.05,,,404,40238.00,11,F1,1,,,,,
2026-06-12,2026-06-12,CM,BSE,STK,500325,INE002A01018,RELIANCE,A,,,,,RELIANCE INDUSTRIES LTD.,1278.95,1297.45,1262.10,1292.75,1292.75,1262.60,,1293.00,,,2683648,3415250586.00,14645,F1,1,,,,,
2026-06-12,2026-06-12,CM,BSE,STK,500327,INE600A01035,PILITA,T,,,,,Pil Italica Lifestyle Limited,8.23,8.24,7.90,7.96,7.90,8.19,,7.97,,,27085,215643.00,48,F1,1,,,,,
2026-06-12,2026-06-12,CM,BSE,STK,500330,INE301A01014,RAYMOND,A,,,,,RAYMOND LTD.,562.90,585.55,562.20,581.05,581.05,555.05,,580.70,,,45928,26333564.00,1246,F1,1,,,,,
2026-06-12,2026-06-12,CM,BSE,STK,500331,INE318A01026,PIDILITIND,A,,,,,PIDILITE INDUSTRIES LTD.,1520.25,1553.70,1516.15,1536.00,1527.50,1498.80,,1535.50,,,101176,155244194.00,5521,F1,1,,,,,
2026-06-12,2026-06-12,CM,BSE,STK,500333,INE751B01018,PIXTRANS,B,,,,,PIX TRANSMISSIONS LTD.,1603.10,1643.40,1586.95,1593.85,1600.00,1590.30,,1603.60,,,481,774360.00,91,F1,1,,,,,
2026-06-12,2026-06-12,CM,BSE,STK,500335,INE340A01012,BIRLACORPN,A,,,,,BIRLA CORPORATION LTD.,928.45,957.50,928.45,949.35,952.75,928.45,,950.95,,,2694,2538813.00,274,F1,1,,,,,
2026-06-12,2026-06-12,CM,BSE,STK,500336,INE335A01020,SURYAROSNI,A,,,,,SURYA ROSHNI LTD.,256.25,264.95,252.30,263.00,263.00,249.65,,263.01,,,59341,15346206.00,1499,F1,1,,,,,
2026-06-12,2026-06-12,CM,BSE,STK,500337,INE032B01021,PRIMESECU,B,,,,,PRIME SECURITIES LTD.,286.00,290.00,282.80,287.90,290.00,288.00,,289.60,,,478,136889.00,27,F1,1,,,,,
2026-06-12,2026-06-12,CM,BSE,STK,500338,INE010A01011,PRSMJOHNSN,B,,,,,PRISM JOHNSON LIMITED.,118.25,119.10,117.45,117.85,117.70,117.70,,117.89,,,20844,2455190.00,865,F1,1,,,,,
2026-06-12,2026-06-12,CM,BSE,STK,500339,INE855B01025,RAIN,A,,,,,RAIN INDUSTRIES LIMITED,197.80,202.50,195.05,196.80,197.20,194.70,,196.87,,,137363,27284560.00,1176,F1,1,,,,,
2026-06-12,2026-06-12,CM,BSE,STK,500342,INE024D01016,PRUDMOULI,T,,,,,PRUDENTIAL SUGAR CORPORATION L,15.06,15.80,14.85,14.93,15.00,15.13,,14.94,,,287,4285.00,10,F1,1,,,,,
2026-06-12,2026-06-12,CM,BSE,STK,500343,INE606A01024,AMJLAND,B,,,,,AMJ LAND HOLDINGS LIMITED,35.52,36.98,35.51,36.77,36.98,35.51,,36.42,,,815,29653.00,19,F1,1,,,,,
2026-06-12,2026-06-12,CM,BSE,STK,500346,INE609A01010,PUNJCOMMU,B,,,,,PUNJAB COMMUNICATIONS LTD.,49.88,49.88,47.20,48.08,49.24,48.58,,48.08,,,1157,56060.00,27,F1,1,,,,,
2026-06-12,2026-06-12,CM,BSE,STK,500350,INE611A01016,RSWM,B,,,,,RSWM LTD.,209.85,210.15,204.80,208.45,208.45,203.95,,209.15,,,3332,693465.00,109,F1,1,,,,,
2026-06-12,2026-06-12,CM,BSE,STK,500354,INE562B01019,RAJSREESUG,B,,,,,RAJSHREE SUGARS & CHEMICALS LT,32.29,32.57,31.91,32.23,32.19,31.62,,32.48,,,1031,33331.00,33,F1,1,,,,,
2026-06-12,2026-06-12,CM,BSE,STK,500355,INE613A01020,RALLIS,A,,,,,RALLIS INDIA LTD.,225.90,229.30,225.10,229.00,229.00,222.90,,228.78,,,17879,4068172.00,379,F1,1,,,,,
2026-06-12,2026-06-12,CM,BSE,STK,500356,INE278B01020,RAMANEWS,B,,,,,SHREE RAMA NEWSPRINT LTD.,29.90,29.90,28.27,28.90,28.90,28.73,,29.15,,,7577,219659.00,29,F1,1,,,,,
2026-06-12,2026-06-12,CM,BSE,STK,500357,INE425E01013,RAMAPPR-B,Z,,,,,RAMA PAPER MILLS LTD.,15.35,16.35,15.35,15.40,15.40,16.14,,15.40,,,10425,166882.00,9,F1,1,,,,,
2026-06-12,2026-06-12,CM,BSE,STK,500360,INE350D01015,RAPICUT,X,,,,,RAPICUT CARBIDES LTD.,179.10,194.00,179.10,189.40,190.00,179.05,,189.40,,,4716,882447.00,59,F1,1,,,,,
2026-06-12,2026-06-12,CM,BSE,STK,500365,INE731F01037,WELSPLSOL,B,,,,,WELSPUN SPECIALTY SOLUTIONS LI,53.50,55.39,50.50,51.68,51.68,53.03,,51.64,,,351467,18412413.00,1980,F1,1,,,,,
2026-06-12,2026-06-12,CM,BSE,STK,500367,INE642C01025,RUBFILA,B,,,,,RUBFILA INTERNATIONAL LTD.,71.50,73.49,70.51,73.16,73.49,70.04,,71.42,,,88,6325.00,7,F1,1,,,,,
2026-06-12,2026-06-12,CM,BSE,STK,500368,INE619A01035,PATANJALI,A,,,,,Patanjali Foods Limited,425.40,427.60,422.45,425.85,426.90,419.45,,425.55,,,123455,52520796.00,7445,F1,1,,,,,
2026-06-12,2026-06-12,CM,BSE,STK,500370,INE924A01013,SALORAINTL,X,,,,,SALORA INTERNATIONAL LTD.,27.80,30.50,27.80,29.43,29.50,27.58,,29.43,,,798,23127.00,12,F1,1,,,,,
2026-06-12,2026-06-12,CM,BSE,STK,500371,INE538C01017,SAMTELIN,XT,,,,,SAMTEL INDIA LTD.,54.36,54.36,54.36,54.36,54.36,53.30,,54.36,,,1628,88498.00,12,F1,1,,,,,
2026-06-12,2026-06-12,CM,BSE,STK,500378,INE324A01032,JINDALSAW,A,,,,,JINDAL SAW LTD.,229.90,240.00,226.95,238.30,238.30,223.85,,238.49,,,162073,37803359.00,2605,F1,1,,,,,
2026-06-12,2026-06-12,CM,BSE,STK,500380,INE786A01032,JKLAKSHMI,A,,,,,JK LAKSHMI CEMENT LTD.,584.90,594.15,584.90,589.00,589.00,584.90,,589.00,,,234852,138333346.00,501,F1,1,,,,,
2026-06-12,2026-06-12,CM,BSE,STK,500387,INE070A01015,SHREECEM,A,,,,,SHREE CEMENT LTD.,24085.05,24260.00,23840.70,24186.45,24186.45,23698.40,,24175.00,,,27503,656388616.00,449,F1,1,,,,,
2026-06-12,2026-06-12,CM,BSE,STK,500388,INE970C01012,SKPMIL,X,,,,,SHREE KRISHNA PAPER MILLS & IN,129.25,129.25,129.25,129.25,129.25,128.00,,129.25,,,1,129.00,1,F1,1,,,,,
2026-06-12,2026-06-12,CM,BSE,STK,500400,INE245A01021,TATAPOWER,A,,,,,TATA POWER CO.LTD.,396.95,396.95,388.05,393.60,393.60,390.25,,393.55,,,345559,135353409.00,7765,F1,1,,,,,
2026-06-12,2026-06-12,CM,BSE,STK,500402,INE937A01023,SPMLINFRA,B,,,,,SPML INFRA LIMITED,184.05,192.15,184.05,189.90,190.00,183.95,,189.38,,,22635,4280682.00,315,F1,1,,,,,
2026-06-12,2026-06-12,CM,BSE,STK,500403,INE387A01021,SUNDRMFAST,A,,,,,SUNDRAM FASTENERS LTD.,835.90,862.00,835.90,841.80,843.30,835.90,,840.80,,,5222,4432609.00,608,F1,1,,,,,
2026-06-12,2026-06-12,CM,BSE,STK,500404,INE947A01014,SUNFLAG,B,,,,,SUNFLAG IRON & STEEL CO.LTD.,336.05,355.00,336.05,353.40,353.40,335.40,,352.45,,,13968,4869348.00,351,F1,1,,,,,
2026-06-12,2026-06-12,CM,BSE,STK,500405,INE663A01033,SPLPETRO,A,,,,,SUPREME PETROCHEM LTD.,665.80,707.70,665.80,702.80,698.00,665.75,,702.15,,,11058,7642830.00,432,F1,1,,,,,
2026-06-12,2026-06-12,CM,BSE,STK,500407,INE277A01016,SWARAJENG,B,,,,,SWARAJ ENGINES LTD.,3738.20,3738.20,3679.05,3716.85,3720.00,3685.50,,3703.60,,,653,2421727.00,171,F1,1,,,,,
2026-06-12,2026-06-12,CM,BSE,STK,500408,INE670A01012,TATAELXSI,A,,,,,TATA ELXSI LTD.,4059.50,4074.95,4014.85,4064.50,4064.50,4008.80,,4064.90,,,10543,42767675.00,1366,F1,1,,,,,
2026-06-12,2026-06-12,CM,BSE,STK,500410,INE012A01025,ACC,A,,,,,ACC LTD.,1310.00,1343.00,1309.50,1334.50,1334.50,1304.55,,1336.50,,,223395,293882890.00,1386,F1,1,,,,,
2026-06-12,2026-06-12,CM,BSE,STK,500411,INE152A01029,THERMAX,A,,,,,THERMAX LTD.,4585.00,4745.00,4584.95,4727.25,4679.20,4572.20,,4726.40,,,74852,350476076.00,3895,F1,1,,,,,
2026-06-12,2026-06-12,CM,BSE,STK,500412,INE338A01024,TIRUMALCHM,B,,,,,THIRUMALAI CHEMICALS LTD.,165.40,173.00,165.40,171.70,170.85,163.30,,171.74,,,21435,3637255.00,282,F1,1,,,,,
2026-06-12,2026-06-12,CM,BSE,STK,500413,INE332A01027,THOMASCOOK,A,,,,,THOMAS COOK (INDIA) LTD.,110.22,112.09,108.50,109.72,109.72,108.13,,109.78,,,130929,14477721.00,1295,F1,1,,,,,
2026-06-12,2026-06-12,CM,BSE,STK,500414,INE064A01026,TIMEX,B,,,,,TIMEX GROUP INDIA LTD.,462.70,497.00,459.00,493.65,493.65,455.55,,493.75,,,286775,138302974.00,3798,F1,1,,,,,
2026-06-12,2026-06-12,CM,BSE,STK,500420,INE685A01028,TORNTPHARM,A,,,,,TORRENT PHARMACEUTICALS LTD.,4634.75,4664.95,4562.55,4574.95,4577.00,4570.00,,4571.20,,,13748,63518194.00,2951,F1,1,,,,,
2026-06-12,2026-06-12,CM,BSE,STK,500421,INE578C01021,TPINDIA,X,,,,,TPI INDIA LTD.,14.72,14.72,13.65,14.00,14.00,14.06,,14.00,,,26029,366337.00,60,F1,1,,,,,
2026-06-12,2026-06-12,CM,BSE,STK,500422,INE019B01010,TRANSCHEM,XT,,,,,TRANSCHEM LTD.,261.45,288.00,261.45,266.45,262.30,275.20,,266.45,,,7810,2086641.00,105,F1,1,,,,,
2026-06-12,2026-06-12,CM,BSE,STK,500425,INE079A01024,AMBUJACEM,A,,,,,AMBUJA CEMENTS LTD.,414.00,425.00,408.85,423.20,423.20,405.80,,423.10,,,128705,53218991.00,2110,F1,1,,,,,
2026-06-12,2026-06-12,CM,BSE,STK,500426,INE184E01024,UTLINDS,X,,,,,UTL INDUSTRIES LIMITED,1.79,1.93,1.75,1.76,1.76,1.76,,1.76,,,53611,98344.00,89,F1,1,,,,,
2026-06-12,2026-06-12,CM,BSE,STK,500429,INE037A01022,UNIENTER,B,,,,,UNIPHOS ENTERPRISES LTD.,108.00,108.00,102.00,102.55,102.60,102.30,,103.06,,,139,14251.00,11,F1,1,,,,,
2026-06-12,2026-06-12,CM,BSE,STK,500439,INE701A01023,VHL,B,,,,,VARDHMAN HOLDINGS LTD.,3369.35,3369.35,3349.30,3366.30,3366.30,3463.25,,3391.40,,,106,355281.00,7,F1,1,,,,,
2026-06-12,2026-06-12,CM,BSE,STK,500440,INE038A01020,HINDALCO,A,,,,,HINDALCO INDUSTRIES LTD.,1043.00,1050.05,1015.95,1021.40,1021.40,1023.75,,1021.60,,,180474,185140892.00,7630,F1,1,,,,,
2026-06-12,2026-06-12,CM,BSE,STK,500444,INE976A01021,WSTCSTPAPR,B,,,,,West Coast Paper Mills Limited,494.75,499.45,487.15,494.85,499.45,484.20,,494.35,,,246249,121155990.00,175,F1,1,,,,,
2026-06-12,2026-06-12,CM,BSE,STK,500449,INE048A01011,HOCL,T,,,,,HINDUSTAN ORGANIC CHEMICALS LT,37.30,38.49,36.71,38.27,38.00,37.13,,38.27,,,55452,2094529.00,240,F1,1,,,,,
2026-06-12,2026-06-12,CM,BSE,STK,500450,INE844C01027,MPILCORPL,XT,,,,,MPIL CORPORATION LTD.,631.90,631.90,607.60,607.60,607.60,620.00,,607.60,,,106,66678.00,6,F1,1,,,,,
2026-06-12,2026-06-12,CM,BSE,STK,500456,INE818B01023,PASUPTAC,T,,,,,PASUPATI ACRYLON LTD.,67.00,70.00,64.10,66.85,66.85,67.47,,66.24,,,13152,880946.00,91,F1,1,,,,,
2026-06-12,2026-06-12,CM,BSE,STK,500458,INE601A01017,TEAM24,X,,,,,TEAM24 CONSUMER PRODUCTS LIMIT,29.85,29.90,28.42,29.41,29.68,29.19,,29.41,,,1357,39398.00,30,F1,1,,,,,
2026-06-12,2026-06-12,CM,BSE,STK,500459,INE179A01014,PGHH,A,,,,,PROCTER & GAMBLE HYGIENE & HEA,9080.00,9120.35,8939.25,9002.50,9010.00,9028.85,,8994.00,,,11163,100460170.00,414,F1,1,,,,,
2026-06-12,2026-06-12,CM,BSE,STK,500460,INE304A01026,MUKANDLTD,B,,,,,MUKAND LTD.,133.95,135.25,132.00,134.15,134.70,131.85,,134.22,,,6307,841267.00,121,F1,1,,,,,
2026-06-12,2026-06-12,CM,BSE,STK,500463,INE676A01027,BBOX,A,,,,,BLACK BOX LIMITED,1000.00,1028.60,983.60,1018.00,1015.50,989.20,,1018.60,,,24536,24816589.00,1160,F1,1,,,,,
2026-06-12,2026-06-12,CM,BSE,STK,500464,INE139B01016,UCAL,B,,,,,UCAL LIMITED,99.51,101.10,98.00,100.98,101.10,99.50,,100.06,,,279,27785.00,12,F1,1,,,,,
2026-06-12,2026-06-12,CM,BSE,STK,500467,INE544A01019,HARRMALAYA,B,,,,,HARRISONS MALAYALAM LTD.,202.85,211.95,201.25,207.95,211.95,202.45,,211.25,,,578,119550.00,31,F1,1,,,,,
2026-06-12,2026-06-12,CM,BSE,STK,500469,INE171A01029,FEDERALBNK,A,,,,,FEDERAL BANK LTD.,315.00,318.30,311.70,315.20,315.20,310.00,,315.70,,,280878,88629261.00,5545,F1,1,,,,,
2026-06-12,2026-06-12,CM,BSE,STK,500470,INE081A01020,TATASTEEL,A,,,,,TATA STEEL LTD.,199.50,200.55,195.75,197.85,197.85,198.00,,197.86,,,1434680,282803857.00,27653,F1,1,,,,,
2026-06-12,2026-06-12,CM,BSE,STK,500472,INE640A01023,SKFINDIA,A,,,,,SKF INDIA LTD.,1572.55,1608.00,1569.55,1591.50,1595.15,1561.35,,1589.50,,,570,902945.00,113,F1,1,,,,,
2026-06-12,2026-06-12,CM,BSE,STK,500477,INE208A01029,ASHOKLEY,A,,,,,ASHOK LEYLAND LTD.,143.10,153.55,143.00,152.50,152.50,138.70,,152.46,,,5655527,845440910.00,24277,F1,1,,,,,
2026-06-12,2026-06-12,CM,BSE,STK,500480,INE298A01020,CUMMINSIND,A,,,,,CUMMINS INDIA LTD.,5680.25,5680.25,5571.70,5622.70,5614.00,5552.40,,5621.50,,,6545,36704669.00,2391,F1,1,,,,,
2026-06-12,2026-06-12,CM,BSE,STK,500483,INE151A01013,TATACOMM,A,,,,,TATA COMMUNICATIONS LTD.,1978.00,1978.00,1942.85,1965.00,1970.00,1965.55,,1966.50,,,15656,30713706.00,1308,F1,1,,,,,
2026-06-12,2026-06-12,CM,BSE,STK,500488,INE358A01014,ABBOTINDIA,A,,,,,ABBOTT INDIA LTD.,26030.10,26431.55,25975.00,26272.05,26330.30,26073.95,,26280.00,,,528,13831770.00,378,F1,1,,,,,
2026-06-12,2026-06-12,CM,BSE,STK,500490,INE118A01012,BAJAJHLDNG,A,,,,,BAJAJ HOLDINGS & INVESTMENT LT,9883.25,10190.00,9883.25,10160.65,10190.00,9860.70,,10161.00,,,26114,260174756.00,337,F1,1,,,,,
2026-06-12,2026-06-12,CM,BSE,STK,500493,INE465A01025,BHARATFORG,A,,,,,BHARAT FORGE LTD.,1958.20,1982.30,1912.40,1946.00,1946.00,1941.65,,1945.10,,,37339,72554461.00,3592,F1,1,,,,,
2026-06-12,2026-06-12,CM,BSE,STK,500495,INE042A01014,ESCORTS,A,,,,,Escorts Kubota Limited,2761.20,2765.00,2730.00,2761.80,2763.00,2723.25,,2761.40,,,2699,7419268.00,560,F1,1,,,,,
2026-06-12,2026-06-12,CM,BSE,STK,500500,INE253A01025,HINDMOTORS,XT,,,,,HINDUSTAN MOTORS LTD.,16.28,16.90,16.00,16.79,16.79,16.27,,16.79,,,176792,2923088.00,770,F1,1,,,,,
2026-06-12,2026-06-12,CM,BSE,STK,500510,INE018A01030,LT,A,,,,,LARSEN & TOUBRO LTD.,3936.50,4059.55,3922.00,4050.20,4050.20,3859.45,,4049.30,,,158734,633297143.00,13168,F1,1,,,,,
2026-06-12,2026-06-12,CM,BSE,STK,500520,INE101A01026,M&M,A,,,,,MAHINDRA & MAHINDRA LTD.,3024.00,3050.00,2982.80,3043.35,3043.35,3001.20,,3042.90,,,184240,556691747.00,9798,F1,1,,,,,
2026-06-12,2026-06-12,CM,BSE,STK,500530,INE323A01026,BOSCHLTD,A,,,,,BOSCH LTD.,38101.75,39463.00,38101.75,39054.10,39000.00,37545.15,,39060.00,,,3977,155216528.00,1883,F1,1,,,,,
2026-06-12,2026-06-12,CM,BSE,STK,500540,INE342A01018,PREMIER,T,,,,,PREMIER LTD.,2.80,3.03,2.80,2.98,2.95,2.91,,2.97,,,84,242.00,7,F1,1,,,,,
2026-06-12,2026-06-12,CM,BSE,STK,500547,INE029A01011,BPCL,A,,,,,BHARAT PETROLEUM CORPORATION L,292.25,303.50,292.25,302.20,302.20,286.35,,302.35,,,687432,204687122.00,8825,F1,1,,,,,
2026-06-12,2026-06-12,CM,BSE,STK,500550,INE003A01024,SIEMENS,A,,,,,SIEMENS LTD.,3535.35,3596.35,3519.00,3568.15,3563.00,3524.15,,3569.50,,,14225,50536926.00,2451,F1,1,,,,,
2026-06-12,2026-06-12,CM,BSE,STK,500570,INE155A01022,TMPV,A,,,,,TATA MOTORS PASSENGER VEHICLES,380.00,392.65,379.00,389.40,389.40,375.80,,390.00,,,299300,114858221.00,5734,F1,1,,,,,
2026-06-12,2026-06-12,CM,BSE,STK,500575,INE226A01021,VOLTAS,A,,,,,VOLTAS LTD.,1293.45,1302.95,1275.00,1285.30,1282.20,1276.70,,1285.40,,,15702,20199391.00,998,F1,1,,,,,
2026-06-12,2026-06-12,CM,BSE,STK,500620,INE017A01032,GESHIP,A,,,,,GREAT EASTERN SHIPPING CO.LTD.,1408.95,1416.00,1362.60,1389.40,1389.40,1389.55,,1389.10,,,29765,41098918.00,2209,F1,1,,,,,
2026-06-12,2026-06-12,CM,BSE,STK,500645,INE501A01019,DEEPAKFERT,A,,,,,DEEPAK FERTILISERS & PETROCHEM,1533.55,1583.00,1510.55,1554.60,1554.60,1503.25,,1554.60,,,59793,93063356.00,3475,F1,1,,,,,
2026-06-12,2026-06-12,CM,BSE,STK,500650,INE369A01029,EXCELINDUS,B,,,,,EXCEL INDUSTRIES LTD.,913.35,922.00,906.20,914.30,914.05,904.70,,917.40,,,132,120841.00,44,F1,1,,,,,
2026-06-12,2026-06-12,CM,BSE,STK,500655,INE291A01017,GRWRHITECH,A,,,,,GARWARE HI-TECH FILMS LIMITED,6279.55,6308.65,6091.30,6132.50,6151.00,6225.65,,6131.50,,,2239,13869400.00,316,F1,1,,,,,
2026-06-12,2026-06-12,CM,BSE,STK,500660,INE159A01016,GLAXO,A,,,,,GLAXOSMITHKLINE PHARMACEUTICAL,2125.90,2130.60,2088.00,2120.70,2115.70,2102.70,,2121.50,,,353278,740375778.00,3257,F1,1,,,,,
2026-06-12,2026-06-12,CM,BSE,STK,500670,INE113A01013,GNFC,A,,,,,GUJARAT NARMADA VALLEY FERTILI,494.15,504.50,494.15,503.90,503.90,491.25,,503.85,,,20267,10126152.00,530,F1,1,,,,,
2026-06-12,2026-06-12,CM,BSE,STK,500672,INE234A01025,NOVARTIND,B,,,,,NOVARTIS INDIA LTD.,1335.90,1349.95,1293.50,1303.85,1303.85,1329.30,,1302.20,,,2026,2661585.00,211,F1,1,,,,,
2026-06-12,2026-06-12,CM,BSE,STK,500674,INE058A01010,SANOFI,A,,,,,SANOFI INDIA LTD,3155.05,3178.90,3086.25,3119.95,3119.95,3145.65,,3120.80,,,279372,879876628.00,704,F1,1,,,,,
2026-06-12,2026-06-12,CM,BSE,STK,500680,INE182A01018,PFIZER,A,,,,,PFIZER LTD.,4563.95,4580.55,4505.00,4509.90,4510.00,4572.55,,4509.30,,,2176,9824141.00,587,F1,1,,,,,
2026-06-12,2026-06-12,CM,BSE,STK,500690,INE026A01025,GSFC,A,,,,,GUJARAT STATE FERTILIZERS & CH,163.95,164.95,162.00,164.40,164.40,162.00,,164.34,,,63222,10318320.00,737,F1,1,,,,,
2026-06-12,2026-06-12,CM,BSE,STK,500696,INE030A01027,HINDUNILVR,A,,,,,HINDUSTAN UNILEVER LTD.,2159.45,2178.00,2145.85,2167.55,2167.55,2139.40,,2168.80,,,28728,62115942.00,2924,F1,1,,,,,
2026-06-12,2026-06-12,CM,BSE,STK,500710,INE133A01011,JSWDULUX,A,,,,,JSW Dulux Limited,3165.55,3252.50,3149.40,3173.50,3174.90,3191.35,,3168.70,,,3162,10143467.00,1005,F1,1,,,,,
2026-06-12,2026-06-12,CM,BSE,STK,500730,INE163A01018,NOCIL,B,,,,,NOCIL LTD.,159.00,162.00,158.70,161.55,162.00,156.00,,161.55,,,9527,1529249.00,205,F1,1,,,,,
2026-06-12,2026-06-12,CM,BSE,STK,500770,INE092A01019,TATACHEM,A,,,,,TATA CHEMICALS LTD.,758.90,762.60,742.00,746.60,746.60,741.00,,746.00,,,67396,50741977.00,1968,F1,1,,,,,
2026-06-12,2026-06-12,CM,BSE,STK,500777,INE148A01019,TNPETRO,B,,,,,TAMILNADU PETROPRODUCTS LTD.,89.99,91.14,89.41,90.51,90.12,89.96,,90.50,,,16470,1480707.00,131,F1,1,,,,,
2026-06-12,2026-06-12,CM,BSE,STK,500780,INE217A01012,ZUARIIND,B,,,,,Zuari Industries Limited,237.00,245.75,237.00,243.50,243.50,239.25,,244.55,,,1320,321011.00,66,F1,1,,,,,
2026-06-12,2026-06-12,CM,BSE,STK,500790,INE239A01024,NESTLEIND,A,,,,,NESTLE INDIA LTD.,1439.65,1439.65,1370.00,1375.85,1375.85,1421.75,,1375.70,,,108218,150629132.00,6205,F1,1,,,,,
2026-06-12,2026-06-12,CM,BSE,STK,500800,INE192A01025,TATACONSUM,A,,,,,TATA CONSUMER PRODUCTS LIMITED,1115.55,1118.00,1097.00,1100.15,1100.85,1109.10,,1100.60,,,55782,61494160.00,3311,F1,1,,,,,
2026-06-12,2026-06-12,CM,BSE,STK,500820,INE021A01026,ASIANPAINT,A,,,,,ASIAN PAINTS LTD.,2716.30,2752.60,2709.60,2746.50,2746.50,2691.00,,2747.40,,,62240,170278546.00,7386,F1,1,,,,,
2026-06-12,2026-06-12,CM,BSE,STK,500825,INE216A01030,BRITANNIA,A,,,,,BRITANNIA INDUSTRIES LTD.,5174.05,5177.00,5119.70,5165.35,5165.85,5109.50,,5165.50,,,5431,27960318.00,2384,F1,1,,,,,
2026-06-12,2026-06-12,CM,BSE,STK,500830,INE259A01022,COLPAL,A,,,,,COLGATE-PALMOLIVE (INDIA) LTD.,2036.10,2082.00,2036.10,2078.90,2080.00,2028.70,,2079.00,,,12898,26662267.00,2162,F1,1,,,,,
2026-06-12,2026-06-12,CM,BSE,STK,500840,INE230A01023,EIHOTEL,A,,,,,EIH LTD.,289.50,296.45,288.05,295.70,295.15,289.45,,295.45,,,4857,1415943.00,243,F1,1,,,,,
2026-06-12,2026-06-12,CM,BSE,STK,500850,INE053A01029,INDHOTEL,A,,,,,INDIAN HOTELS CO.LTD.,662.00,681.85,660.10,679.85,680.00,655.45,,679.45,,,486904,324215639.00,3342,F1,1,,,,,
2026-06-12,2026-06-12,CM,BSE,STK,500870,INE172A01027,CASTROLIND,A,,,,,CASTROL INDIA LTD.,182.55,183.25,182.10,182.55,182.55,182.10,,182.67,,,33585,6129707.00,654,F1,1,,,,,
2026-06-12,2026-06-12,CM,BSE,STK,500875,INE154A01025,ITC,A,,,,,ITC LTD.,283.95,285.55,283.00,285.15,285.15,282.30,,285.10,,,385358,109600219.00,6147,F1,1,,,,,
2026-06-12,2026-06-12,CM,BSE,STK,500877,INE438A01022,APOLLOTYRE,A,,,,,APOLLO TYRES LTD.,389.00,397.10,386.75,396.10,397.00,380.25,,396.30,,,29657,11608761.00,891,F1,1,,,,,
2026-06-12,2026-06-12,CM,BSE,STK,500878,INE482A01020,CEATLTD,A,,,,,CEAT LTD.,3188.50,3353.65,3188.50,3333.50,3333.50,3147.65,,3334.20,,,12058,39592130.00,1522,F1,1,,,,,
2026-06-12,2026-06-12,CM,BSE,STK,500890,INE832A01018,MODIRUBBER,B,,,,,MODI RUBBER LTD.,125.00,125.00,125.00,125.00,125.00,126.70,,125.29,,,100,12500.00,1,F1,1,,,,,
2026-06-12,2026-06-12,CM,BSE,STK,500940,INE183A01024,FINPIPE,A,,,,,FINOLEX INDUSTRIES LTD.,169.85,173.65,168.50,172.90,172.70,168.70,,173.01,,,55853,9537917.00,1594,F1,1,,,,,
2026-06-12,2026-06-12,CM,BSE,STK,501148,INE422D01012,DSINVEST,XT,,,,,DALAL STREET INVESTMENTS LTD.,388.50,388.60,388.50,388.60,388.60,381.00,,388.60,,,43,16709.00,7,F1,1,,,,,
2026-06-12,2026-06-12,CM,BSE,STK,501150,INE660C01027,CENTRUM,B,,,,,CENTRUM CAPITAL LTD.,21.25,22.08,21.25,21.57,21.77,21.52,,21.71,,,8208,178093.00,38,F1,1,,,,,
2026-06-12,2026-06-12,CM,BSE,STK,501151,INE524U01019,KARTKIN,XT,,,,,KARTIK INVESTMENTS TRUST LTD.,8095.85,8095.85,8095.85,8095.85,8095.85,8261.05,,8095.85,,,6,48575.00,2,F1,1,,,,,
2026-06-12,2026-06-12,CM,BSE,STK,501242,INE911B01018,TCIFINANCE,T,,,,,TCI FINANCE LTD.,26.38,26.38,26.38,26.38,26.38,25.13,,26.56,,,5656,149205.00,34,F1,1,,,,,
2026-06-12,2026-06-12,CM,BSE,STK,501270,INE825M01017,ANTARIKSH,XT,,,,,ANTARIKSH INDUSTRIES LIMITED,4.75,4.75,4.75,4.75,4.75,4.53,,4.75,,,1,4.00,1,F1,1,,,,,
2026-06-12,2026-06-12,CM,BSE,STK,501295,INE886A01014,IITL,B,,,,,INDUSTRIAL INVESTMENT TRUST LT,139.35,141.85,136.35,136.85,137.80,137.55,,136.89,,,6966,968571.00,41,F1,1,,,,,
2026-06-12,2026-06-12,CM,BSE,STK,501298,INE620D01011,INDPRUD,B,,,,,INDUSTRIAL & PRUDENTIAL INVEST,6419.00,6420.00,6410.00,6415.20,6420.00,6447.00,,6417.50,,,12,76986.00,11,F1,1,,,,,
2026-06-12,2026-06-12,CM,BSE,STK,501301,INE672A01026,TATAINVEST,A,,,,,TATA INVESTMENT CORPORATION LT,648.00,677.70,643.85,665.75,666.00,635.55,,665.90,,,65064,43174074.00,2497,F1,1,,,,,
2026-06-12,2026-06-12,CM,BSE,STK,501314,INE286N01028,PRISMX,X,,,,,PRISMX GLOBAL VENTURES LIMITED,0.62,0.64,0.59,0.60,0.62,0.62,,0.60,,,625564,379409.00,180,F1,1,,,,,
2026-06-12,2026-06-12,CM,BSE,STK,501343,INE861B01023,MOTOGENFIN,T,,,,,MOTOR & GENERAL FINANCE LTD.,29.50,30.36,29.50,30.36,30.36,29.50,,30.29,,,1017,30431.00,4,F1,1,,,,,
2026-06-12,2026-06-12,CM,BSE,STK,501351,INE154M01012,RAPIDIN,XT,,,,,RAPID INVESTMENTS LTD.,79.60,79.60,79.00,79.48,79.60,79.60,,79.48,,,16,1273.00,4,F1,1,,,,,
2026-06-12,2026-06-12,CM,BSE,STK,501370,INE695D01021,WALCHPF,X,,,,,WALCHAND PEOPLEFIRST LTD.,136.15,139.50,135.00,139.25,139.25,136.20,,139.25,,,1718,237956.00,26,F1,1,,,,,
2026-06-12,2026-06-12,CM,BSE,STK,501391,INE855A01019,WHBRADY,X,,,,,W.H.BRADY & CO.LTD.,551.65,551.65,523.00,525.80,524.00,530.00,,525.80,,,173,90949.00,14,F1,1,,,,,
2026-06-12,2026-06-12,CM,BSE,STK,501421,INE314H01012,TECHNVISN,B,,,,,TechNVision Ventures Limited,5397.95,5398.00,5397.95,5398.00,5398.00,5228.50,,5404.00,,,51,275297.00,3,F1,1,,,,,
2026-06-12,2026-06-12,CM,BSE,STK,501423,INE151G01028,SHAILY,A,,,,,SHAILY ENGINEERING PLASTICS LT,2993.35,3005.00,2896.85,2970.50,2974.70,2931.70,,2972.00,,,9305,27519537.00,940,F1,1,,,,,
2026-06-12,2026-06-12,CM,BSE,STK,501425,INE050A01025,BBTC,A,,,,,The Bombay Burmah Trading Corp,1491.05,1523.70,1491.05,1518.20,1523.70,1489.55,,1518.80,,,628,946318.00,97,F1,1,,,,,
2026-06-12,2026-06-12,CM,BSE,STK,501430,INE691K01017,BOMBCYC,X,,,,,BOMBAY CYCLE & MOTOR AGENCY LT,1605.00,1614.00,1565.00,1604.65,1614.00,1605.00,,1604.65,,,29,46234.00,7,F1,1,,,,,
2026-06-12,2026-06-12,CM,BSE,STK,501455,INE224A01026,GREAVESCOT,A,,,,,GREAVES COTTON LTD.,178.30,185.60,178.30,185.20,185.20,176.35,,185.04,,,68273,12484453.00,875,F1,1,,,,,
2026-06-12,2026-06-12,CM,BSE,STK,501477,INE003F01015,MULLER,X,,,,,MULLER & PHIPPS (INDIA) LTD.,202.00,212.00,202.00,212.00,212.00,202.00,,212.00,,,11,2294.00,4,F1,1,,,,,
2026-06-12,2026-06-12,CM,BSE,STK,501622,INE492N01022,AMALGAM,XT,,,,,AMALGAMATED ELECTRICITY CO.LTD,93.31,93.31,93.31,93.31,93.31,91.49,,93.31,,,41,3825.00,2,F1,1,,,,,
2026-06-12,2026-06-12,CM,BSE,STK,501700,INE131H01028,INDIANVSH,X,,,,,INDIANIVESH LTD.,7.49,7.49,6.92,7.39,7.40,7.14,,7.39,,,2297,16319.00,21,F1,1,,,,,
2026-06-12,2026-06-12,CM,BSE,STK,501831,INE377E01024,COASTCORP,B,,,,,COASTAL CORPORATION LTD.,46.23,50.00,46.23,48.56,48.51,45.41,,48.79,,,17913,870080.00,276,F1,1,,,,,
2026-06-12,2026-06-12,CM,BSE,STK,501833,INE490A01015,CHOWGULSTM,X,,,,,CHOWGULE STEAMSHIPS LTD.,22.25,22.25,21.28,21.89,21.89,21.28,,21.89,,,424,9090.00,19,F1,1,,,,,
2026-06-12,2026-06-12,CM,BSE,STK,501848,INE446C01013,GARWAOFFS,X,,,,,GARWARE OFFSHORE SERVICES LIMI,46.99,47.00,44.50,45.87,46.00,46.00,,45.87,,,13448,614954.00,63,F1,1,,,,,
2026-06-12,2026-06-12,CM,BSE,STK,502015,INE443A01030,ASIIL,X,,,,,ASI INDUSTRIES LIMITED,23.79,23.98,23.15,23.82,23.82,23.78,,23.82,,,16918,397912.00,104,F1,1,,,,,
2026-06-12,2026-06-12,CM,BSE,STK,502090,INE229C01021,SAGCEM,B,,,,,SAGAR CEMENTS LTD.,170.35,172.35,167.00,168.55,169.50,168.15,,167.47,,,1472,249506.00,105,F1,1,,,,,
2026-06-12,2026-06-12,CM,BSE,STK,502137,INE583C01021,DECCANCE,B,,,,,DECCAN CEMENTS LTD.,579.00,585.90,573.95,574.30,574.00,567.75,,579.15,,,120,69448.00,16,F1,1,,,,,
2026-06-12,2026-06-12,CM,BSE,STK,502157,INE347A01017,MANGLMCEM,B,,,,,MANGALAM CEMENT LTD.,846.00,848.00,833.60,841.90,848.00,833.30,,843.25,,,1193,1004164.00,374,F1,1,,,,,
2026-06-12,2026-06-12,CM,BSE,STK,502168,INE732C01016,NCLIND,B,,,,,NCL INDUSTRIES LTD.,181.60,186.20,181.60,184.95,185.00,179.25,,185.02,,,2400,442274.00,129,F1,1,,,,,
2026-06-12,2026-06-12,CM,BSE,STK,502175,INE626A01014,SAURASHCEM,B,,,,,SAURASHTRA CEMENT LTD.,58.06,59.67,57.50,59.39,59.67,56.88,,59.43,,,1444,84772.00,142,F1,1,,,,,
2026-06-12,2026-06-12,CM,BSE,STK,502180,INE232A01011,SHREDIGCEM,B,,,,,SHREE DIGVIJAY CEMENT CO.LTD.,66.07,73.95,66.07,73.45,73.39,69.04,,73.65,,,43139,3139494.00,504,F1,1,,,,,
2026-06-12,2026-06-12,CM,BSE,STK,502219,INE666D01022,BORORENEW,A,,,,,BOROSIL RENEWABLES LIMITED,518.55,545.95,518.55,544.55,542.45,516.65,,544.60,,,49345,26566198.00,1178,F1,1,,,,,
2026-06-12,2026-06-12,CM,BSE,STK,502250,INE347D01011,LERTHAI,XT,,,,,LERTHAI FINANCE LIMITED,517.85,517.85,491.00,491.00,491.00,493.25,,491.00,,,5,2481.00,3,F1,1,,,,,
2026-06-12,2026-06-12,CM,BSE,STK,502281,INE094C01011,TRIVENIGQ,X,,,,,TRIVENI GLASS LTD.,6.81,6.89,6.81,6.88,6.88,6.78,,6.88,,,3025,20655.00,15,F1,1,,,,,
2026-06-12,2026-06-12,CM,BSE,STK,502294,INE416N01013,NILACHAL,X,,,,,NILACHAL REFRACTORIES LTD.,41.50,41.69,38.50,38.50,38.50,37.90,,38.50,,,204,8409.00,10,F1,1,,,,,
2026-06-12,2026-06-12,CM,BSE,STK,502330,INE435A01051,ANDHRAPAP,B,,,,,ANDHRA PAPER LIMITED,60.82,61.82,60.61,60.85,61.73,60.83,,61.09,,,5156,315268.00,90,F1,1,,,,,
2026-06-12,2026-06-12,CM,BSE,STK,502355,INE787D01026,BALKRISIND,A,,,,,BALKRISHNA INDUSTRIES LTD.,1999.70,2025.60,1990.00,2012.55,2012.55,1975.60,,2013.10,,,9649,19376407.00,1230,F1,1,,,,,
2026-06-12,2026-06-12,CM,BSE,STK,502420,INE592A01026,ORIENTPPR,B,,,,,ORIENT PAPER & INDUSTRIES LTD.,17.00,17.44,17.00,17.30,17.40,16.93,,17.29,,,77272,1318994.00,78,F1,1,,,,,
2026-06-12,2026-06-12,CM,BSE,STK,502445,INE906D01014,CITADEL,X,,,,,CITADEL REALTY AND DEVELOPERS,38.00,38.00,37.25,37.54,37.54,37.50,,37.54,,,8125,306085.00,26,F1,1,,,,,
2026-06-12,2026-06-12,CM,BSE,STK,502448,INE927A01040,ROLLT,T,,,,,ROLLATAINERS LTD.,2.77,2.77,2.53,2.71,2.67,2.64,,2.71,,,98333,263154.00,161,F1,1,,,,,
2026-06-12,2026-06-12,CM,BSE,STK,502450,INE630A01024,SESHAPAPER,B,,,,,SESHASAYEE PAPER & BOARDS LTD.,227.10,228.90,225.90,228.90,228.90,225.00,,227.81,,,188,42950.00,10,F1,1,,,,,
2026-06-12,2026-06-12,CM,BSE,STK,502587,INE777A01023,NATHIND,X,,,,,NATH INDUSTRIES LIMITED,57.80,57.80,47.45,47.69,47.45,48.66,,47.69,,,1711,83273.00,44,F1,1,,,,,
2026-06-12,2026-06-12,CM,BSE,STK,502589,INE464D01014,VAPIENTER,X,,,,,VAPI ENTERPRISE LIMITED,95.60,95.60,95.60,95.60,95.60,95.40,,95.60,,,262,25047.00,11,F1,1,,,,,
2026-06-12,2026-06-12,CM,BSE,STK,502820,INE498A01018,DCM,B,,,,,DCM LTD.,93.01,93.01,90.60,92.55,92.55,91.81,,92.88,,,280,25896.00,8,F1,1,,,,,
2026-06-12,2026-06-12,CM,BSE,STK,502865,INE518A01013,FORBESCO,X,,,,,FORBES & COMPANY LTD.,315.05,322.00,315.05,317.60,317.60,313.85,,317.60,,,1032,326660.00,46,F1,1,,,,,
2026-06-12,2026-06-12,CM,BSE,STK,502893,INE706D01018,UNITEDINT,X,,,,,UNITED INTERACTIVE LTD.,74.99,74.99,74.99,74.99,74.99,72.11,,74.99,,,1,74.00,1,F1,1,,,,,
2026-06-12,2026-06-12,CM,BSE,STK,502901,INE462D01034,JAMSHRI,X,,,,,JAMSHRI REALTY LIMITED,78.00,85.00,76.13,79.13,81.95,79.11,,79.13,,,431,34362.00,22,F1,1,,,,,
2026-06-12,2026-06-12,CM,BSE,STK,502933,INE498G01015,KATRSPG,X,,,,,KATARE SPINNING MILLS LTD.,102.90,102.95,102.00,102.95,102.95,102.90,,102.95,,,750,77205.00,8,F1,1,,,,,
2026-06-12,2026-06-12,CM,BSE,STK,502937,INE087A01019,KESORAMIND,T,,,,,KESORAM INDUSTRIES LTD.,10.66,11.05,10.60,11.05,11.05,10.53,,11.01,,,94231,1024095.00,192,F1,1,,,,,
2026-06-12,2026-06-12,CM,BSE,STK,502958,INE938C01019,LAKSHMIMIL,X,,,,,LAKSHMI MILLS COMPANY LTD.,7420.05,7551.00,7399.95,7516.50,7404.10,7261.00,,7516.50,,,158,1182929.00,54,F1,1,,,,,
2026-06-12,2026-06-12,CM,BSE,STK,502986,INE825A01020,VTL,A,,,,,VARDHMAN TEXTILES LTD.,620.45,631.00,616.50,627.60,626.55,615.30,,627.85,,,28710,17903090.00,726,F1,1,,,,,
2026-06-12,2026-06-12,CM,BSE,STK,503031,INE138A01028,PENINLAND,T,,,,,PENINSULA LAND LTD.,14.99,15.26,14.69,14.91,15.19,14.54,,14.92,,,10108,151001.00,46,F1,1,,,,,
2026-06-12,2026-06-12,CM,BSE,STK,503092,INE909B01020,PASUSPG,X,,,,,PASUPATI SPG.& WVG.MILLS LTD.,28.78,28.78,28.78,28.78,28.78,27.41,,28.78,,,73,2100.00,4,F1,1,,,,,
2026-06-12,2026-06-12,CM,BSE,STK,503100,INE211B01039,PHOENIXLTD,A,,,,,THE PHOENIX MILLS LTD,1750.20,1783.85,1722.80,1758.40,1759.10,1732.60,,1757.60,,,8395,14759261.00,799,F1,1,,,,,
2026-06-12,2026-06-12,CM,BSE,STK,503101,INE182D01020,MARATHON,B,,,,,MARATHON NEXTGEN REALTY LTD.,386.00,408.15,386.00,404.00,402.50,386.75,,402.85,,,1372,546108.00,66,F1,1,,,,,
2026-06-12,2026-06-12,CM,BSE,STK,503127,INE491N01016,RAJABAH,X,,,,,RAJA BAHADUR INTERNATIONAL LTD,5895.00,5895.00,5850.00,5895.00,5895.00,5694.50,,5895.00,,,114,671882.00,11,F1,1,,,,,
2026-06-12,2026-06-12,CM,BSE,STK,503162,INE750D01016,RELCHEMQ,B,,,,,RELIANCE CHEMOTEX INDUSTRIES L,128.55,142.80,124.00,139.65,142.80,119.00,,141.25,,,6515,863819.00,437,F1,1,,,,,
2026-06-12,2026-06-12,CM,BSE,STK,503169,INE301D01026,RUBYMILLS,T,,,,,RUBY MILLS LTD.,335.10,345.00,327.75,329.95,328.05,345.00,,331.00,,,3792,1257670.00,81,F1,1,,,,,
2026-06-12,2026-06-12,CM,BSE,STK,503310,INE665A01038,SWANCORP,A,,,,,Swan Corp Limited,314.50,317.80,312.30,316.55,316.55,312.45,,316.55,,,55165,17381206.00,825,F1,1,,,,,
2026-06-12,2026-06-12,CM,BSE,STK,503349,INE203D01016,VICTMILL,X,,,,,VICTORIA MILLS LTD.,5259.00,5260.00,5115.00,5175.00,5175.00,5150.20,,5175.00,,,11,57201.00,10,F1,1,,,,,
2026-06-12,2026-06-12,CM,BSE,STK,503624,INE406N01014,ZSVARAJT,X,,,,,SVARAJ TRADING & AGENCIES LTD.,8.77,8.77,8.34,8.55,8.55,8.30,,8.55,,,125,1058.00,7,F1,1,,,,,
2026-06-12,2026-06-12,CM,BSE,STK,503635,INE315N01017,SALSAIN,XT,,,,,SHREE SALASAR INVESTMENT LTD.,254.00,254.50,236.55,250.00,250.00,249.00,,250.00,,,160,39978.00,23,F1,1,,,,,
2026-06-12,2026-06-12,CM,BSE,STK,503639,INE314N01028,APOLLOIN,XT,,,,,Apollo Ingredients Limited,70.36,70.36,70.36,70.36,70.36,68.99,,70.36,,,5238,368545.00,8,F1,1,,,,,
2026-06-12,2026-06-12,CM,BSE,STK,503641,INE945J01027,ZODIACVEN,XT,,,,,ZODIAC VENTURES LIMITED,1.75,1.76,1.73,1.74,1.73,1.73,,1.74,,,31750,55438.00,93,F1,1,,,,,
2026-06-12,2026-06-12,CM,BSE,STK,503657,INE255E01030,VEERENRGY,X,,,,,VEER ENERGY & INFRASTRUCTURE L,11.96,12.27,11.70,11.99,12.00,11.97,,11.99,,,11074,132362.00,61,F1,1,,,,,
2026-06-12,2026-06-12,CM,BSE,STK,503663,INE026L01022,TILAK,XT,,,,,Tilak Ventures Limited,1.15,1.18,1.15,1.16,1.16,1.16,,1.16,,,510157,592092.00,360,F1,1,,,,,
2026-06-12,2026-06-12,CM,BSE,STK,503675,INE786K01023,WAGEND,X,,,,,WAGEND INFRA VENTURE LIMITED,1.16,1.25,1.15,1.25,1.25,1.15,,1.25,,,128767,157107.00,40,F1,1,,,,,
2026-06-12,2026-06-12,CM,BSE,STK,503681,INE927X01018,ELCIDIN,B,,,,,ELCID INVESTMENTS LTD.,115210.25,117190.00,115210.25,117190.00,117190.00,117195.00,,117065.00,,,5,580640.00,5,F1,1,,,,,
2026-06-12,2026-06-12,CM,BSE,STK,503685,INE828I01019,MEDIAONE,Z,,,,,MEDIAONE GLOBAL ENTERTAINMENT,15.30,15.50,15.30,15.50,15.50,15.30,,15.50,,,8,123.00,6,F1,1,,,,,
2026-06-12,2026-06-12,CM,BSE,STK,503722,INE629D01020,BANSWRAS,B,,,,,BANSWARA SYNTEX LTD.,129.35,133.85,126.85,132.80,131.50,127.35,,132.56,,,2005,262236.00,36,F1,1,,,,,
2026-06-12,2026-06-12,CM,BSE,STK,503776,INE170C01019,MODIPON,XT,,,,,MODIPON LTD.,48.75,52.00,48.75,52.00,52.00,51.31,,52.00,,,72,3513.00,6,F1,1,,,,,
2026-06-12,2026-06-12,CM,BSE,STK,503804,INE204C01024,SHRIDINE,X,,,,,SHRI DINESH MILLS LTD.,304.10,312.95,304.10,309.75,312.95,310.00,,309.75,,,313,96121.00,24,F1,1,,,,,
2026-06-12,2026-06-12,CM,BSE,STK,503806,INE647A01010,SRF,A,,,,,SRF LTD.,2686.05,2746.80,2686.05,2738.40,2708.60,2658.95,,2742.70,,,12145,32929228.00,1581,F1,1,,,,,
2026-06-12,2026-06-12,CM,BSE,STK,503811,INE076B01028,SIYSIL,B,,,,,SIYARAM SILK MILLS LTD.,601.75,621.00,601.75,617.35,621.00,601.50,,617.95,,,1885,1159203.00,173,F1,1,,,,,
2026-06-12,2026-06-12,CM,BSE,STK,503816,INE243N01029,SWADPOL,X,,,,,SWADESHI POLYTEX LTD.,36.37,36.37,35.04,35.59,35.95,35.66,,35.59,,,1441,51229.00,28,F1,1,,,,,
2026-06-12,2026-06-12,CM,BSE,STK,503837,INE796C01011,SHRAJSYNQ,XT,,,,,SHREE RAJASTHAN SYNTEX LTD.,17.79,17.79,17.79,17.79,17.79,17.62,,17.79,,,50,889.00,1,F1,1,,,,,
2026-06-12,2026-06-12,CM,BSE,STK,503863,INE632A01012,SHRMFGC,X,,,,,SHREE MANUFACTURING CO.LTD.,11.77,11.77,11.77,11.77,11.77,12.01,,11.77,,,100,1177.00,1,F1,1,,,,,
2026-06-12,2026-06-12,CM,BSE,STK,503960,INE464A01036,BBL,A,,,,,BHARAT BIJLEE LTD.,2758.25,2790.75,2739.50,2776.85,2778.20,2693.40,,2778.50,,,975,2688510.00,185,F1,1,,,,,
2026-06-12,2026-06-12,CM,BSE,STK,504000,INE579B01039,ELPROINTL,B,,,,,ELPRO INTERNATIONAL LTD.,170.00,170.00,166.30,169.15,169.15,166.80,,168.84,,,9636,1624572.00,226,F1,1,,,,,
2026-06-12,2026-06-12,CM,BSE,STK,504028,INE064H01021,GEE,X,,,,,GEE LTD.,83.50,84.50,81.00,82.99,82.60,83.04,,82.99,,,10089,837365.00,28,F1,1,,,,,
2026-06-12,2026-06-12,CM,BSE,STK,504036,INE835D01023,HIRECT,B,,,,,HIND RECTIFIERS LTD.,1119.95,1142.00,1111.55,1125.75,1139.60,1114.15,,1130.20,,,7702,8678149.00,523,F1,1,,,,,
2026-06-12,2026-06-12,CM,BSE,STK,504058,INE567A01028,NIPPOBATRY,B,,,,,INDO-NATIONAL LTD.,338.55,342.00,326.00,332.60,330.05,334.90,,333.30,,,2733,906338.00,465,F1,1,,,,,
2026-06-12,2026-06-12,CM,BSE,STK,504067,INE520A01027,ZENSARTECH,A,,,,,ZENSAR TECHNOLOGIES LTD.,454.00,454.85,443.05,452.75,452.00,443.20,,452.80,,,44455,19984590.00,1833,F1,1,,,,,
2026-06-12,2026-06-12,CM,BSE,STK,504076,INE511D01012,JYOTI,X,,,,,JYOTI LTD.,58.00,61.39,58.00,60.07,61.00,58.44,,60.07,,,15298,913832.00,111,F1,1,,,,,
2026-06-12,2026-06-12,CM,BSE,STK,504080,INE581L01018,JSLINDL,X,,,,,JSL INDUSTRIES LTD.,995.00,995.00,995.00,995.00,995.00,994.55,,995.00,,,1,995.00,1,F1,1,,,,,
2026-06-12,2026-06-12,CM,BSE,STK,504084,INE813G01023,KAYCEEI,X,,,,,KAYCEE INDUSTRIES LTD.,865.10,896.00,856.45,861.45,858.00,870.05,,861.45,,,734,643927.00,102,F1,1,,,,,
2026-06-12,2026-06-12,CM,BSE,STK,504092,INE716F01012,INDOKEM,B,,,,,INDOKEM LTD.,519.95,527.80,503.05,519.05,524.70,510.20,,519.05,,,1518,789342.00,95,F1,1,,,,,
2026-06-12,2026-06-12,CM,BSE,STK,504093,INE795A01017,PANAENERG,X,,,,,PANASONIC ENERGY INDIA COMPANY,283.95,292.70,282.00,283.50,283.50,280.95,,283.50,,,613,175316.00,53,F1,1,,,,,
2026-06-12,2026-06-12,CM,BSE,STK,504112,INE045B01015,NELCO,B,,,,,NELCO LTD.,712.95,725.20,712.00,721.60,725.00,705.40,,722.40,,,11808,8504938.00,646,F1,1,,,,,
2026-06-12,2026-06-12,CM,BSE,STK,504132,INE418E01018,PERMAGN,X,,,,,PERMANENT MAGNETS LTD.,816.85,860.00,815.00,850.30,841.45,810.10,,850.30,,,2644,2227267.00,172,F1,1,,,,,
2026-06-12,2026-06-12,CM,BSE,STK,504176,INE783E01023,HIGHENE,X,,,,,HIGH ENERGY BATTERIES (INDIA),514.75,514.75,502.20,511.80,510.55,503.70,,511.80,,,7864,4008452.00,274,F1,1,,,,,
2026-06-12,2026-06-12,CM,BSE,STK,504180,INE502C01039,STDBAT,X,,,,,STANDARD BATTERIES LTD.,49.00,51.00,45.30,49.84,50.00,48.75,,49.84,,,1758,86613.00,44,F1,1,,,,,
2026-06-12,2026-06-12,CM,BSE,STK,504212,INE279A01012,UNIVCABLES,B,,,,,UNIVERSAL CABLES LTD.,1154.15,1198.95,1154.15,1178.75,1173.00,1135.15,,1176.80,,,8789,10370725.00,837,F1,1,,,,,
2026-06-12,2026-06-12,CM,BSE,STK,504220,INE100D01014,WSI,B,,,,,W.S.INDUSTRIES (INDIA) LTD.,70.14,70.14,68.50,69.72,69.80,69.43,,69.80,,,6822,472796.00,82,F1,1,,,,,
2026-06-12,2026-06-12,CM,BSE,STK,504240,INE872E01016,DLTNCBL,X,,,,,DELTON CABLES LTD.,407.60,415.00,401.20,406.60,406.60,399.60,,406.60,,,1965,801255.00,80,F1,1,,,,,
2026-06-12,2026-06-12,CM,BSE,STK,504258,INE284C01018,LAKSELEC,X,,,,,LAKSHMI ELECTRICAL CONTROL SYS,761.00,761.00,735.00,750.70,753.00,761.65,,750.70,,,959,718816.00,34,F1,1,,,,,
2026-06-12,2026-06-12,CM,BSE,STK,504273,INE064R01012,MODULEX,Z,,,,,MODULEX CONSTRUCTION TECHNOLOG,16.39,16.39,14.95,15.63,15.70,15.69,,15.63,,,16680,257021.00,57,F1,1,,,,,
2026-06-12,2026-06-12,CM,BSE,STK,504286,INE393A01011,DELTAMAGNT,B,,,,,DELTA MANUFACTURING LIMITED,57.00,59.90,56.01,58.60,58.50,58.45,,58.36,,,1422,81295.00,27,F1,1,,,,,
2026-06-12,2026-06-12,CM,BSE,STK,504340,INE180M01033,LONGSPUR,X,,,,,Longspur International Venture,6.85,7.56,6.85,7.56,7.56,7.21,,7.56,,,20220,138592.00,12,F1,1,,,,,
2026-06-12,2026-06-12,CM,BSE,STK,504341,INE206N01018,RELTD,B,,,,,RAVINDRA ENERGY LIMITED,133.75,136.50,130.60,136.10,136.10,131.80,,136.00,,,18641,2492775.00,348,F1,1,,,,,
2026-06-12,2026-06-12,CM,BSE,STK,504351,INE507F01023,EMPOWER,T,,,,,EMPOWER INDIA LTD.,1.93,1.93,1.93,1.93,1.93,1.96,,1.93,,,833897,1609421.00,104,F1,1,,,,,
2026-06-12,2026-06-12,CM,BSE,STK,504369,INE927M01029,GRANDMA,X,,,,,GRANDMA TRADING & AGENCIES LTD,0.41,0.43,0.41,0.43,0.43,0.41,,0.43,,,27021,11279.00,20,F1,1,,,,,
2026-06-12,2026-06-12,CM,BSE,STK,504375,INE459E01012,IDREAM,P,,,,,IDream Film Infrastructure Com,333.00,367.50,332.95,360.00,360.00,350.45,,360.00,,,600,212155.00,11,F1,50,,,,,
2026-06-12,2026-06-12,CM,BSE,STK,504378,INE812K01027,NYSSACORP,X,,,,,NYSSA CORPORATION LIMITED,2.70,2.70,2.51,2.59,2.57,2.49,,2.59,,,25959,66752.00,99,F1,1,,,,,
2026-06-12,2026-06-12,CM,BSE,STK,504380,INE952M01019,FLOMIC,X,,,,,FLOMIC GLOBAL LOGISTICS LIMITE,48.00,51.00,46.00,50.97,50.95,51.00,,50.97,,,1030,50676.00,43,F1,1,,,,,
2026-06-12,2026-06-12,CM,BSE,STK,504392,INE537L01010,KRISHNA,X,,,,,KRISHNA VENTURES LIMITED,32.88,33.38,28.16,33.38,33.38,30.35,,33.38,,,79305,2595908.00,275,F1,1,,,,,
2026-06-12,2026-06-12,CM,BSE,STK,504605,INE361D01012,UNIABEXAL,XT,,,,,UNI ABEX ALLOY PRODUCTS LTD.,4188.00,4230.00,4005.00,4211.20,4225.00,4035.10,,4211.20,,,1430,5956604.00,195,F1,1,,,,,
2026-06-12,2026-06-12,CM,BSE,STK,504614,INE385C01021,SARDAEN,A,,,,,SARDA ENERGY & MINERALS LTD.,524.45,528.30,508.15,519.90,519.35,523.20,,520.40,,,55004,28449843.00,2020,F1,1,,,,,
2026-06-12,2026-06-12,CM,BSE,STK,504646,INE106G01014,BGWTATO,X,,,,,BHAGWATI AUTOCAST LTD.,524.80,524.80,483.15,491.25,500.00,493.85,,491.25,,,1041,512822.00,59,F1,1,,,,,
2026-06-12,2026-06-12,CM,BSE,STK,504648,INE089T01023,BOMBWIR,X,,,,,BOMBAY WIRE ROPES LTD.,48.46,48.46,47.00,47.90,47.00,47.51,,47.90,,,156,7463.00,12,F1,1,,,,,
2026-06-12,2026-06-12,CM,BSE,STK,504697,INE255C01026,GALADA,XT,,,,,GALADA POWER & TELECOMMUNICATI,9.38,9.38,9.38,9.38,9.38,9.20,,9.38,,,138,1294.00,2,F1,1,,,,,
2026-06-12,2026-06-12,CM,BSE,STK,504731,INE566M01017,AZADIND,X,,,,,AZAD INDIA MOBILITY LIMITED,104.70,105.00,98.85,101.15,101.45,99.50,,101.15,,,7564,778017.00,82,F1,1,,,,,
2026-06-12,2026-06-12,CM,BSE,STK,504741,INE323C01030,INDIANHUME,B,,,,,INDIAN HUME PIPE CO.LTD.,289.80,299.20,289.00,298.30,298.30,282.85,,298.35,,,4370,1286558.00,332,F1,1,,,,,
2026-06-12,2026-06-12,CM,BSE,STK,504746,INE359D01024,INLCM,X,,,,,INDIAN LINK CHAIN MANUFACTURES,815.30,923.90,815.30,899.70,899.90,895.80,,899.70,,,215,193185.00,25,F1,1,,,,,
2026-06-12,2026-06-12,CM,BSE,STK,504786,INE155E01016,INVPRECQ,B,,,,,INVESTMENT & PRECISION CASTING,625.00,630.00,620.00,625.45,625.45,613.65,,629.35,,,104,65235.00,20,F1,1,,,,,
2026-06-12,2026-06-12,CM,BSE,STK,504810,INE123E01014,INFORTEC,X,,,,,INFORMED TECHNOLOGIES INDIA LT,78.55,83.80,75.10,83.50,83.50,83.50,,83.50,,,1108,92199.00,13,F1,1,,,,,
2026-06-12,2026-06-12,CM,BSE,STK,504840,INE375D01012,KAIRA,X,,,,,KAIRA CAN CO.LTD.,1469.00,1469.00,1460.15,1460.15,1460.15,1438.75,,1460.15,,,7,10267.00,3,F1,1,,,,,
2026-06-12,2026-06-12,CM,BSE,STK,504879,INE569C01020,ORIENTCER,B,,,,,ORIENT CERATECH LIMITED,37.50,40.00,37.37,38.11,38.07,37.62,,38.24,,,37957,1498735.00,224,F1,1,,,,,
2026-06-12,2026-06-12,CM,BSE,STK,504882,INE166R01015,NATIONSTD,B,,,,,NATIONAL STANDARD (INDIA) LTD.,1200.00,1200.00,1165.00,1189.55,1165.00,1167.15,,1194.50,,,54,64245.00,11,F1,1,,,,,
2026-06-12,2026-06-12,CM,BSE,STK,504903,INE336C01016,RATHIST,X,,,,,RATHI STEEL & POWER LTD.,18.95,18.95,18.35,18.52,18.83,18.84,,18.52,,,17155,318894.00,145,F1,1,,,,,
2026-06-12,2026-06-12,CM,BSE,STK,504908,INE340F01011,DUNCANENG,X,,,,,Duncan Engineering Limited,366.00,372.00,360.00,370.10,366.00,369.25,,370.10,,,186,68439.00,18,F1,1,,,,,
2026-06-12,2026-06-12,CM,BSE,STK,504918,INE149K01016,SANDUMA,B,,,,,SANDUR MANGANESE & IRON ORES L,212.45,216.50,210.60,215.70,215.00,206.85,,215.84,,,92390,19716447.00,1135,F1,1,,,,,
2026-06-12,2026-06-12,CM,BSE,STK,504959,INE755D01015,STOVACQ,X,,,,,STOVEC INDUSTRIES LTD.,1670.20,1699.95,1599.95,1612.95,1624.00,1670.10,,1612.95,,,873,1412303.00,92,F1,1,,,,,
2026-06-12,2026-06-12,CM,BSE,STK,504973,INE149A01033,CHOLAHLDNG,A,,,,,CHOLAMANDALAM FINANCIAL HOLDIN,1429.00,1539.00,1429.00,1526.80,1533.60,1426.65,,1524.30,,,11584,17285171.00,877,F1,1,,,,,
2026-06-12,2026-06-12,CM,BSE,STK,504988,INE380G01015,ZWELCAST,X,,,,,WELCAST STEELS LTD.,706.90,708.50,700.00,708.50,708.50,706.90,,708.50,,,40,28154.00,5,F1,1,,,,,
2026-06-12,2026-06-12,CM,BSE,STK,505010,INE449A01011,AUTOAXLES,B,,,,,AUTOMOTIVE AXLES LTD.,1660.80,1695.00,1639.90,1684.75,1683.15,1642.15,,1689.00,,,164,271739.00,61,F1,1,,,,,
2026-06-12,2026-06-12,CM,BSE,STK,505029,INE446A01025,ATLASCYCLE,B,,,,,ATLAS CYCLES (HARYANA) LTD.,104.80,104.80,98.50,98.51,98.50,98.00,,98.40,,,738,76724.00,12,F1,1,,,,,
2026-06-12,2026-06-12,CM,BSE,STK,505032,INE0NY101012,AUTOPRD,XT,,,,,AUTOMOBILE PRODUCTS OF INDIA L,5.10,5.10,5.10,5.10,5.10,4.86,,5.10,,,189,963.00,3,F1,1,,,,,
2026-06-12,2026-06-12,CM,BSE,STK,505036,INE451C01013,ACGL,B,,,,,AUTOMOBILE CORPORATION OF GOA,2115.00,2199.00,2114.95,2140.70,2140.70,2071.95,,2140.70,,,4016,8708576.00,424,F1,1,,,,,
2026-06-12,2026-06-12,CM,BSE,STK,505075,INE878E01021,SETCO,T,,,,,SETCO AUTOMOTIVE LTD.,18.62,18.62,18.62,18.62,18.62,18.26,,18.62,,,14419,268481.00,7,F1,1,,,,,
2026-06-12,2026-06-12,CM,BSE,STK,505160,INE187D01029,TALBROAUTO,B,,,,,TALBROS AUTOMOTIVE COMPONENTS,361.05,362.20,354.65,358.25,359.20,356.55,,359.75,,,3698,1325032.00,183,F1,1,,,,,
2026-06-12,2026-06-12,CM,BSE,STK,505163,INE116C01012,ZFSTEERING,B,,,,,Z.F.STEERING GEAR (INDIA) LTD.,658.00,658.00,637.65,642.75,644.00,658.00,,642.30,,,333,214496.00,85,F1,1,,,,,
2026-06-12,2026-06-12,CM,BSE,STK,505192,INE294B01019,SMLMAH,B,,,,,SML Mahindra Limited,3691.70,3898.00,3691.70,3878.10,3863.35,3688.80,,3883.60,,,4722,18169372.00,790,F1,1,,,,,
2026-06-12,2026-06-12,CM,BSE,STK,505196,INE806C01018,TIL,B,,,,,TIL LTD.,183.00,183.90,180.00,182.10,182.10,180.05,,181.95,,,1786,323326.00,73,F1,1,,,,,
2026-06-12,2026-06-12,CM,BSE,STK,505200,INE066A01021,EICHERMOT,A,,,,,EICHER MOTORS LTD.,7344.55,7354.00,7218.00,7310.75,7296.40,7177.60,,7312.00,,,14904,108695834.00,3548,F1,1,,,,,
2026-06-12,2026-06-12,CM,BSE,STK,505212,INE280F01019,JAINEX,X,,,,,JAINEX AAMCOL LTD.,132.75,132.75,120.00,121.65,122.00,122.95,,121.65,,,573,69853.00,11,F1,1,,,,,
2026-06-12,2026-06-12,CM,BSE,STK,505216,INE782D01027,ALFREDHE,X,,,,,ALFRED HERBERT (INDIA) LTD.,2870.00,2870.00,2775.00,2802.05,2802.05,2815.20,,2802.05,,,26,73657.00,10,F1,1,,,,,
2026-06-12,2026-06-12,CM,BSE,STK,505232,INE232E01013,VELJAN,B,,,,,VELJAN DENISON LIMITED,1249.90,1283.90,1235.55,1245.00,1245.00,1193.40,,1253.20,,,187,235902.00,51,F1,1,,,,,
2026-06-12,2026-06-12,CM,BSE,STK,505242,INE221B01012,DYNAMATECH,B,,,,,DYNAMATIC TECHNOLOGIES LTD.,9934.95,10200.00,9934.95,10168.15,10177.90,9913.65,,10171.00,,,400,4039549.00,149,F1,1,,,,,
2026-06-12,2026-06-12,CM,BSE,STK,505255,INE541A01023,GMMPFAUDLR,A,,,,,GMM PFAUDLER LTD.,740.05,764.05,740.05,760.35,756.80,738.15,,760.10,,,7728,5805174.00,1710,F1,1,,,,,
2026-06-12,2026-06-12,CM,BSE,STK,505283,INE811A01020,KIRLPNU,A,,,,,KIRLOSKAR PNEUMATIC CO.LTD.,1584.00,1613.50,1568.00,1607.20,1601.80,1576.50,,1606.00,,,6457,10293899.00,772,F1,1,,,,,
2026-06-12,2026-06-12,CM,BSE,STK,505285,INE637D01015,TULIVE,XT,,,,,TULIVE DEVELOPERS LIMITED,1178.00,1178.00,1178.00,1178.00,1178.00,1178.00,,1178.00,,,10,11780.00,2,F1,1,,,,,
2026-06-12,2026-06-12,CM,BSE,STK,505299,INE731D01024,KPT,X,,,,,KPT INDUSTRIES LIMITED,449.75,449.75,420.00,431.90,431.90,432.85,,431.90,,,4742,2030380.00,173,F1,1,,,,,
2026-06-12,2026-06-12,CM,BSE,STK,505302,INE718M01022,LAKSHMIEW,X,,,,,LAKSHMI ENGINEERING AND WAREHO,2360.10,2444.95,2360.05,2444.95,2444.95,2393.45,,2444.95,,,43,101568.00,11,F1,1,,,,,
2026-06-12,2026-06-12,CM,BSE,STK,505324,INE867A01022,MANUGRAPH,T,,,,,MANUGRAPH INDIA LTD.,16.23,16.23,15.68,15.70,15.68,16.43,,15.46,,,1674,26615.00,13,F1,1,,,,,
2026-06-12,2026-06-12,CM,BSE,STK,505336,INE098E01026,HARSHILAGR,XT,,,,,HARSHIL AGROTECH LIMITED,0.35,0.35,0.34,0.35,0.35,0.35,,0.35,,,2534926,868120.00,650,F1,1,,,,,
2026-06-12,2026-06-12,CM,BSE,STK,505343,INE811D01024,MONOT,X,,,,,MONOTYPE INDIA LTD.,0.40,0.41,0.38,0.39,0.39,0.40,,0.39,,,1969689,774916.00,503,F1,1,,,,,
2026-06-12,2026-06-12,CM,BSE,STK,505355,INE317F01035,NESCO,B,,,,,NESCO LTD.,1095.35,1104.85,1081.00,1089.40,1090.00,1089.30,,1089.80,,,2161,2351934.00,262,F1,1,,,,,
2026-06-12,2026-06-12,CM,BSE,STK,505358,INE984B01023,INTEGRAEN,XT,,,,,INTEGRA ENGINEERING INDIA LTD.,225.35,230.00,216.70,222.25,224.35,220.00,,222.25,,,26260,5832716.00,141,F1,1,,,,,
2026-06-12,2026-06-12,CM,BSE,STK,505368,INE617A01013,SEMAC,T,,,,,Semac Construction Limited,328.00,328.15,328.00,328.15,328.15,312.55,,326.55,,,151,49546.00,12,F1,1,,,,,
2026-06-12,2026-06-12,CM,BSE,STK,505400,INE435C01024,TEXINFRA,B,,,,,TEXMACO INFRASTRUCTURE & HOLDI,99.34,99.76,98.27,99.00,99.00,98.00,,98.85,,,1861,184087.00,43,F1,1,,,,,
2026-06-12,2026-06-12,CM,BSE,STK,505412,INE274C01019,WENDT,B,,,,,WENDT (INDIA) LTD.,6979.95,7912.00,6923.25,7697.65,7740.00,6774.25,,7682.00,,,5489,41977651.00,1532,F1,1,,,,,
2026-06-12,2026-06-12,CM,BSE,STK,505502,INE953M01033,PSITINFRA,XT,,,,,PS IT INFRASTRUCTURE & SERVICE,1.31,1.31,1.31,1.31,1.31,1.33,,1.31,,,1121,1468.00,8,F1,1,,,,,
2026-06-12,2026-06-12,CM,BSE,STK,505504,INE809Q01020,GHVINFRA,X,,,,,GHV INFRA PROJECTS LIMITED,224.95,228.00,214.25,224.40,224.00,221.60,,224.40,,,64584,14278704.00,753,F1,1,,,,,
2026-06-12,2026-06-12,CM,BSE,STK,505509,INE688D01026,RESPONIND,B,,,,,RESPONSIVE INDUSTRIES LTD.,167.25,176.45,167.25,174.60,175.05,164.80,,174.71,,,3696,637198.00,173,F1,1,,,,,
2026-06-12,2026-06-12,CM,BSE,STK,505515,INE203N01015,SHYMINV,X,,,,,SHYAMKAMAL INVESTMENTS LTD.,12.18,13.25,12.18,12.80,12.78,12.73,,12.80,,,5099,66006.00,63,F1,1,,,,,
2026-06-12,2026-06-12,CM,BSE,STK,505523,INE272E01027,MAHACORP,X,,,,,MAHARASHTRA CORPORATION LTD.,0.35,0.38,0.33,0.35,0.36,0.35,,0.35,,,1795721,633224.00,288,F1,1,,,,,
2026-06-12,2026-06-12,CM,BSE,STK,505526,INE966A01022,DOLATALGO,B,,,,,DOLAT ALGOTECH LIMITED,73.00,75.76,72.63,74.88,74.73,72.52,,74.65,,,12711,942578.00,178,F1,1,,,,,
2026-06-12,2026-06-12,CM,BSE,STK,505533,INE274F01020,WESTLIFE,A,,,,,WESTLIFE FOODWORLD LIMITED,436.70,447.95,436.70,446.20,447.95,441.80,,445.85,,,899,399006.00,116,F1,1,,,,,
2026-06-12,2026-06-12,CM,BSE,STK,505537,INE256A01028,ZEEL,A,,,,,ZEE ENTERTAINMENT ENTERPRISES,113.66,114.77,108.40,112.34,112.34,111.51,,112.59,,,4199267,471818596.00,22447,F1,1,,,,,
2026-06-12,2026-06-12,CM,BSE,STK,505590,INE308E01029,SVPGLOB,T,,,,,SVP GLOBAL TEXTILES LIMITED,3.99,4.05,3.71,3.92,3.92,3.89,,3.81,,,36953,146048.00,20,F1,1,,,,,
2026-06-12,2026-06-12,CM,BSE,STK,505650,INE178E01026,SKYLMILAR,X,,,,,SKYLINE MILLARS LTD.,15.62,16.57,15.62,16.03,16.39,16.40,,16.03,,,919,14709.00,14,F1,1,,,,,
2026-06-12,2026-06-12,CM,BSE,STK,505681,INE469A01019,BIMETAL,B,,,,,BIMETAL BEARINGS LTD.,649.50,649.50,649.50,649.50,649.50,649.85,,640.50,,,10,6495.00,1,F1,1,,,,,
2026-06-12,2026-06-12,CM,BSE,STK,505685,INE614R01014,TAPARIA,X,,,,,TAPARIA TOOLS LTD.,29.07,29.07,29.07,29.07,29.07,27.69,,29.07,,,1101,32006.00,3,F1,1,,,,,
2026-06-12,2026-06-12,CM,BSE,STK,505688,INE561C01019,BHARATGEAR,B,,,,,BHARAT GEARS LTD.,111.10,112.00,110.10,111.75,111.75,109.35,,111.16,,,801,89266.00,65,F1,1,,,,,
2026-06-12,2026-06-12,CM,BSE,STK,505690,INE856A01017,BRADYM,X,,,,,BRADY & MORRIS ENGINEERING CO.,819.00,840.00,787.00,810.10,810.00,788.65,,810.10,,,188,152256.00,27,F1,1,,,,,
2026-06-12,2026-06-12,CM,BSE,STK,505693,INE501N01020,LATIMMETAL,X,,,,,La Tim Metal & Industries Limi,8.67,8.82,8.45,8.60,8.60,8.50,,8.60,,,26796,229861.00,107,F1,1,,,,,
2026-06-12,2026-06-12,CM,BSE,STK,505700,INE205B01031,ELECON,A,,,,,ELECON ENGINEERING CO.LTD.,538.40,551.65,529.05,535.15,532.75,526.35,,536.80,,,43943,23788386.00,1626,F1,1,,,,,
2026-06-12,2026-06-12,CM,BSE,STK,505710,INE266D01021,GRAUWEIL,B,,,,,GRAUER & WEIL (INDIA) LTD.,71.55,72.70,71.35,72.49,72.55,71.35,,72.58,,,18284,1320688.00,364,F1,1,,,,,
2026-06-12,2026-06-12,CM,BSE,STK,505712,INE705G01021,HIMTEK,X,,,,,HIM TEKNOFORGE LIMITED,204.50,207.15,204.30,204.35,204.30,204.35,,204.35,,,3834,783445.00,31,F1,1,,,,,
2026-06-12,2026-06-12,CM,BSE,STK,505714,INE524A01029,GABRIEL,A,,,,,GABRIEL INDIA LTD.,1048.65,1061.00,1012.30,1040.35,1040.35,1009.70,,1040.60,,,28535,29614572.00,2873,F1,1,,,,,
2026-06-12,2026-06-12,CM,BSE,STK,505720,INE688E01024,HERCULES,X,,,,,Hercules Investments Limited,121.90,124.95,120.00,122.40,122.40,119.40,,122.40,,,5661,691193.00,151,F1,1,,,,,
2026-06-12,2026-06-12,CM,BSE,STK,505725,INE598D01035,ALGOQUANT,B,,,,,ALGOQUANT FINTECH LIMITED,54.95,57.00,53.50,56.23,56.10,53.99,,56.23,,,276907,15229140.00,1556,F1,1,,,,,
2026-06-12,2026-06-12,CM,BSE,STK,505726,INE559A01017,IFBIND,B,,,,,IFB INDUSTRIES LTD.,1266.95,1340.00,1266.95,1288.25,1282.15,1233.90,,1287.80,,,11194,14628170.00,736,F1,1,,,,,
2026-06-12,2026-06-12,CM,BSE,STK,505729,INE638A01035,SINGERIND,B,,,,,SINGER INDIA LTD.,68.94,69.84,68.05,68.61,69.29,67.85,,68.79,,,7082,486957.00,113,F1,1,,,,,
2026-06-12,2026-06-12,CM,BSE,STK,505737,INE403C01014,INTLCOMBQ,X,,,,,INTERNATIONAL COMBUSTION (INDI,488.65,488.65,466.00,472.50,478.95,482.55,,472.50,,,605,287795.00,68,F1,1,,,,,
2026-06-12,2026-06-12,CM,BSE,STK,505744,INE529A01010,FMGOETZE,B,,,,,FEDERAL-MOGUL GOETZE (INDIA) L,443.00,448.00,440.50,445.70,443.20,441.75,,445.50,,,2082,926533.00,155,F1,1,,,,,
2026-06-12,2026-06-12,CM,BSE,STK,505750,INE636D01041,JOSTS,X,,,,,JOSTS ENGINEERING CO.LTD.,244.75,244.75,238.00,240.50,240.50,241.45,,240.50,,,8670,2087647.00,124,F1,1,,,,,
2026-06-12,2026-06-12,CM,BSE,STK,505790,INE513A01022,SCHAEFFLER,A,,,,,Schaeffler India Limited,3946.45,4063.40,3874.30,4050.00,4050.00,3866.05,,4055.50,,,4063,16098315.00,430,F1,1,,,,,
2026-06-12,2026-06-12,CM,BSE,STK,505800,INE384A01010,RANEHOLDIN,B,,,,,RANE HOLDINGS LTD.,1394.90,1464.30,1394.90,1447.70,1447.70,1369.35,,1449.90,,,459,659230.00,139,F1,1,,,,,
2026-06-12,2026-06-12,CM,BSE,STK,505807,INE775R01013,ROLCOEN,P,,,,,ROLCON ENGINEERING CO.LTD.,516.00,516.00,516.00,516.00,516.00,516.00,,516.00,,,50,25800.00,1,F1,50,,,,,
2026-06-12,2026-06-12,CM,BSE,STK,505827,INE568F01017,SNL,X,,,,,SNL BEARINGS LTD.,392.60,392.60,370.65,372.35,372.35,379.15,,372.35,,,1735,651753.00,69,F1,1,,,,,
2026-06-12,2026-06-12,CM,BSE,STK,505840,INE058D01030,JAIPAN,X,,,,,JAIPAN INDUSTRIES LTD.,26.14,26.30,25.00,25.02,25.02,26.14,,25.02,,,50659,1267498.00,34,F1,1,,,,,
2026-06-12,2026-06-12,CM,BSE,STK,505850,INE545L01039,MANCREDIT,B,,,,,MANGAL CREDIT AND FINCORP LTD.,219.90,224.05,217.50,222.05,224.05,215.40,,222.07,,,20722,4594098.00,161,F1,1,,,,,
2026-06-12,2026-06-12,CM,BSE,STK,505854,INE391D01019,TRF,B,,,,,TRF LTD.,227.00,229.60,221.00,227.50,228.10,220.65,,227.76,,,6325,1429664.00,97,F1,1,,,,,
2026-06-12,2026-06-12,CM,BSE,STK,505872,INE765D01022,WPIL,B,,,,,WPIL LTD.,430.00,469.90,423.50,455.40,455.40,417.45,,455.65,,,50520,22945772.00,2146,F1,1,,,,,
2026-06-12,2026-06-12,CM,BSE,STK,505890,INE717A01029,KENNAMET,B,,,,,KENNAMETAL INDIA LTD.,2838.80,2838.80,2750.10,2777.55,2800.00,2753.90,,2780.20,,,716,1984729.00,204,F1,1,,,,,
2026-06-12,2026-06-12,CM,BSE,STK,505893,INE724D01011,HINDHARD,X,,,,,HINDUSTAN HARDY LIMITED,812.00,812.00,790.00,803.10,803.10,804.95,,803.10,,,957,760046.00,26,F1,1,,,,,
2026-06-12,2026-06-12,CM,BSE,STK,505978,INE440G01017,TRITONV,X,,,,,TRITON VALVES LTD.,1030.00,1083.00,1025.05,1073.10,1079.35,1019.90,,1073.10,,,13682,14382312.00,384,F1,1,,,,,
2026-06-12,2026-06-12,CM,BSE,STK,506003,INE618D01015,SUDAI,X,,,,,SUDAL INDUSTRIES LTD.,45.17,45.17,40.88,41.49,42.00,43.03,,41.49,,,9891,408160.00,95,F1,1,,,,,
2026-06-12,2026-06-12,CM,BSE,STK,506022,INE603A01013,PRAKASH,B,,,,,PRAKASH INDUSTRIES LTD.,137.00,141.75,137.00,141.55,141.15,136.05,,141.30,,,9625,1347287.00,138,F1,1,,,,,
2026-06-12,2026-06-12,CM,BSE,STK,506074,INE968D01022,ARSHIYA,Z,,,,,ARSHIYA LIMITED,1.05,1.14,1.05,1.08,1.07,1.09,,1.08,,,232678,263459.00,62,F1,1,,,,,
2026-06-12,2026-06-12,CM,BSE,STK,506076,INE536A01023,GRINDWELL,A,,,,,GRINDWELL NORTON LTD.,1925.00,1928.65,1907.45,1921.95,1923.00,1892.90,,1921.00,,,1966,3774158.00,155,F1,1,,,,,
2026-06-12,2026-06-12,CM,BSE,STK,506079,INE651C01018,LAKPRE,Z,,,,,LAKSHMI PRECISION SCREWS LTD.,5.00,5.00,5.00,5.00,5.00,4.84,,5.00,,,49,245.00,2,F1,1,,,,,
2026-06-12,2026-06-12,CM,BSE,STK,506105,INE441L01015,STANROS,X,,,,,STANROSE MAFATLAL INVESTMENTS,64.90,65.00,64.90,65.00,65.00,65.55,,65.00,,,440,28596.00,8,F1,1,,,,,
2026-06-12,2026-06-12,CM,BSE,STK,506109,INE727B01026,GENESYS,B,,,,,GENESYS INTERNATIONAL CORPORAT,332.00,337.75,314.65,317.70,316.10,331.35,,317.70,,,99973,32649296.00,1339,F1,1,,,,,
2026-06-12,2026-06-12,CM,BSE,STK,506122,INE820M01018,VOLKAI,XT,,,,,Kairosoft AI Solutions Limited,76.00,80.34,76.00,80.34,80.34,76.52,,80.34,,,3854,308756.00,71,F1,1,,,,,
2026-06-12,2026-06-12,CM,BSE,STK,506128,INE383L01019,PARNAXLAB,X,,,,,PARNAX LAB LTD.,139.00,139.00,126.00,130.10,130.40,127.30,,130.10,,,6128,786814.00,71,F1,1,,,,,
2026-06-12,2026-06-12,CM,BSE,STK,506134,INE512D01028,GOURMET,XT,,,,,GOURMET GATEWAY INDIA LIMITED,14.48,15.19,13.77,14.86,14.90,14.48,,14.86,,,12656,187844.00,55,F1,1,,,,,
2026-06-12,2026-06-12,CM,BSE,STK,506146,INE370E01029,VIVIDHA,B,,,,,VISAGAR POLYTEX LTD.,0.54,0.54,0.52,0.52,0.52,0.53,,0.51,,,37019,19482.00,47,F1,1,,,,,
2026-06-12,2026-06-12,CM,BSE,STK,506166,INE070K01014,APIS,X,,,,,APIS INDIA LTD.,61.50,61.50,59.50,60.07,60.00,60.42,,60.07,,,6082,365923.00,168,F1,1,,,,,
2026-06-12,2026-06-12,CM,BSE,STK,506180,INE668L01013,EMERGENT,XT,,,,,EMERGENT INDUSTRIAL SOLUTIONS,361.00,384.00,361.00,376.70,362.10,379.50,,376.70,,,66,25276.00,9,F1,1,,,,,
2026-06-12,2026-06-12,CM,BSE,STK,506184,INE879E01037,KANANIIND,B,,,,,KANANI INDUSTRIES LTD.,1.58,1.58,1.52,1.57,1.57,1.53,,1.56,,,8524,13202.00,50,F1,1,,,,,
2026-06-12,2026-06-12,CM,BSE,STK,506186,INE403B01016,GSLTD,X,,,,,GALAXY SUPERMARKET LIMITED,19.00,19.00,18.50,18.58,18.50,18.43,,18.58,,,1391,26073.00,15,F1,1,,,,,
2026-06-12,2026-06-12,CM,BSE,STK,506194,INE643K01018,ARIHANTSUP,B,,,,,ARIHANT SUPERSTRUCTURES LIMITE,254.55,255.00,252.40,255.00,255.00,247.95,,256.80,,,21,5339.00,6,F1,1,,,,,
2026-06-12,2026-06-12,CM,BSE,STK,506197,INE416D01022,BLISSGVS,B,,,,,BLISS GVS PHARMA LTD.,442.75,449.00,435.60,438.10,440.15,436.05,,437.85,,,30367,13420830.00,472,F1,1,,,,,
2026-06-12,2026-06-12,CM,BSE,STK,506222,INE189B01011,STYRENIX,A,,,,,Styrenix Performance Materials,2132.55,2150.00,2099.60,2130.40,2137.65,2121.60,,2132.90,,,1509,3203896.00,256,F1,1,,,,,
2026-06-12,2026-06-12,CM,BSE,STK,506235,INE426A01027,ALEMBICLTD,B,,,,,ALEMBIC LTD.,87.25,87.43,85.16,87.15,87.30,85.32,,87.06,,,19801,1703493.00,198,F1,1,,,,,
2026-06-12,2026-06-12,CM,BSE,STK,506248,INE275D01022,AMNPLST,B,,,,,AMINES & PLASTICIZERS LTD.,190.50,195.55,187.65,189.30,189.05,188.45,,190.08,,,2180,415833.00,99,F1,1,,,,,
2026-06-12,2026-06-12,CM,BSE,STK,506260,INE489G01022,ANUHPHR,B,,,,,ANUH PHARMA LTD.,77.00,84.46,77.00,79.14,79.52,75.85,,79.53,,,54452,4420032.00,673,F1,1,,,,,
2026-06-12,2026-06-12,CM,BSE,STK,506261,INE737D01021,MODISONLTD,T,,,,,MODISON LIMITED,309.00,317.00,297.50,302.15,301.60,311.05,,304.55,,,64112,19411483.00,493,F1,1,,,,,
2026-06-12,2026-06-12,CM,BSE,STK,506285,INE462A01022,BAYERCROP,A,,,,,BAYER CROPSCIENCE LTD.,4227.50,4263.70,4227.50,4250.30,4261.95,4215.50,,4247.70,,,466,1980041.00,152,F1,1,,,,,
2026-06-12,2026-06-12,CM,BSE,STK,506365,INE320M01019,STARSOURCE,X,,,,,STARSOURCE MULTITRADE LIMITED,114.30,118.75,108.50,108.50,108.50,114.00,,108.50,,,31,3507.00,3,F1,1,,,,,
2026-06-12,2026-06-12,CM,BSE,STK,506390,INE492A01029,SUDARCOLOR,B,,,,,Sudarshan Colorants India Limi,363.00,363.50,356.95,358.95,357.50,356.70,,356.70,,,139,49916.00,20,F1,1,,,,,
2026-06-12,2026-06-12,CM,BSE,STK,506395,INE169A01031,COROMANDEL,A,,,,,COROMANDEL INTERNATIONAL LTD.,1889.75,1929.00,1864.00,1915.65,1924.95,1864.85,,1916.70,,,10029,19026776.00,1202,F1,1,,,,,
2026-06-12,2026-06-12,CM,BSE,STK,506401,INE288B01029,DEEPAKNTR,A,,,,,DEEPAK NITRITE LTD.,1631.00,1684.90,1631.00,1670.10,1672.50,1611.15,,1669.90,,,5033,8385271.00,459,F1,1,,,,,
2026-06-12,2026-06-12,CM,BSE,STK,506405,INE505A01010,DMCC,B,,,,,DMCC SPECIALITY CHEMICALS LIMI,245.80,249.00,234.00,244.15,244.15,239.05,,244.80,,,8848,2111204.00,99,F1,1,,,,,
2026-06-12,2026-06-12,CM,BSE,STK,506414,INE225B01021,FERMENTA,B,,,,,FERMENTA BIOTECH LIMITED,330.00,339.25,330.00,338.80,333.70,328.55,,338.40,,,3572,1202815.00,193,F1,1,,,,,
2026-06-12,2026-06-12,CM,BSE,STK,506480,INE077F01035,GOCLCORP,B,,,,,GOCL Corporation Limited,384.40,406.60,384.40,400.65,400.90,382.45,,402.30,,,7375,2928477.00,344,F1,1,,,,,
2026-06-12,2026-06-12,CM,BSE,STK,506520,INE693E01016,JAYCH,X,,,,,JAYSHREE CHEMICALS LTD.,6.74,6.90,6.60,6.78,6.90,6.74,,6.78,,,17896,121271.00,100,F1,1,,,,,
2026-06-12,2026-06-12,CM,BSE,STK,506525,INE138C01024,KANORICHEM,T,,,,,KANORIA CHEMICALS & INDUSTRIES,96.70,96.70,96.70,96.70,96.70,92.10,,96.85,,,2916,281977.00,21,F1,1,,,,,
2026-06-12,2026-06-12,CM,BSE,STK,506528,INE881E01017,KELENRG,XT,,,,,KELTECH ENERGIES LTD.,5200.10,5300.00,5020.00,5227.60,5181.00,5187.10,,5227.60,,,506,2632736.00,87,F1,1,,,,,
2026-06-12,2026-06-12,CM,BSE,STK,506532,INE265B01019,NITTAGELA,B,,,,,NITTA GELATIN INDIA LTD.,1401.25,1428.85,1361.20,1415.95,1415.95,1322.25,,1414.30,,,3167,4419159.00,325,F1,1,,,,,
2026-06-12,2026-06-12,CM,BSE,STK,506543,INE468C01017,MPAGI,X,,,,,M.P.AGRO INDUSTRIES LTD.,11.09,11.23,10.60,10.85,11.00,10.23,,10.85,,,3809,42280.00,26,F1,1,,,,,
2026-06-12,2026-06-12,CM,BSE,STK,506579,INE321D01016,AGVENTURES,X,,,,,AG VENTURES LIMITED,122.65,128.00,122.40,126.35,125.00,122.40,,126.35,,,9922,1243803.00,122,F1,1,,,,,
2026-06-12,2026-06-12,CM,BSE,STK,506590,INE602A01031,PCBL,A,,,,,PCBL Chemical Limited,284.30,292.50,283.05,290.10,290.10,277.90,,290.25,,,101035,28986762.00,1939,F1,1,,,,,
2026-06-12,2026-06-12,CM,BSE,STK,506597,INE841D01013,AMAL,B,,,,,AMAL LTD.,525.00,549.70,522.00,537.85,534.90,522.40,,537.85,,,3420,1813330.00,171,F1,1,,,,,
2026-06-12,2026-06-12,CM,BSE,STK,506605,INE752B01024,POLYCHEM,X,,,,,POLYCHEM LTD.,1873.40,1889.95,1840.00,1869.00,1869.00,1863.40,,1869.00,,,151,281507.00,45,F1,1,,,,,
2026-06-12,2026-06-12,CM,BSE,STK,506618,INE277B01014,PUNJABCHEM,B,,,,,PUNJAB CHEMICALS AND CROP PROT,1008.50,1012.30,997.90,1004.75,1000.00,1000.15,,1005.10,,,495,498391.00,96,F1,1,,,,,
2026-06-12,2026-06-12,CM,BSE,STK,506640,INE218N01021,ZR2,XT,,,,,ZR2 BIOENERGY LIMITED,127.40,136.40,123.50,129.00,129.00,130.00,,129.00,,,408,52244.00,32,F1,1,,,,,
2026-06-12,2026-06-12,CM,BSE,STK,506642,INE888C01040,SADHNANIQ,T,,,,,SADHANA NITROCHEM LTD.,2.29,2.29,2.29,2.29,2.29,2.33,,2.29,,,606059,1387875.00,86,F1,1,,,,,
2026-06-12,2026-06-12,CM,BSE,STK,506655,INE659A01023,SUDARSCHEM,A,,,,,SUDARSHAN CHEMICAL INDUSTRIES,873.95,888.00,864.30,883.50,880.00,855.15,,882.20,,,4270,3756750.00,197,F1,1,,,,,
2026-06-12,2026-06-12,CM,BSE,STK,506680,INE014B01011,TECILCHEM,B,,,,,TECIL CHEMICALS & HYDRO POWER,11.45,11.45,11.10,11.12,11.10,11.63,,11.17,,,277,3088.00,14,F1,1,,,,,
2026-06-12,2026-06-12,CM,BSE,STK,506685,INE405A01021,ULTRAMAR,B,,,,,ULTRAMARINE & PIGMENTS LTD.,377.00,394.95,372.65,378.80,378.80,376.85,,375.70,,,5353,2016482.00,478,F1,1,,,,,
2026-06-12,2026-06-12,CM,BSE,STK,506687,INE687A01016,TRANSPEK,B,,,,,TRANSPEK INDUSTRY LTD.,989.05,1038.40,981.90,1025.60,1038.40,977.55,,1023.00,,,4591,4604103.00,316,F1,1,,,,,
2026-06-12,2026-06-12,CM,BSE,STK,506690,INE351A01035,UNICHEMLAB,B,,,,,UNICHEM LABORATORIES LTD.,449.95,463.50,439.05,446.10,446.10,461.70,,447.55,,,168340,76448730.00,3252,F1,1,,,,,
2026-06-12,2026-06-12,CM,BSE,STK,506734,INE741A01011,MYSORPETRO,X,,,,,MYSORE PETRO CHEMICALS LTD.,95.28,98.90,95.28,97.67,97.67,95.27,,97.67,,,344,33772.00,20,F1,1,,,,,
2026-06-12,2026-06-12,CM,BSE,STK,506767,INE150B01039,ALKYLAMINE,A,,,,,ALKYL AMINES CHEMICALS LTD.,1816.00,1841.90,1812.30,1830.70,1833.00,1808.60,,1831.80,,,2628,4801964.00,302,F1,1,,,,,
2026-06-12,2026-06-12,CM,BSE,STK,506808,INE400A01014,TUTIALKA,X,,,,,TUTICORIN ALKALI CHEMICALS AND,54.00,54.00,52.20,53.16,53.05,53.56,,53.16,,,19021,1014234.00,132,F1,1,,,,,
2026-06-12,2026-06-12,CM,BSE,STK,506820,INE203A01020,ASTRAZEN,A,,,,,ASTRAZENECA PHARMA INDIA LTD.,8285.50,8289.50,8207.55,8243.90,8237.00,8248.80,,8249.00,,,500,4126490.00,247,F1,1,,,,,
2026-06-12,2026-06-12,CM,BSE,STK,506852,INE607A01022,PRIMO,B,,,,,Primo Chemicals Limited,23.11,25.49,23.11,24.42,24.90,24.13,,24.58,,,10425,255130.00,648,F1,1,,,,,
2026-06-12,2026-06-12,CM,BSE,STK,506854,INE639B01023,TANFACIND,B,,,,,TANFAC INDUSTRIES LTD.,1950.00,2052.00,1900.20,2017.85,2017.85,1918.75,,2017.85,,,7687,15154008.00,952,F1,1,,,,,
2026-06-12,2026-06-12,CM,BSE,STK,506858,INE636P01011,GUJPETR,X,,,,,GUJARAT PETROSYNTHESE LTD.,59.99,59.99,58.80,58.80,58.80,56.37,,58.80,,,20,1188.00,7,F1,1,,,,,
2026-06-12,2026-06-12,CM,BSE,STK,506863,INE716M01034,SWADEIN,XT,,,,,SWADESHI INDUSTRIES LEASING CO,92.99,92.99,91.30,91.30,91.30,93.16,,91.30,,,913,83375.00,21,F1,1,,,,,
2026-06-12,2026-06-12,CM,BSE,STK,506879,INE942C01045,GUJTHEM,B,,,,,GUJARAT THEMIS BIOSYN LTD.,386.05,392.00,382.10,387.65,390.00,382.00,,387.30,,,5410,2092690.00,226,F1,1,,,,,
2026-06-12,2026-06-12,CM,BSE,STK,506906,INE467X01023,SCBL,XT,,,,,Saptak Chem And Business Limit,45.00,48.70,45.00,48.59,46.39,46.39,,48.59,,,2410,112067.00,11,F1,1,,,,,
2026-06-12,2026-06-12,CM,BSE,STK,506919,INE987A01010,MAKERSL,X,,,,,MAKERS LABORATORIES LTD.,145.85,158.85,145.00,156.85,158.00,142.00,,156.85,,,5134,786110.00,57,F1,1,,,,,
2026-06-12,2026-06-12,CM,BSE,STK,506935,INE423K01015,CONTCHM,X,,,,,CONTINENTAL CHEMICALS LTD.,62.13,67.78,62.13,65.98,65.98,65.40,,65.98,,,268,17652.00,7,F1,1,,,,,
2026-06-12,2026-06-12,CM,BSE,STK,506943,INE572A01036,JBCHEPHARM,A,,,,,J.B.CHEMICALS & PHARMACEUTICAL,2297.85,2299.95,2253.10,2261.40,2258.20,2251.85,,2257.80,,,14378,32872042.00,1485,F1,1,,,,,
2026-06-12,2026-06-12,CM,BSE,STK,506975,INE374C01017,RAJSPTR,P,,,,,RAJASTHAN PETRO SYNTHETICS LTD,8.47,8.47,7.67,8.47,8.47,8.07,,8.47,,,12200,99494.00,12,F1,100,,,,,
2026-06-12,2026-06-12,CM,BSE,STK,506979,INE046E01025,APTPACK,XT,,,,,APT PACKAGING LTD.,122.00,122.00,110.40,110.40,110.40,116.20,,110.40,,,309,34126.00,12,F1,1,,,,,
2026-06-12,2026-06-12,CM,BSE,STK,506981,INE472D01017,BLUECHIPT,X,,,,,BLUE CHIP TEX INDUSTRIES LTD.,124.60,125.95,124.60,124.95,124.95,124.60,,124.95,,,120,14964.00,8,F1,1,,,,,
2026-06-12,2026-06-12,CM,BSE,STK,507155,INE574A01016,JAGAJITIND,X,,,,,JAGATJIT INDUSTRIES LTD.,135.90,136.75,133.00,134.30,136.00,133.80,,134.30,,,9562,1287899.00,105,F1,1,,,,,
2026-06-12,2026-06-12,CM,BSE,STK,507180,INE133B01027,KESARENT,X,,,,,KESAR ENTERPRISES LTD.,6.46,6.60,6.20,6.57,6.60,6.09,,6.57,,,15125,97733.00,54,F1,1,,,,,
2026-06-12,2026-06-12,CM,BSE,STK,507205,INE133E01013,TI,A,,,,,TILAKNAGAR INDUSTRIES LTD.,436.30,437.45,426.00,434.15,433.00,427.60,,434.90,,,14098,6088379.00,407,F1,1,,,,,
2026-06-12,2026-06-12,CM,BSE,STK,507265,INE044N01021,EMERALL,X,,,,,Emerald Leisures Limited,175.00,177.95,165.15,174.70,175.00,174.15,,174.70,,,276,48138.00,10,F1,1,,,,,
2026-06-12,2026-06-12,CM,BSE,STK,507300,INE615A01025,RAVALSUGAR,X,,,,,The Ravalgaon Sugar Farm Limit,945.00,949.40,945.00,949.40,949.40,931.00,,949.40,,,4,3784.00,2,F1,1,,,,,
2026-06-12,2026-06-12,CM,BSE,STK,507315,INE623A01011,SAKHTISUG,B,,,,,SAKTHI SUGARS LTD.,16.79,17.77,16.79,17.60,17.70,17.64,,17.65,,,17929,312204.00,128,F1,1,,,,,
2026-06-12,2026-06-12,CM,BSE,STK,507410,INE711A01022,WALCHANNAG,B,,,,,WALCHANDNAGAR INDUSTRIES LTD.,248.00,267.95,247.10,265.30,265.30,243.40,,265.45,,,393532,102670872.00,4621,F1,1,,,,,
2026-06-12,2026-06-12,CM,BSE,STK,507438,INE076C01018,IFBAGRO,T,,,,,IFB AGRO INDUSTRIES LTD.,924.65,924.65,891.20,908.55,907.50,924.65,,925.00,,,117,105461.00,18,F1,1,,,,,
2026-06-12,2026-06-12,CM,BSE,STK,507474,INE991B01010,KFBL,X,,,,,KOTHARI FERMENTATION & BIOCHEM,39.30,41.39,39.30,40.64,40.90,39.65,,40.64,,,1324,53929.00,25,F1,1,,,,,
2026-06-12,2026-06-12,CM,BSE,STK,507486,INE470N01010,CAPRO,X,,,,,CAPROLACTAM CHEMICALS LTD.,46.55,49.50,46.55,49.45,49.50,49.00,,49.45,,,1612,78225.00,10,F1,1,,,,,
2026-06-12,2026-06-12,CM,BSE,STK,507488,INE075D01018,GMBREW,B,,,,,G.M.BREWERIES LTD.,884.95,903.00,884.95,900.95,899.00,872.60,,899.20,,,3625,3245237.00,274,F1,1,,,,,
2026-06-12,2026-06-12,CM,BSE,STK,507490,INE625B01014,RANASUG,B,,,,,RANA SUGARS LTD.,12.70,12.76,12.46,12.59,12.64,12.58,,12.64,,,6595,82715.00,43,F1,1,,,,,
2026-06-12,2026-06-12,CM,BSE,STK,507498,INE544C01023,PICCASUG,X,,,,,PICCADILY SUGAR & ALLIED INDUS,34.98,35.95,33.45,35.61,35.59,33.45,,35.61,,,2615,90848.00,71,F1,1,,,,,
2026-06-12,2026-06-12,CM,BSE,STK,507514,INE480C01038,SDBL,B,,,,,SOM DISTILLERIES & BREWERIES L,75.90,78.62,75.33,77.03,77.30,74.05,,77.09,,,72057,5539899.00,667,F1,1,,,,,
2026-06-12,2026-06-12,CM,BSE,STK,507515,INE557D01015,CJGEL,XT,,,,,C.J.GELATINE PRODUCTS LTD.,22.99,22.99,22.99,22.99,22.99,22.99,,22.99,,,1,22.00,1,F1,1,,,,,
2026-06-12,2026-06-12,CM,BSE,STK,507526,INE073G01016,ASALCBR,B,,,,,ASSOCIATED ALCOHOLS & BREWERIE,820.05,828.80,815.90,818.85,821.85,817.15,,819.85,,,1712,1402011.00,153,F1,1,,,,,
2026-06-12,2026-06-12,CM,BSE,STK,507552,INE976E01023,FOODSIN,B,,,,,FOODS & INNS LTD.,54.15,54.50,53.81,53.88,54.50,53.90,,54.15,,,1906,102945.00,32,F1,1,,,,,
2026-06-12,2026-06-12,CM,BSE,STK,507580,INE043C01018,IVP,B,,,,,IVP LTD.,160.30,162.10,159.00,159.00,159.00,163.00,,159.35,,,849,135425.00,30,F1,1,,,,,
2026-06-12,2026-06-12,CM,BSE,STK,507598,INE014E01015,KLRFM,X,,,,,KOVILPATTI LAKSHMI ROLLER FLOU,88.80,96.90,88.15,95.00,95.00,87.70,,95.00,,,6369,581713.00,135,F1,1,,,,,
2026-06-12,2026-06-12,CM,BSE,STK,507621,INE588G01021,MLKFOOD,X,,,,,MILKFOOD LTD.,66.88,69.75,66.85,66.97,67.00,66.66,,66.97,,,541,36241.00,14,F1,1,,,,,
2026-06-12,2026-06-12,CM,BSE,STK,507645,INE339F01021,POLSON,X,,,,,POLSON LTD.,11190.00,11195.05,11190.00,11195.05,11195.05,11200.00,,11195.05,,,4,44770.00,3,F1,1,,,,,
2026-06-12,2026-06-12,CM,BSE,STK,507685,INE075A01022,WIPRO,A,,,,,WIPRO LTD.,179.65,180.45,177.55,180.10,180.10,177.40,,180.14,,,1324286,236804203.00,17653,F1,1,,,,,
2026-06-12,2026-06-12,CM,BSE,STK,507690,INE247F01018,ORIBEVER,X,,,,,ORIENT BEVERAGES LTD.,175.55,185.00,170.00,184.05,185.00,175.40,,184.05,,,1996,357145.00,63,F1,1,,,,,
2026-06-12,2026-06-12,CM,BSE,STK,507717,INE435G01025,DHANUKA,B,,,,,DHANUKA AGRITECH LTD.,1051.00,1083.15,1040.05,1082.40,1082.85,1051.55,,1081.30,,,3805,4036917.00,297,F1,1,,,,,
2026-06-12,2026-06-12,CM,BSE,STK,507747,INE910C01018,TTKHLTCARE,B,,,,,TTK HEALTHCARE LTD.,886.00,897.50,883.35,897.50,897.50,883.35,,891.05,,,4,3552.00,4,F1,1,,,,,
2026-06-12,2026-06-12,CM,BSE,STK,507753,INE284B01028,TGVSL,B,,,,,TGV SRAAC Limited,108.05,108.90,106.75,107.95,107.95,107.00,,107.95,,,81245,8744942.00,507,F1,1,,,,,
2026-06-12,2026-06-12,CM,BSE,STK,507759,INE891G01011,LIMECHM,X,,,,,LIME CHEMICALS LTD.,14.00,14.70,14.00,14.70,14.70,14.00,,14.70,,,676,9740.00,7,F1,1,,,,,
2026-06-12,2026-06-12,CM,BSE,STK,507779,INE694E01014,KANPRPLA,B,,,,,KANPUR PLASTIPACK LTD.,194.95,194.95,186.50,186.50,186.50,190.00,,186.78,,,522,99021.00,41,F1,1,,,,,
2026-06-12,2026-06-12,CM,BSE,STK,507785,INE123C01018,TAINWALCHM,B,,,,,TAINWALA CHEMICALS & PLASTICS,200.00,200.00,198.95,200.00,200.00,194.50,,201.05,,,374,74476.00,19,F1,1,,,,,
2026-06-12,2026-06-12,CM,BSE,STK,507789,INE048B01035,JAGSNPHARM,B,,,,,JAGSONPAL PHARMACEUTICALS LTD.,212.80,219.30,210.05,210.80,211.60,209.50,,211.35,,,7429,1592659.00,191,F1,1,,,,,
2026-06-12,2026-06-12,CM,BSE,STK,507794,INE745B01028,KHAICHEM,T,,,,,KHAITAN CHEMICALS & FERTILIZER,54.95,55.77,54.20,55.31,55.31,54.86,,55.65,,,8997,489899.00,51,F1,1,,,,,
2026-06-12,2026-06-12,CM,BSE,STK,507808,INE357P01014,UNTTEMI,P,,,,,UNITED LEASING & INDUSTRIES LT,34.20,34.20,34.20,34.20,34.20,34.20,,34.20,,,50,1710.00,1,F1,50,,,,,
2026-06-12,2026-06-12,CM,BSE,STK,507813,INE296D01010,NOL,X,,,,,NATIONAL OXYGEN LTD.,70.60,78.00,70.10,71.51,72.00,70.35,,71.51,,,634,45748.00,34,F1,1,,,,,
2026-06-12,2026-06-12,CM,BSE,STK,507815,INE322A01010,GILLETTE,A,,,,,GILLETTE INDIA LTD.,7749.95,7798.00,7681.20,7712.60,7712.60,7659.15,,7726.00,,,10691,82328742.00,291,F1,1,,,,,
2026-06-12,2026-06-12,CM,BSE,STK,507828,INE880B01015,ANSALHSG,X,,,,,ANSAL HOUSING LIMITED,6.75,6.90,6.61,6.69,6.66,6.64,,6.69,,,69142,462890.00,72,F1,1,,,,,
2026-06-12,2026-06-12,CM,BSE,STK,507833,INE607B01012,COMPUPN,X,,,,,COMPUTER POINT LTD.,4.11,4.11,3.87,3.98,4.00,3.99,,3.98,,,7674,30030.00,35,F1,1,,,,,
2026-06-12,2026-06-12,CM,BSE,STK,507836,INE435D01014,MCCHRLS-B,B,,,,,MAC CHARLES (INDIA) LTD.,691.95,691.95,691.95,691.95,691.95,686.60,,683.20,,,15,10379.00,6,F1,1,,,,,
2026-06-12,2026-06-12,CM,BSE,STK,507852,INE757C01021,ADDIND,X,,,,,ADDI INDUSTRIES LTD.,98.00,98.00,85.00,85.80,95.00,90.93,,85.80,,,944,83322.00,50,F1,1,,,,,
2026-06-12,2026-06-12,CM,BSE,STK,507864,INE746D01014,PIONRINV,B,,,,,PIONEER INVESTCORP LTD.,104.95,104.95,99.00,102.05,103.05,103.85,,102.05,,,198,20099.00,15,F1,1,,,,,
2026-06-12,2026-06-12,CM,BSE,STK,507872,INE372I01018,ASHNOOR,X,,,,,ASHNOOR TEXTILE MILLS LTD.,38.88,39.35,38.88,39.35,39.35,38.50,,39.35,,,350,13645.00,5,F1,1,,,,,
2026-06-12,2026-06-12,CM,BSE,STK,507878,INE694A01020,UNITECH,B,,,,,UNITECH LTD.,4.67,4.87,4.66,4.77,4.77,4.67,,4.78,,,760325,3624905.00,553,F1,1,,,,,
2026-06-12,2026-06-12,CM,BSE,STK,507880,INE054A01027,VIPIND,A,,,,,V.I.P.INDUSTRIES LTD.,304.80,318.95,302.60,314.40,313.50,297.95,,314.95,,,34280,10666797.00,1839,F1,1,,,,,
2026-06-12,2026-06-12,CM,BSE,STK,507910,INE296C01020,FIBERWEB,B,,,,,FIBERWEB (INDIA) LTD.,28.40,28.40,27.71,28.18,28.18,27.55,,27.84,,,436,12258.00,13,F1,1,,,,,
2026-06-12,2026-06-12,CM,BSE,STK,507912,INE724A01017,GYFTR,B,,,,,GYFTR LIMITED,170.00,180.00,165.00,176.20,177.90,170.60,,176.20,,,8202,1420686.00,285,F1,1,,,,,
2026-06-12,2026-06-12,CM,BSE,STK,507944,INE704G01024,BAJAJST,B,,,,,BAJAJ STEEL INDUSTRIES LTD.,361.95,375.15,356.40,367.55,368.35,360.95,,367.25,,,10116,3689547.00,263,F1,1,,,,,
2026-06-12,2026-06-12,CM,BSE,STK,507946,INE845A01028,KIDUJA,X,,,,,KIDUJA INDIA LTD.,17.09,17.09,15.60,16.35,16.73,16.39,,16.35,,,249,4011.00,12,F1,1,,,,,
2026-06-12,2026-06-12,CM,BSE,STK,507948,INE130F01016,KEYCORP,X,,,,,KEY CORP LTD.,60.27,62.69,60.00,61.05,61.00,60.27,,61.05,,,264,16024.00,19,F1,1,,,,,
2026-06-12,2026-06-12,CM,BSE,STK,507960,INE621C01011,GUJHOTE,X,,,,,GUJARAT HOTELS LTD.,185.50,191.00,180.05,185.05,188.60,182.45,,185.05,,,3098,573772.00,48,F1,1,,,,,
2026-06-12,2026-06-12,CM,BSE,STK,507962,INE455H01021,FYNX,X,,,,,FYNX CAPITAL LIMITED,4.50,4.50,4.33,4.34,4.48,4.55,,4.34,,,3087,13522.00,23,F1,1,,,,,
2026-06-12,2026-06-12,CM,BSE,STK,507966,INE651D01016,RASRESOR,X,,,,,RAS RESORTS & APART HOTELS LTD,54.48,54.48,53.99,53.99,53.99,50.19,,53.99,,,110,5939.00,3,F1,1,,,,,
2026-06-12,2026-06-12,CM,BSE,STK,507968,INE289M01016,JOLYPLS,XT,,,,,JOLLY PLASTIC INDUSTRIES LTD.,40.25,40.27,38.01,39.01,39.01,38.36,,39.01,,,1340,53402.00,10,F1,1,,,,,
2026-06-12,2026-06-12,CM,BSE,STK,507970,INE143I01013,PARMCOS-B,X,,,,,PARAMOUNT COSMETICS (INDIA) LT,33.01,33.01,33.01,33.01,33.01,33.00,,33.01,,,10,330.00,1,F1,1,,,,,
2026-06-12,2026-06-12,CM,BSE,STK,507981,INE726D01016,JINDHOT,X,,,,,JINDAL HOTELS LTD.,63.00,65.75,63.00,65.00,65.00,62.61,,65.00,,,298,19298.00,10,F1,1,,,,,
2026-06-12,2026-06-12,CM,BSE,STK,507984,INE358F01013,DESIFARMS,XT,,,,,Desi Farms India Limited,611.55,636.00,611.55,635.90,635.90,624.00,,635.90,,,266,167863.00,7,F1,1,,,,,
2026-06-12,2026-06-12,CM,BSE,STK,507998,INE657D01021,SIMMOND,XT,,,,,SIMMONDS MARSHALL LTD.,179.95,179.95,171.00,174.00,176.45,172.75,,174.00,,,4761,832456.00,47,F1,1,,,,,
2026-06-12,2026-06-12,CM,BSE,STK,508136,INE489D01011,BNALTD,B,,,,,B & A LTD.,345.00,345.00,345.00,345.00,345.00,340.00,,342.50,,,100,34500.00,2,F1,1,,,,,
2026-06-12,2026-06-12,CM,BSE,STK,508486,INE979B01015,HAWKINCOOK,B,,,,,HAWKINS COOKERS LTD.,7675.00,7886.85,7624.70,7709.75,7651.50,7587.85,,7688.00,,,62,477670.00,44,F1,1,,,,,
2026-06-12,2026-06-12,CM,BSE,STK,508494,INE712A01012,WARRENTEA,X,,,,,WARREN TEA LTD.,45.80,50.15,44.25,45.85,45.85,45.35,,45.85,,,5307,252181.00,53,F1,1,,,,,
2026-06-12,2026-06-12,CM,BSE,STK,508571,INE788M01017,COCHMAL,X,,,,,COCHIN MALABAR ESTATES & INDUS,140.00,140.00,135.00,139.90,139.90,137.15,,139.90,,,184,25721.00,19,F1,1,,,,,
2026-06-12,2026-06-12,CM,BSE,STK,508664,INE553F01035,BESTEAST,X,,,,,BEST EASTERN HOTELS LTD.,11.49,11.88,10.82,11.34,11.35,11.74,,11.34,,,1806,20337.00,28,F1,1,,,,,
2026-06-12,2026-06-12,CM,BSE,STK,508670,INE605D01012,NEAGI,B,,,,,NEELAMALAI AGRO INDUSTRIES LTD,3100.00,3160.00,3050.05,3050.05,3050.05,3040.00,,3125.00,,,96,300092.00,22,F1,1,,,,,
2026-06-12,2026-06-12,CM,BSE,STK,508807,INE684B01029,ISTLTD,B,,,,,IST LTD.,646.00,698.00,646.00,655.00,652.50,661.80,,655.00,,,1010,661009.00,96,F1,1,,,,,
2026-06-12,2026-06-12,CM,BSE,STK,508814,INE757A01017,COSMOFIRST,B,,,,,Cosmo First Limited,719.40,734.55,719.40,727.00,725.45,715.75,,726.95,,,4637,3374153.00,162,F1,1,,,,,
2026-06-12,2026-06-12,CM,BSE,STK,508867,INE800K01014,NEWMKTAVE,XT,,,,,NEW MARKETS AVENUE LIMITED,33.08,33.08,33.08,33.08,33.08,32.44,,33.08,,,1,33.00,1,F1,1,,,,,
2026-06-12,2026-06-12,CM,BSE,STK,508869,INE437A01024,APOLLOHOSP,A,,,,,APOLLO HOSPITALS ENTERPRISE LT,8558.95,8558.95,8436.10,8496.45,8496.45,8495.95,,8498.00,,,9258,78663326.00,2103,F1,1,,,,,
2026-06-12,2026-06-12,CM,BSE,STK,508875,INE861H01020,NITINCAST,X,,,,,Nitin Castings Limited,578.95,599.90,578.95,592.45,593.00,579.75,,592.45,,,91,53914.00,12,F1,1,,,,,
2026-06-12,2026-06-12,CM,BSE,STK,508905,INE641A01013,NEXOME,X,,,,,NEXOME CAPITAL MARKETS LIMITED,110.00,110.95,102.60,105.05,105.00,106.70,,105.05,,,7492,787213.00,51,F1,1,,,,,
2026-06-12,2026-06-12,CM,BSE,STK,508906,INE295A01018,EVERESTIND,B,,,,,EVEREST INDUSTRIES LTD.,333.50,334.55,322.00,329.95,327.00,335.85,,328.75,,,990,325460.00,119,F1,1,,,,,
2026-06-12,2026-06-12,CM,BSE,STK,508918,INE791H01011,IRONWOOD,X,,,,,IRONWOOD EDUCATION LIMITED,45.00,45.00,41.52,42.42,42.40,42.47,,42.42,,,14596,626913.00,76,F1,1,,,,,
2026-06-12,2026-06-12,CM,BSE,STK,508933,INE193B01039,AYMSYNTEX,B,,,,,AYM Syntex Limited,217.90,226.50,215.10,220.65,220.25,216.80,,223.96,,,743,165142.00,67,F1,1,,,,,
2026-06-12,2026-06-12,CM,BSE,STK,508941,INE013E01017,PANCARBON,X,,,,,PANASONIC CARBON INDIA CO.LTD.,476.00,483.95,476.00,477.95,479.50,475.05,,477.95,,,1446,692257.00,92,F1,1,,,,,
2026-06-12,2026-06-12,CM,BSE,STK,508954,INE734I01027,FINKURVE,B,,,,,FINKURVE FINANCIAL SERVICES LT,63.18,65.33,62.55,63.05,63.01,62.78,,63.55,,,1929,122178.00,43,F1,1,,,,,
2026-06-12,2026-06-12,CM,BSE,STK,508956,INE549B01016,HBLEAS,X,,,,,HB LEASING & FINANCE CO.LTD.,10.97,11.10,10.50,10.56,10.56,10.78,,10.56,,,15059,163574.00,46,F1,1,,,,,
2026-06-12,2026-06-12,CM,BSE,STK,508961,INE753D01010,SHRICON,XT,,,,,SHRICON INDUSTRIES LTD.,220.00,220.00,220.00,220.00,220.00,220.00,,220.00,,,2,440.00,1,F1,1,,,,,
2026-06-12,2026-06-12,CM,BSE,STK,508969,INE673M01029,SULABEN,X,,,,,SULABH ENGINEERS & SERVICES LT,2.60,2.67,2.52,2.60,2.60,2.53,,2.60,,,7617,19811.00,88,F1,1,,,,,
2026-06-12,2026-06-12,CM,BSE,STK,508980,INE977E01013,FRONTCAP,X,,,,,FRONTIER CAPITAL LIMITED,7.08,7.13,6.63,6.85,7.06,7.08,,6.85,,,11393,77385.00,22,F1,1,,,,,
2026-06-12,2026-06-12,CM,BSE,STK,508989,INE060A01024,NAVNETEDUL,B,,,,,NAVNEET EDUCATION LIMITED,140.15,142.80,140.00,142.65,142.80,140.00,,141.99,,,3993,561706.00,84,F1,1,,,,,
2026-06-12,2026-06-12,CM,BSE,STK,509009,INE218C01016,AUSOMENT,T,,,,,AUSOM ENTERPRISE LIMITED,112.30,122.25,112.25,119.40,119.40,117.95,,114.77,,,107,12105.00,4,F1,1,,,,,
2026-06-12,2026-06-12,CM,BSE,STK,509015,INE190F01028,THAKRAL,X,,,,,THAKRAL SERVICES (INDIA) LTD.,13.40,13.40,13.40,13.40,13.40,12.77,,13.40,,,1253,16790.00,8,F1,1,,,,,
2026-06-12,2026-06-12,CM,BSE,STK,509020,INE413B01023,RUCHINFRA,B,,,,,RUCHI INFRASTRUCTURE LTD.,6.26,6.30,5.07,6.11,6.20,6.05,,6.15,,,76599,433511.00,119,F1,1,,,,,
2026-06-12,2026-06-12,CM,BSE,STK,509024,INE088E01019,GOLDLEG,X,,,,,GOLDEN LEGAND LEASING & FINANC,9.65,9.65,8.73,8.81,8.78,9.16,,8.81,,,5267,47277.00,45,F1,1,,,,,
2026-06-12,2026-06-12,CM,BSE,STK,509026,INE117F01013,VJTFEDU,X,,,,,VJTF EDUSERVICES LTD.,64.00,65.89,62.00,63.00,63.00,62.66,,63.00,,,533,33799.00,15,F1,1,,,,,
2026-06-12,2026-06-12,CM,BSE,STK,509038,INE763D01019,VOLLF,X,,,,,VOLTAIRE LEASING & FINANCE LTD,12.75,13.06,11.82,13.04,13.04,12.44,,13.04,,,140,1662.00,9,F1,1,,,,,
2026-06-12,2026-06-12,CM,BSE,STK,509040,INE040F01033,NETLINK,X,,,,,NETLINK SOLUTIONS (INDIA) LTD.,198.90,204.85,192.80,198.80,197.00,207.50,,198.80,,,416,82208.00,29,F1,1,,,,,
2026-06-12,2026-06-12,CM,BSE,STK,509046,INE778N01016,TRILIANCE,XT,,,,,TRILIANCE POLYMERS LIMITED,49.45,49.45,46.06,46.06,46.06,48.48,,46.06,,,360,16615.00,3,F1,1,,,,,
2026-06-12,2026-06-12,CM,BSE,STK,509048,INE572G01025,LANCORHOL,B,,,,,LANCOR HOLDINGS LTD.,24.90,25.35,23.94,25.27,25.35,24.95,,24.61,,,1821,45304.00,24,F1,1,,,,,
2026-06-12,2026-06-12,CM,BSE,STK,509051,INE300B01022,INDINFO,X,,,,,INDIAN INFOTECH & SOFTWARE LTD,0.63,0.63,0.61,0.62,0.62,0.62,,0.62,,,1193008,741672.00,564,F1,1,,,,,
2026-06-12,2026-06-12,CM,BSE,STK,509053,INE521L01030,BANASFN,X,,,,,BANAS FINANCE LTD.,6.94,7.15,6.94,7.00,7.03,7.03,,7.00,,,6601,46322.00,46,F1,1,,,,,
2026-06-12,2026-06-12,CM,BSE,STK,509055,INE392A01021,VISAKAIND,B,,,,,VISAKA INDUSTRIES LTD.,79.00,79.00,74.53,76.05,76.05,74.88,,76.04,,,13374,1014309.00,156,F1,1,,,,,
2026-06-12,2026-06-12,CM,BSE,STK,509069,INE669A01022,INFOMEDIA,B,,,,,INFOMEDIA PRESS LTD.,5.84,5.84,5.84,5.84,5.84,5.50,,5.74,,,75,438.00,4,F1,1,,,,,
2026-06-12,2026-06-12,CM,BSE,STK,509073,INE525B01016,HATHWAYB,X,,,,,HATHWAY BHAWANI CABLETEL & DAT,12.67,12.67,11.52,11.52,11.52,12.67,,11.52,,,188,2340.00,3,F1,1,,,,,
2026-06-12,2026-06-12,CM,BSE,STK,509079,INE742B01025,GUFICBIO,B,,,,,GUFIC BIOSCIENCES LTD.,362.85,375.00,352.70,371.30,370.85,354.00,,371.25,,,6903,2500286.00,344,F1,1,,,,,
2026-06-12,2026-06-12,CM,BSE,STK,509152,INE137I01015,GRPLTD,B,,,,,GRP LTD.,1670.00,1693.00,1651.00,1687.85,1693.00,1641.00,,1694.10,,,17,28515.00,12,F1,1,,,,,
2026-06-12,2026-06-12,CM,BSE,STK,509162,INE802D01023,INDAG,X,,,,,INDAG RUBBER LTD.,83.37,86.00,83.37,84.40,84.40,83.35,,84.40,,,1828,155074.00,83,F1,1,,,,,
2026-06-12,2026-06-12,CM,BSE,STK,509196,INE159E01026,MMRUBBR-B,X,,,,,MM RUBBER COMPANY LTD.,61.99,63.95,61.00,62.09,62.00,61.99,,62.09,,,451,27836.00,13,F1,1,,,,,
2026-06-12,2026-06-12,CM,BSE,STK,509220,INE034D01049,PTL,B,,,,,PTL ENTERPRISES LTD.,41.00,41.00,40.05,40.92,40.96,40.00,,40.75,,,2967,119936.00,41,F1,1,,,,,
2026-06-12,2026-06-12,CM,BSE,STK,509243,INE421C01016,TVSSRICHAK,B,,,,,TVS SRICHAKRA LTD.,3917.90,4039.35,3837.05,3988.95,4008.00,3879.00,,3985.70,,,601,2380200.00,174,F1,1,,,,,
2026-06-12,2026-06-12,CM,BSE,STK,509423,INE367E01033,SEL,X,,,,,SANATHNAGAR ENTERPRISES LIMITE,39.00,39.00,38.90,39.00,39.00,39.50,,39.00,,,891,34709.00,3,F1,1,,,,,
2026-06-12,2026-06-12,CM,BSE,STK,509438,INE664D01019,BENARAS,B,,,,,BENARES HOTELS LTD.,10265.05,10284.95,10200.00,10243.35,10245.00,10200.05,,10243.35,,,186,1904354.00,174,F1,1,,,,,
2026-06-12,2026-06-12,CM,BSE,STK,509449,INE026I01010,BHAGWOX,X,,,,,BHAGWATI OXYGEN LTD.,34.00,34.00,34.00,34.00,34.00,34.20,,34.00,,,11,374.00,3,F1,1,,,,,
2026-06-12,2026-06-12,CM,BSE,STK,509470,INE01TL01014,BOMOXY-B1,X,,,,,BOMBAY OXYGEN INVESTMENTS LIMI,19006.00,19498.95,19000.00,19094.00,19094.00,19398.00,,19094.00,,,29,554230.00,23,F1,1,,,,,
2026-06-12,2026-06-12,CM,BSE,STK,509472,INE145E01017,CRAVATEX,X,,,,,CRAVATEX LTD.,362.90,362.90,352.00,359.35,359.80,349.05,,359.35,,,246,87898.00,16,F1,1,,,,,
2026-06-12,2026-06-12,CM,BSE,STK,509480,INE463A01038,BERGEPAINT,A,,,,,BERGER PAINTS INDIA LTD.,520.00,523.15,510.05,515.20,519.95,514.95,,515.15,,,27945,14444353.00,1348,F1,1,,,,,
2026-06-12,2026-06-12,CM,BSE,STK,509486,INE479A01018,CAPRIHANS,X,,,,,CAPRIHANS INDIA LTD.,79.60,80.00,78.00,79.67,79.89,80.00,,79.67,,,1828,143689.00,17,F1,1,,,,,
2026-06-12,2026-06-12,CM,BSE,STK,509488,INE371A01025,GRAPHITE,A,,,,,GRAPHITE INDIA LTD.,630.00,647.30,625.15,644.45,644.45,624.45,,644.45,,,56871,36242837.00,1776,F1,1,,,,,
2026-06-12,2026-06-12,CM,BSE,STK,509496,INE686A01026,CEMPRO,A,,,,,Cemindia Projects Limited,1167.30,1195.95,1117.50,1122.40,1132.00,1176.30,,1122.40,,,96625,110068137.00,3977,F1,1,,,,,
2026-06-12,2026-06-12,CM,BSE,STK,509525,INE515H01014,EMPIND,X,,,,,EMPIRE INDUSTRIES LTD.,1010.50,1015.00,996.00,1005.65,1015.00,985.35,,1005.65,,,1944,1947452.00,98,F1,1,,,,,
2026-06-12,2026-06-12,CM,BSE,STK,509546,INE214F01026,GRAVISSHO,B,,,,,GRAVISS HOSPITALITY LTD.,29.00,29.69,28.75,29.10,28.75,27.98,,29.45,,,75,2179.00,5,F1,1,,,,,
2026-06-12,2026-06-12,CM,BSE,STK,509557,INE276A01018,GARFIBRES,A,,,,,GARWARE TECHNICAL FIBRES LIMIT,687.55,694.95,683.90,691.85,692.00,690.40,,692.45,,,2800,1935656.00,279,F1,1,,,,,
2026-06-12,2026-06-12,CM,BSE,STK,509563,INE925D01014,GARWAMAR,X,,,,,GARWARE MARINE INDUSTRIES LTD.,21.45,21.98,20.05,21.77,21.77,21.00,,21.77,,,5837,122961.00,72,F1,1,,,,,
2026-06-12,2026-06-12,CM,BSE,STK,509567,INE426D01013,GOACARBON,B,,,,,GOA CARBON LTD.,383.80,383.95,373.45,376.40,380.50,376.05,,378.85,,,1481,556727.00,109,F1,1,,,,,
2026-06-12,2026-06-12,CM,BSE,STK,509597,INE722D01015,HARDCAS,X,,,,,HARDCASTLE & WAUD MFG.CO.LTD.,784.90,793.80,725.20,784.05,789.95,790.00,,784.05,,,173,132688.00,45,F1,1,,,,,
2026-06-12,2026-06-12,CM,BSE,STK,509631,INE545A01024,HEG,A,,,,,HEG LTD.,514.20,531.05,512.00,526.20,528.00,511.60,,526.30,,,36308,18911144.00,1495,F1,1,,,,,
2026-06-12,2026-06-12,CM,BSE,STK,509635,INE310C01029,HINDCOMPOS,B,,,,,HINDUSTAN COMPOSITES LTD.,408.70,420.00,401.50,413.05,415.60,403.35,,412.40,,,281,114318.00,55,F1,1,,,,,
2026-06-12,2026-06-12,CM,BSE,STK,509675,INE557A01011,BIRLANU,B,,,,,BIRLANU LIMITED,1270.50,1389.90,1265.00,1358.75,1351.65,1259.15,,1363.70,,,2347,3156345.00,285,F1,1,,,,,
2026-06-12,2026-06-12,CM,BSE,STK,509692,INE061A01014,INDIANCARD,B,,,,,INDIAN CARD CLOTHING CO.LTD.,239.85,239.85,214.15,221.30,237.00,213.20,,214.76,,,46,10550.00,11,F1,1,,,,,
2026-06-12,2026-06-12,CM,BSE,STK,509709,INE575C01027,INTLCONV,B,,,,,INTERNATIONAL CONVEYORS LTD.,79.17,79.50,77.43,78.31,79.50,77.97,,79.07,,,4060,319357.00,155,F1,1,,,,,
2026-06-12,2026-06-12,CM,BSE,STK,509715,INE364A01020,JAYSREETEA,B,,,,,JAY SHREE TEA & INDUSTRIES LTD,82.78,87.35,81.40,87.04,87.35,82.10,,87.08,,,7338,624833.00,183,F1,1,,,,,
2026-06-12,2026-06-12,CM,BSE,STK,509732,INE972A01020,KOTIC,B,,,,,KOTHARI INDUSTRIAL CORPORATION,160.95,160.95,156.00,157.00,157.00,156.50,,160.53,,,693,110279.00,14,F1,1,,,,,
2026-06-12,2026-06-12,CM,BSE,STK,509760,INE370A01019,MODRNSH,X,,,,,MODERN SHARES & STOCKBROKERS L,35.30,35.30,32.65,35.00,35.00,34.30,,35.00,,,581,20101.00,13,F1,1,,,,,
2026-06-12,2026-06-12,CM,BSE,STK,509762,INE848M01019,MAPROIN,X,,,,,MAPRO INDUSTRIES LTD.,39.30,44.80,39.00,42.29,44.73,41.99,,42.29,,,954,40201.00,15,F1,1,,,,,
2026-06-12,2026-06-12,CM,BSE,STK,509820,INE275B01026,HUHTAMAKI,B,,,,,HUHTAMAKI INDIA LIMITED,170.40,174.45,169.25,173.90,174.40,169.10,,173.95,,,8528,1468455.00,161,F1,1,,,,,
2026-06-12,2026-06-12,CM,BSE,STK,509835,INE940N01012,PREMSYN,X,,,,,PREMIER SYNTHETICS LTD.,15.50,16.64,15.50,15.75,15.75,15.50,,15.75,,,1641,27016.00,14,F1,1,,,,,
2026-06-12,2026-06-12,CM,BSE,STK,509845,INE712Z01019,RJSHAH,P,,,,,R.J.SHAH & CO.LTD.,450.05,450.05,450.00,450.00,450.00,459.90,,450.00,,,100,45002.00,2,F1,50,,,,,
2026-06-12,2026-06-12,CM,BSE,STK,509874,INE849C01026,SHALPAINTS,B,,,,,SHALIMAR PAINTS LTD.,54.95,54.95,50.74,52.30,51.35,51.11,,51.87,,,2009,103192.00,26,F1,1,,,,,
2026-06-12,2026-06-12,CM,BSE,STK,509895,INE832D01020,HINDMILL,X,,,,,HINDOOSTAN MILLS LTD.,164.00,165.00,160.00,164.95,164.95,160.55,,164.95,,,20,3279.00,8,F1,1,,,,,
2026-06-12,2026-06-12,CM,BSE,STK,509930,INE195A01028,SUPREMEIND,A,,,,,SUPREME INDUSTRIES LTD.,3460.00,3519.30,3433.50,3479.70,3483.20,3442.85,,3483.90,,,47129,164414527.00,1154,F1,1,,,,,
2026-06-12,2026-06-12,CM,BSE,STK,509945,INE077P01034,THACKER,T,,,,,THACKER & CO.LTD.,1150.00,1160.00,1114.60,1159.50,1160.00,1173.25,,1151.40,,,55,62554.00,18,F1,1,,,,,
2026-06-12,2026-06-12,CM,BSE,STK,509960,INE726E01014,UPHOT,X,,,,,U.P.HOTELS LTD.,1440.00,1499.00,1440.00,1450.00,1450.00,1430.00,,1450.00,,,45,65965.00,7,F1,1,,,,,
2026-06-12,2026-06-12,CM,BSE,STK,509966,INE710A01016,VSTIND,B,,,,,VST INDUSTRIES LTD.,256.35,261.05,256.35,259.55,261.05,256.00,,259.75,,,7634,1976658.00,167,F1,1,,,,,
2026-06-12,2026-06-12,CM,BSE,STK,510245,INE804A01025,SWASTIVI,X,,,,,SWASTI VINAYAKA SYNTHETICS LTD,3.70,3.95,3.70,3.86,3.88,3.74,,3.86,,,33594,126738.00,109,F1,1,,,,,
2026-06-12,2026-06-12,CM,BSE,STK,511000,INE856D01011,MADHUSE,X,,,,,MADHUSUDAN SECURITIES LTD.,17.60,18.72,17.27,17.30,17.28,17.60,,17.30,,,2865,49729.00,34,F1,1,,,,,
2026-06-12,2026-06-12,CM,BSE,STK,511012,INE457N01025,YAMNINV,XT,,,,,YAMINI INVESTMENTS COMPANY LTD,0.63,0.64,0.63,0.64,0.64,0.63,,0.64,,,349758,221722.00,262,F1,1,,,,,
2026-06-12,2026-06-12,CM,BSE,STK,511016,INE946K01023,PREMCAP,X,,,,,PREMIER CAPITAL SERVICES LTD.,4.16,4.24,4.16,4.24,4.24,4.24,,4.24,,,431,1826.00,3,F1,1,,,,,
2026-06-12,2026-06-12,CM,BSE,STK,511018,INE679T01013,ZMILGFIN,X,,,,,MILGREY FINANCE & INVESTMENT L,43.99,43.99,41.00,41.69,41.69,42.76,,41.69,,,45104,1893456.00,119,F1,1,,,,,
2026-06-12,2026-06-12,CM,BSE,STK,511034,INE742C01031,JINDRILL,B,,,,,JINDAL DRILLING & INDUSTRIES L,610.70,610.70,596.00,600.00,600.00,609.85,,599.65,,,73161,43916034.00,913,F1,1,,,,,
2026-06-12,2026-06-12,CM,BSE,STK,511066,INE302E01014,SAKTHIFIN,X,,,,,SAKTHI FINANCE LTD.,26.56,27.75,26.47,27.45,27.50,26.47,,27.45,,,2417,66061.00,49,F1,1,,,,,
2026-06-12,2026-06-12,CM,BSE,STK,511076,INE065D01027,AEROENTER,B,,,,,AEROFLEX ENTERPRISES LIMITED,104.14,111.93,104.13,109.61,109.65,102.97,,109.77,,,67144,7321118.00,694,F1,1,,,,,
2026-06-12,2026-06-12,CM,BSE,STK,511092,INE047E01031,JMDVL,X,,,,,JMD Ventures Limited,5.29,5.55,5.03,5.28,5.12,5.29,,5.28,,,88899,470993.00,68,F1,1,,,,,
2026-06-12,2026-06-12,CM,BSE,STK,511108,INE705C01020,SHIVATEX,B,,,,,SHIVA TEXYARN LTD.,150.00,153.00,146.40,148.80,150.00,154.20,,149.61,,,36,5400.00,6,F1,1,,,,,
2026-06-12,2026-06-12,CM,BSE,STK,511116,INE527B01020,QUADRANT,XT,,,,,QUADRANT TELEVENTURES LIMITED,0.36,0.36,0.34,0.35,0.35,0.35,,0.35,,,470036,164338.00,213,F1,1,,,,,
2026-06-12,2026-06-12,CM,BSE,STK,511122,INE609B01018,1STCUS,X,,,,,FIRST CUSTODIAN FUND (INDIA) L,71.00,74.00,69.80,74.00,74.00,74.00,,74.00,,,288,20301.00,15,F1,1,,,,,
2026-06-12,2026-06-12,CM,BSE,STK,511131,INE344D01018,KAMANWALA,X,,,,,KAMANWALA HOUSING CONSTRUCTION,16.99,16.99,16.03,16.22,16.03,16.99,,16.22,,,4408,73337.00,23,F1,1,,,,,
2026-06-12,2026-06-12,CM,BSE,STK,511147,INE549D01012,WSFX,X,,,,,WSFX Global Pay Limited,60.10,63.47,60.10,60.34,60.95,61.62,,60.34,,,2191,133569.00,35,F1,1,,,,,
2026-06-12,2026-06-12,CM,BSE,STK,511153,INE096I01021,ANJANIFOODS,X,,,,,Anjani Foods Limited,17.50,17.99,17.00,17.00,17.00,17.33,,17.00,,,2568,44493.00,25,F1,1,,,,,
2026-06-12,2026-06-12,CM,BSE,STK,511187,INE570N01025,MILLENNIUM,X,,,,,Millennium Online Solutions (I,1.64,1.64,1.64,1.64,1.64,1.64,,1.64,,,690,1131.00,5,F1,1,,,,,
2026-06-12,2026-06-12,CM,BSE,STK,511194,INE613B01010,ICDSLTD,B,,,,,ICDS LTD.,45.84,45.84,45.84,45.84,45.84,45.44,,44.99,,,108,4950.00,1,F1,1,,,,,
2026-06-12,2026-06-12,CM,BSE,STK,511196,INE477A01020,CANFINHOME,A,,,,,CAN FIN HOMES LTD.,845.00,865.00,839.85,862.25,862.50,843.95,,862.30,,,6097,5198479.00,547,F1,1,,,,,
2026-06-12,2026-06-12,CM,BSE,STK,511200,INE910G01027,MUNCAPM,XT,,,,,MUNOTH CAPITAL MARKET LTD.,115.00,115.00,115.00,115.00,115.00,115.00,,115.00,,,1,115.00,1,F1,1,,,,,
2026-06-12,2026-06-12,CM,BSE,STK,511208,INE050B01023,IVC,B,,,,,IL&FS INVESTMENT MANAGERS LTD.,8.27,8.54,8.25,8.42,8.43,8.27,,8.44,,,34642,292355.00,242,F1,1,,,,,
2026-06-12,2026-06-12,CM,BSE,STK,511218,INE721A01047,SHRIRAMFIN,A,,,,,Shriram Finance Limited,909.50,959.40,902.00,955.05,955.05,886.35,,954.95,,,465336,434942789.00,13860,F1,1,,,,,
2026-06-12,2026-06-12,CM,BSE,STK,511243,INE121A01024,CHOLAFIN,A,,,,,CHOLAMANDALAM INVESTMENT AND F,1474.25,1577.00,1474.25,1566.90,1566.90,1453.20,,1568.10,,,173038,261228391.00,4145,F1,1,,,,,
2026-06-12,2026-06-12,CM,BSE,STK,511260,INE088P01015,ICONIKSPEV,X,,,,,ICONIK SPORTS AND EVENTS LIMIT,42.63,42.63,39.81,40.80,41.12,41.90,,40.80,,,6832,277944.00,94,F1,1,,,,,
2026-06-12,2026-06-12,CM,BSE,STK,511333,INE709A01018,VLSFINANCE,B,,,,,VLS FINANCE LTD.,230.40,232.45,226.05,228.15,231.00,226.55,,229.15,,,3423,781848.00,45,F1,1,,,,,
2026-06-12,2026-06-12,CM,BSE,STK,511355,INE429D01017,INDCEMCAP,X,,,,,INDIA CEMENTS CAPITAL LTD.,15.10,15.86,15.07,15.41,15.80,15.48,,15.41,,,9290,143006.00,51,F1,1,,,,,
2026-06-12,2026-06-12,CM,BSE,STK,511359,INE556D01017,ADMANUM,X,,,,,AD-MANUM FINANCE LTD.,62.94,62.94,58.70,59.99,60.00,60.76,,59.99,,,5317,319193.00,47,F1,1,,,,,
2026-06-12,2026-06-12,CM,BSE,STK,511391,INE661M01016,INTRGLB,X,,,,,INTER GLOBE FINANCE LTD.,64.00,64.00,63.00,63.00,63.00,61.65,,63.00,,,62,3907.00,4,F1,1,,,,,
2026-06-12,2026-06-12,CM,BSE,STK,511401,INE410E01015,MCLTD,X,,,,,MUNOTH COMMUNICATION LIMITED,5.50,5.50,5.50,5.50,5.50,5.59,,5.50,,,5,27.00,1,F1,1,,,,,
2026-06-12,2026-06-12,CM,BSE,STK,511411,INE472C01027,SHRISTI,X,,,,,SHRISTI INFRASTRUCTURE DEVELOP,36.00,36.85,32.00,34.00,34.80,34.00,,34.00,,,1826,63135.00,21,F1,1,,,,,
2026-06-12,2026-06-12,CM,BSE,STK,511413,INE559D01011,CREST,B,,,,,CREST,363.05,381.00,362.00,377.45,377.45,367.10,,378.85,,,558,210820.00,32,F1,1,,,,,
2026-06-12,2026-06-12,CM,BSE,STK,511431,INE051B01021,VAKRANGEE,B,,,,,VAKRANGEE LIMITED,6.01,6.50,6.01,6.20,6.23,6.06,,6.19,,,124362,763372.00,391,F1,1,,,,,
2026-06-12,2026-06-12,CM,BSE,STK,511441,INE034B01019,GUJCRED,X,,,,,GUJARAT CREDIT CORPORATION LTD,24.00,24.00,24.00,24.00,24.00,24.00,,24.00,,,11,264.00,2,F1,1,,,,,
2026-06-12,2026-06-12,CM,BSE,STK,511447,INE706F01021,SYLPH,XT,,,,,Sylph Industries Limited,0.30,0.30,0.29,0.29,0.29,0.30,,0.29,,,16563257,4811772.00,1903,F1,1,,,,,
2026-06-12,2026-06-12,CM,BSE,STK,511451,INE899D01011,DHARFIN,X,,,,,DHARANI FINANCE LTD.,12.78,12.78,12.78,12.78,12.78,12.18,,12.78,,,959,12256.00,6,F1,1,,,,,
2026-06-12,2026-06-12,CM,BSE,STK,511463,INE191N01012,ALEXANDER,X,,,,,Alexander Stamps And Coin Limi,9.00,9.00,8.20,8.20,8.20,8.20,,8.20,,,14908,124206.00,17,F1,1,,,,,
2026-06-12,2026-06-12,CM,BSE,STK,511473,INE841B01017,INDBANK,B,,,,,INDBANK MERCHANT BANKING SERVI,33.46,33.60,33.25,33.55,33.56,32.91,,33.36,,,2246,75080.00,88,F1,1,,,,,
2026-06-12,2026-06-12,CM,BSE,STK,511493,INE488C01015,SHRYDUS,X,,,,,SHRYDUS INDUSTRIES LIMITED,3.13,3.33,2.98,3.08,3.10,3.14,,3.08,,,38305,119909.00,95,F1,1,,,,,
2026-06-12,2026-06-12,CM,BSE,STK,511501,INE900A01013,BHARAT,X,,,,,Bharat Bhushan Finance & Commo,23.50,24.40,23.26,23.95,24.10,23.60,,23.95,,,2681,64422.00,34,F1,1,,,,,
2026-06-12,2026-06-12,CM,BSE,STK,511505,INE707C01018,CAPTRUST,T,,,,,CAPITAL TRUST LTD.,13.20,13.95,12.80,13.50,13.95,13.44,,13.32,,,2657,35056.00,30,F1,1,,,,,
2026-06-12,2026-06-12,CM,BSE,STK,511507,INE697C01011,USHAKIRA,X,,,,,USHAKIRAN FINANCE LTD.,31.78,32.02,31.78,32.00,32.00,33.45,,32.00,,,88,2814.00,7,F1,1,,,,,
2026-06-12,2026-06-12,CM,BSE,STK,511509,INE380K01017,VIVOBIOT,X,,,,,VIVO BIO TECH LTD.,23.90,23.95,23.00,23.77,23.77,23.04,,23.77,,,3681,86585.00,73,F1,1,,,,,
2026-06-12,2026-06-12,CM,BSE,STK,511523,INE882C01035,VEERHEALTH,X,,,,,VEERHEALTH CARE LIMITED,25.00,25.00,24.60,24.85,24.71,24.99,,24.85,,,73326,1826707.00,214,F1,1,,,,,
2026-06-12,2026-06-12,CM,BSE,STK,511525,INE376A01032,PANINDIAC,X,,,,,PAN INDIA CORPORATION LTD.,1.92,1.94,1.88,1.90,1.90,1.89,,1.90,,,23094,43868.00,102,F1,1,,,,,
2026-06-12,2026-06-12,CM,BSE,STK,511533,INE135C01012,SAHARAHOUS,X,,,,,SAHARA HOUSINGFINA CORPORATION,39.90,40.45,38.61,40.03,40.45,40.45,,40.03,,,1388,55545.00,8,F1,1,,,,,
2026-06-12,2026-06-12,CM,BSE,STK,511535,INE026C01013,NDASEC,X,,,,,NDA SECURITIES LTD.,31.16,34.35,30.61,31.53,33.00,31.80,,31.53,,,2166,67351.00,27,F1,1,,,,,
2026-06-12,2026-06-12,CM,BSE,STK,511539,INE533B01028,SUPRATRE,X,,,,,Supra Trends Limited,14.95,14.95,14.94,14.94,14.94,14.25,,14.94,,,23,343.00,4,F1,1,,,,,
2026-06-12,2026-06-12,CM,BSE,STK,511543,INE777C01011,GSBFIN,X,,,,,GSB FINANCE LTD.,37.99,37.99,32.95,33.99,33.99,33.94,,33.99,,,2055,69711.00,99,F1,1,,,,,
2026-06-12,2026-06-12,CM,BSE,STK,511549,INE367A01015,MORARKFI,X,,,,,MORARKA FINANCE LTD.,61.05,65.90,61.05,63.09,64.44,62.13,,63.09,,,3261,207987.00,74,F1,1,,,,,
2026-06-12,2026-06-12,CM,BSE,STK,511551,INE903D01011,MONARCH,B,,,,,Monarch Networth Capital Limit,335.50,345.90,334.80,341.95,340.55,329.90,,340.10,,,18584,6359245.00,156,F1,1,,,,,
2026-06-12,2026-06-12,CM,BSE,STK,511557,INE732K01027,PROFINC,Z,,,,,PRO FIN CAPITAL SERVICES LTD.,3.27,3.34,3.08,3.17,3.17,3.24,,3.17,,,1556000,4867045.00,461,F1,1,,,,,
2026-06-12,2026-06-12,CM,BSE,STK,511559,INE289C01025,TEAMGTY,B,,,,,TEAM INDIA GUARANTY LIMITED,246.00,246.00,240.60,241.25,240.60,240.80,,241.15,,,136,32868.00,28,F1,1,,,,,
2026-06-12,2026-06-12,CM,BSE,STK,511571,INE754C01010,CRESCENTIS,X,,,,,Crescentis Capital Limited,115.50,120.00,115.50,119.90,119.90,117.95,,119.90,,,917,108148.00,12,F1,1,,,,,
2026-06-12,2026-06-12,CM,BSE,STK,511577,INE304E01010,MANTRA,X,,,,,Mantra Capital Limited,15.85,18.78,15.12,15.91,15.97,15.85,,15.91,,,2861,45718.00,12,F1,1,,,,,
2026-06-12,2026-06-12,CM,BSE,STK,511585,INE425F01028,BEFOUNDMOL,X,,,,,BEFOUND MOVEMENT LIMITED,3.79,3.79,3.79,3.79,3.79,3.79,,3.79,,,1006,3812.00,4,F1,1,,,,,
2026-06-12,2026-06-12,CM,BSE,STK,511589,INE323B01024,AVONMORE,B,,,,,AVONMORE CAPITAL & MANAGEMENT,11.79,11.79,10.75,10.87,10.83,10.03,,10.87,,,68069,758093.00,234,F1,1,,,,,
2026-06-12,2026-06-12,CM,BSE,STK,511593,INE212B01011,LIBORDFIN,X,,,,,LIBORD FINANCE LTD,16.00,16.59,15.07,16.10,16.09,16.00,,16.10,,,128,1964.00,10,F1,1,,,,,
2026-06-12,2026-06-12,CM,BSE,STK,511601,INE216B01012,YASHMGM,X,,,,,YASH MANAGEMENT & SATELLITE LT,9.98,10.36,9.34,10.14,10.15,9.98,,10.14,,,3524,35296.00,37,F1,1,,,,,
2026-06-12,2026-06-12,CM,BSE,STK,511605,INE420B01036,ARIHANTCAP,B,,,,,ARIHANT CAPITAL MARKETS LTD.,63.52,70.31,62.93,69.17,69.17,62.07,,69.03,,,59819,4088509.00,775,F1,1,,,,,
2026-06-12,2026-06-12,CM,BSE,STK,511609,INE569B01022,ISLCONSUL,X,,,,,ISL CONSULTING LTD.,21.99,21.99,21.80,21.83,21.85,20.23,,21.83,,,3,65.00,3,F1,1,,,,,
2026-06-12,2026-06-12,CM,BSE,STK,511611,INE891B01012,DCMFINSERV,T,,,,,DCM FINANCIAL SERVICES LTD.,5.57,5.68,5.46,5.68,5.68,5.57,,5.60,,,4230,23250.00,9,F1,1,,,,,
2026-06-12,2026-06-12,CM,BSE,STK,511626,INE229D01011,RRFIN,X,,,,,RR FINANCIAL CONSULTANTS LTD.,56.90,57.52,56.88,57.52,57.52,54.79,,57.52,,,6208,357032.00,49,F1,1,,,,,
2026-06-12,2026-06-12,CM,BSE,STK,511628,INE417D01020,FEDDERSHOL,B,,,,,FEDDERS HOLDING LIMITED,35.05,35.06,34.00,34.02,34.00,34.03,,34.32,,,1505,51954.00,89,F1,1,,,,,
2026-06-12,2026-06-12,CM,BSE,STK,511630,INE699B01027,SAMBHAAV,B,,,,,SAMBHAAV MEDIA LTD.,5.80,6.72,5.80,6.62,6.72,6.27,,6.61,,,5496,36273.00,24,F1,1,,,,,
2026-06-12,2026-06-12,CM,BSE,STK,511636,INE234E01027,DJSSS,X,,,,,DJS STOCK & SHARES LTD.,1.89,1.94,1.83,1.90,1.90,1.84,,1.90,,,6862,12672.00,45,F1,1,,,,,
2026-06-12,2026-06-12,CM,BSE,STK,511654,INE309D01011,SUGALDAM,X,,,,,SUGAL & DAMANI SHARE BROKERS L,70.00,70.00,60.20,61.68,62.05,66.23,,61.68,,,3985,250730.00,79,F1,1,,,,,
2026-06-12,2026-06-12,CM,BSE,STK,511658,INE027D01019,NETTLINX,X,,,,,NETTLINX LTD.,17.39,17.39,16.07,16.38,16.90,16.67,,16.38,,,2294,37364.00,38,F1,1,,,,,
2026-06-12,2026-06-12,CM,BSE,STK,511664,INE443D01018,BGIL,X,,,,,BGIL FILMS & TECHNOLOGIES LTD.,7.29,7.29,6.81,6.99,6.99,7.01,,6.99,,,32756,228437.00,38,F1,1,,,,,
2026-06-12,2026-06-12,CM,BSE,STK,511672,INE099G01011,SCANSTL,B,,,,,Scan Steels Limited,34.39,38.46,33.90,36.83,36.83,33.41,,37.42,,,14222,499644.00,109,F1,1,,,,,
2026-06-12,2026-06-12,CM,BSE,STK,511676,INE289B01019,GICHSGFIN,B,,,,,GIC HOUSING FINANCE LTD.,159.95,159.95,153.75,155.65,155.75,155.50,,155.37,,,2767,430333.00,64,F1,1,,,,,
2026-06-12,2026-06-12,CM,BSE,STK,511692,INE759C01027,AJCON,X,,,,,AJCON GLOBAL SERVICES LTD.,6.26,6.27,5.95,6.03,6.00,5.94,,6.03,,,3395,20711.00,25,F1,1,,,,,
2026-06-12,2026-06-12,CM,BSE,STK,511700,INE625D01028,STANCAP,X,,,,,STANDARD CAPITAL MARKETS LTD.,0.37,0.40,0.36,0.39,0.39,0.37,,0.39,,,37501612,14470611.00,1619,F1,1,,,,,
2026-06-12,2026-06-12,CM,BSE,STK,511702,INE290E01011,YOGI,X,,,,,YOGI LIMITED,173.00,174.30,165.05,172.85,173.00,167.05,,172.85,,,5033,841170.00,37,F1,1,,,,,
2026-06-12,2026-06-12,CM,BSE,STK,511710,INE717D01023,CUBIFIN,XT,,,,,CUBICAL FINANCIAL SERVICES LTD,4.02,4.02,4.02,4.02,4.02,4.10,,4.02,,,12954,52075.00,40,F1,1,,,,,
2026-06-12,2026-06-12,CM,BSE,STK,511716,INE359A01012,INVIGO,X,,,,,Invigorated Business Consultin,6.12,6.15,5.71,5.99,6.11,6.30,,5.99,,,151,909.00,12,F1,1,,,,,
2026-06-12,2026-06-12,CM,BSE,STK,511724,INE020D01022,BAIDFIN,B,,,,,BAID FINSERV LIMITED,9.95,10.18,9.80,9.92,9.88,9.95,,9.88,,,8245,81652.00,52,F1,1,,,,,
2026-06-12,2026-06-12,CM,BSE,STK,511726,INE946H01037,VIPULLTD,B,,,,,VIPUL LTD.,9.57,9.92,9.26,9.33,9.33,9.51,,9.40,,,4896,47107.00,37,F1,1,,,,,
2026-06-12,2026-06-12,CM,BSE,STK,511728,INE006C01015,KZLFIN,X,,,,,K.Z.LEASING & FINANCE LTD.,20.09,20.09,20.09,20.09,20.09,19.21,,20.09,,,10,200.00,1,F1,1,,,,,
2026-06-12,2026-06-12,CM,BSE,STK,511738,INE241B01010,MEHSECU,X,,,,,MEHTA SECURITIES LTD.,24.00,24.00,24.00,24.00,24.00,24.05,,24.00,,,200,4800.00,1,F1,1,,,,,
2026-06-12,2026-06-12,CM,BSE,STK,511740,INE239B01014,RFL,XT,,,,,RUPAREL FOOD PRODUCTS LIMITED,161.00,161.00,150.00,150.00,150.00,157.25,,150.00,,,329,50881.00,10,F1,1,,,,,
2026-06-12,2026-06-12,CM,BSE,STK,511742,INE583D01011,UGROCAP,B,,,,,UGRO CAPITAL LIMITED,93.98,95.83,93.36,95.57,95.83,92.55,,95.30,,,7345,694411.00,63,F1,1,,,,,
2026-06-12,2026-06-12,CM,BSE,STK,511754,INE861D01011,SAHLIBHFI,B,,,,,SHALIBHADRA FINANCE LTD.,75.31,78.80,74.04,76.25,75.75,74.25,,76.58,,,4189,320147.00,76,F1,1,,,,,
2026-06-12,2026-06-12,CM,BSE,STK,511756,INE195I01013,ABIRAFN,Z,,,,,ABIRAMI FINANCIAL SERVICES (IN,35.00,35.72,34.02,35.72,35.72,34.02,,35.72,,,2145,75999.00,16,F1,1,,,,,
2026-06-12,2026-06-12,CM,BSE,STK,511758,INE094E01017,MANSIFIN,X,,,,,MANSI FINANCE (CHENNAI) LTD.,60.82,61.95,58.90,59.42,58.90,60.82,,59.42,,,144,8499.00,8,F1,1,,,,,
2026-06-12,2026-06-12,CM,BSE,STK,511764,INE819K01014,AASTAFIN,X,,,,,Aastamangalam Finance Limited,30.10,34.05,30.10,32.12,32.12,31.48,,32.12,,,712,23270.00,35,F1,1,,,,,
2026-06-12,2026-06-12,CM,BSE,STK,511766,INE296G01013,MUTHOOTCAP,B,,,,,MUTHOOT CAPITAL SERVICES LTD.,195.65,196.00,192.00,194.85,195.00,192.95,,194.94,,,1671,324142.00,71,F1,1,,,,,
2026-06-12,2026-06-12,CM,BSE,STK,511768,INE677D01037,MASTERTR,B,,,,,MASTER TRUST LTD.,76.50,79.63,74.74,78.29,78.03,75.31,,78.23,,,125614,9673850.00,599,F1,1,,,,,
2026-06-12,2026-06-12,CM,BSE,STK,512008,INE886D01026,EFCIL,B,,,,,EFC (I) LIMITED,189.05,190.95,184.00,186.70,188.20,187.85,,186.85,,,31799,5960655.00,581,F1,1,,,,,
2026-06-12,2026-06-12,CM,BSE,STK,512014,INE754D01018,SOBME,X,,,,,SOBHAGYA MERCHANTILE LTD.,920.60,920.60,873.00,880.85,884.35,903.55,,880.85,,,1150,1025694.00,99,F1,1,,,,,
2026-06-12,2026-06-12,CM,BSE,STK,512018,INE135H01029,TTGIL,X,,,,,TOMORROW TECHNOLOGIES GLOBAL I,8.55,8.60,8.25,8.50,8.60,8.49,,8.50,,,34046,283554.00,65,F1,1,,,,,
2026-06-12,2026-06-12,CM,BSE,STK,512020,INE967G01019,ZSARACOM,B,,,,,SARASWATI COMMERCIAL (INDIA) L,9303.00,9303.00,9303.00,9303.00,9303.00,9303.00,,9210.00,,,2,18606.00,2,F1,1,,,,,
2026-06-12,2026-06-12,CM,BSE,STK,512025,INE767M01029,ASGARD,X,,,,,ASGARD ALCOBEV LIMITED,35.49,35.49,32.20,33.12,33.12,34.12,,33.12,,,1146005,37871328.00,771,F1,1,,,,,
2026-06-12,2026-06-12,CM,BSE,STK,512036,INE393H01016,SKYBIOTECH,XT,,,,,SKYBIOTECH HEALTHCARE LIMITED,203.45,203.45,199.95,200.00,199.95,194.25,,200.00,,,272,54576.00,9,F1,1,,,,,
2026-06-12,2026-06-12,CM,BSE,STK,512038,INE887D01016,TCC,B,,,,,TCC CONCEPT LIMITED,355.50,360.05,355.50,357.85,356.50,356.35,,357.15,,,755,270492.00,147,F1,1,,,,,
2026-06-12,2026-06-12,CM,BSE,STK,512047,INE510H01015,ROYALIND,XT,,,,,ROYAL INDIA CORPORATION LIMITE,5.77,6.23,5.71,6.23,6.23,5.94,,6.23,,,119487,732132.00,156,F1,1,,,,,
2026-06-12,2026-06-12,CM,BSE,STK,512048,INE195E01020,DHANSAFAL,X,,,,,DHANSAFAL FINSERVE LIMITED,2.61,2.61,2.56,2.60,2.58,2.61,,2.60,,,191686,494751.00,80,F1,1,,,,,
2026-06-12,2026-06-12,CM,BSE,STK,512062,INE896J01014,TANDHANIN,XT,,,,,TANDHAN INDUSTRIES LIMITED,132.90,132.90,132.90,132.90,132.90,130.30,,132.90,,,100,13290.00,1,F1,1,,,,,
2026-06-12,2026-06-12,CM,BSE,STK,512064,INE762D01011,VISVEN,X,,,,,VISHVPRABHA VENTURES LIMITED,36.07,39.49,36.07,36.17,36.07,36.06,,36.17,,,109,3974.00,8,F1,1,,,,,
2026-06-12,2026-06-12,CM,BSE,STK,512065,INE738D01029,MRUTR,XT,,,,,MRUGESH TRADING LTD.,44.92,44.92,44.92,44.92,44.92,44.04,,44.92,,,105,4716.00,1,F1,1,,,,,
2026-06-12,2026-06-12,CM,BSE,STK,512068,INE945F01025,DECNGOLD,B,,,,,DECCAN GOLD MINES LTD.,157.00,166.00,157.00,163.90,163.90,153.15,,163.79,,,427729,69689371.00,4295,F1,1,,,,,
2026-06-12,2026-06-12,CM,BSE,STK,512070,INE628A01036,UPL,A,,,,,UPL LIMITED,597.05,614.75,597.05,610.00,610.00,594.00,,610.10,,,46555,28261602.00,2087,F1,1,,,,,
2026-06-12,2026-06-12,CM,BSE,STK,512093,INE234B01023,CRANESSOFT,Z,,,,,CRANES SOFTWARE INTERNATIONAL,3.65,3.69,3.51,3.57,3.56,3.61,,3.57,,,587532,2131870.00,126,F1,1,,,,,
2026-06-12,2026-06-12,CM,BSE,STK,512097,INE092G01024,SAICOM,X,,,,,SAIANAND COMMERCIAL LIMITED,0.23,0.23,0.23,0.23,0.23,0.23,,0.23,,,70048,16111.00,27,F1,1,,,,,
2026-06-12,2026-06-12,CM,BSE,STK,512099,INE750G01019,EY,XT,,,,,EYANTRA VENTURES LIMITED,740.05,740.05,740.05,740.05,740.05,779.00,,740.05,,,17,12580.00,4,F1,1,,,,,
2026-06-12,2026-06-12,CM,BSE,STK,512103,INE276H01013,NIDHGRN,XT,,,,,NIDHI GRANITES LTD.,435.00,435.00,400.00,409.35,414.00,415.00,,409.35,,,409,167711.00,20,F1,1,,,,,
2026-06-12,2026-06-12,CM,BSE,STK,512109,INE461H01011,AVIVA,X,,,,,AVIVA INDUSTRIES LTD.,65.00,66.50,65.00,65.00,65.00,65.28,,65.00,,,60,3915.00,5,F1,1,,,,,
2026-06-12,2026-06-12,CM,BSE,STK,512115,INE649C01012,ROSEMER,X,,,,,ROSE MERC.LTD.,69.79,69.79,63.38,63.47,64.98,65.29,,63.47,,,241,15470.00,8,F1,1,,,,,
2026-06-12,2026-06-12,CM,BSE,STK,512131,INE529F01035,SIGIND,B,,,,,SIGNET INDUSTRIES LIMITED,49.70,49.70,47.53,47.75,49.70,49.75,,46.99,,,252,12033.00,4,F1,1,,,,,
2026-06-12,2026-06-12,CM,BSE,STK,512149,INE758A01072,AVANCE,X,,,,,AVANCE TECHNOLOGIES LTD.,0.97,0.99,0.97,0.98,0.98,0.98,,0.98,,,6385456,6266479.00,1663,F1,1,,,,,
2026-06-12,2026-06-12,CM,BSE,STK,512161,INE650K01021,SECURKLOUD,B,,,,,SECUREKLOUD TECHNOLOGIES LIMIT,20.60,20.66,18.51,19.04,19.70,19.99,,19.17,,,27688,528305.00,291,F1,1,,,,,
2026-06-12,2026-06-12,CM,BSE,STK,512165,INE365O01028,ABANSENT,T,,,,,ABANS ENTERPRISES LTD,26.16,27.80,25.60,25.82,25.60,26.85,,25.82,,,2099,54778.00,18,F1,1,,,,,
2026-06-12,2026-06-12,CM,BSE,STK,512175,INE685D01022,VAMA,X,,,,,VAMA INDUSTRIES LTD.,3.79,3.87,3.70,3.87,3.87,3.78,,3.87,,,22985,86715.00,70,F1,1,,,,,
2026-06-12,2026-06-12,CM,BSE,STK,512179,INE805D01034,SUNTECK,A,,,,,SUNTECK REALTY LTD.,276.00,290.15,276.00,287.50,287.50,273.85,,287.35,,,25167,7119279.00,1063,F1,1,,,,,
2026-06-12,2026-06-12,CM,BSE,STK,512197,INE798C01017,SILVERO,Z,,,,,SILVER OAK COMMERCIAL LTD.,6.00,6.00,6.00,6.00,6.00,6.00,,6.00,,,681,4086.00,14,F1,1,,,,,
2026-06-12,2026-06-12,CM,BSE,STK,512217,INE730E01016,PRISMMEDI,XT,,,,,PRISM MEDICO AND PHARMACY LTD.,28.95,28.95,28.00,28.40,28.40,28.40,,28.40,,,604,17314.00,11,F1,1,,,,,
2026-06-12,2026-06-12,CM,BSE,STK,512229,INE379J01029,VERITAS,XT,,,,,VERITAS (INDIA) LTD.,156.25,162.30,156.25,162.30,162.30,159.15,,162.30,,,3216,520734.00,40,F1,1,,,,,
2026-06-12,2026-06-12,CM,BSE,STK,512237,INE070D01027,JAICORPLTD,B,,,,,JAI CORP LTD.,110.00,113.50,109.95,112.45,112.45,108.15,,112.74,,,21934,2452222.00,259,F1,1,,,,,
2026-06-12,2026-06-12,CM,BSE,STK,512247,INE894A01026,ASHCAP,X,,,,,ASHIRWAD CAPITAL LTD.,2.65,2.77,2.65,2.71,2.73,2.68,,2.71,,,107089,290052.00,188,F1,1,,,,,
2026-06-12,2026-06-12,CM,BSE,STK,512257,INE895A01023,SVARTCORP,X,,,,,SWASTI VINAYAKA ART AND HERITA,3.58,3.88,3.58,3.78,3.80,3.57,,3.78,,,60494,223988.00,145,F1,1,,,,,
2026-06-12,2026-06-12,CM,BSE,STK,512267,INE200D01020,MMWL,T,,,,,MEDIA MATRIX WORLDWIDE LTD.,13.68,13.68,12.71,12.82,12.81,13.28,,12.83,,,3966,51249.00,19,F1,1,,,,,
2026-06-12,2026-06-12,CM,BSE,STK,512277,INE340U01010,AUTOINT,X,,,,,AUTORIDERS INTERNATIONAL LTD.,319.15,329.50,305.00,328.95,328.95,316.00,,328.95,,,1071,340581.00,61,F1,1,,,,,
2026-06-12,2026-06-12,CM,BSE,STK,512296,INE458B01036,BHAGYANGR,T,,,,,BHAGYANAGAR INDIA LTD.,307.85,313.90,305.00,310.30,313.00,300.10,,310.60,,,1570,485926.00,53,F1,1,,,,,
2026-06-12,2026-06-12,CM,BSE,STK,512301,INE417N01011,CHMBBRW,XT,,,,,CHAMBAL BREWERIES & DISTILLERI,23.00,23.00,22.73,22.73,22.73,23.15,,22.73,,,14733,338655.00,21,F1,1,,,,,
2026-06-12,2026-06-12,CM,BSE,STK,512329,INE385F01024,SGMART,B,,,,,SG MART LIMITED,587.30,595.65,574.25,593.00,594.30,578.55,,592.75,,,10581,6149641.00,227,F1,1,,,,,
2026-06-12,2026-06-12,CM,BSE,STK,512344,INE068C01015,ARAVALIS,X,,,,,ARAVALI SECURITIES & FINANCE L,3.75,4.10,3.50,3.61,3.61,3.75,,3.61,,,2452,8997.00,17,F1,1,,,,,
2026-06-12,2026-06-12,CM,BSE,STK,512361,INE108G01010,CUPIDALBV,XT,,,,,CUPID BREWERIES AND DISTILLERI,32.36,32.36,32.36,32.36,32.36,30.82,,32.36,,,25154,813983.00,61,F1,1,,,,,
2026-06-12,2026-06-12,CM,BSE,STK,512379,INE716D01033,CRSL,X,,,,,CRESSANDA RAILWAY SOLUTIONS LI,2.61,2.67,2.52,2.62,2.62,2.59,,2.62,,,303539,794204.00,462,F1,1,,,,,
2026-06-12,2026-06-12,CM,BSE,STK,512381,INE992I01013,STARTECK,B,,,,,STARTECK FINANCE LIMITED,266.00,266.00,264.00,265.55,265.55,269.00,,265.00,,,3328,883402.00,18,F1,1,,,,,
2026-06-12,2026-06-12,CM,BSE,STK,512393,INE037B01020,SHARDUL,B,,,,,SHARDUL SECURITIES LTD.,28.00,29.99,28.00,29.97,29.99,27.50,,29.31,,,3,87.00,3,F1,1,,,,,
2026-06-12,2026-06-12,CM,BSE,STK,512399,INE017I01027,SERA,X,,,,,SERA INVESTMENTS & FINANCE IND,40.00,40.98,39.99,40.11,40.69,40.00,,40.11,,,79459,3230226.00,108,F1,1,,,,,
2026-06-12,2026-06-12,CM,BSE,STK,512415,INE319T01016,MERCTRD,X,,,,,MERCURY TRADE LINKS LTD.,6.57,6.57,6.06,6.09,6.09,6.37,,6.09,,,50535,308363.00,169,F1,1,,,,,
2026-06-12,2026-06-12,CM,BSE,STK,512437,INE412D01013,APOLLOFI,X,,,,,APOLLO FINVEST (INDIA) LTD.,344.95,345.00,332.00,344.60,345.00,336.60,,344.60,,,380,129186.00,25,F1,1,,,,,
2026-06-12,2026-06-12,CM,BSE,STK,512441,INE993I01029,ENBETRD,X,,,,,Enbee Trade &amp; Finance Ltd,0.34,0.35,0.33,0.34,0.34,0.34,,0.34,,,8976524,3058607.00,817,F1,1,,,,,
2026-06-12,2026-06-12,CM,BSE,STK,512443,INE162L01017,GANONPRO,X,,,,,Ganon Products Limited,15.44,15.44,13.61,14.00,13.84,14.97,,14.00,,,31640,444016.00,85,F1,1,,,,,
2026-06-12,2026-06-12,CM,BSE,STK,512453,INE564J01026,SHRJAGP,X,,,,,SHRI JAGDAMBA POLYMERS LTD.,551.25,562.50,551.25,561.85,561.85,551.40,,561.85,,,340,189209.00,29,F1,1,,,,,
2026-06-12,2026-06-12,CM,BSE,STK,512455,INE281B01032,LLOYDSME,A,,,,,LLOYDS METALS AND ENERGY LTD.,1724.95,1774.00,1706.50,1760.20,1760.20,1674.15,,1761.90,,,33072,57807066.00,3428,F1,1,,,,,
2026-06-12,2026-06-12,CM,BSE,STK,512463,INE080I01025,LLOYDSENT,A,,,,,LLOYDS ENTERPRISES LIMITED,65.71,67.37,64.88,66.89,66.89,64.58,,66.93,,,160614,10642327.00,876,F1,1,,,,,
2026-06-12,2026-06-12,CM,BSE,STK,512477,INE765L01017,BETXIND,X,,,,,BETEX INDIA LTD.,508.00,510.00,464.95,477.50,489.95,499.00,,477.50,,,547,264785.00,39,F1,1,,,,,
2026-06-12,2026-06-12,CM,BSE,STK,512489,INE876A01023,OASISEC,XT,,,,,OASIS SECURITIES LTD.,14.70,14.71,13.33,14.70,14.70,14.01,,14.70,,,789,11053.00,15,F1,1,,,,,
2026-06-12,2026-06-12,CM,BSE,STK,512493,INE590B01010,GARNETINT,X,,,,,GARNET INTERNATIONAL LTD.,73.00,76.00,73.00,73.10,73.00,73.90,,73.10,,,15309,1129668.00,101,F1,1,,,,,
2026-06-12,2026-06-12,CM,BSE,STK,512499,INE435E01020,SHALPRO,X,,,,,SHALIMAR PRODUCTIONS LTD.,0.38,0.38,0.38,0.38,0.38,0.39,,0.38,,,517610,196691.00,318,F1,1,,,,,
2026-06-12,2026-06-12,CM,BSE,STK,512519,INE668D01028,DONEAR,B,,,,,DONEAR INDUSTRIES LTD.,89.06,89.81,87.96,89.23,89.22,88.01,,88.93,,,1179,104720.00,48,F1,1,,,,,
2026-06-12,2026-06-12,CM,BSE,STK,512527,INE091C01017,SUPER,X,,,,,SUPER SALES INDIA LTD.,898.35,898.35,830.10,873.20,893.50,828.30,,873.20,,,526,458796.00,33,F1,1,,,,,
2026-06-12,2026-06-12,CM,BSE,STK,512529,INE807F01027,VIYASH,B,,,,,VIYASH SCIENTIFIC LIMITED,256.95,256.95,249.00,249.95,249.95,249.35,,249.95,,,85045,21476379.00,1220,F1,1,,,,,
2026-06-12,2026-06-12,CM,BSE,STK,512531,INE655A01013,STCINDIA,B,,,,,STATE TRADING CORPORATION OF I,115.00,122.25,115.00,118.00,118.00,113.20,,118.25,,,12173,1452267.00,501,F1,1,,,,,
2026-06-12,2026-06-12,CM,BSE,STK,512553,INE058B01018,ZENITHEXPO,B,,,,,ZENITH EXPORTS LTD.,202.10,202.10,202.10,202.10,202.10,192.55,,201.62,,,20,4042.00,6,F1,1,,,,,
2026-06-12,2026-06-12,CM,BSE,STK,512559,INE080B01012,KOHINOOR,B,,,,,KOHINOOR FOODS LTD.,24.50,24.85,23.59,24.48,24.14,23.58,,24.36,,,18041,436612.00,357,F1,1,,,,,
2026-06-12,2026-06-12,CM,BSE,STK,512573,INE871C01038,AVANTIFEED,A,,,,,AVANTI FEEDS LTD.,1055.05,1064.80,1037.20,1060.00,1060.00,1034.30,,1060.10,,,37151,39025243.00,1683,F1,1,,,,,
2026-06-12,2026-06-12,CM,BSE,STK,512587,INE077B01018,ZODJRDMKJ,X,,,,,ZODIAC-JRD-MKJ LTD.,39.34,39.34,35.22,35.80,35.80,37.18,,35.80,,,11662,424551.00,71,F1,1,,,,,
2026-06-12,2026-06-12,CM,BSE,STK,512589,INE579D01019,SITAENT,X,,,,,SITA ENTERPRISES LTD.,167.00,167.00,133.00,136.10,136.10,139.85,,136.10,,,4855,663731.00,100,F1,1,,,,,
2026-06-12,2026-06-12,CM,BSE,STK,512591,INE183U01022,PULSRIN,X,,,,,PULSAR INTERNATIONAL LTD.,0.55,0.55,0.53,0.54,0.54,0.55,,0.54,,,7454824,3976286.00,1157,F1,1,,,,,
2026-06-12,2026-06-12,CM,BSE,STK,512595,INE348N01042,MANBRO,X,,,,,Manbro Industries Limited,71.50,74.95,69.07,73.03,73.03,71.45,,73.03,,,200759,14527165.00,662,F1,1,,,,,
2026-06-12,2026-06-12,CM,BSE,STK,512597,INE681C01015,KEYFINSERV,B,,,,,KEYNOTE FINANCIAL SERVICES LIM,250.00,253.60,250.00,253.60,253.60,250.20,,248.35,,,96,24039.00,6,F1,1,,,,,
2026-06-12,2026-06-12,CM,BSE,STK,512599,INE423A01024,ADANIENT,A,,,,,ADANI ENTERPRISES LTD.,2957.85,2970.90,2887.50,2920.25,2920.25,2908.15,,2921.60,,,134846,393739191.00,7271,F1,1,,,,,
2026-06-12,2026-06-12,CM,BSE,STK,512600,INE307N01014,ASTALLTD,X,,,,,ASTAL LABORATORIES LIMITED,78.89,81.00,75.10,77.28,77.00,77.76,,77.28,,,30727,2393842.00,187,F1,1,,,,,
2026-06-12,2026-06-12,CM,BSE,STK,512604,INE772B01014,HARIAEXPO,X,,,,,HARIA EXPORTS LTD.,5.80,5.80,5.80,5.80,5.80,6.05,,5.80,,,20,116.00,1,F1,1,,,,,
2026-06-12,2026-06-12,CM,BSE,STK,512608,INE474E01029,BHANDARI,T,,,,,BHANDARI HOSIERY EXPORTS LTD.,3.13,3.13,2.95,3.05,3.08,3.00,,3.02,,,61375,185662.00,107,F1,1,,,,,
2026-06-12,2026-06-12,CM,BSE,STK,512618,INE629C01014,RLF,X,,,,,RLF LTD.,9.01,9.64,8.53,9.21,9.00,9.01,,9.21,,,1993,17972.00,18,F1,1,,,,,
2026-06-12,2026-06-12,CM,BSE,STK,512624,INE769D01016,REGENTRP,X,,,,,Regent Enterprises Limited,5.76,5.94,5.67,5.70,5.85,5.70,,5.70,,,3898,22316.00,31,F1,1,,,,,
2026-06-12,2026-06-12,CM,BSE,STK,512626,INE231G01010,ORBTEXP,B,,,,,ORBIT EXPORTS LTD.,192.15,197.50,186.85,188.00,188.00,194.85,,187.95,,,617,116833.00,33,F1,1,,,,,
2026-06-12,2026-06-12,CM,BSE,STK,512634,INE104E01014,SAVERA,X,,,,,SAVERA INDUSTRIES LTD.,169.50,169.50,151.00,152.05,151.65,154.55,,152.05,,,2951,453232.00,64,F1,1,,,,,
2026-06-12,2026-06-12,CM,BSE,STK,513005,INE114E01013,CHROME,X,,,,,Chrome Silicon Limited,41.49,41.49,40.23,40.35,40.34,40.17,,40.35,,,8035,325928.00,26,F1,1,,,,,
2026-06-12,2026-06-12,CM,BSE,STK,513023,INE725A01030,NAVA,A,,,,,NAVA LIMITED,571.60,586.50,570.00,584.45,581.50,565.55,,584.25,,,15658,9095167.00,525,F1,1,,,,,
2026-06-12,2026-06-12,CM,BSE,STK,513043,INE158G01015,REMIEDEL,X,,,,,REMI EDELSTAHL TUBULARS LIMITE,208.00,208.00,185.00,192.55,189.00,198.45,,192.55,,,6372,1224294.00,132,F1,1,,,,,
2026-06-12,2026-06-12,CM,BSE,STK,513059,INE736H01024,GSAUTO,X,,,,,G.S.AUTO INTERNATIONAL LTD.,15.10,16.25,14.75,14.92,15.30,15.14,,14.92,,,203882,3173456.00,582,F1,1,,,,,
2026-06-12,2026-06-12,CM,BSE,STK,513063,INE360D01014,TRANSFRE,X,,,,,TRANS-FREIGHT CONTAINERS LTD.,21.52,22.50,21.49,21.73,21.50,22.64,,21.73,,,6871,148066.00,35,F1,1,,,,,
2026-06-12,2026-06-12,CM,BSE,STK,513097,INE386D01027,SBCL,B,,,,,SHIVALIK BIMETAL CONTROLS LTD.,670.20,705.60,670.20,695.65,697.90,668.70,,695.50,,,41439,28748023.00,1154,F1,1,,,,,
2026-06-12,2026-06-12,CM,BSE,STK,513108,INE524B01027,GANDHITUBE,B,,,,,GANDHI SPECIAL TUBES LTD.,850.00,851.35,831.50,845.10,844.20,850.00,,845.85,,,356,299939.00,50,F1,1,,,,,
2026-06-12,2026-06-12,CM,BSE,STK,513117,INE991A01020,AMFORG,X,,,,,AMFORGE INDUSTRIES LTD.,7.97,8.19,7.05,7.97,7.90,7.58,,7.97,,,11179,82809.00,59,F1,1,,,,,
2026-06-12,2026-06-12,CM,BSE,STK,513119,INE173M01012,ONIXSOLAR,XT,,,,,ONIX SOLAR ENERGY LIMITED,654.85,654.85,654.85,654.85,654.85,668.20,,654.85,,,14187,9290356.00,40,F1,1,,,,,
2026-06-12,2026-06-12,CM,BSE,STK,513121,INE730A01022,ORICONENT,B,,,,,ORICON ENTERPRISES LTD.,58.51,60.40,55.70,58.78,59.72,55.99,,59.14,,,50609,2931896.00,486,F1,1,,,,,
2026-06-12,2026-06-12,CM,BSE,STK,513149,INE950D01012,ACROW,X,,,,,ACROW INDIA LTD.,813.20,890.00,813.20,850.00,850.00,854.00,,850.00,,,22,18932.00,4,F1,1,,,,,
2026-06-12,2026-06-12,CM,BSE,STK,513173,INE205F01016,STLSTRINF,X,,,,,STEEL STRIPS INFRASTRUCTURES L,19.50,22.92,18.10,19.75,19.75,19.10,,19.75,,,3413,66858.00,36,F1,1,,,,,
2026-06-12,2026-06-12,CM,BSE,STK,513228,INE932A01024,PENIND,B,,,,,PENNAR INDUSTRIES LTD.,151.60,155.40,151.35,154.80,154.80,147.95,,155.06,,,20634,3171786.00,284,F1,1,,,,,
2026-06-12,2026-06-12,CM,BSE,STK,513250,INE197A01024,JYOTISTRUC,A,,,,,JYOTI STRUCTURES LTD.,11.96,12.27,11.85,12.15,12.15,11.66,,12.14,,,530240,6410403.00,729,F1,1,,,,,
2026-06-12,2026-06-12,CM,BSE,STK,513252,INE289D01015,JAYUSH,X,,,,,JAY USHIN LTD.,895.00,895.00,867.70,894.00,894.00,895.00,,894.00,,,105,92673.00,21,F1,1,,,,,
2026-06-12,2026-06-12,CM,BSE,STK,513262,INE802C01033,SSWL,B,,,,,STEEL STRIPS WHEELS LTD.,229.40,232.90,227.00,231.45,232.50,225.25,,231.62,,,17665,4055624.00,398,F1,1,,,,,
2026-06-12,2026-06-12,CM,BSE,STK,513269,INE993A01026,MANINDS,B,,,,,MAN INDUSTRIES (INDIA) LTD.,522.00,547.15,521.45,546.45,546.45,510.25,,546.00,,,31600,16903621.00,766,F1,1,,,,,
2026-06-12,2026-06-12,CM,BSE,STK,513295,INE611C01020,IMEC,X,,,,,IMEC SERVICES LIMITED,160.00,160.00,152.00,156.85,157.00,151.15,,156.85,,,1548,241468.00,42,F1,1,,,,,
2026-06-12,2026-06-12,CM,BSE,STK,513303,INE001F01019,MDRNSTL,X,,,,,MODERN STEELS LTD.,13.20,14.25,13.16,13.37,13.21,13.20,,13.37,,,1771,24040.00,39,F1,1,,,,,
2026-06-12,2026-06-12,CM,BSE,STK,513307,INE363L01045,BELDING,X,,,,,BELDING INDIA LIMITED,1368.00,1368.00,1300.00,1323.90,1336.55,1368.00,,1323.90,,,412,541668.00,54,F1,1,,,,,
2026-06-12,2026-06-12,CM,BSE,STK,513337,INE145J01032,GUJTLRM,B,,,,,GUJARAT TOOLROOM LTD.,0.53,0.56,0.53,0.55,0.55,0.53,,0.55,,,2942466,1607774.00,731,F1,1,,,,,
2026-06-12,2026-06-12,CM,BSE,STK,513349,INE298G01035,AJMERA,B,,,,,AJMERA REALTY & INFRA INDIA LT,113.00,122.25,113.00,121.15,121.70,111.40,,120.85,,,47659,5639441.00,640,F1,1,,,,,
2026-06-12,2026-06-12,CM,BSE,STK,513353,INE105D01013,COCHINM,X,,,,,COCHIN MINERALS & RUTILE LTD.,244.00,253.00,241.70,243.25,243.25,248.85,,243.25,,,13656,3340149.00,244,F1,1,,,,,
2026-06-12,2026-06-12,CM,BSE,STK,513361,INE072A01029,INDIAHOMES,XT,,,,,India Homes Limited,21.51,22.60,21.51,22.48,22.48,21.94,,22.48,,,354138,7926832.00,424,F1,1,,,,,
2026-06-12,2026-06-12,CM,BSE,STK,513369,INE013J01016,KVFORGE,X,,,,,KRISHANVEER FORGE LIMITED,131.95,144.75,130.65,134.20,134.00,129.75,,134.20,,,3139,432111.00,81,F1,1,,,,,
2026-06-12,2026-06-12,CM,BSE,STK,513375,INE120A01034,CARBORUNIV,A,,,,,CARBORUNDUM UNIVERSAL LTD.,1000.00,1060.65,996.25,1054.40,1053.70,996.25,,1053.10,,,5665,5844647.00,337,F1,1,,,,,
2026-06-12,2026-06-12,CM,BSE,STK,513377,INE123F01029,MMTC,A,,,,,MMTC LTD.,63.31,71.25,63.31,68.08,68.08,63.07,,68.06,,,2226816,153742543.00,8972,F1,1,,,,,
2026-06-12,2026-06-12,CM,BSE,STK,513397,INE457E01016,VALLABHSQ,X,,,,,VALLABH STEELS LTD.,11.73,11.73,11.68,11.68,11.68,11.45,,11.68,,,505,5898.00,5,F1,1,,,,,
2026-06-12,2026-06-12,CM,BSE,STK,513418,INE728B01032,SMFIL,XT,,,,,SMITHS & FOUNDERS (INDIA) LIMI,7.89,7.89,7.89,7.89,7.89,7.52,,7.89,,,67258,530665.00,56,F1,1,,,,,
2026-06-12,2026-06-12,CM,BSE,STK,513422,INE373E01015,BLOIN,X,,,,,BLOOM INDUSTRIES LTD.,32.33,34.80,31.70,34.10,34.80,33.16,,34.10,,,1309,43397.00,31,F1,1,,,,,
2026-06-12,2026-06-12,CM,BSE,STK,513452,INE594D01018,ELANGO,XT,,,,,ELANGO INDUSTRIES LTD.,14.30,14.30,14.30,14.30,14.30,15.00,,14.30,,,10,143.00,1,F1,1,,,,,
2026-06-12,2026-06-12,CM,BSE,STK,513456,INE791E01018,KANSHST,X,,,,,KANISHK STEEL INDUSTRIES LTD.,56.00,56.00,53.55,53.79,53.71,54.04,,53.79,,,1968,106243.00,20,F1,1,,,,,
2026-06-12,2026-06-12,CM,BSE,STK,513460,INE257F01017,MAHALXSE,Z,,,,,MAHALAXMI SEAMLESS LTD.,8.20,8.20,7.76,7.88,7.85,8.16,,7.88,,,609,4777.00,8,F1,1,,,,,
2026-06-12,2026-06-12,CM,BSE,STK,513472,INE658D01011,SIMPLEXCAS,X,,,,,SIMPLEX CASTINGS LTD.,477.45,494.95,477.45,491.30,493.00,477.45,,491.30,,,3470,1693733.00,101,F1,1,,,,,
2026-06-12,2026-06-12,CM,BSE,STK,513488,INE387D01025,SSWRL,X,,,,,SHREE STEEL WIRE ROPES LTD.,21.49,21.49,19.50,20.40,20.40,20.28,,20.40,,,2328,45611.00,26,F1,1,,,,,
2026-06-12,2026-06-12,CM,BSE,STK,513496,INE235U01012,SIZEMASTER,XT,,,,,SIZEMASTERS TECHNOLOGY LIMITED,372.60,372.60,350.00,372.60,372.60,354.90,,372.60,,,46,16788.00,12,F1,1,,,,,
2026-06-12,2026-06-12,CM,BSE,STK,513498,INE308N01012,SOUTHMG,X,,,,,SOUTHERN MAGNESIUM & CHEMICALS,77.00,81.50,77.00,81.01,81.45,82.19,,81.01,,,265,20987.00,15,F1,1,,,,,
2026-06-12,2026-06-12,CM,BSE,STK,513502,INE927K01023,BAROEXT,X,,,,,BARODA EXTRUSION LTD.,8.11,8.47,8.11,8.34,8.40,8.19,,8.34,,,169615,1413796.00,235,F1,1,,,,,
2026-06-12,2026-06-12,CM,BSE,STK,513509,INE314G01014,KALYANIFRG,B,,,,,KALYANI FORGE LTD.,610.00,610.00,600.00,601.20,603.00,593.60,,599.30,,,12,7276.00,7,F1,1,,,,,
2026-06-12,2026-06-12,CM,BSE,STK,513511,INE798F01010,PANCHMAHQ,X,,,,,PANCHMAHAL STEEL LTD.,280.25,297.80,280.25,284.00,284.00,280.25,,284.00,,,145,41915.00,6,F1,1,,,,,
2026-06-12,2026-06-12,CM,BSE,STK,513513,INE570B01012,ADITYA,X,,,,,ADITYA ISPAT LTD.,9.29,9.29,9.00,9.19,9.19,9.29,,9.19,,,10558,96099.00,15,F1,1,,,,,
2026-06-12,2026-06-12,CM,BSE,STK,513517,INE124E01038,STEELCAS,B,,,,,STEELCAST LTD.,283.45,288.50,283.45,285.45,286.95,281.85,,285.50,,,1913,545797.00,67,F1,1,,,,,
2026-06-12,2026-06-12,CM,BSE,STK,513519,INE450D01021,PITTIENG,B,,,,,PITTI ENGINEERING LIMITED,951.45,1000.00,939.40,994.00,995.00,929.90,,993.05,,,6602,6469069.00,450,F1,1,,,,,
2026-06-12,2026-06-12,CM,BSE,STK,513528,INE741B01027,GLITTEKG,XT,,,,,GLITTEK GRANITES LTD.,45.22,45.22,44.10,44.10,44.10,45.00,,44.10,,,4924,219491.00,27,F1,1,,,,,
2026-06-12,2026-06-12,CM,BSE,STK,513532,INE770A01010,PRADPME,B,,,,,PRADEEP METALS LTD.,485.00,492.70,484.60,487.40,489.35,480.60,,488.05,,,1158,565195.00,154,F1,1,,,,,
2026-06-12,2026-06-12,CM,BSE,STK,513536,INE207H01018,GNRL,B,,,,,GUJARAT NATURAL RESOURCES LIMI,92.00,93.65,91.71,93.45,93.40,92.92,,93.05,,,6113,566612.00,312,F1,1,,,,,
2026-06-12,2026-06-12,CM,BSE,STK,513544,INE277E01026,MSCTC,X,,,,,MARDIA SAMYOUNG CAPILLARY TUBE,53.60,53.60,51.96,51.96,51.96,54.69,,51.96,,,1598,83120.00,32,F1,1,,,,,
2026-06-12,2026-06-12,CM,BSE,STK,513548,INE385M01012,SHRDAIS,X,,,,,SHARDA ISPAT LTD.,174.35,187.90,166.75,176.40,175.00,174.35,,176.40,,,69,12384.00,10,F1,1,,,,,
2026-06-12,2026-06-12,CM,BSE,STK,513554,INE451L01014,MAHASTEEL,T,,,,,MAHAMAYA STEEL INDUSTRIES LTD.,859.90,895.00,859.90,884.00,884.00,864.20,,858.95,,,10,8798.00,3,F1,1,,,,,
2026-06-12,2026-06-12,CM,BSE,STK,513566,INE608C01026,NOVIS,X,,,,,NOVA IRON & STEEL LTD.,11.90,12.15,11.79,11.79,11.79,11.79,,11.79,,,3233,38233.00,13,F1,1,,,,,
2026-06-12,2026-06-12,CM,BSE,STK,513575,INE067E01013,STERPOW,XT,,,,,STERLING POWERGENSYS LTD,34.69,34.71,33.00,34.71,34.71,33.06,,34.71,,,7157,241516.00,52,F1,1,,,,,
2026-06-12,2026-06-12,CM,BSE,STK,513579,INE617C01027,FFPL,Z,,,,,FOUNDRY FUEL PRODUCTS LTD.,5.24,5.24,5.24,5.24,5.24,5.51,,5.24,,,55,288.00,3,F1,1,,,,,
2026-06-12,2026-06-12,CM,BSE,STK,513599,INE531E01026,HINDCOPPER,A,,,,,HINDUSTAN COPPER LTD.,511.50,516.50,507.40,510.15,510.15,499.25,,510.00,,,472162,241463926.00,8493,F1,1,,,,,
2026-06-12,2026-06-12,CM,BSE,STK,513629,INE463D01016,TULSYAN,XT,,,,,TULSYAN NEC LTD.,35.17,35.17,35.17,35.17,35.17,33.50,,35.17,,,198,6963.00,3,F1,1,,,,,
2026-06-12,2026-06-12,CM,BSE,STK,513642,INE197C01012,AXELPOLY,X,,,,,AXEL POLYMERS LTD.,46.39,46.39,40.28,44.54,45.49,42.12,,44.54,,,536,24489.00,17,F1,1,,,,,
2026-06-12,2026-06-12,CM,BSE,STK,513683,INE589A01014,NLCINDIA,A,,,,,NLC India Limited,315.05,319.75,311.55,316.15,316.15,310.05,,316.30,,,245051,77504633.00,2665,F1,1,,,,,
2026-06-12,2026-06-12,CM,BSE,STK,513687,INE848B01012,SPECTRA,Z,,,,,SPECTRA INDUSTRIES LTD.,4.62,4.62,4.19,4.59,4.59,4.41,,4.59,,,1339,5748.00,9,F1,1,,,,,
2026-06-12,2026-06-12,CM,BSE,STK,513693,INE434C01027,KAJARIR,XT,,,,,KIC METALIKS LTD.,35.11,37.12,35.11,36.35,37.00,36.00,,36.35,,,4160,151230.00,18,F1,1,,,,,
2026-06-12,2026-06-12,CM,BSE,STK,513699,INE584G01012,SOLIDSTON,X,,,,,SOLID STONE COMPANY LTD.,24.25,27.67,24.25,25.82,26.00,26.34,,25.82,,,2666,65262.00,48,F1,1,,,,,
2026-06-12,2026-06-12,CM,BSE,STK,513709,INE960A01017,SHILGRAVQ,X,,,,,SHILP GRAVURES LTD.,145.90,146.00,141.50,143.80,145.90,143.15,,143.80,,,3056,436557.00,60,F1,1,,,,,
2026-06-12,2026-06-12,CM,BSE,STK,513713,INE146C01019,WHITEORG,X,,,,,White Organic Agro Limited,3.98,3.98,3.70,3.77,3.75,3.88,,3.77,,,45443,171320.00,97,F1,1,,,,,
2026-06-12,2026-06-12,CM,BSE,STK,513721,INE614F01019,MFSINTRCRP,XT,,,,,MFS INTERCORP LTD.,14.78,14.84,14.77,14.77,14.77,15.54,,14.77,,,1047,15465.00,6,F1,1,,,,,
2026-06-12,2026-06-12,CM,BSE,STK,513729,INE210C01013,AROGRANITE,B,,,,,ARO GRANITE INDUSTRIES LTD.,24.87,25.24,24.41,24.67,24.67,24.74,,24.68,,,148,3676.00,14,F1,1,,,,,
2026-06-12,2026-06-12,CM,BSE,STK,514010,INE723D01021,RUDRAECO,X,,,,,RUDRA ECOVATION LIMITED,22.00,22.59,21.18,22.47,22.54,21.61,,22.47,,,86378,1926137.00,179,F1,1,,,,,
2026-06-12,2026-06-12,CM,BSE,STK,514030,INE272C01013,DEEPAKSP,X,,,,,DEEPAK SPINNERS LTD.,113.90,113.90,111.35,113.30,113.50,112.50,,113.30,,,427,48138.00,17,F1,1,,,,,
2026-06-12,2026-06-12,CM,BSE,STK,514043,INE049A01027,HIMATSEIDE,B,,,,,HIMATSINGKA SEIDE LTD.,75.70,76.23,74.41,76.07,76.07,73.99,,76.02,,,20888,1575823.00,369,F1,1,,,,,
2026-06-12,2026-06-12,CM,BSE,STK,514045,INE594B01012,BSL,B,,,,,BSL LTD.,125.10,126.00,122.00,122.05,122.25,124.00,,123.18,,,23,2836.00,8,F1,1,,,,,
2026-06-12,2026-06-12,CM,BSE,STK,514060,INE229N01010,NEWTRAC,X,,,,,NEWTRAC FOODS & BEVERAGES LIMI,4.51,4.65,4.42,4.50,4.50,4.51,,4.50,,,4047,18366.00,31,F1,1,,,,,
2026-06-12,2026-06-12,CM,BSE,STK,514087,INE501F01018,PBMPOLY,X,,,,,PBM POLYTEX LTD.,54.05,56.99,52.50,54.16,55.00,54.57,,54.16,,,735,39804.00,10,F1,1,,,,,
2026-06-12,2026-06-12,CM,BSE,STK,514113,INE207C01019,ADINATH,XT,,,,,ADINATH TEXTILES LTD.,20.72,21.00,20.00,20.60,20.60,20.72,,20.60,,,198,4032.00,14,F1,1,,,,,
2026-06-12,2026-06-12,CM,BSE,STK,514138,INE132C01027,SURYALA,B,,,,,SURYALATA SPINNING MILLS LTD.,421.25,423.50,418.00,422.15,421.85,418.75,,422.40,,,795,333114.00,36,F1,1,,,,,
2026-06-12,2026-06-12,CM,BSE,STK,514142,INE592B01024,TTL,B,,,,,T T LTD.,7.15,7.37,6.79,6.81,6.87,7.15,,6.80,,,19219,131514.00,114,F1,1,,,,,
2026-06-12,2026-06-12,CM,BSE,STK,514162,INE192B01031,WELSPUNLIV,A,,,,,WELSPUN LIVING LIMITED,135.75,138.95,135.25,138.60,138.60,135.65,,138.55,,,106121,14536591.00,1399,F1,1,,,,,
2026-06-12,2026-06-12,CM,BSE,STK,514165,INE862B01013,INDIANACRY,X,,,,,INDIAN ACRYLICS LTD.,5.85,6.00,5.82,5.82,5.82,5.81,,5.82,,,10295,60370.00,47,F1,1,,,,,
2026-06-12,2026-06-12,CM,BSE,STK,514167,INE845D01014,GANECOS,A,,,,,GANESHA ECOSPHERE LTD.,919.00,921.15,896.20,912.80,917.15,909.20,,913.05,,,1705,1550571.00,145,F1,1,,,,,
2026-06-12,2026-06-12,CM,BSE,STK,514171,INE760J01012,CEETAIN,X,,,,,CEETA INDUSTRIES LTD.,41.00,41.75,41.00,41.57,41.73,40.79,,41.57,,,12,498.00,9,F1,1,,,,,
2026-06-12,2026-06-12,CM,BSE,STK,514175,INE835A01029,VARDMNPOLY,B,,,,,VARDHMAN POLYTEX LTD.,6.81,7.25,6.81,7.15,7.25,6.92,,7.17,,,19138,134234.00,102,F1,1,,,,,
2026-06-12,2026-06-12,CM,BSE,STK,514183,INE761G01016,BLACKROSE,B,,,,,BLACK ROSE INDUSTRIES LTD.,90.70,92.49,87.24,90.57,90.57,90.86,,90.29,,,9627,863598.00,231,F1,1,,,,,
2026-06-12,2026-06-12,CM,BSE,STK,514197,INE110Q01023,STCORP,XT,,,,,S&T CORPORATION LTD.,4.30,4.30,3.90,4.24,4.24,4.10,,4.24,,,33273,130742.00,39,F1,1,,,,,
2026-06-12,2026-06-12,CM,BSE,STK,514211,INE235C01036,SUMEETINDS,B,,,,,SUMEET INDUSTRIES LTD.,23.38,24.79,23.06,24.30,24.26,27.72,,24.26,,,167630,3947155.00,461,F1,1,,,,,
2026-06-12,2026-06-12,CM,BSE,STK,514223,INE410D01017,RAMGOPOLY,X,,,,,RAMGOPAL POLYTEX LTD.,13.35,14.64,13.26,14.64,14.64,13.95,,14.64,,,3403,49024.00,21,F1,1,,,,,
2026-06-12,2026-06-12,CM,BSE,STK,514234,INE495C01010,SANGAMIND,B,,,,,SANGAM (INDIA) LTD.,525.95,544.10,525.95,541.35,542.25,526.15,,542.20,,,2456,1325888.00,151,F1,1,,,,,
2026-06-12,2026-06-12,CM,BSE,STK,514238,INE874A01010,MKVENTURES,X,,,,,MKVENTURES CAPITAL LIMITED,958.95,959.00,917.05,947.60,953.00,903.40,,947.60,,,190,177933.00,36,F1,1,,,,,
2026-06-12,2026-06-12,CM,BSE,STK,514240,INE979D01011,KUSHIND,X,,,,,Kush Industries Limited,7.40,7.40,6.91,6.95,6.95,7.25,,6.95,,,6515,45982.00,31,F1,1,,,,,
2026-06-12,2026-06-12,CM,BSE,STK,514248,INE377C01010,SRECR,P,,,,,SREECHEM RESINS LTD.,34.05,34.05,34.05,34.05,34.05,35.80,,34.05,,,200,6810.00,1,F1,100,,,,,
2026-06-12,2026-06-12,CM,BSE,STK,514260,INE899E01019,SURBHIN,XT,,,,,SURBHI INDUSTRIES LTD.,128.35,128.35,128.35,128.35,128.35,135.10,,128.35,,,646,82914.00,20,F1,1,,,,,
2026-06-12,2026-06-12,CM,BSE,STK,514264,INE707B01010,SEASONST,X,,,,,SEASONS TEXTILES LTD.,18.50,19.00,17.01,17.37,18.10,18.50,,17.37,,,804,13846.00,12,F1,1,,,,,
2026-06-12,2026-06-12,CM,BSE,STK,514266,INE106C01013,ZENIFIB,X,,,,,ZENITH FIBRES LTD.,51.01,53.00,50.02,51.08,51.08,53.00,,51.08,,,450,22809.00,14,F1,1,,,,,
2026-06-12,2026-06-12,CM,BSE,STK,514272,INE436C01014,BHILSPIN,X,,,,,BHILWARA SPINNERS LTD.,126.00,126.00,116.25,120.75,123.95,119.15,,120.75,,,5902,687959.00,36,F1,1,,,,,
2026-06-12,2026-06-12,CM,BSE,STK,514274,INE273D01027,VGL,B,,,,,VARVEE GLOBAL LIMITED,70.00,70.35,69.00,69.29,69.00,68.68,,69.76,,,7181,500602.00,94,F1,1,,,,,
2026-06-12,2026-06-12,CM,BSE,STK,514280,INE589J01015,SANTETX,X,,,,,SANRHEA TECHNICAL TEXTILES LTD,139.25,139.25,130.00,131.00,131.00,132.20,,131.00,,,62,8108.00,7,F1,1,,,,,
2026-06-12,2026-06-12,CM,BSE,STK,514286,INE440A01010,ASHIMASYN,B,,,,,ASHIMA LTD.,16.00,16.50,15.85,16.00,16.00,15.90,,16.04,,,8554,138074.00,17,F1,1,,,,,
2026-06-12,2026-06-12,CM,BSE,STK,514300,INE156C01018,PIONEEREMB,B,,,,,PIONEER EMBROIDERIES LTD.,25.25,25.25,25.25,25.25,25.25,24.68,,24.26,,,19,479.00,1,F1,1,,,,,
2026-06-12,2026-06-12,CM,BSE,STK,514302,INE660D01017,VIPPYSP,X,,,,,VIPPY SPINPRO LTD.,183.70,183.70,172.05,173.45,176.00,179.05,,173.45,,,317,55379.00,19,F1,1,,,,,
2026-06-12,2026-06-12,CM,BSE,STK,514312,INE156E01014,JAIHIND,X,,,,,JAIHIND INDUSTRIES LIMITED,37.90,38.97,36.50,38.97,38.97,37.88,,38.97,,,1070,41036.00,35,F1,1,,,,,
2026-06-12,2026-06-12,CM,BSE,STK,514316,INE969C01022,RAGHUSYN,X,,,,,RAGHUVIR SYNTHETICS LTD.,99.50,100.00,98.30,99.85,100.00,98.90,,99.85,,,3405,338152.00,28,F1,1,,,,,
2026-06-12,2026-06-12,CM,BSE,STK,514318,INE722N01014,JATTAINDUS,X,,,,,JATTASHANKAR INDUSTIES LTD.,410.00,410.00,409.50,409.50,409.50,405.00,,409.50,,,51,20885.00,2,F1,1,,,,,
2026-06-12,2026-06-12,CM,BSE,STK,514322,INE535C01013,KAMADGIRI,XT,,,,,KAMADGIRI FASHION LTD.,115.15,126.45,115.15,124.90,125.00,121.05,,124.90,,,97,11683.00,8,F1,1,,,,,
2026-06-12,2026-06-12,CM,BSE,STK,514324,INE814D01010,OMNITEX,XT,,,,,OMNITEX INDUSTRIES (INDIA) LTD,769.95,769.95,720.00,754.25,752.00,737.55,,754.25,,,458,345763.00,19,F1,1,,,,,
2026-06-12,2026-06-12,CM,BSE,STK,514326,INE790C01014,PATSPINLTD,X,,,,,PATSPIN INDIA LTD.,7.18,7.18,6.74,7.03,7.10,7.18,,7.03,,,1537,10772.00,28,F1,1,,,,,
2026-06-12,2026-06-12,CM,BSE,STK,514330,INE670O01013,ONEGLOBAL,X,,,,,ONE GLOBAL SERVICE PROVIDER LI,605.00,634.30,600.00,633.90,633.90,604.10,,633.90,,,47640,29783092.00,1018,F1,1,,,,,
2026-06-12,2026-06-12,CM,BSE,STK,514332,INE216I01017,NEOINFRA,X,,,,,NEO INFRACON LTD.,45.00,45.99,40.00,43.99,43.99,45.94,,43.99,,,702,30984.00,28,F1,1,,,,,
2026-06-12,2026-06-12,CM,BSE,STK,514336,INE194N01016,CCME,XT,,,,,CCME GLOBAL LIMITED,95.05,95.05,86.05,94.00,94.00,90.55,,94.00,,,375,32587.00,17,F1,1,,,,,
2026-06-12,2026-06-12,CM,BSE,STK,514354,INE309M01020,PREMIERPOL,T,,,,,PREMIER POLYFILM LTD.,55.89,56.70,54.50,56.48,56.45,54.02,,56.07,,,2923,163155.00,23,F1,1,,,,,
2026-06-12,2026-06-12,CM,BSE,STK,514358,INE339D01034,EVERFIN,X,,,,,EVERLON FINANCIALS LIMITED,110.00,110.00,109.95,109.95,109.95,107.85,,109.95,,,4,439.00,2,F1,1,,,,,
2026-06-12,2026-06-12,CM,BSE,STK,514360,INE078T01026,KRRAIL,X,,,,,K&R RAIL ENGINEERING LIMITED,26.85,27.77,26.85,27.39,27.39,26.13,,27.39,,,34765,949183.00,341,F1,1,,,,,
2026-06-12,2026-06-12,CM,BSE,STK,514378,INE564C01013,YARNSYN,X,,,,,YARN SYNDICATE LTD.,15.11,15.46,15.11,15.46,15.46,15.06,,15.46,,,683,10476.00,8,F1,1,,,,,
2026-06-12,2026-06-12,CM,BSE,STK,514386,INE004C01028,GUJCOTEX,XT,,,,,GUJARAT COTEX LTD.,4.50,4.56,4.34,4.34,4.34,4.56,,4.34,,,428314,1861378.00,481,F1,1,,,,,
2026-06-12,2026-06-12,CM,BSE,STK,514400,INE340D01016,GARWSYN,X,,,,,GARWARE SYNTHETICS LTD.,18.90,18.90,18.90,18.90,18.90,18.00,,18.90,,,1000,18900.00,1,F1,1,,,,,
2026-06-12,2026-06-12,CM,BSE,STK,514402,INE638N01012,ECOHOTELS,XT,,,,,ECO HOTELS AND RESORTS LIMITED,13.69,13.98,13.11,13.19,13.48,13.69,,13.19,,,15546,208899.00,88,F1,1,,,,,
2026-06-12,2026-06-12,CM,BSE,STK,514412,INE305D01019,SARUPINDUS,X,,,,,SARUP INDUSTRIES LTD.,112.60,113.45,103.00,111.85,113.45,108.05,,111.85,,,71,7958.00,10,F1,1,,,,,
2026-06-12,2026-06-12,CM,BSE,STK,514414,INE114D01015,OXFORDIN,XT,,,,,OXFORD INDUSTRIES LTD.,17.79,17.79,16.12,17.79,17.79,16.95,,17.79,,,7676,133970.00,32,F1,1,,,,,
2026-06-12,2026-06-12,CM,BSE,STK,514418,INE370D01013,MANORG,T,,,,,MANGALAM ORGANICS LIMITED,442.60,477.50,442.60,477.30,477.30,454.95,,476.80,,,1646,776790.00,53,F1,1,,,,,
2026-06-12,2026-06-12,CM,BSE,STK,514428,INE074C01013,HINDADH,X,,,,,HINDUSTAN ADHESIVES LTD.,313.40,313.40,305.00,308.00,308.00,295.90,,308.00,,,535,164749.00,31,F1,1,,,,,
2026-06-12,2026-06-12,CM,BSE,STK,514440,INE439N01031,BPAGRI,B,,,,,Blue Pearl Agriventures Limite,13.04,13.04,11.80,11.90,11.80,12.42,,11.90,,,144432,1797642.00,581,F1,1,,,,,
2026-06-12,2026-06-12,CM,BSE,STK,514442,INE009C01019,SRIKPRIND,X,,,,,SRI KPR INDUSTRIES LTD.,22.70,22.70,20.10,21.00,21.00,20.80,,21.00,,,966,20208.00,25,F1,1,,,,,
2026-06-12,2026-06-12,CM,BSE,STK,514448,INE577D01013,JYOTIRES,B,,,,,JYOTI RESINS & ADHESIVES LTD.,914.00,931.00,901.90,922.60,929.80,902.50,,922.60,,,10305,9449243.00,619,F1,1,,,,,
2026-06-12,2026-06-12,CM,BSE,STK,514450,INE112D01035,MHLXMIRU,B,,,,,MAHALAXMI RUBTECH LTD.,176.45,176.45,176.45,176.45,176.45,176.45,,179.30,,,42,7410.00,3,F1,1,,,,,
2026-06-12,2026-06-12,CM,BSE,STK,514454,INE410M01018,SOUTLAT,X,,,,,SOUTHERN LATEX LTD.,29.18,30.93,28.00,28.54,28.54,29.78,,28.54,,,936,26543.00,22,F1,1,,,,,
2026-06-12,2026-06-12,CM,BSE,STK,514470,INE837B01031,WINSOMTX,B,,,,,WINSOME TEXTILE INDUSTRIES LTD,87.40,90.00,84.00,89.88,89.99,87.41,,89.88,,,4039,360472.00,49,F1,1,,,,,
2026-06-12,2026-06-12,CM,BSE,STK,515008,INE219W01012,MODINSU,XT,,,,,MODERN INSULATORS LTD.,403.90,412.90,385.00,412.75,412.90,393.25,,412.75,,,86456,34845139.00,751,F1,1,,,,,
2026-06-12,2026-06-12,CM,BSE,STK,515018,INE277C01012,REGENCERAM,B,,,,,REGENCY CERAMICS LTD.,39.99,40.01,38.62,39.48,38.62,38.61,,39.43,,,902,35872.00,8,F1,1,,,,,
2026-06-12,2026-06-12,CM,BSE,STK,515030,INE439A01020,ASAHIINDIA,A,,,,,ASAHI INDIA GLASS LTD.,862.00,886.00,862.00,879.60,882.50,860.70,,883.10,,,4647,4073541.00,383,F1,1,,,,,
2026-06-12,2026-06-12,CM,BSE,STK,515037,INE692B01014,MURUDCERA,B,,,,,MURUDESHWAR CERAMICS LTD.,31.00,31.62,30.84,31.35,31.00,30.70,,31.33,,,1180,36923.00,20,F1,1,,,,,
2026-06-12,2026-06-12,CM,BSE,STK,515043,INE068B01017,SEKURITIND,B,,,,,SAINT-GOBAIN SEKURIT INDIA LTD,123.95,127.70,123.25,125.80,125.80,122.25,,125.80,,,52348,6582598.00,556,F1,1,,,,,
2026-06-12,2026-06-12,CM,BSE,STK,515055,INE242C01024,ANANTRAJ,A,,,,,ANANT RAJ LIMITED,521.65,536.00,521.65,534.70,534.70,513.50,,534.75,,,211406,111999308.00,5008,F1,1,,,,,
2026-06-12,2026-06-12,CM,BSE,STK,515059,INE469C01023,MADHUDIN,X,,,,,MADHUSUDAN INDUSTRIES LTD.,37.01,40.50,37.01,40.08,40.00,38.35,,40.08,,,3183,127220.00,31,F1,1,,,,,
2026-06-12,2026-06-12,CM,BSE,STK,515085,INE298E01022,RESTILE,X,,,,,RESTILE CERAMICS LTD.,7.57,7.57,7.21,7.53,7.56,7.27,,7.53,,,11912,89676.00,53,F1,1,,,,,
2026-06-12,2026-06-12,CM,BSE,STK,515093,INE925C01016,MADHAV,B,,,,,MADHAV MARBLES & GRANITES LTD.,36.50,36.50,36.50,36.50,36.50,36.02,,37.76,,,4,146.00,2,F1,1,,,,,
2026-06-12,2026-06-12,CM,BSE,STK,515147,INE506D01020,HALDYNGL,B,,,,,HALDYN GLASS LTD,119.45,125.45,118.80,124.15,124.15,118.25,,124.46,,,43230,5311733.00,669,F1,1,,,,,
2026-06-12,2026-06-12,CM,BSE,STK,516003,INE932D01010,DUROPLY,X,,,,,DUROPLY INDUSTRIES LIMITED,132.50,132.50,128.00,128.10,128.10,126.10,,128.10,,,809,105609.00,18,F1,1,,,,,
2026-06-12,2026-06-12,CM,BSE,STK,516020,INE112C01011,AGIOPAPER,X,,,,,AGIO PAPER & INDUSTRIES LTD.,3.80,3.80,3.61,3.61,3.61,3.80,,3.61,,,6,21.00,2,F1,1,,,,,
2026-06-12,2026-06-12,CM,BSE,STK,516022,INE733A01018,STARPAPER,B,,,,,STAR PAPER MILLS LTD.,136.50,136.50,136.50,136.50,136.50,132.60,,135.55,,,254,34671.00,20,F1,1,,,,,
2026-06-12,2026-06-12,CM,BSE,STK,516030,INE551D01018,PAKKA,B,,,,,PAKKA LIMITED,77.85,79.99,77.50,79.86,79.60,77.85,,79.63,,,2850,225659.00,57,F1,1,,,,,
2026-06-12,2026-06-12,CM,BSE,STK,516032,INE385D01029,TAHMARENT,XT,,,,,TAHMAR ENTERPRISES LIMITED,6.51,6.51,6.00,6.09,6.09,6.23,,6.09,,,8515,52329.00,48,F1,1,,,,,
2026-06-12,2026-06-12,CM,BSE,STK,516038,INE737E01011,KSSMART,X,,,,,KS Smart Technologies Limited,153.80,157.75,143.60,146.50,146.50,151.15,,146.50,,,9642,1426504.00,240,F1,1,,,,,
2026-06-12,2026-06-12,CM,BSE,STK,516062,INE497C01016,NATPLY,Z,,,,,NATIONAL PLYWOOD INDUSTRIES LT,2.74,2.74,2.69,2.69,2.69,2.74,,2.69,,,799,2156.00,12,F1,1,,,,,
2026-06-12,2026-06-12,CM,BSE,STK,516064,INE570D01018,ARROWGREEN,T,,,,,Arrow Greentech Limited,570.00,595.00,555.00,584.85,579.00,572.45,,576.35,,,1309,757395.00,48,F1,1,,,,,
2026-06-12,2026-06-12,CM,BSE,STK,516072,INE270I01022,VISHNU,B,,,,,VISHNU CHEMICALS LTD.,585.00,592.65,583.80,590.70,587.40,578.60,,589.95,,,3234,1903426.00,232,F1,1,,,,,
2026-06-12,2026-06-12,CM,BSE,STK,516078,INE699D01015,JUMBO,X,,,,,JUMBO BAG LTD.,57.00,57.00,54.01,56.47,56.44,56.69,,56.47,,,3218,178267.00,54,F1,1,,,,,
2026-06-12,2026-06-12,CM,BSE,STK,516092,INE105C01023,3PLAND,B,,,,,3P LAND HOLDINGS LTD.,30.43,32.49,30.43,32.49,32.49,32.33,,32.10,,,106,3417.00,5,F1,1,,,,,
2026-06-12,2026-06-12,CM,BSE,STK,516096,INE384D01022,SANPA,X,,,,,SANGAL PAPERS LTD.,158.20,174.60,158.20,173.90,173.90,166.50,,173.90,,,58,9301.00,4,F1,1,,,,,
2026-06-12,2026-06-12,CM,BSE,STK,516098,INE810C01044,VENTURA,X,,,,,VENTURA TEXTILES LTD.,8.32,8.84,8.32,8.37,8.37,8.36,,8.37,,,2143,17934.00,19,F1,1,,,,,
2026-06-12,2026-06-12,CM,BSE,STK,516106,INE538D01015,SHKARTP,X,,,,,SHREE KARTHIK PAPERS LTD.,6.53,6.88,6.10,6.70,6.70,6.53,,6.70,,,2233,14832.00,25,F1,1,,,,,
2026-06-12,2026-06-12,CM,BSE,STK,516108,INE088G01014,STHINPA,X,,,,,SOUTH INDIA PAPER MILLS LTD.,93.16,93.62,93.15,93.62,93.62,92.70,,93.62,,,118,10992.00,6,F1,1,,,,,
2026-06-12,2026-06-12,CM,BSE,STK,516110,INE146N01016,FAMILYCARE,X,,,,,FAMILY CARE HOSPITALS LIMITED,3.18,3.22,3.11,3.15,3.11,3.12,,3.15,,,29124,92323.00,126,F1,1,,,,,
2026-06-12,2026-06-12,CM,BSE,STK,517015,INE707A01012,VINDHYATEL,B,,,,,VINDHYA TELELINKS LTD.,2056.55,2139.00,2056.50,2089.40,2085.05,1976.55,,2088.00,,,5869,12362604.00,733,F1,1,,,,,
2026-06-12,2026-06-12,CM,BSE,STK,517035,INE302D01024,RIR,B,,,,,RIR POWER ELECTRONICS LIMITED,169.80,172.50,167.05,170.30,170.30,165.30,,170.30,,,91938,15563725.00,1160,F1,1,,,,,
2026-06-12,2026-06-12,CM,BSE,STK,517041,INE045A01017,ADOR,B,,,,,ADOR WELDING LTD.,1136.15,1169.00,1129.20,1164.60,1162.85,1109.60,,1165.60,,,1350,1557769.00,215,F1,1,,,,,
2026-06-12,2026-06-12,CM,BSE,STK,517044,INE649R01010,IDM,X,,,,,INTERNATIONAL DATA MANAGEMENT,28.80,28.80,28.80,28.80,28.80,28.80,,28.80,,,154,4435.00,6,F1,1,,,,,
2026-06-12,2026-06-12,CM,BSE,STK,517059,INE457F01013,SALZERELEC,B,,,,,SALZER ELECTRONICS LTD.,622.90,635.30,615.25,633.65,634.10,620.35,,634.85,,,2407,1510870.00,199,F1,1,,,,,
2026-06-12,2026-06-12,CM,BSE,STK,517063,INE919C01019,JETKINGQ,X,,,,,JETKING INFOTRAIN LTD.,113.80,113.80,105.90,107.95,108.70,104.80,,107.95,,,922,100340.00,31,F1,1,,,,,
2026-06-12,2026-06-12,CM,BSE,STK,517077,INE115E01010,INDAGIV,X,,,,,IND-AGIV COMMERCE LTD.,57.22,60.08,57.22,60.08,60.08,57.22,,60.08,,,103,6173.00,5,F1,1,,,,,
2026-06-12,2026-06-12,CM,BSE,STK,517096,INE273A01015,APLAB,XT,,,,,APLAB LTD.,105.00,105.00,100.00,100.80,103.75,102.20,,100.80,,,564,57567.00,10,F1,1,,,,,
2026-06-12,2026-06-12,CM,BSE,STK,517119,INE834B01012,PCS,X,,,,,PCS TECHNOLOGY LTD.,19.60,19.60,19.50,19.60,19.60,19.28,,19.60,,,1150,22537.00,18,F1,1,,,,,
2026-06-12,2026-06-12,CM,BSE,STK,517146,INE228A01035,USHAMART,A,,,,,USHA MARTIN LTD.,481.55,491.00,481.55,486.40,486.00,480.05,,486.50,,,12770,6212646.00,733,F1,1,,,,,
2026-06-12,2026-06-12,CM,BSE,STK,517166,INE252A01019,SPELS,X,,,,,SPEL SEMICONDUCTOR LTD.,150.30,154.80,150.30,154.25,154.25,149.10,,154.25,,,26447,4053212.00,800,F1,1,,,,,
2026-06-12,2026-06-12,CM,BSE,STK,517168,INE287B01021,SUBROS,B,,,,,SUBROS LTD.,717.10,728.90,707.00,722.80,728.90,702.00,,721.55,,,888,634299.00,80,F1,1,,,,,
2026-06-12,2026-06-12,CM,BSE,STK,517170,INE125G01014,EDVENSWA,XT,,,,,Edvenswa Enterprises Limited,24.00,25.24,24.00,24.99,24.99,24.04,,24.99,,,20612,503563.00,61,F1,1,,,,,
2026-06-12,2026-06-12,CM,BSE,STK,517172,INE443P01038,PERVASIVE,XT,,,,,Pervasive Commodities Limited,2.88,2.88,2.88,2.88,2.88,2.75,,2.88,,,101,290.00,1,F1,1,,,,,
2026-06-12,2026-06-12,CM,BSE,STK,517174,INE671A01010,HONAUT,A,,,,,HONEYWELL AUTOMATION INDIA LTD,36300.50,36395.00,35427.25,36122.95,35945.00,35300.55,,36160.00,,,334,12052117.00,200,F1,1,,,,,
2026-06-12,2026-06-12,CM,BSE,STK,517201,INE311D01017,SWITCHTE,X,,,,,SWITCHING TECHNOLOGIES GUNTHER,98.49,98.49,92.50,92.93,93.00,93.90,,92.93,,,3977,375374.00,26,F1,1,,,,,
2026-06-12,2026-06-12,CM,BSE,STK,517206,INE162B01018,LUMAXIND,B,,,,,LUMAX INDUSTRIES LTD.,5106.85,5325.00,5106.85,5302.10,5295.45,5121.60,,5310.50,,,639,3368278.00,215,F1,1,,,,,
2026-06-12,2026-06-12,CM,BSE,STK,517214,INE927C01020,DIGISPICE,T,,,,,DIGISPICE TECHNOLOGIES LIMITED,20.68,20.68,20.07,20.65,20.65,19.93,,20.38,,,2242,45664.00,13,F1,1,,,,,
2026-06-12,2026-06-12,CM,BSE,STK,517236,INE216C01010,CALCOM,X,,,,,CALCOM VISION LTD.,78.00,81.00,78.00,78.99,79.00,77.21,,78.99,,,1801,141947.00,30,F1,1,,,,,
2026-06-12,2026-06-12,CM,BSE,STK,517238,INE083E01010,DYNAVSN,X,,,,,DYNAVISION LTD.,195.00,195.00,186.70,187.10,187.00,190.00,,187.10,,,245,45983.00,15,F1,1,,,,,
2026-06-12,2026-06-12,CM,BSE,STK,517246,INE788D01016,BCCFUBA,XT,,,,,BCC FUBA INDIA LTD.,153.50,155.90,150.25,152.15,151.20,153.70,,152.15,,,6796,1039815.00,94,F1,1,,,,,
2026-06-12,2026-06-12,CM,BSE,STK,517258,INE143C01024,PRECISIO,X,,,,,PRECISION ELECTRONICS LTD.,181.70,181.70,181.70,181.70,181.70,173.05,,181.70,,,701,127371.00,14,F1,1,,,,,
2026-06-12,2026-06-12,CM,BSE,STK,517264,INE087E01011,FINELINE,X,,,,,FINE-LINE CIRCUITS LTD.,51.99,51.99,49.85,50.17,50.77,52.47,,50.17,,,8887,446106.00,148,F1,1,,,,,
2026-06-12,2026-06-12,CM,BSE,STK,517271,INE292B01021,HBLENGINE,A,,,,,HBL ENGINEERING LIMITED,753.10,775.40,753.10,774.40,774.40,745.15,,774.30,,,43003,32849255.00,1821,F1,1,,,,,
2026-06-12,2026-06-12,CM,BSE,STK,517273,INE902B01017,S&SPOWER,T,,,,,S&S POWER SWITCHGEAR LTD.,413.95,413.95,413.95,413.95,413.95,413.90,,387.10,,,5,2069.00,2,F1,1,,,,,
2026-06-12,2026-06-12,CM,BSE,STK,517286,INE335Q01026,RNITAI,XT,,,,,RNIT AI SOLUTIONS LIMITED,63.03,63.06,62.00,63.06,63.06,61.83,,63.06,,,29569,1856612.00,67,F1,1,,,,,
2026-06-12,2026-06-12,CM,BSE,STK,517288,INE541F01022,GUJARATPOLY,X,,,,,Gujarat Poly Electronics Limit,53.10,57.25,53.10,56.45,56.10,55.93,,56.45,,,4215,234078.00,63,F1,1,,,,,
2026-06-12,2026-06-12,CM,BSE,STK,517300,INE162A01010,GIPCL,B,,,,,GUJARAT INDUSTRIES POWER CO.LT,156.95,161.40,156.55,160.80,161.40,155.30,,160.60,,,18864,3001572.00,398,F1,1,,,,,
2026-06-12,2026-06-12,CM,BSE,STK,517320,INE898E01011,MAGNUS,XT,,,,,MAGNUS STEEL AND INFRA LIMITED,119.75,119.75,119.75,119.75,119.75,126.05,,119.75,,,4822,577434.00,153,F1,1,,,,,
2026-06-12,2026-06-12,CM,BSE,STK,517334,INE775A01035,MOTHERSON,A,,,,,Samvardhana Motherson Internat,142.75,145.40,141.20,143.40,143.40,140.75,,143.40,,,971260,139076374.00,5960,F1,1,,,,,
2026-06-12,2026-06-12,CM,BSE,STK,517344,INE110B01017,MINDTECK,B,,,,,MINDTECK (INDIA) LTD.,202.00,211.60,202.00,208.20,205.00,200.75,,207.75,,,4407,910807.00,144,F1,1,,,,,
2026-06-12,2026-06-12,CM,BSE,STK,517354,INE176B01034,HAVELLS,A,,,,,HAVELLS INDIA LTD.,1142.25,1156.85,1135.00,1153.30,1156.00,1130.85,,1154.10,,,28775,33026504.00,2355,F1,1,,,,,
2026-06-12,2026-06-12,CM,BSE,STK,517356,INE167B01025,ACIIN,X,,,,,ACI INFOCOM LTD.,1.17,1.20,1.15,1.19,1.19,1.17,,1.19,,,28991,34052.00,137,F1,1,,,,,
2026-06-12,2026-06-12,CM,BSE,STK,517360,INE689V01018,SBECSYS,X,,,,,SBEC SYSTEMS (INDIA) LTD.,20.80,22.98,19.66,20.89,20.89,20.96,,20.89,,,1900,38901.00,26,F1,1,,,,,
2026-06-12,2026-06-12,CM,BSE,STK,517370,INE437C01012,INCAP,X,,,,,INCAP LTD.,77.25,80.00,76.86,79.38,77.15,77.24,,79.38,,,321,25072.00,19,F1,1,,,,,
2026-06-12,2026-06-12,CM,BSE,STK,517372,INE877E01015,GUJINTRX,X,,,,,GUJARAT INTRUX LTD.,431.95,431.95,421.00,426.55,426.95,425.35,,426.55,,,995,423324.00,91,F1,1,,,,,
2026-06-12,2026-06-12,CM,BSE,STK,517380,INE188B01013,IGARASHI,B,,,,,IGARASHI MOTORS INDIA LTD.,372.00,388.35,370.00,377.80,377.80,365.50,,379.30,,,3507,1326659.00,193,F1,1,,,,,
2026-06-12,2026-06-12,CM,BSE,STK,517385,INE225D01027,SYMPHONY,B,,,,,SYMPHONY LIMITED,668.00,674.60,658.80,670.10,670.10,661.55,,669.85,,,6368,4240987.00,412,F1,1,,,,,
2026-06-12,2026-06-12,CM,BSE,STK,517393,INE043B01028,REGANTO,Z,,,,,REGANTO ENTERPRISES LIMITED,7.71,7.84,7.36,7.49,7.50,7.74,,7.49,,,148203,1101551.00,374,F1,1,,,,,
2026-06-12,2026-06-12,CM,BSE,STK,517397,INE648E01010,PANELEC,X,,,,,PAN ELECTRONICS INDIA LTD.,25.25,25.50,24.10,24.10,24.10,25.25,,24.10,,,541,13751.00,4,F1,1,,,,,
2026-06-12,2026-06-12,CM,BSE,STK,517399,INE756A01019,VXLINSTR,XT,,,,,VXL INSTRUMENTS LTD.,3.15,3.27,3.00,3.27,3.27,3.12,,3.27,,,5948,17941.00,18,F1,1,,,,,
2026-06-12,2026-06-12,CM,BSE,STK,517411,INE635A01023,SHYAMTEL,T,,,,,SHYAM TELECOM LTD.,16.47,16.47,16.47,16.47,16.47,16.80,,15.69,,,100,1647.00,1,F1,1,,,,,
2026-06-12,2026-06-12,CM,BSE,STK,517415,INE791B01014,LEENEE,X,,,,,LEE & NEE SOFTWARES (EXPORTS),7.10,7.78,7.10,7.30,7.46,7.28,,7.30,,,1879,13964.00,42,F1,1,,,,,
2026-06-12,2026-06-12,CM,BSE,STK,517417,INE082C01024,PATELSAI,XT,,,,,PATELS AIRTEMP (INDIA) LTD.,290.90,292.00,278.00,289.00,289.00,279.55,,289.00,,,2572,741481.00,105,F1,1,,,,,
2026-06-12,2026-06-12,CM,BSE,STK,517421,INE295F01017,BUTTERFLY,B,,,,,BUTTERFLY GANDHIMATHI APPLIANC,626.00,636.20,626.00,627.65,627.90,626.40,,627.15,,,1302,820016.00,97,F1,1,,,,,
2026-06-12,2026-06-12,CM,BSE,STK,517429,INE576B01019,ATHENAGLO,XT,,,,,Athena Global Technologies Lim,61.56,62.00,60.90,61.90,60.90,61.56,,61.90,,,940,58082.00,12,F1,1,,,,,
2026-06-12,2026-06-12,CM,BSE,STK,517431,INE060D01028,NARMP,X,,,,,NARMADA MACPLAST DRIP IRRIGATI,20.75,21.45,20.75,21.41,21.39,20.63,,21.41,,,46233,973975.00,193,F1,1,,,,,
2026-06-12,2026-06-12,CM,BSE,STK,517447,INE165B01029,RSSOFTWARE,T,,,,,R.S.SOFTWARE INDIA LTD.,31.27,31.27,30.40,30.50,30.50,31.26,,31.17,,,1683,51345.00,13,F1,1,,,,,
2026-06-12,2026-06-12,CM,BSE,STK,517449,INE437D01010,MAGNAELQ,XT,,,,,MAGNA ELECTRO CASTINGS LTD.,1025.75,1069.95,1014.00,1023.80,1025.00,1025.75,,1023.80,,,168,171206.00,12,F1,1,,,,,
2026-06-12,2026-06-12,CM,BSE,STK,517467,INE415B01044,MARSONS,B,,,,,MARSONS LIMITED,115.25,123.50,114.10,117.60,117.60,111.25,,117.47,,,289304,34092813.00,2201,F1,1,,,,,
2026-06-12,2026-06-12,CM,BSE,STK,517477,INE033C01019,ELNET,X,,,,,ELNET TECHNOLOGIES LTD.,330.00,334.50,330.00,330.00,330.00,330.60,,330.00,,,155,51374.00,9,F1,1,,,,,
2026-06-12,2026-06-12,CM,BSE,STK,517494,INE258C01038,ACCEL,X,,,,,ACCEL LIMITED,12.75,13.45,12.70,13.15,13.16,12.95,,13.15,,,2552,33169.00,30,F1,1,,,,,
2026-06-12,2026-06-12,CM,BSE,STK,517498,INE855C01023,WEBELSOLAR,A,,,,,WEBSOL ENERGY SYSTEM LTD.,102.85,104.80,101.60,103.60,103.60,100.00,,103.63,,,276146,28471115.00,1725,F1,1,,,,,
2026-06-12,2026-06-12,CM,BSE,STK,517500,INE535D01037,ROTO,B,,,,,ROTO PUMPS LTD.,59.00,68.35,59.00,64.48,64.48,58.07,,64.52,,,487704,31982797.00,4028,F1,1,,,,,
2026-06-12,2026-06-12,CM,BSE,STK,517506,INE690A01028,TTKPRESTIG,A,,,,,TTK PRESTIGE LTD.,538.35,540.95,525.20,536.35,536.00,531.90,,537.05,,,5478,2908824.00,274,F1,1,,,,,
2026-06-12,2026-06-12,CM,BSE,STK,517514,INE589D01018,DHINDIA,XT,,,,,D&H INDIA LTD,224.80,224.80,211.00,215.35,216.30,215.80,,215.35,,,6946,1485318.00,96,F1,1,,,,,
2026-06-12,2026-06-12,CM,BSE,STK,517522,INE451D01029,RAJRATAN,B,,,,,RAJRATAN GLOBAL WIRE LTD.,450.00,465.00,443.10,459.10,460.00,439.90,,459.20,,,11389,5200458.00,521,F1,1,,,,,
2026-06-12,2026-06-12,CM,BSE,STK,517530,INE130B01031,SURANAT&P,B,,,,,SURANA TELECOM AND POWER LIMIT,17.67,18.90,17.67,18.20,18.24,17.81,,18.25,,,1055,19359.00,22,F1,1,,,,,
2026-06-12,2026-06-12,CM,BSE,STK,517536,INE229A01017,ONWARDTEC,B,,,,,ONWARD TECHNOLOGIES LTD.,254.70,254.95,247.05,247.80,249.85,250.00,,248.15,,,3037,762240.00,219,F1,1,,,,,
2026-06-12,2026-06-12,CM,BSE,STK,517544,INE320B01020,CENTUM,B,,,,,CENTUM ELECTRONICS LTD.,3459.50,3636.00,3422.60,3588.70,3580.05,3380.70,,3583.50,,,3910,13858671.00,576,F1,1,,,,,
2026-06-12,2026-06-12,CM,BSE,STK,517546,INE209C01015,ALFATRAN,XT,,,,,ALFA TRANSFORMERS LTD.,48.38,48.38,48.38,48.38,48.38,49.36,,48.38,,,4933,238658.00,42,F1,1,,,,,
2026-06-12,2026-06-12,CM,BSE,STK,517554,INE141C01036,NHCFOODS,XT,,,,,NHC FOODS LTD.,1.24,1.28,1.23,1.25,1.25,1.22,,1.25,,,2716952,3422666.00,594,F1,1,,,,,
2026-06-12,2026-06-12,CM,BSE,STK,517556,INE362A01016,PVP,B,,,,,PVP VENTURES LTD.,30.83,32.50,30.75,31.21,31.32,30.91,,31.10,,,20109,630521.00,138,F1,1,,,,,
2026-06-12,2026-06-12,CM,BSE,STK,517562,INE948A01012,TRIGYN,B,,,,,TRIGYN TECHNOLOGIES LTD.,56.00,56.00,53.77,55.17,55.00,54.51,,54.39,,,2497,135756.00,45,F1,1,,,,,
2026-06-12,2026-06-12,CM,BSE,STK,517569,INE878B01027,KEI,A,,,,,KEI INDUSTRIES LTD.,5384.40,5384.40,5225.00,5369.05,5370.75,5177.95,,5369.50,,,36259,191487493.00,2659,F1,1,,,,,
2026-06-12,2026-06-12,CM,BSE,STK,518011,INE145L01012,KEERTHI,X,,,,,KEERTHI INDUSTRIES LTD.,41.95,41.95,40.00,40.79,40.79,40.00,,40.79,,,635,25403.00,10,F1,1,,,,,
2026-06-12,2026-06-12,CM,BSE,STK,518053,INE827D01020,SRICC,X,,,,,Sri Chakra Cement Limited,44.42,45.89,42.00,45.01,45.00,44.43,,45.01,,,1098,48736.00,28,F1,1,,,,,
2026-06-12,2026-06-12,CM,BSE,STK,518075,INE069E01019,SURAJ,Z,,,,,SURAJ PRODUCTS LTD.,245.95,245.95,225.60,235.00,241.65,236.95,,235.00,,,1637,380104.00,45,F1,1,,,,,
2026-06-12,2026-06-12,CM,BSE,STK,518091,INE071F01012,APCL,B,,,,,ANJANI PORTLAND CEMENT LTD.,109.35,110.00,105.80,109.90,109.90,106.20,,108.61,,,692,75696.00,24,F1,1,,,,,
2026-06-12,2026-06-12,CM,BSE,STK,519003,INE537F01012,MODINATUR,T,,,,,MODI NATURALS LIMITED,422.00,433.90,410.10,433.90,433.90,421.20,,429.95,,,451,190095.00,19,F1,1,,,,,
2026-06-12,2026-06-12,CM,BSE,STK,519014,INE100E01012,PRSNTIN,X,,,,,PRASHANT INDIA LTD.,19.49,19.49,19.49,19.49,19.49,19.49,,19.49,,,50,974.00,1,F1,1,,,,,
2026-06-12,2026-06-12,CM,BSE,STK,519091,INE488B01017,TASTYBITE,B,,,,,TASTY BITE EATABLES LTD.,8250.00,8276.00,8048.00,8164.00,8199.00,8004.65,,8177.50,,,112,913544.00,56,F1,1,,,,,
2026-06-12,2026-06-12,CM,BSE,STK,519097,INE534D01014,RITESHIN,X,,,,,RITESH INTERNATIONAL LTD.,48.00,51.00,46.00,51.00,51.00,48.32,,51.00,,,6729,332729.00,35,F1,1,,,,,
2026-06-12,2026-06-12,CM,BSE,STK,519105,INE488D01021,AVTNPL,B,,,,,AVT NATURAL PRODUCTS LTD.,70.29,70.58,67.92,70.53,70.58,69.04,,70.01,,,5868,406144.00,100,F1,1,,,,,
2026-06-12,2026-06-12,CM,BSE,STK,519126,INE254N01026,HNDFDS,B,,,,,HINDUSTAN FOODS LTD.,536.05,538.85,527.50,529.65,531.90,528.20,,529.70,,,1793,959369.00,100,F1,1,,,,,
2026-06-12,2026-06-12,CM,BSE,STK,519136,INE289A01011,NAHARINDUS,B,,,,,NAHAR INDUSTRIAL ENTERPRISES L,117.25,118.05,116.10,116.40,116.40,116.70,,117.26,,,125,14585.00,8,F1,1,,,,,
2026-06-12,2026-06-12,CM,BSE,STK,519152,INE693D01018,VADILENT,X,,,,,VADILAL ENTERPRISES LTD.,9801.00,9895.00,9800.00,9880.00,9880.00,9800.00,,9880.00,,,7,68776.00,7,F1,1,,,,,
2026-06-12,2026-06-12,CM,BSE,STK,519156,INE694D01016,VADILALIND,B,,,,,VADILAL INDUSTRIES LTD.,5841.05,6125.00,5841.05,6012.05,5996.30,5933.15,,6009.30,,,1544,9314208.00,297,F1,1,,,,,
2026-06-12,2026-06-12,CM,BSE,STK,519174,INE709D01012,ASHAI,XT,,,,,ASHIANA AGRO INDUSTRIES LTD.,9.88,9.88,9.88,9.88,9.88,9.41,,9.88,,,380,3754.00,4,F1,1,,,,,
2026-06-12,2026-06-12,CM,BSE,STK,519183,INE982B01027,ADFFOODS,B,,,,,ADF FOODS LTD.,280.05,284.60,275.75,282.50,284.40,273.25,,283.20,,,5211,1462331.00,138,F1,1,,,,,
2026-06-12,2026-06-12,CM,BSE,STK,519191,INE601N01010,RGRL,Z,,,,,Retro Green Revolution Limited,1.49,1.53,1.45,1.53,1.53,1.49,,1.53,,,12687,19201.00,24,F1,1,,,,,
2026-06-12,2026-06-12,CM,BSE,STK,519214,INE188E01017,WILLIMFI,X,,,,,WILLIAMSON FINANCIAL SERVICES,8.19,8.19,8.19,8.19,8.19,7.80,,8.19,,,10,81.00,1,F1,1,,,,,
2026-06-12,2026-06-12,CM,BSE,STK,519216,INE601B01023,AJANTSOY,X,,,,,AJANTA SOYA LTD.,21.84,22.48,20.31,21.22,21.22,21.75,,21.22,,,23601,506055.00,229,F1,1,,,,,
2026-06-12,2026-06-12,CM,BSE,STK,519224,INE210A01017,WILLAMAGOR,B,,,,,WILLIAMSON MAGOR & COMPANY LTD,25.03,25.03,25.03,25.03,25.03,26.90,,25.46,,,10,250.00,1,F1,1,,,,,
2026-06-12,2026-06-12,CM,BSE,STK,519230,INE102C01020,KISAAN,X,,,,,KISAAN PARIVAR INDUSTRIES LIMI,17.00,17.00,16.11,16.99,17.00,16.91,,16.99,,,5292,88416.00,40,F1,1,,,,,
2026-06-12,2026-06-12,CM,BSE,STK,519234,INE843L01012,SIEL,X,,,,,SUPERIOR INDUSTRIAL ENTERPRISE,30.00,31.00,30.00,31.00,31.00,30.00,,31.00,,,146,4414.00,10,F1,1,,,,,
2026-06-12,2026-06-12,CM,BSE,STK,519238,INE233P01017,SPTRSHI,X,,,,,SAPTARISHI AGRO INDUSTRIES LTD,31.50,32.75,31.50,32.30,32.30,31.71,,32.30,,,20,640.00,3,F1,1,,,,,
2026-06-12,2026-06-12,CM,BSE,STK,519260,INE890C01046,SANWARIA,Z,,,,,SANWARIA CONSUMER LIMITED,0.49,0.49,0.49,0.49,0.49,0.49,,0.22,,,1094,536.00,5,F1,1,,,,,
2026-06-12,2026-06-12,CM,BSE,STK,519262,INE297D01018,PRIMAGR,X,,,,,PRIMA AGRO LTD.,14.75,15.67,14.75,15.59,15.67,14.25,,15.59,,,1013,15437.00,23,F1,1,,,,,
2026-06-12,2026-06-12,CM,BSE,STK,519285,INE906C01016,TARAI,Z,,,,,TARAI FOODS LTD.,5.31,5.31,5.31,5.31,5.31,5.30,,5.31,,,300,1593.00,1,F1,1,,,,,
2026-06-12,2026-06-12,CM,BSE,STK,519287,INE617B01011,MODAIRY,X,,,,,MODERN DAIRIES LTD.,34.48,34.48,33.35,34.18,34.35,33.73,,34.18,,,4457,151144.00,59,F1,1,,,,,
2026-06-12,2026-06-12,CM,BSE,STK,519295,INE921D01013,BAMBINO,X,,,,,BAMBINO AGRO INDUSTRIES LTD.,214.95,214.95,202.00,204.05,204.90,206.00,,204.05,,,1171,239286.00,56,F1,1,,,,,
2026-06-12,2026-06-12,CM,BSE,STK,519299,INE543F01028,PRIMIND,XT,,,,,PRIME INDUSTRIES LTD.,46.46,46.46,42.10,44.95,44.95,44.25,,44.95,,,6641,290132.00,29,F1,1,,,,,
2026-06-12,2026-06-12,CM,BSE,STK,519307,INE706A01022,VIKASWSP,Z,,,,,VIKAS WSP LTD.,0.97,0.99,0.94,0.96,0.96,0.95,,0.96,,,117609,113183.00,58,F1,1,,,,,
2026-06-12,2026-06-12,CM,BSE,STK,519331,INE923K01014,VSFPROJ,X,,,,,VSF PROJECTS LTD.,38.79,38.79,31.12,33.73,33.00,33.00,,33.73,,,842,29429.00,13,F1,1,,,,,
2026-06-12,2026-06-12,CM,BSE,STK,519353,INE856E01019,BANSTEA,ZP,,,,,BANSISONS TEA INDUSTRIES LTD.,10.83,10.83,10.83,10.83,10.83,11.39,,10.83,,,100,1083.00,1,F1,100,,,,,
2026-06-12,2026-06-12,CM,BSE,STK,519367,INE213P01027,TRANSFD,X,,,,,TRANSGLOBE FOODS LTD.,490.75,490.75,489.95,489.95,489.95,467.40,,489.95,,,2,980.00,2,F1,1,,,,,
2026-06-12,2026-06-12,CM,BSE,STK,519383,INE087B01017,ANIKINDS,T,,,,,ANIK INDUSTRIES LTD.,44.40,44.40,41.61,43.00,43.00,43.75,,42.99,,,578,24623.00,13,F1,1,,,,,
2026-06-12,2026-06-12,CM,BSE,STK,519397,INE220Z01013,SHINDL,B,,,,,SHARAT INDUSTRIES LTD.,158.50,159.50,155.30,156.95,156.15,156.40,,156.58,,,57987,9154354.00,259,F1,1,,,,,
2026-06-12,2026-06-12,CM,BSE,STK,519421,INE953E01022,KSE,X,,,,,KSE LTD.,189.95,189.95,179.00,184.65,184.65,187.80,,184.65,,,45294,8275083.00,467,F1,1,,,,,
2026-06-12,2026-06-12,CM,BSE,STK,519457,INE295C01014,VIRATCRA,X,,,,,VIRAT CRANE INDUSTRIES LTD.,34.94,37.43,33.60,35.76,35.76,35.61,,35.76,,,4332,152064.00,33,F1,1,,,,,
2026-06-12,2026-06-12,CM,BSE,STK,519463,INE678B01039,IBINFO,XT,,,,,IB INFOTECH ENTERPRISES LTD.,53.56,53.56,53.56,53.56,53.56,54.65,,53.56,,,322,17246.00,14,F1,1,,,,,
2026-06-12,2026-06-12,CM,BSE,STK,519471,INE072V01017,AMBARPIL,X,,,,,Ambar Protein Industries Limit,179.45,188.00,179.45,186.45,186.45,175.10,,186.45,,,199,36814.00,25,F1,1,,,,,
2026-06-12,2026-06-12,CM,BSE,STK,519475,INE975C01011,CHORDIA,X,,,,,CHORDIA FOOD PRODUCTS LTD.,70.31,72.52,70.30,72.52,72.52,74.00,,72.52,,,23,1628.00,3,F1,1,,,,,
2026-06-12,2026-06-12,CM,BSE,STK,519477,INE052V01019,CIANAGRO,T,,,,,CIAN Agro Ind & Infra Ltd,1536.15,1536.15,1536.15,1536.15,1536.15,1463.00,,1536.15,,,33496,51454880.00,728,F1,1,,,,,
2026-06-12,2026-06-12,CM,BSE,STK,519479,INE112B01013,OMEAG,X,,,,,OMEGA AG-SEEDS (PUNJAB) LTD.,9.66,9.66,9.66,9.66,9.66,9.66,,9.66,,,25,241.00,1,F1,1,,,,,
2026-06-12,2026-06-12,CM,BSE,STK,519494,INE542C01019,NKIND,B,,,,,N.K.INDUSTRIES LTD.,64.00,64.00,63.00,63.00,63.00,58.35,,64.21,,,2,127.00,2,F1,1,,,,,
2026-06-12,2026-06-12,CM,BSE,STK,519500,INE356C01022,BKV,X,,,,,BKV INDUSTRIES LTD.,10.04,10.81,10.04,10.09,10.05,10.62,,10.09,,,1824,18688.00,29,F1,1,,,,,
2026-06-12,2026-06-12,CM,BSE,STK,519506,INE630N01019,NCCBLUE,P,,,,,NCC BLUE WATER PRODUCTS LTD.,18.96,19.55,18.96,19.55,19.55,19.95,,19.55,,,5200,99191.00,9,F1,100,,,,,
2026-06-12,2026-06-12,CM,BSE,STK,519528,INE369C01017,NORBTEAEXP,B,,,,,NORBEN TEA & EXPORTS LTD.,78.91,78.91,73.15,75.40,76.00,76.99,,74.97,,,572,42464.00,29,F1,1,,,,,
2026-06-12,2026-06-12,CM,BSE,STK,519532,INE822B01017,ASIANTNE,X,,,,,ASIAN TEA & EXPORTS LTD.,9.17,9.44,8.90,8.93,8.93,8.99,,8.93,,,30419,275492.00,89,F1,1,,,,,
2026-06-12,2026-06-12,CM,BSE,STK,519552,INE978A01027,HERITGFOOD,A,,,,,HERITAGE FOODS LIMITED,315.85,323.00,315.85,320.10,320.00,315.35,,320.00,,,28101,8997414.00,1143,F1,1,,,,,
2026-06-12,2026-06-12,CM,BSE,STK,519566,INE354D01017,SIMRAN,X,,,,,SIMRAN FARMS LTD.,146.00,153.80,146.00,153.70,153.80,149.15,,153.70,,,4103,618935.00,16,F1,1,,,,,
2026-06-12,2026-06-12,CM,BSE,STK,519574,INE092301014,HINDUST,X,,,,,HINDUSTAN AGRIGENETICS LTD.,41.00,46.99,41.00,44.70,43.50,42.51,,44.70,,,144,6122.00,17,F1,1,,,,,
2026-06-12,2026-06-12,CM,BSE,STK,519600,INE421D01022,CCL,A,,,,,CCL PRODUCTS (INDIA) LTD.,1153.95,1153.95,1120.85,1128.75,1131.00,1131.70,,1129.30,,,52583,60040470.00,2325,F1,1,,,,,
2026-06-12,2026-06-12,CM,BSE,STK,519602,INE164B01030,KELLTONTEC,B,,,,,KELLTON TECH SOLUTIONS LTD.,15.11,15.42,15.11,15.29,15.25,15.03,,15.25,,,132978,2027583.00,549,F1,1,,,,,
2026-06-12,2026-06-12,CM,BSE,STK,519604,INE565E01016,SURFI,X,,,,,SURYO FOODS & INDUSTRIES LTD.,18.19,18.80,17.35,18.77,18.77,18.19,,18.77,,,1459,26904.00,11,F1,1,,,,,
2026-06-12,2026-06-12,CM,BSE,STK,519606,INE177M01013,INTEGFD,XT,,,,,INTEGRATED PROTEINS LTD.,139.90,142.70,139.90,142.70,142.70,139.95,,142.70,,,3980,567610.00,10,F1,1,,,,,
2026-06-12,2026-06-12,CM,BSE,STK,519612,INE734D01010,LAKESHORE,X,,,,,LAKE SHORE REALTY LIMITED,63.90,64.49,61.02,64.35,64.48,63.90,,64.35,,,162,10152.00,15,F1,1,,,,,
2026-06-12,2026-06-12,CM,BSE,STK,520008,INE209B01025,RICOAUTO,B,,,,,RICO AUTO INDUSTRIES LTD.,128.40,134.50,128.40,133.25,132.60,127.35,,133.19,,,125163,16607355.00,797,F1,1,,,,,
2026-06-12,2026-06-12,CM,BSE,STK,520021,INE090B01011,OMAXAUTO,T,,,,,OMAX AUTOS LTD.,216.00,226.80,216.00,226.80,226.80,216.00,,227.05,,,3653,804622.00,58,F1,1,,,,,
2026-06-12,2026-06-12,CM,BSE,STK,520043,INE577A01027,MUNJALSHOW,B,,,,,MUNJAL SHOWA LTD.,129.30,129.95,127.25,127.60,128.45,127.05,,127.73,,,1365,174165.00,26,F1,1,,,,,
2026-06-12,2026-06-12,CM,BSE,STK,520051,INE039C01032,JAMNAAUTO,B,,,,,JAMNA AUTO INDUSTRIES LTD.,117.10,122.50,116.65,121.90,122.15,114.90,,121.81,,,125422,15086854.00,1279,F1,1,,,,,
2026-06-12,2026-06-12,CM,BSE,STK,520056,INE105A01035,TVSHLTD,A,,,,,TVS Holdings Limited,13394.95,13394.95,13225.70,13314.80,13307.00,13324.15,,13310.00,,,121,1610956.00,83,F1,1,,,,,
2026-06-12,2026-06-12,CM,BSE,STK,520057,INE643A01035,JTEKTINDIA,B,,,,,JTEKT India Ltd,120.90,125.65,120.90,125.45,125.60,120.95,,125.35,,,16306,2028102.00,183,F1,1,,,,,
2026-06-12,2026-06-12,CM,BSE,STK,520059,INE672B01032,MUNJALAU,B,,,,,MUNJAL AUTO INDUSTRIES LTD.,95.45,101.63,95.45,98.06,98.06,95.55,,97.94,,,68751,6881911.00,697,F1,1,,,,,
2026-06-12,2026-06-12,CM,BSE,STK,520066,INE571B01036,JAYBARMARU,B,,,,,JAY BHARAT MARUTI LTD.,134.65,144.90,134.50,144.90,144.90,131.75,,144.72,,,208553,29793394.00,1600,F1,1,,,,,
2026-06-12,2026-06-12,CM,BSE,STK,520073,INE704B01017,RACLGEAR,B,,,,,RACL Geartech Limited,1249.90,1282.50,1241.30,1278.45,1281.00,1226.70,,1277.50,,,941,1190985.00,132,F1,1,,,,,
2026-06-12,2026-06-12,CM,BSE,STK,520075,INE706B01012,SAMKRG,X,,,,,SAMKRG PISTONS & RINGS LTD.,121.00,121.00,118.00,119.80,119.80,118.10,,119.80,,,2745,325430.00,42,F1,1,,,,,
2026-06-12,2026-06-12,CM,BSE,STK,520086,INE075B01020,SICALLOG,T,,,,,SICAL LOGISTICS LTD.,80.80,80.85,79.00,80.85,80.85,77.00,,83.05,,,22383,1804666.00,61,F1,1,,,,,
2026-06-12,2026-06-12,CM,BSE,STK,520111,INE703B01027,RATNAMANI,A,,,,,RATNAMANI METALS & TUBES LTD.,2545.00,2594.00,2530.00,2581.40,2581.30,2529.70,,2580.50,,,989,2527186.00,374,F1,1,,,,,
2026-06-12,2026-06-12,CM,BSE,STK,520113,INE386A01023,VESUVIUS,A,,,,,VESUVIUS INDIA LTD.,445.55,456.55,445.10,454.10,454.40,447.70,,452.65,,,7770,3516895.00,216,F1,1,,,,,
2026-06-12,2026-06-12,CM,BSE,STK,520119,INE900C01027,ASAL,B,,,,,AUTOMOTIVE STAMPINGS & ASSEMBL,495.15,504.35,489.85,501.20,504.35,487.10,,501.30,,,464,229053.00,50,F1,1,,,,,
2026-06-12,2026-06-12,CM,BSE,STK,520121,INE276D01012,ARCEEIN,X,,,,,ARCEE INDUSTRIES LTD.,14.28,14.28,13.60,14.28,14.28,13.60,,14.28,,,550,7851.00,7,F1,1,,,,,
2026-06-12,2026-06-12,CM,BSE,STK,520123,INE125D01011,ABCINDQ,X,,,,,ABC INDIA LTD.,65.63,65.63,62.68,63.12,63.12,65.66,,63.12,,,965,61607.00,24,F1,1,,,,,
2026-06-12,2026-06-12,CM,BSE,STK,520127,INE654B01014,BALTE,X,,,,,BALURGHAT TECHNOLOGIES LTD.,12.76,13.22,12.10,12.76,12.76,12.70,,12.76,,,902,11423.00,26,F1,1,,,,,
2026-06-12,2026-06-12,CM,BSE,STK,520131,INE229E01019,COARO,P,,,,,COASTAL ROADWAYS LTD.,24.50,24.50,24.50,24.50,24.50,25.75,,24.50,,,100,2450.00,1,F1,100,,,,,
2026-06-12,2026-06-12,CM,BSE,STK,520141,INE441C01014,SIBARAUT,X,,,,,SIBAR AUTO PARTS LTD.,7.63,7.97,7.63,7.70,7.70,7.49,,7.70,,,187,1458.00,10,F1,1,,,,,
2026-06-12,2026-06-12,CM,BSE,STK,520151,INE757B01015,TRANSWORLD,B,,,,,TRANSWORLD SHIPPING LINES LIMI,159.40,162.90,159.05,162.35,162.90,157.95,,161.24,,,771,124817.00,31,F1,1,,,,,
2026-06-12,2026-06-12,CM,BSE,STK,520155,INE580C01019,STARLOG,X,,,,,Starlog Enterprises Limited,38.44,39.14,36.60,37.46,37.46,37.90,,37.46,,,3007,112244.00,24,F1,1,,,,,
2026-06-12,2026-06-12,CM,BSE,STK,521005,INE807M01031,TITANIN,X,,,,,TITAN INTECH LIMITED,1.00,1.03,0.97,0.97,0.97,1.00,,0.97,,,10295017,10242564.00,1489,F1,1,,,,,
2026-06-12,2026-06-12,CM,BSE,STK,521014,INE022C01012,EUROTEXIND,B,,,,,EUROTEX INDUSTRIES & EXPORTS L,19.70,20.64,19.31,19.90,19.31,21.45,,19.48,,,4466,88273.00,67,F1,1,,,,,
2026-06-12,2026-06-12,CM,BSE,STK,521016,INE483B01026,ICIL,A,,,,,INDO COUNT INDUSTRIES LTD.,324.45,346.00,322.25,345.20,344.05,322.30,,344.50,,,20829,7063493.00,476,F1,1,,,,,
2026-06-12,2026-06-12,CM,BSE,STK,521034,INE314C01013,SOMATEX,B,,,,,SOMA TEXTILES & INDUSTRIES LTD,95.75,96.90,93.85,94.95,94.50,93.50,,94.96,,,2458,235151.00,96,F1,1,,,,,
2026-06-12,2026-06-12,CM,BSE,STK,521036,INE695C01015,SOURCEIND,XT,,,,,SOURCE INDUSTRIES (INDIA) LTD.,18.68,18.68,18.68,18.68,18.68,18.32,,18.68,,,150,2802.00,2,F1,1,,,,,
2026-06-12,2026-06-12,CM,BSE,STK,521048,INE900E01015,ADVLIFE,X,,,,,ADVANCE LIFESTYLES LTD.,29.99,29.99,27.33,28.12,28.00,28.76,,28.12,,,1924,53241.00,23,F1,1,,,,,
2026-06-12,2026-06-12,CM,BSE,STK,521054,INE092E01011,KAKTEX,X,,,,,KAKATIYA TEXTILES LTD.,8.46,8.55,8.46,8.55,8.55,8.90,,8.55,,,163,1385.00,6,F1,1,,,,,
2026-06-12,2026-06-12,CM,BSE,STK,521062,INE814L01013,OCTAVE,X,,,,,PERFECT-OCTAVE MEDIA PROJECTS,4.14,4.14,3.92,3.98,4.04,4.04,,3.98,,,3964,15896.00,17,F1,1,,,,,
2026-06-12,2026-06-12,CM,BSE,STK,521064,INE064C01022,TRIDENT,A,,,,,TRIDENT LTD.,23.79,24.24,23.74,24.19,24.19,23.57,,24.19,,,569499,13653548.00,2117,F1,1,,,,,
2026-06-12,2026-06-12,CM,BSE,STK,521070,INE270A01029,ALOKINDS,A,,,,,ALOK INDUSTRIES LTD.,12.20,12.24,11.91,12.18,12.18,11.86,,12.16,,,676331,8150206.00,1773,F1,1,,,,,
2026-06-12,2026-06-12,CM,BSE,STK,521080,INE604F01010,PASARI,X,,,,,PASARI SPINNING MILLS LTD.,7.34,7.60,6.74,7.41,7.60,7.20,,7.41,,,27308,202314.00,29,F1,1,,,,,
2026-06-12,2026-06-12,CM,BSE,STK,521097,INE484D01012,AMARJOTHI,X,,,,,AMARJOTHI SPINNING MILLS LTD.,164.25,164.25,160.40,161.45,160.50,160.25,,161.45,,,733,118873.00,28,F1,1,,,,,
2026-06-12,2026-06-12,CM,BSE,STK,521105,INE482O01021,OLYMPTX,X,,,,,OLYMPIA INDUSTRIES LTD.,29.15,30.70,29.15,30.50,30.50,30.95,,30.50,,,204,6081.00,12,F1,1,,,,,
2026-06-12,2026-06-12,CM,BSE,STK,521109,INE123B01028,NAGREEKEXP,B,,,,,NAGREEKA EXPORTS LTD.,24.90,27.73,24.90,26.55,26.55,26.79,,26.75,,,882,23316.00,30,F1,1,,,,,
2026-06-12,2026-06-12,CM,BSE,STK,521113,INE691D01012,SUDTIND-B,X,,,,,SUDITI INDUSTRIES LTD.,93.75,93.75,89.35,91.38,91.50,89.28,,91.38,,,16096,1475987.00,51,F1,1,,,,,
2026-06-12,2026-06-12,CM,BSE,STK,521131,INE363D01018,SBFL,X,,,,,Shree Bhavya Fabrics Limited,22.05,22.74,21.02,22.62,22.69,22.56,,22.62,,,1912,42052.00,41,F1,1,,,,,
2026-06-12,2026-06-12,CM,BSE,STK,521137,INE958A01011,EUREKAI,XT,,,,,EUREKA INDUSTRIES LTD.,11.06,11.06,11.06,11.06,11.06,10.85,,11.06,,,150085,1659940.00,24,F1,1,,,,,
2026-06-12,2026-06-12,CM,BSE,STK,521141,INE122D01026,ADITYASP,X,,,,,ADITYA SPINNERS LTD.,15.20,15.20,14.42,14.93,15.13,15.13,,14.93,,,1052,15544.00,24,F1,1,,,,,
2026-06-12,2026-06-12,CM,BSE,STK,521149,INE419E01024,PRIMEURB,X,,,,,PRIME URBAN DEVELOPMENT INDIA,9.60,9.60,8.27,8.87,8.89,8.01,,8.87,,,7747,69941.00,29,F1,1,,,,,
2026-06-12,2026-06-12,CM,BSE,STK,521151,INE953D01016,DHANFAB,X,,,,,DHANLAXMI FABRICS LTD.,50.00,50.00,50.00,50.00,50.00,50.05,,50.00,,,1,50.00,1,F1,1,,,,,
2026-06-12,2026-06-12,CM,BSE,STK,521161,INE456D01010,SLSTLQ,X,,,,,SRI LAKSHMI SARASWATHI TEXTILE,25.00,25.20,25.00,25.20,25.20,24.00,,25.20,,,513,12826.00,9,F1,1,,,,,
2026-06-12,2026-06-12,CM,BSE,STK,521163,INE206B01013,ZODIACLOTH,B,,,,,ZODIAC CLOTHING CO.LTD.,73.50,75.19,73.50,74.32,74.50,74.16,,74.38,,,6014,446451.00,47,F1,1,,,,,
2026-06-12,2026-06-12,CM,BSE,STK,521178,INE306D01017,SRMCL,XT,,,,,SRI RAMAKRISHNA MILLS (COIMBAT,55.89,58.00,54.25,56.76,58.00,55.24,,56.76,,,5457,304322.00,48,F1,1,,,,,
2026-06-12,2026-06-12,CM,BSE,STK,521180,INE662A01027,SUPERSPIN,B,,,,,SUPER SPINNING MILLS LTD.,5.22,5.55,4.99,5.19,5.19,4.86,,5.14,,,207,1053.00,13,F1,1,,,,,
2026-06-12,2026-06-12,CM,BSE,STK,521194,INE923A01015,SILINV,B,,,,,SIL INVESTMENTS LTD.,428.00,435.00,414.00,435.00,435.00,419.00,,420.85,,,116,49445.00,4,F1,1,,,,,
2026-06-12,2026-06-12,CM,BSE,STK,521200,INE713B01026,SURYALAXMI,B,,,,,SURYALAKSHMI COTTON MILLS LTD.,55.90,59.90,55.90,59.00,59.00,54.02,,58.20,,,529,30937.00,14,F1,1,,,,,
2026-06-12,2026-06-12,CM,BSE,STK,521206,INE931D01020,SAMTEX,X,,,,,SAMTEX FASHIONS LTD.,1.40,1.49,1.28,1.48,1.49,1.37,,1.48,,,12633,16909.00,49,F1,1,,,,,
2026-06-12,2026-06-12,CM,BSE,STK,521210,INE117C01010,CITYMAN,X,,,,,CITYMAN LTD.,15.59,15.59,15.59,15.59,15.59,15.95,,15.59,,,1,15.00,1,F1,1,,,,,
2026-06-12,2026-06-12,CM,BSE,STK,521216,INE220C01012,DHANROTO,X,,,,,DHANALAXMI ROTO SPINNERS LTD.,82.00,82.00,77.50,79.76,77.50,76.07,,79.76,,,568,44851.00,21,F1,1,,,,,
2026-06-12,2026-06-12,CM,BSE,STK,521220,INE497D01022,DAMODARIND,B,,,,,DAMODAR INDUSTRIES LTD.,29.01,30.40,29.01,30.40,30.40,29.50,,30.25,,,121,3663.00,5,F1,1,,,,,
2026-06-12,2026-06-12,CM,BSE,STK,521226,INE980D01019,UNIROYAL,X,,,,,UNIROYAL INDUSTRIES LTD.,19.50,20.06,19.05,19.52,19.50,19.86,,19.52,,,1453,28644.00,18,F1,1,,,,,
2026-06-12,2026-06-12,CM,BSE,STK,521228,INE083G01031,TATIAGLOB,X,,,,,TATIA GLOBAL VENNTURE LTD.,2.37,2.40,2.32,2.38,2.40,2.37,,2.38,,,28282,67027.00,112,F1,1,,,,,
2026-06-12,2026-06-12,CM,BSE,STK,521234,INE443E01016,SRINACHA,X,,,,,SRI NACHAMMAI COTTON MILLS LTD,30.23,30.23,28.01,29.78,30.20,30.85,,29.78,,,1030,29896.00,17,F1,1,,,,,
2026-06-12,2026-06-12,CM,BSE,STK,521238,INE893C01032,BGDL,B,,,,,BHARAT GLOBAL DEVELOPERS LIMIT,98.65,104.90,97.15,102.00,103.60,96.55,,102.00,,,10043,1002245.00,282,F1,1,,,,,
2026-06-12,2026-06-12,CM,BSE,STK,521240,INE304D01012,SAMBANDAM,X,,,,,SAMBANDAM SPINNING MILLS LTD.,111.10,112.05,108.90,112.00,112.00,110.00,,112.00,,,1462,161540.00,16,F1,1,,,,,
2026-06-12,2026-06-12,CM,BSE,STK,521246,INE162C01024,PARASPETRO,B,,,,,PARAS PETROFILS LTD.,1.78,2.02,1.78,1.98,2.02,1.91,,1.99,,,31935,62012.00,127,F1,1,,,,,
2026-06-12,2026-06-12,CM,BSE,STK,521248,INE602G01020,KITEX,A,,,,,KITEX GARMENTS LTD.,144.95,145.65,142.00,145.10,145.55,142.60,,145.02,,,57293,8245074.00,761,F1,1,,,,,
2026-06-12,2026-06-12,CM,BSE,STK,522001,INE608B01010,CRANEX,X,,,,,CRANEX LTD.,78.00,78.00,71.36,75.70,76.28,75.48,,75.70,,,2664,200046.00,43,F1,1,,,,,
2026-06-12,2026-06-12,CM,BSE,STK,522004,INE177C01022,BATLIBOI,B,,,,,BATLIBOI LTD.,75.88,76.25,73.32,75.53,73.32,74.00,,75.04,,,7585,572842.00,134,F1,1,,,,,
2026-06-12,2026-06-12,CM,BSE,STK,522005,INE759F01012,AUSTENG,X,,,,,AUSTIN ENGINEERING CO.LTD.,135.00,135.00,128.00,132.85,132.85,129.00,,132.85,,,777,101378.00,21,F1,1,,,,,
2026-06-12,2026-06-12,CM,BSE,STK,522014,INE961D01019,UNIDT,T,,,,,UNITED DRILLING TOOLS LTD.,231.50,232.00,226.90,227.15,231.80,238.80,,226.66,,,1235,281604.00,24,F1,1,,,,,
2026-06-12,2026-06-12,CM,BSE,STK,522017,INE459C01016,FLUIDOM,X,,,,,FLUIDOMAT LTD.,783.10,819.00,783.10,800.60,800.60,794.10,,800.60,,,4584,3645111.00,240,F1,1,,,,,
2026-06-12,2026-06-12,CM,BSE,STK,522027,INE279D01016,EMAINDIA,XT,,,,,EMA INDIA LTD.,760.05,760.05,760.05,760.05,760.05,775.55,,760.05,,,287,218134.00,6,F1,1,,,,,
2026-06-12,2026-06-12,CM,BSE,STK,522029,INE052A01021,WINDMACHIN,B,,,,,WINDSOR MACHINES LTD.,318.40,333.15,318.40,325.40,326.00,318.45,,324.55,,,3894,1266475.00,137,F1,1,,,,,
2026-06-12,2026-06-12,CM,BSE,STK,522034,INE631A01022,SHANTIGEAR,B,,,,,SHANTHI GEARS LTD.,440.50,443.00,440.50,441.80,441.75,440.40,,441.25,,,305,134451.00,34,F1,1,,,,,
2026-06-12,2026-06-12,CM,BSE,STK,522064,INE634A01018,HONDAPOWER,B,,,,,HONDA INDIA POWER PRODUCTS LIM,2190.00,2212.50,2180.50,2191.90,2200.00,2174.90,,2193.40,,,329,721770.00,84,F1,1,,,,,
2026-06-12,2026-06-12,CM,BSE,STK,522073,INE127B01011,HITECHGEAR,T,,,,,The Hi-Tech Gears Ltd,580.00,589.95,580.00,580.40,589.95,590.00,,574.55,,,82,47579.00,6,F1,1,,,,,
2026-06-12,2026-06-12,CM,BSE,STK,522074,INE285A01027,ELGIEQUIP,A,,,,,ELGI EQUIPMENTS LTD.,600.00,608.50,599.40,604.15,603.60,593.45,,603.85,,,17274,10431678.00,1545,F1,1,,,,,
2026-06-12,2026-06-12,CM,BSE,STK,522091,INE890G01047,UVDRHOR,XT,,,,,UNITED VAN DER HORST LTD.,39.18,39.97,39.18,39.97,39.97,39.97,,39.97,,,5291,210496.00,31,F1,1,,,,,
2026-06-12,2026-06-12,CM,BSE,STK,522101,INE338F01015,KLBRENG-B,B,,,,,KILBURN ENGINEERING LTD.,473.05,473.95,460.10,470.30,473.95,468.70,,471.15,,,6319,2947155.00,372,F1,1,,,,,
2026-06-12,2026-06-12,CM,BSE,STK,522105,INE372E01025,BIRLAPREC,B,,,,,BIRLA PRECISION TECHNOLOGIES L,36.15,37.76,36.15,36.93,36.90,36.03,,36.95,,,7841,290136.00,104,F1,1,,,,,
2026-06-12,2026-06-12,CM,BSE,STK,522108,INE384C01016,YUKEN,B,,,,,YUKEN INDIA LTD.,693.00,693.00,666.00,683.00,683.00,671.55,,685.00,,,627,425148.00,88,F1,1,,,,,
2026-06-12,2026-06-12,CM,BSE,STK,522113,INE325A01013,TIMKEN,A,,,,,TIMKEN INDIA LTD.,3512.50,3598.95,3512.50,3534.85,3534.85,3514.50,,3530.30,,,1543,5484948.00,370,F1,1,,,,,
2026-06-12,2026-06-12,CM,BSE,STK,522122,INE285C01015,VOITHPAPR,X,,,,,VOITH PAPER FABRICS INDIA LTD.,1524.90,1524.90,1458.20,1483.35,1482.00,1505.00,,1483.35,,,550,814861.00,81,F1,1,,,,,
2026-06-12,2026-06-12,CM,BSE,STK,522134,INE133D01023,ARTSON,X,,,,,ARTSON LIMITED,163.65,170.00,157.25,163.80,164.40,156.80,,163.80,,,18563,3075517.00,223,F1,1,,,,,
2026-06-12,2026-06-12,CM,BSE,STK,522152,INE410A01013,SOLIMAC,X,,,,,SOLITAIRE MACHINE TOOLS LTD.,92.35,96.85,90.50,92.50,90.70,92.15,,92.50,,,1707,159255.00,53,F1,1,,,,,
2026-06-12,2026-06-12,CM,BSE,STK,522163,INE989C01038,DIACABS,B,,,,,DIAMOND POWER INFRASTRUCTURE L,196.65,203.45,196.65,201.90,201.50,193.30,,201.91,,,178236,35746500.00,1847,F1,1,,,,,
2026-06-12,2026-06-12,CM,BSE,STK,522165,INE867D01018,INDSILHYD,X,,,,,INDSIL HYDRO POWER AND MANGANE,39.90,41.59,39.60,40.14,40.29,39.55,,40.14,,,6989,280392.00,78,F1,1,,,,,
2026-06-12,2026-06-12,CM,BSE,STK,522183,INE478D01014,ITL,X,,,,,ITL INDUSTRIES LTD.,279.95,279.95,264.00,268.75,273.70,271.75,,268.75,,,2629,703240.00,70,F1,1,,,,,
2026-06-12,2026-06-12,CM,BSE,STK,522195,INE572D01014,FRONTSP,B,,,,,FRONTIER SPRINGS LTD.,1448.00,1501.00,1417.90,1482.80,1490.20,1406.05,,1479.30,,,5965,8739022.00,661,F1,1,,,,,
2026-06-12,2026-06-12,CM,BSE,STK,522205,INE074A01025,PRAJIND,A,,,,,PRAJ INDUSTRIES LTD.,339.45,339.45,324.30,332.35,332.35,327.70,,332.10,,,53190,17557229.00,2090,F1,1,,,,,
2026-06-12,2026-06-12,CM,BSE,STK,522207,INE682D01011,RASANDIK,X,,,,,RASANDIK ENGINEERING INDUSTRIE,65.00,68.95,65.00,65.59,68.41,62.76,,65.59,,,247,16201.00,11,F1,1,,,,,
2026-06-12,2026-06-12,CM,BSE,STK,522209,INE429B01011,YOGISUNG,XT,,,,,YOGI SUNG-WON (INDIA) LTD.,8.00,8.00,8.00,8.00,8.00,8.16,,8.00,,,3510,28080.00,7,F1,1,,,,,
2026-06-12,2026-06-12,CM,BSE,STK,522215,INE461D01028,HLEGLAS,B,,,,,HLE GLASCOAT LIMITED,363.70,392.10,363.70,381.85,383.25,361.65,,381.40,,,16681,6346004.00,693,F1,1,,,,,
2026-06-12,2026-06-12,CM,BSE,STK,522217,INE826C01016,GUJAPOLLO,B,,,,,GUJARAT APOLLO INDUSTRIES LTD.,368.95,376.80,368.85,370.40,368.85,362.50,,369.60,,,518,192143.00,158,F1,1,,,,,
2026-06-12,2026-06-12,CM,BSE,STK,522229,INE692C01020,TANAA,X,,,,,TANEJA AEROSPACE & AVIATION LT,279.95,280.85,271.00,276.50,278.30,271.85,,276.50,,,9676,2656778.00,300,F1,1,,,,,
2026-06-12,2026-06-12,CM,BSE,STK,522231,INE714D01020,CONART,X,,,,,CONART ENGINEERS LTD.,103.60,103.60,96.00,97.95,98.65,97.00,,97.95,,,1771,171934.00,51,F1,1,,,,,
2026-06-12,2026-06-12,CM,BSE,STK,522235,INE097E01028,MINALIND,X,,,,,MINAL INDUSTRIES LIMITED,2.49,2.88,2.39,2.63,2.56,2.40,,2.63,,,95489,247246.00,128,F1,1,,,,,
2026-06-12,2026-06-12,CM,BSE,STK,522237,INE092H01014,SHIVAGR,X,,,,,SHIVAGRICO IMPLEMENTS LTD.,24.00,25.98,24.00,25.89,25.90,24.00,,25.89,,,444,11411.00,10,F1,1,,,,,
2026-06-12,2026-06-12,CM,BSE,STK,522241,INE227C01017,MMFL,B,,,,,M.M.FORGINGS LTD.,446.40,452.00,440.35,448.25,448.40,446.05,,448.00,,,1410,628403.00,92,F1,1,,,,,
2026-06-12,2026-06-12,CM,BSE,STK,522249,INE040D01038,MAYURUNIQ,B,,,,,MAYUR UNIQUOTERS LTD.,808.00,808.00,790.00,794.25,790.00,795.05,,793.25,,,7711,6146543.00,517,F1,1,,,,,
2026-06-12,2026-06-12,CM,BSE,STK,522251,INE627F01011,CENLUB,X,,,,,CENLUB INDUSTRIES LTD.,251.95,257.10,239.95,253.35,256.00,244.90,,253.35,,,8586,2157516.00,133,F1,1,,,,,
2026-06-12,2026-06-12,CM,BSE,STK,522257,INE535F01024,RAJOOENG,B,,,,,RAJOO ENGINEERS LTD.,56.60,56.60,52.85,53.96,54.74,53.12,,54.43,,,20874,1124764.00,314,F1,1,,,,,
2026-06-12,2026-06-12,CM,BSE,STK,522261,INE920A01037,DOLPHIN,B,,,,,DOLPHIN OFFSHORE ENTERPRISES (,388.50,390.60,386.65,390.55,390.60,387.70,,389.65,,,91,35432.00,26,F1,1,,,,,
2026-06-12,2026-06-12,CM,BSE,STK,522267,INE466D01019,VJLAXMIE,X,,,,,VEEJAY LAKSHMI ENGINEERING WOR,37.90,37.90,36.00,36.00,36.00,37.00,,36.00,,,886,31897.00,9,F1,1,,,,,
2026-06-12,2026-06-12,CM,BSE,STK,522273,INE868C01018,AHMDSTE,XT,,,,,AHMEDABAD STEELCRAFT LTD.,159.95,160.95,151.55,159.00,159.00,157.90,,159.00,,,77,11765.00,8,F1,1,,,,,
2026-06-12,2026-06-12,CM,BSE,STK,522275,INE200A01026,GVT&D,A,,,,,GE Vernova T&D India Limited,4849.65,4970.50,4780.00,4936.55,4936.55,4734.80,,4942.00,,,31177,151826163.00,4667,F1,1,,,,,
2026-06-12,2026-06-12,CM,BSE,STK,522281,INE207E01023,RAMRAT,B,,,,,RAM RATNA WIRES LTD.,373.70,380.55,370.00,379.25,380.40,366.30,,379.20,,,4775,1793507.00,278,F1,1,,,,,
2026-06-12,2026-06-12,CM,BSE,STK,522285,INE854B01010,JAYNECOIND,B,,,,,JAYASWAL NECO INDUSTRIES LTD.,89.50,91.60,86.60,90.95,91.10,86.80,,90.87,,,420355,37758381.00,2017,F1,1,,,,,
2026-06-12,2026-06-12,CM,BSE,STK,522287,INE220B01022,KPIL,A,,,,,KALPATARU PROJECTS INTERNATION,1253.50,1310.00,1253.50,1302.50,1301.00,1253.45,,1301.70,,,11348,14603984.00,1152,F1,1,,,,,
2026-06-12,2026-06-12,CM,BSE,STK,522289,INE169F01014,NMSGLOBAL,X,,,,,NMS GLOBAL LIMITED,86.00,89.97,86.00,86.99,87.00,86.47,,86.99,,,40,3462.00,13,F1,1,,,,,
2026-06-12,2026-06-12,CM,BSE,STK,522292,INE713D01055,CANDOUR,X,,,,,CANDOUR TECHTEX LIMITED,72.89,73.08,68.00,73.08,73.08,69.60,,73.08,,,23655,1668365.00,155,F1,1,,,,,
2026-06-12,2026-06-12,CM,BSE,STK,522294,INE811B01010,TIGLOB,X,,,,,T & I GLOBAL LTD.,160.30,167.00,160.10,160.40,160.15,160.60,,160.40,,,1359,217771.00,18,F1,1,,,,,
2026-06-12,2026-06-12,CM,BSE,STK,522295,INE663B01015,CONTROLPR,B,,,,,CONTROL PRINT LTD.,602.00,609.00,598.00,606.80,607.00,596.45,,605.35,,,750,452649.00,70,F1,1,,,,,
2026-06-12,2026-06-12,CM,BSE,STK,522650,INE142E01022,BEMHY,X,,,,,BEMCO HYDRAULICS LTD.,84.02,86.50,84.02,84.99,85.30,84.01,,84.99,,,2984,253803.00,69,F1,1,,,,,
2026-06-12,2026-06-12,CM,BSE,STK,523007,INE030C01015,ANSALBU,X,,,,,ANSAL BUILDWELL LTD.,88.50,89.38,86.01,86.89,86.83,88.03,,86.89,,,896,78411.00,23,F1,1,,,,,
2026-06-12,2026-06-12,CM,BSE,STK,523011,INE080A01014,WEIZMANIND,B,,,,,WEIZMANN LTD.,80.20,80.20,80.20,80.20,80.20,80.00,,81.10,,,24,1924.00,5,F1,1,,,,,
2026-06-12,2026-06-12,CM,BSE,STK,523019,INE710D01028,BNRSEC,X,,,,,B.N.RATHI SECURITIES LTD.,16.38,16.99,16.12,16.58,16.50,16.31,,16.58,,,53759,897496.00,175,F1,1,,,,,
2026-06-12,2026-06-12,CM,BSE,STK,523021,INE989D01010,RISHITECH,X,,,,,RISHI TECHTEX LTD.,39.49,39.49,36.51,38.99,39.40,38.50,,38.99,,,4543,177827.00,14,F1,1,,,,,
2026-06-12,2026-06-12,CM,BSE,STK,523023,INE985A01022,SINCLAIR,B,,,,,SINCLAIRS HOTELS LTD.,76.50,76.94,74.33,75.97,75.50,75.54,,75.63,,,1551,117015.00,98,F1,1,,,,,
2026-06-12,2026-06-12,CM,BSE,STK,523025,INE429E01023,SAFARI,A,,,,,SAFARI INDUSTRIES (INDIA) LTD.,1530.00,1554.40,1515.35,1537.25,1537.25,1518.15,,1535.30,,,15322,23548283.00,421,F1,1,,,,,
2026-06-12,2026-06-12,CM,BSE,STK,523054,INE626H01019,ZBINTXPP,XT,,,,,BINAYAK TEX PROCESSORS LTD.,1800.05,1800.05,1711.00,1800.00,1800.00,1800.20,,1800.00,,,11,19089.00,7,F1,1,,,,,
2026-06-12,2026-06-12,CM,BSE,STK,523062,INE584C01011,JJFINCOR,X,,,,,J.J.FINANCE CORPORATION LTD.,45.20,49.90,45.17,46.72,49.80,47.54,,46.72,,,12188,553249.00,29,F1,1,,,,,
2026-06-12,2026-06-12,CM,BSE,STK,523100,INE124B01018,COSMOFE,XT,,,,,COSMO FERRITES LTD.,194.05,214.20,194.05,214.20,214.20,204.00,,214.20,,,5714,1223047.00,91,F1,1,,,,,
2026-06-12,2026-06-12,CM,BSE,STK,523105,INE293E01031,CROPSTER,B,,,,,CROPSTER AGRO LIMITED,5.79,5.79,5.43,5.46,5.46,5.59,,5.46,,,92983,509518.00,209,F1,1,,,,,
2026-06-12,2026-06-12,CM,BSE,STK,523116,INE391G01012,SANCTRN,X,,,,,SANCO TRANS LTD.,725.90,725.90,685.10,685.10,685.10,691.35,,685.10,,,86,59535.00,9,F1,1,,,,,
2026-06-12,2026-06-12,CM,BSE,STK,523120,INE628D01014,THRIVE,X,,,,,THRIVE FUTURE HABITATS LIMITED,90.00,90.00,86.00,88.65,88.65,87.40,,88.65,,,7137,632029.00,49,F1,1,,,,,
2026-06-12,2026-06-12,CM,BSE,STK,523127,INE276C01014,EIHAHOTELS,B,,,,,EIH ASSOCIATED HOTELS LTD.,300.00,305.45,295.50,302.75,305.45,295.00,,302.85,,,483,144698.00,75,F1,1,,,,,
2026-06-12,2026-06-12,CM,BSE,STK,523144,INE442D01010,MEDICAPQ,X,,,,,MEDI-CAPS LTD.,26.65,27.97,26.08,26.92,26.97,26.91,,26.92,,,3476,93742.00,50,F1,1,,,,,
2026-06-12,2026-06-12,CM,BSE,STK,523151,INE910B01028,OTCO,XT,,,,,OTCO INTERNATIONAL LTD.,8.66,8.66,8.27,8.27,8.27,8.70,,8.27,,,31,264.00,2,F1,1,,,,,
2026-06-12,2026-06-12,CM,BSE,STK,523160,INE599F01020,FOSECOC,X,,,,,FOSECO CRUCIBLE INDIA LIMITED,1199.95,1200.05,1185.00,1190.35,1190.00,1188.90,,1190.35,,,4243,5078935.00,106,F1,1,,,,,
2026-06-12,2026-06-12,CM,BSE,STK,523207,INE760A01029,KOKUYOCMLN,B,,,,,KOKUYO CAMLIN LTD.,83.01,84.90,82.32,84.90,84.90,82.81,,84.53,,,2872,239549.00,206,F1,1,,,,,
2026-06-12,2026-06-12,CM,BSE,STK,523229,INE415D01024,BHARATSE,B,,,,,BHARAT SEATS LTD.,173.65,181.05,173.65,179.85,179.90,172.80,,180.13,,,12054,2151773.00,275,F1,1,,,,,
2026-06-12,2026-06-12,CM,BSE,STK,523232,INE369D01023,CONTPTR,X,,,,,CONTINENTAL PETROLEUMS LTD.,92.30,92.30,90.60,90.60,90.60,87.48,,90.60,,,154,13959.00,6,F1,1,,,,,
2026-06-12,2026-06-12,CM,BSE,STK,523242,INE006F01018,NBFOOT,P,,,,,NB FOOTWEAR LTD.,7.89,7.89,7.89,7.89,7.89,7.52,,7.89,,,19000,149910.00,3,F1,100,,,,,
2026-06-12,2026-06-12,CM,BSE,STK,523248,INE082B01018,MACPLASQ,X,,,,,MACHINO PLASTICS LTD.,250.00,266.20,250.00,254.70,264.00,244.40,,254.70,,,815,208199.00,29,F1,1,,,,,
2026-06-12,2026-06-12,CM,BSE,STK,523260,INE844A01013,PEARLPOLY,T,,,,,PEARL POLYMERS LTD.,17.75,18.25,17.75,18.25,18.25,18.50,,18.00,,,321,5808.00,6,F1,1,,,,,
2026-06-12,2026-06-12,CM,BSE,STK,523261,INE398A01010,VENKEYS,B,,,,,VENKYS (INDIA) LTD.,1382.35,1406.55,1365.45,1390.15,1406.55,1364.70,,1393.10,,,1578,2179916.00,232,F1,1,,,,,
2026-06-12,2026-06-12,CM,BSE,STK,523269,INE199C01026,ADVANIHOTR,B,,,,,ADVANI HOTELS & RESORTS (INDIA,53.50,53.50,51.24,52.34,52.33,50.37,,52.20,,,1561,81662.00,66,F1,1,,,,,
2026-06-12,2026-06-12,CM,BSE,STK,523283,INE712B01010,SUPERHOUSE,B,,,,,SUPERHOUSE LTD.,151.00,154.05,147.40,150.10,151.00,151.00,,151.62,,,112,16826.00,24,F1,1,,,,,
2026-06-12,2026-06-12,CM,BSE,STK,523289,INE763B01013,RAMAVISION,X,,,,,RAMA VISION LTD.,141.80,141.80,132.20,134.05,133.05,139.45,,134.05,,,4642,626591.00,93,F1,1,,,,,
2026-06-12,2026-06-12,CM,BSE,STK,523301,INE822C01015,TCPLPACK,B,,,,,TCPL PACKAGING LTD.,2492.60,2532.05,2492.60,2530.90,2532.05,2454.95,,2521.10,,,65,163445.00,13,F1,1,,,,,
2026-06-12,2026-06-12,CM,BSE,STK,523309,INE241V01018,SHRIGANG,X,,,,,SHRI GANG INDUSTRIES AND ALLIE,63.15,64.44,62.57,63.03,63.03,63.14,,63.03,,,15142,960076.00,162,F1,1,,,,,
2026-06-12,2026-06-12,CM,BSE,STK,523319,INE164A01016,BALMLAWRIE,B,,,,,BALMER LAWRIE & CO.LTD.,172.95,175.70,172.10,175.25,175.25,170.35,,174.98,,,7101,1232267.00,170,F1,1,,,,,
2026-06-12,2026-06-12,CM,BSE,STK,523323,INE177F01017,KOVAI,B,,,,,KOVAI MEDICAL CENTER & HOSPITA,5826.40,5841.00,5706.20,5803.05,5765.45,5797.40,,5810.00,,,273,1581923.00,117,F1,1,,,,,
2026-06-12,2026-06-12,CM,BSE,STK,523329,INE668G01021,ELDEHSG,B,,,,,ELDECO HOUSING & INDUSTRIES LT,823.95,823.95,822.50,822.55,822.50,829.00,,804.90,,,3,2469.00,3,F1,1,,,,,
2026-06-12,2026-06-12,CM,BSE,STK,523367,INE499A01024,DCMSHRIRAM,A,,,,,DCM SHRIRAM LIMITED,1044.25,1047.30,1020.00,1027.35,1027.00,1028.15,,1027.80,,,900,924539.00,143,F1,1,,,,,
2026-06-12,2026-06-12,CM,BSE,STK,523369,INE843D01027,DCMSRIND,B,,,,,DCM SHRIRAM INDUSTRIES LTD.,38.90,38.90,37.50,38.16,38.17,37.98,,38.27,,,17899,678679.00,221,F1,1,,,,,
2026-06-12,2026-06-12,CM,BSE,STK,523371,INE636A01039,MAWANASUG,T,,,,,MAWANA SUGARS LTD.,100.00,104.89,100.00,104.27,104.88,102.20,,104.23,,,6838,705068.00,58,F1,1,,,,,
2026-06-12,2026-06-12,CM,BSE,STK,523373,INE281E01028,MINID,X,,,,,MINI DIAMONDS (INDIA) LTD.,14.17,14.28,13.95,14.00,14.00,14.01,,14.00,,,409290,5754902.00,1185,F1,1,,,,,
2026-06-12,2026-06-12,CM,BSE,STK,523384,INE843B01013,MAHAPEXLTD,B,,,,,MAHA RASHTRA APEX CORPORATION,48.00,49.97,47.00,49.88,49.88,47.75,,48.46,,,1043,50088.00,9,F1,1,,,,,
2026-06-12,2026-06-12,CM,BSE,STK,523385,INE310A01015,NILKAMAL,B,,,,,NILKAMAL LTD.,1271.00,1272.00,1260.15,1270.00,1270.00,1260.00,,1270.20,,,397,504193.00,108,F1,1,,,,,
2026-06-12,2026-06-12,CM,BSE,STK,523387,INE982C01033,HOM,XT,,,,,HOMRE LIMITED,2.29,2.29,2.29,2.29,2.29,2.33,,2.29,,,340563,779889.00,79,F1,1,,,,,
2026-06-12,2026-06-12,CM,BSE,STK,523391,INE308A01027,NAHARPOLY,B,,,,,NAHAR POLYFILMS LTD.,245.05,247.70,244.25,245.50,247.70,240.90,,246.05,,,240,58868.00,10,F1,1,,,,,
2026-06-12,2026-06-12,CM,BSE,STK,523395,INE470A01017,3MINDIA,A,,,,,3M INDIA LTD.,31540.00,31690.05,31246.45,31542.80,31489.95,31182.60,,31550.00,,,294,9229087.00,80,F1,1,,,,,
2026-06-12,2026-06-12,CM,BSE,STK,523398,INE782A01015,BOSCH-HCIL,B,,,,,BOSCH HOME COMFORT INDIA LIMIT,1339.85,1340.65,1308.90,1336.75,1325.95,1320.25,,1331.90,,,240,319938.00,71,F1,1,,,,,
2026-06-12,2026-06-12,CM,BSE,STK,523405,INE780C01023,JMFINANCIL,A,,,,,JM FINANCIAL LTD.,116.45,122.00,116.25,120.75,120.70,115.40,,120.63,,,171248,20391368.00,1763,F1,1,,,,,
2026-06-12,2026-06-12,CM,BSE,STK,523411,INE833A01016,ADCINDIA,XT,,,,,ADC INDIA COMMUNICATIONS LIMIT,2385.10,2432.80,2385.10,2432.80,2432.80,2385.10,,2432.80,,,3655,8880445.00,83,F1,1,,,,,
2026-06-12,2026-06-12,CM,BSE,STK,523419,INE141D01018,TNTELE,B,,,,,TAMILNADU TELECOMMUNICATIONS L,10.49,10.49,8.60,9.12,9.24,8.93,,9.24,,,6308,56227.00,29,F1,1,,,,,
2026-06-12,2026-06-12,CM,BSE,STK,523425,INE459D01014,SUNRAJDI,X,,,,,SUNRAJ DIAMOND EXPORTS LTD.,13.37,14.18,13.37,14.09,14.00,13.51,,14.09,,,525,7426.00,17,F1,1,,,,,
2026-06-12,2026-06-12,CM,BSE,STK,523445,INE046A01015,RIIL,B,,,,,RELIANCE INDUSTRIAL INFRASTRUC,780.00,791.30,779.20,788.60,790.00,771.00,,787.90,,,4990,3920174.00,314,F1,1,,,,,
2026-06-12,2026-06-12,CM,BSE,STK,523457,INE473A01011,LINDEINDIA,A,,,,,Linde India Limited,6711.10,6951.00,6711.10,6922.60,6928.00,6709.95,,6916.00,,,828,5677597.00,452,F1,1,,,,,
2026-06-12,2026-06-12,CM,BSE,STK,523465,INE969D01012,INDBNK,B,,,,,IND BANK HOUSING LTD.,51.00,51.00,46.20,46.20,46.20,46.50,,46.20,,,612,29636.00,16,F1,1,,,,,
2026-06-12,2026-06-12,CM,BSE,STK,523467,INE250C01027,JAIMATAG,X,,,,,JAI MATA GLASS LTD.,1.64,1.74,1.64,1.73,1.74,1.67,,1.73,,,26351,44904.00,51,F1,1,,,,,
2026-06-12,2026-06-12,CM,BSE,STK,523475,INE026D01011,LOTUSCHO,B,,,,,LOTUS CHOCOLATE CO.LTD.,685.25,708.00,675.25,688.65,688.65,669.45,,688.65,,,4456,3091113.00,459,F1,1,,,,,
2026-06-12,2026-06-12,CM,BSE,STK,523483,INE883C01025,PACIFICI,X,,,,,PACIFIC INDUSTRIES LTD.,136.50,136.65,132.00,136.65,136.65,136.50,,136.65,,,2376,316028.00,31,F1,1,,,,,
2026-06-12,2026-06-12,CM,BSE,STK,523489,INE889F01017,CMMHOSP,X,,,,,CHENNAI MEENAKSHI MULTISPECIAL,37.11,39.20,37.11,38.94,38.94,39.34,,38.94,,,1241,46401.00,12,F1,1,,,,,
2026-06-12,2026-06-12,CM,BSE,STK,523537,INE170D01025,APMIN,X,,,,,APM INDUSTRIES LTD.,45.10,45.85,44.31,44.99,45.50,45.00,,44.99,,,8477,381859.00,37,F1,1,,,,,
2026-06-12,2026-06-12,CM,BSE,STK,523539,INE372C01037,PRECWIRE,B,,,,,PRECISION WIRES INDIA LTD.,395.60,401.55,386.95,391.90,391.90,388.15,,391.75,,,26853,10535347.00,908,F1,1,,,,,
2026-06-12,2026-06-12,CM,BSE,STK,523550,INE951B01014,KRYPTONQ,X,,,,,KRYPTON INDUSTRIES LTD.,33.68,35.24,33.68,35.19,35.22,34.37,,35.19,,,846,29094.00,17,F1,1,,,,,
2026-06-12,2026-06-12,CM,BSE,STK,523558,INE010C01025,SWISSMLTRY,X,,,,,SWISS MILITARY CONSUMER GOODS,16.27,16.90,16.20,16.45,16.45,16.15,,16.45,,,60531,996535.00,354,F1,1,,,,,
2026-06-12,2026-06-12,CM,BSE,STK,523566,INE199D01016,MARBU,X,,,,,MARTIN BURN LTD.,42.60,45.00,42.60,44.27,43.00,42.60,,44.27,,,240,10622.00,5,F1,1,,,,,
2026-06-12,2026-06-12,CM,BSE,STK,523574,INE623B01027,FEL,Z,,,,,Future Enterprises Limited,0.49,0.49,0.49,0.49,0.49,0.49,,0.42,,,2016,987.00,9,F1,1,,,,,
2026-06-12,2026-06-12,CM,BSE,STK,523586,INE826B01018,INDTONER,X,,,,,INDIAN TONERS & DEVELOPERS LTD,252.00,265.00,249.10,263.05,263.05,249.90,,263.05,,,8915,2306136.00,157,F1,1,,,,,
2026-06-12,2026-06-12,CM,BSE,STK,523594,INE638D01021,KUNSTOFF,X,,,,,KUNSTSTOFFE INDUSTRIES LTD.,23.86,23.89,23.82,23.83,23.82,23.49,,23.83,,,73,1740.00,7,F1,1,,,,,
2026-06-12,2026-06-12,CM,BSE,STK,523598,INE109A01011,SCI,A,,,,,SHIPPING CORPORATION OF INDIA,292.40,298.00,289.80,297.00,297.00,286.20,,297.05,,,174723,51439113.00,2339,F1,1,,,,,
2026-06-12,2026-06-12,CM,BSE,STK,523606,INE438E01032,SIKA,B,,,,,SIKA INTERPLANT SYSTEMS LTD.,898.05,910.00,888.10,896.70,905.00,888.25,,897.65,,,3052,2729497.00,274,F1,1,,,,,
2026-06-12,2026-06-12,CM,BSE,STK,523610,INE248A01017,ITI,A,,,,,ITI LTD.,295.85,300.30,292.90,299.25,300.00,289.00,,299.25,,,83389,24799597.00,1558,F1,1,,,,,
2026-06-12,2026-06-12,CM,BSE,STK,523618,INE506A01018,DREDGECORP,B,,,,,DREDGING CORPORATION OF INDIA,1079.90,1098.70,1036.95,1087.85,1087.85,1040.40,,1084.10,,,24411,26216037.00,982,F1,1,,,,,
2026-06-12,2026-06-12,CM,BSE,STK,523620,INE486I01016,PHRMASI,X,,,,,PHAARMASIA LTD.,109.96,109.96,104.47,104.74,104.47,109.96,,104.74,,,298,31414.00,12,F1,1,,,,,
2026-06-12,2026-06-12,CM,BSE,STK,523630,INE870D01012,NFL,B,,,,,NATIONAL FERTILIZERS LTD.,74.79,75.49,74.00,75.11,75.11,73.87,,75.04,,,92706,6941367.00,703,F1,1,,,,,
2026-06-12,2026-06-12,CM,BSE,STK,523638,INE558A01019,IPRINGLTD,X,,,,,IP RINGS LTD.,126.70,126.70,119.05,120.50,122.50,117.05,,120.50,,,212,25977.00,17,F1,1,,,,,
2026-06-12,2026-06-12,CM,BSE,STK,523642,INE603J01030,PIIND,A,,,,,P.I.INDUSTRIES LTD.,2824.50,2855.20,2811.25,2839.80,2839.80,2800.45,,2841.70,,,9615,27198348.00,1175,F1,1,,,,,
2026-06-12,2026-06-12,CM,BSE,STK,523648,INE083C01022,PLASTIBLEN,B,,,,,PLASTIBLENDS INDIA LTD.,170.00,174.50,168.40,174.45,174.45,168.40,,174.23,,,13157,2266067.00,264,F1,1,,,,,
2026-06-12,2026-06-12,CM,BSE,STK,523650,INE823D01011,YASHINNO,X,,,,,YASH INNOVENTURES LIMITED,45.50,47.99,45.00,46.20,46.99,47.01,,46.20,,,12831,580967.00,80,F1,1,,,,,
2026-06-12,2026-06-12,CM,BSE,STK,523660,INE054C01015,WATERBASE,X,,,,,WATERBASE LTD.,44.98,45.84,44.21,44.91,45.00,45.00,,44.91,,,11428,511516.00,141,F1,1,,,,,
2026-06-12,2026-06-12,CM,BSE,STK,523672,INE954B01018,FLEXFO,X,,,,,FLEX FOODS LTD.,38.53,41.30,38.53,40.16,40.80,41.10,,40.16,,,4830,193270.00,66,F1,1,,,,,
2026-06-12,2026-06-12,CM,BSE,STK,523676,INE798D01015,GOLKUNDIA,X,,,,,GOLKUNDA DIAMONDS & JEWELLERY,242.50,243.00,233.00,237.55,238.90,242.50,,237.55,,,2069,489479.00,64,F1,1,,,,,
2026-06-12,2026-06-12,CM,BSE,STK,523694,INE116A01032,APCOTEXIND,B,,,,,APCOTEX INDUSTRIES LTD.,524.30,540.00,519.05,531.30,531.00,521.50,,529.35,,,5763,3052715.00,305,F1,1,,,,,
2026-06-12,2026-06-12,CM,BSE,STK,523696,INE842B01015,FORTISMLR,X,,,,,FORTIS MALAR HOSPITALS LIMITED,52.99,53.00,51.30,52.38,52.75,51.34,,52.38,,,3891,203750.00,127,F1,1,,,,,
2026-06-12,2026-06-12,CM,BSE,STK,523704,INE759A01021,MASTEK,A,,,,,MASTEK LTD.,1593.00,1593.45,1558.85,1577.75,1577.75,1580.60,,1577.40,,,1066,1683458.00,167,F1,1,,,,,
2026-06-12,2026-06-12,CM,BSE,STK,523708,INE158B01016,EIMCOELECO,B,,,,,EIMCO ELECON (INDIA) LTD.,1541.00,1544.80,1520.00,1538.95,1539.00,1533.15,,1540.50,,,329,503063.00,66,F1,1,,,,,
2026-06-12,2026-06-12,CM,BSE,STK,523710,INE318C01014,SAYAJIHOTL,B,,,,,SAYAJI HOTELS LTD.,295.00,308.00,290.75,304.15,302.00,294.00,,304.15,,,2932,883030.00,61,F1,1,,,,,
2026-06-12,2026-06-12,CM,BSE,STK,523716,INE365D01021,ASHIANA,B,,,,,ASHIANA HOUSING LTD.,361.30,364.60,355.25,361.95,362.75,357.85,,360.00,,,2160,776419.00,140,F1,1,,,,,
2026-06-12,2026-06-12,CM,BSE,STK,523722,INE119B01018,SVAMSOF,XT,,,,,SVAM SOFTWARE LTD.,5.05,5.57,5.05,5.57,5.57,5.31,,5.57,,,10997,58603.00,34,F1,1,,,,,
2026-06-12,2026-06-12,CM,BSE,STK,523732,INE866A01016,ECOBOAR,X,,,,,ECOBOARD INDUSTRIES LTD.,58.69,58.69,55.00,55.18,55.00,55.72,,55.18,,,2324,129160.00,31,F1,1,,,,,
2026-06-12,2026-06-12,CM,BSE,STK,523736,INE477B01010,DVL,B,,,,,Dhunseri Ventures Limited,234.80,240.00,231.05,240.00,240.00,234.80,,236.98,,,5761,1376658.00,187,F1,1,,,,,
2026-06-12,2026-06-12,CM,BSE,STK,523752,INE502D01011,TIHIL,X,,,,,TRANS INDIA HOUSE IMPEX LIMITE,4.49,4.72,4.35,4.66,4.66,4.50,,4.66,,,101474,460480.00,140,F1,1,,,,,
2026-06-12,2026-06-12,CM,BSE,STK,523754,INE215D01010,MAHEPC,B,,,,,MAHINDRA EPC IRRIGATION LIMITE,108.35,109.40,104.95,109.00,108.55,104.90,,109.55,,,5276,564786.00,176,F1,1,,,,,
2026-06-12,2026-06-12,CM,BSE,STK,523782,INE844D01017,MITSHI,X,,,,,Mitshi India Limited,14.00,14.99,14.00,14.71,14.71,14.45,,14.71,,,621,9153.00,16,F1,1,,,,,
2026-06-12,2026-06-12,CM,BSE,STK,523790,INE344E01016,SHUKJEW,P,,,,,SHUKRA JEWELLERS LTD.,9.40,9.40,9.40,9.40,9.40,9.89,,9.40,,,500,4700.00,2,F1,100,,,,,
2026-06-12,2026-06-12,CM,BSE,STK,523792,INE885E01042,MAZDA,B,,,,,MAZDA LTD.,228.05,231.00,225.90,230.65,231.00,222.45,,232.28,,,625,141583.00,41,F1,1,,,,,
2026-06-12,2026-06-12,CM,BSE,STK,523796,INE048C01025,VHLTD,T,,,,,VICEROY HOTELS LTD.,141.90,141.90,136.60,139.00,139.00,137.45,,137.15,,,2612,360639.00,20,F1,1,,,,,
2026-06-12,2026-06-12,CM,BSE,STK,523826,INE959D01013,SOVERDIA,X,,,,,SOVEREIGN DIAMONDS LTD.,20.10,20.99,19.80,19.95,19.80,20.49,,19.95,,,1403,28155.00,27,F1,1,,,,,
2026-06-12,2026-06-12,CM,BSE,STK,523828,INE071D01033,MENONBE,B,,,,,MENON BEARINGS LTD.,169.70,171.00,165.10,167.35,166.70,165.85,,167.15,,,25140,4234590.00,374,F1,1,,,,,
2026-06-12,2026-06-12,CM,BSE,STK,523832,INE862C01029,MUKATPIP,XT,,,,,MUKAT PIPES LTD.,18.73,18.73,18.36,18.36,18.36,18.73,,18.36,,,100,1840.00,4,F1,1,,,,,
2026-06-12,2026-06-12,CM,BSE,STK,523836,INE610B01024,GUJRAFFIA,B,,,,,GUJARAT RAFFIA INDUSTRIES LTD.,41.56,42.40,40.58,41.60,41.60,40.55,,41.08,,,260,10724.00,5,F1,1,,,,,
2026-06-12,2026-06-12,CM,BSE,STK,523838,INE059B01024,SIMPLEXINF,B,,,,,SIMPLEX INFRASTRUCTURES LTD.,254.75,258.45,251.65,258.05,258.45,246.85,,257.45,,,1676,426305.00,60,F1,1,,,,,
2026-06-12,2026-06-12,CM,BSE,STK,523840,INE965C01038,INNOVTEC,X,,,,,INNOVATIVE TECH PACK LTD.,14.18,14.18,13.80,14.15,14.15,14.25,,14.15,,,655,9122.00,14,F1,1,,,,,
2026-06-12,2026-06-12,CM,BSE,STK,523842,INE460D01038,SUPTANERY,X,,,,,SUPER TANNERY LIMITED,7.65,7.65,7.07,7.42,7.47,7.60,,7.42,,,47582,347864.00,233,F1,1,,,,,
2026-06-12,2026-06-12,CM,BSE,STK,523844,INE537B01011,CONSTRONIC,X,,,,,CONSTRONICS INFRA LIMITED,43.99,44.01,41.30,42.93,41.62,42.15,,42.93,,,991,43169.00,23,F1,1,,,,,
2026-06-12,2026-06-12,CM,BSE,STK,523850,INE767C01012,AXTEL,X,,,,,AXTEL INDUSTRIES LTD.,449.95,452.90,441.00,449.35,451.00,443.80,,449.35,,,4705,2105662.00,136,F1,1,,,,,
2026-06-12,2026-06-12,CM,BSE,STK,523862,INE926B01016,GRANDOAK,B,,,,,GRAND OAK CANYONS DISTILLERY L,35.00,35.11,32.25,32.83,34.00,35.83,,32.91,,,18780,615830.00,412,F1,1,,,,,
2026-06-12,2026-06-12,CM,BSE,STK,523874,INE191C01023,EASTINDIA,XT,,,,,East India Drums and Barrels M,108.90,111.00,103.55,109.00,109.00,108.90,,109.00,,,926,97098.00,30,F1,1,,,,,
2026-06-12,2026-06-12,CM,BSE,STK,523888,INE317D01014,MEGAMONT,XT,,,,,MEGAMONT LIMITED,136.00,150.30,136.00,149.10,150.30,143.15,,149.10,,,3979,567898.00,32,F1,1,,,,,
2026-06-12,2026-06-12,CM,BSE,STK,524000,INE511C01022,POONAWALLA,A,,,,,POONAWALLA FINCORP LIMITED,375.55,393.25,375.55,391.75,391.75,372.85,,391.90,,,152546,59129707.00,4311,F1,1,,,,,
2026-06-12,2026-06-12,CM,BSE,STK,524019,INE473D01015,KINGFA,B,,,,,Kingfa Science & Technology (I,5150.00,5158.60,5082.70,5121.40,5122.55,5056.15,,5108.50,,,307,1574722.00,24,F1,1,,,,,
2026-06-12,2026-06-12,CM,BSE,STK,524031,INE637N01014,PATIDAR,X,,,,,PATIDAR BUILDCON LIMITED,7.60,7.60,7.60,7.60,7.60,8.00,,7.60,,,1,7.00,1,F1,1,,,,,
2026-06-12,2026-06-12,CM,BSE,STK,524037,INE809A01032,RAMAPHO,B,,,,,RAMA PHOSPHATES LTD.,122.50,123.95,120.10,121.40,121.30,120.80,,121.35,,,2532,306497.00,97,F1,1,,,,,
2026-06-12,2026-06-12,CM,BSE,STK,524038,INE204D01022,VENLONENT,X,,,,,VENLON ENTERPRISES LTD.,5.10,5.10,4.56,4.98,4.99,5.05,,4.98,,,2868,13168.00,10,F1,1,,,,,
2026-06-12,2026-06-12,CM,BSE,STK,524051,INE633B01018,POLYPLEX,B,,,,,POLYPLEX CORPORATION LTD.,888.10,908.70,888.10,897.75,903.00,887.75,,898.35,,,2776,2501848.00,170,F1,1,,,,,
2026-06-12,2026-06-12,CM,BSE,STK,524075,INE155C01010,ALBERTDAVD,B,,,,,ALBERT DAVID LTD.,707.00,728.00,707.00,726.35,725.00,696.75,,725.65,,,632,457568.00,90,F1,1,,,,,
2026-06-12,2026-06-12,CM,BSE,STK,524080,INE681F01018,HARLETH,X,,,,,HARYANA LEATHER CHEMICALS LTD.,68.28,68.28,64.00,65.00,65.00,64.92,,65.00,,,102,6533.00,3,F1,1,,,,,
2026-06-12,2026-06-12,CM,BSE,STK,524091,INE482D01024,CARYSIL,B,,,,,CARYSIL LIMITED,1182.90,1198.00,1165.20,1180.40,1180.40,1167.95,,1179.20,,,11621,13721065.00,611,F1,1,,,,,
2026-06-12,2026-06-12,CM,BSE,STK,524109,INE900B01029,KABRAEXTRU,B,,,,,KABRA EXTRUSIONTECHNIK LTD.,231.20,238.00,230.60,237.75,238.00,229.65,,237.34,,,1042,244534.00,239,F1,1,,,,,
2026-06-12,2026-06-12,CM,BSE,STK,524129,INE250B01029,VINYLINDIA,B,,,,,VINYL CHEMICALS (INDIA) LTD.,243.90,245.00,238.00,243.25,243.05,239.15,,244.55,,,1452,350529.00,75,F1,1,,,,,
2026-06-12,2026-06-12,CM,BSE,STK,524136,INE417E01010,PCCOSMA,X,,,,,PEE CEE COSMA SOPE LTD.,304.00,304.00,295.60,297.90,298.95,299.20,,297.90,,,2479,743702.00,69,F1,1,,,,,
2026-06-12,2026-06-12,CM,BSE,STK,524156,INE034F01010,TCMLMTD,X,,,,,TCM LTD.,46.00,46.90,45.00,45.59,45.10,44.64,,45.59,,,2808,128237.00,55,F1,1,,,,,
2026-06-12,2026-06-12,CM,BSE,STK,524164,INE485C01029,IOLCP,B,,,,,IOL CHEMICALS & PHARMACEUTICAL,129.10,134.90,129.10,134.25,134.25,127.85,,134.24,,,79244,10540316.00,1073,F1,1,,,,,
2026-06-12,2026-06-12,CM,BSE,STK,524174,INE133C01033,KESARPE,X,,,,,KESAR PETROPRODUCTS LTD.,16.49,16.55,15.69,15.91,15.81,16.28,,15.91,,,64712,1035006.00,215,F1,1,,,,,
2026-06-12,2026-06-12,CM,BSE,STK,524200,INE410B01037,VINATIORGA,A,,,,,VINATI ORGANICS LTD.,1310.00,1321.00,1296.90,1303.35,1298.00,1304.15,,1303.20,,,2889,3780907.00,359,F1,1,,,,,
2026-06-12,2026-06-12,CM,BSE,STK,524202,INE058I01013,LACTOSE,X,,,,,LACTOSE (INDIA) LTD.,113.95,113.95,107.80,109.30,108.10,109.85,,109.30,,,4115,454872.00,61,F1,1,,,,,
2026-06-12,2026-06-12,CM,BSE,STK,524204,INE757D01011,TEEAI,X,,,,,TEESTA AGRO INDUSTRIES LTD.,115.00,118.80,112.40,114.20,114.00,114.95,,114.20,,,93,10634.00,25,F1,1,,,,,
2026-06-12,2026-06-12,CM,BSE,STK,524208,INE769A01020,AARTIIND,A,,,,,AARTI INDUSTRIES LTD.,430.50,442.00,427.95,440.50,440.50,427.40,,440.60,,,15629,6805296.00,735,F1,1,,,,,
2026-06-12,2026-06-12,CM,BSE,STK,524210,INE702E01015,PNTKYOR,X,,,,,PENTOKEY ORGANY (INDIA) LTD.,36.51,36.55,36.51,36.55,36.51,36.15,,36.55,,,159,5809.00,6,F1,1,,,,,
2026-06-12,2026-06-12,CM,BSE,STK,524212,INE107F01022,WANBURY,B,,,,,WANBURY LTD.,259.25,281.95,256.00,274.50,273.00,256.05,,274.55,,,13683,3685551.00,405,F1,1,,,,,
2026-06-12,2026-06-12,CM,BSE,STK,524218,INE486D01017,RESONANCE,X,,,,,RESONANCE SPECIALTIES LTD.,131.00,134.70,127.55,131.80,130.00,131.35,,131.80,,,13513,1781451.00,139,F1,1,,,,,
2026-06-12,2026-06-12,CM,BSE,STK,524226,INE036B01030,GAEL,B,,,,,GUJARAT AMBUJA EXPORTS LTD.,157.10,159.75,155.85,157.80,157.10,155.30,,157.83,,,27481,4336108.00,382,F1,1,,,,,
2026-06-12,2026-06-12,CM,BSE,STK,524230,INE027A01015,RCF,A,,,,,RASHTRIYA CHEMICALS & FERTILIZ,126.10,127.70,125.10,127.30,127.45,124.60,,127.35,,,91240,11525966.00,1453,F1,1,,,,,
2026-06-12,2026-06-12,CM,BSE,STK,524238,INE659F01014,GUJINJEC,XT,,,,,GUJARAT INJECT (KERALA) LTD.,119.85,120.40,117.00,119.00,119.00,114.70,,119.00,,,55999,6715832.00,238,F1,1,,,,,
2026-06-12,2026-06-12,CM,BSE,STK,524280,INE082A01010,KOPRAN,T,,,,,KOPRAN LTD.,181.00,183.75,176.35,181.35,183.75,176.05,,181.63,,,8009,1437589.00,109,F1,1,,,,,
2026-06-12,2026-06-12,CM,BSE,STK,524288,INE008B01013,AIMCOPEST,X,,,,,AIMCO PESTICIDES LTD.,55.92,55.92,53.00,53.40,53.40,54.56,,53.40,,,800,42815.00,23,F1,1,,,,,
2026-06-12,2026-06-12,CM,BSE,STK,524314,INE499G01013,GUJTERC,X,,,,,GUJARAT TERCE LABORATORIES LTD,32.39,33.50,31.33,32.72,33.50,31.33,,32.72,,,1104,35800.00,22,F1,1,,,,,
2026-06-12,2026-06-12,CM,BSE,STK,524322,INE323K01017,KABRADG,X,,,,,KABRA DRUGS LTD.,22.20,25.02,21.75,23.63,23.19,21.43,,23.63,,,63463,1507225.00,190,F1,1,,,,,
2026-06-12,2026-06-12,CM,BSE,STK,524324,INE573R01012,SEYAIND,T,,,,,SEYA INDUSTRIES LTD.,12.90,12.98,12.70,12.89,12.89,12.95,,12.93,,,5068,64587.00,15,F1,1,,,,,
2026-06-12,2026-06-12,CM,BSE,STK,524330,INE785A01026,JAYAGROGN,B,,,,,JAYANT AGRO-ORGANICS LTD.,221.75,225.00,220.70,224.95,220.70,217.50,,225.73,,,234,52479.00,54,F1,1,,,,,
2026-06-12,2026-06-12,CM,BSE,STK,524332,INE412G01024,BCLIND,B,,,,,BCL INDUSTRIES LIMITED,38.52,38.98,37.56,37.81,37.81,38.24,,37.79,,,106523,4066868.00,563,F1,1,,,,,
2026-06-12,2026-06-12,CM,BSE,STK,524336,INE065E01017,SHHARICH,X,,,,,SHREE HARI CHEMICALS EXPORT LT,112.00,115.00,112.00,115.00,115.00,106.50,,115.00,,,1531,174535.00,24,F1,1,,,,,
2026-06-12,2026-06-12,CM,BSE,STK,524342,INE803D01021,INDOBORAX,B,,,,,INDO BORAX & CHEMICALS LTD.,359.60,376.90,359.60,373.15,374.00,358.60,,373.45,,,10431,3898353.00,516,F1,1,,,,,
2026-06-12,2026-06-12,CM,BSE,STK,524348,INE767A01016,AARTIDRUGS,B,,,,,AARTI DRUGS LTD.,372.90,374.95,368.00,372.80,373.40,368.00,,371.75,,,4539,1682561.00,226,F1,1,,,,,
2026-06-12,2026-06-12,CM,BSE,STK,524370,INE338D01028,BODALCHEM,T,,,,,BODAL CHEMICALS LTD.,68.15,69.29,67.40,67.65,67.65,67.43,,68.09,,,6269,426136.00,63,F1,1,,,,,
2026-06-12,2026-06-12,CM,BSE,STK,524372,INE191A01027,ORCHPHARMA,B,,,,,Orchid Pharma Limited,847.00,933.50,847.00,917.00,917.00,852.45,,917.10,,,35161,31840733.00,1725,F1,1,,,,,
2026-06-12,2026-06-12,CM,BSE,STK,524394,INE579C01029,VIMTALABS,B,,,,,VIMTA LABS LTD.,531.25,562.00,525.00,554.10,552.00,521.05,,554.85,,,28030,15411231.00,1108,F1,1,,,,,
2026-06-12,2026-06-12,CM,BSE,STK,524396,INE829A01014,BIOFILCHEM,B,,,,,BIOFIL CHEMICALS & PHARMACEUTI,36.20,38.00,35.16,36.20,36.20,35.67,,36.23,,,186120,6744704.00,413,F1,1,,,,,
2026-06-12,2026-06-12,CM,BSE,STK,524400,INE806D01016,ISHITADR,X,,,,,ISHITA DRUGS & INDUSTRIES LTD.,74.51,76.50,74.51,75.06,74.70,77.99,,75.06,,,648,48609.00,18,F1,1,,,,,
2026-06-12,2026-06-12,CM,BSE,STK,524404,INE750C01026,MARKSANS,A,,,,,MARKSANS PHARMA LTD.,252.65,259.95,248.40,252.15,252.15,249.65,,252.36,,,119617,30336920.00,1875,F1,1,,,,,
2026-06-12,2026-06-12,CM,BSE,STK,524408,INE113E01015,UNIVSTAR,X,,,,,UNIVERSAL STARCH-CHEM ALLIED L,213.90,213.90,204.10,204.10,204.10,201.35,,204.10,,,67,13775.00,9,F1,1,,,,,
2026-06-12,2026-06-12,CM,BSE,STK,524412,INE198H01019,AAREYDRUGS,T,,,,,AAREY DRUGS & PHARMACEUTICALS,76.40,79.53,76.40,78.90,78.90,77.00,,77.85,,,206,16366.00,5,F1,1,,,,,
2026-06-12,2026-06-12,CM,BSE,STK,524414,INE744C01029,NORRIS,X,,,,,NORRIS MEDICINES LTD.,13.50,14.30,13.00,14.11,14.30,13.51,,14.11,,,1704,23742.00,25,F1,1,,,,,
2026-06-12,2026-06-12,CM,BSE,STK,524434,INE810M01019,ASINPET,X,,,,,ASIAN PETROPRODUCTS & EXPORTS,9.72,9.72,9.72,9.72,9.72,10.23,,9.72,,,5542,53868.00,27,F1,1,,,,,
2026-06-12,2026-06-12,CM,BSE,STK,524440,INE198C01010,CAMEXLTD,X,,,,,CAMEX LTD.,40.74,43.50,39.65,40.97,41.00,40.74,,40.97,,,3028,121871.00,46,F1,1,,,,,
2026-06-12,2026-06-12,CM,BSE,STK,524444,INE313M01030,EVEXIA,XT,,,,,EVEXIA LIFECARE LIMITED,1.74,1.78,1.62,1.75,1.75,1.70,,1.75,,,34325250,58863051.00,1169,F1,1,,,,,
2026-06-12,2026-06-12,CM,BSE,STK,524458,INE319N01019,INDOEURO,X,,,,,INDO EURO INDCHEM LTD.,10.69,10.69,10.69,10.69,10.69,10.40,,10.69,,,103,1101.00,5,F1,1,,,,,
2026-06-12,2026-06-12,CM,BSE,STK,524470,INE312C01025,SYNCOMF,B,,,,,SYNCOM FORMULATIONS (INDIA) LT,13.97,14.35,13.97,14.29,14.29,13.88,,14.27,,,143598,2040460.00,424,F1,1,,,,,
2026-06-12,2026-06-12,CM,BSE,STK,524480,INE249D01019,RIDDHI,XT,,,,,RIDDHI SIDDHI GLUCO BIOLS LTD.,791.00,791.00,757.80,774.95,774.95,776.55,,774.95,,,548,422329.00,36,F1,1,,,,,
2026-06-12,2026-06-12,CM,BSE,STK,524488,INE038B01010,SVCIND,X,,,,,SVC INDUSTRIES LIMITED,2.25,2.30,2.25,2.28,2.28,2.25,,2.28,,,198012,451234.00,72,F1,1,,,,,
2026-06-12,2026-06-12,CM,BSE,STK,524494,INE571A01038,IPCALAB,A,,,,,IPCA LABORATORIES LTD.,1634.00,1639.95,1572.80,1585.80,1591.00,1613.05,,1583.10,,,4010,6425774.00,578,F1,1,,,,,
2026-06-12,2026-06-12,CM,BSE,STK,524500,INE729D01010,KILITCH,B,,,,,KILITCH DRUGS (INDIA) LTD.,184.30,190.70,181.50,188.40,189.25,181.05,,188.97,,,9909,1858922.00,254,F1,1,,,,,
2026-06-12,2026-06-12,CM,BSE,STK,524506,INE683E01017,CORALAB,X,,,,,CORAL LABORATORIES LTD.,494.90,500.05,480.05,489.80,500.00,494.85,,489.80,,,1196,583846.00,80,F1,1,,,,,
2026-06-12,2026-06-12,CM,BSE,STK,524514,INE276N01011,TULASEEBIOE,ZP,,,,,TULASEE BIO-ETHANOL LTD.,41.14,41.14,41.14,41.14,41.14,39.19,,41.14,,,100,4114.00,1,F1,100,,,,,
2026-06-12,2026-06-12,CM,BSE,STK,524516,INE711D01018,BACPHAR,X,,,,,BACIL PHARMA LTD.,52.00,52.00,43.67,43.67,43.67,48.52,,43.67,,,245092,11146624.00,185,F1,1,,,,,
2026-06-12,2026-06-12,CM,BSE,STK,524518,INE268B01013,KREBSBIO,B,,,,,KREBS BIOCHEMICALS & INDUSTRIE,63.15,66.49,63.15,64.06,64.06,63.19,,65.21,,,76,4889.00,7,F1,1,,,,,
2026-06-12,2026-06-12,CM,BSE,STK,524520,INE879K01018,KMCSHIL,B,,,,,KMC SPECIALITY HOSPITALS (INDI,122.50,122.90,117.85,118.55,119.30,119.95,,118.55,,,236962,28635119.00,1934,F1,1,,,,,
2026-06-12,2026-06-12,CM,BSE,STK,524534,INE972C01018,BHASKAGR,XT,,,,,BHASKAR AGROCHEMICALS LTD.,125.55,132.30,125.55,132.25,132.25,131.95,,132.25,,,1121,143272.00,21,F1,1,,,,,
2026-06-12,2026-06-12,CM,BSE,STK,524542,INE450E01029,SUKHJITS,B,,,,,SUKHJIT STARCH & CHEMICALS LTD,172.00,177.00,168.25,169.00,169.00,172.00,,173.04,,,865,152951.00,20,F1,1,,,,,
2026-06-12,2026-06-12,CM,BSE,STK,524548,INE465H01012,SHARMEH,X,,,,,SHARMA EAST INDIA HOSPITALS &,106.70,106.70,102.00,103.05,103.05,106.70,,103.05,,,874,89229.00,6,F1,1,,,,,
2026-06-12,2026-06-12,CM,BSE,STK,524558,INE794A01010,NEULANDLAB,A,,,,,NEULAND LABORATORIES LTD.,17290.50,17400.00,17018.95,17177.50,17143.05,16952.25,,17197.00,,,970,16637756.00,258,F1,1,,,,,
2026-06-12,2026-06-12,CM,BSE,STK,524564,INE052E01015,GAYATRIBI,X,,,,,GAYATRI BIOORGANICS LTD.,8.25,8.25,7.66,7.91,7.87,7.89,,7.91,,,17223,135712.00,64,F1,1,,,,,
2026-06-12,2026-06-12,CM,BSE,STK,524570,INE371C01013,PODDARMENT,B,,,,,PODDAR PIGMENTS LTD.,268.95,268.95,256.00,259.00,259.00,258.15,,258.50,,,209,56154.00,10,F1,1,,,,,
2026-06-12,2026-06-12,CM,BSE,STK,524572,INE117D01018,PHARMAID,X,,,,,PHARMAIDS PHARMACEUTICALS LTD.,28.52,30.90,27.51,28.96,28.99,28.52,,28.96,,,3206,93793.00,37,F1,1,,,,,
2026-06-12,2026-06-12,CM,BSE,STK,524576,INE737C01023,VIVIDIND,X,,,,,VIVID GLOBAL INDUSTRIES LTD.,21.25,21.74,19.99,21.68,21.68,21.39,,21.68,,,1237,25551.00,34,F1,1,,,,,
2026-06-12,2026-06-12,CM,BSE,STK,524580,INE686C01014,PRIYALT,X,,,,,PRIYA LTD.,27.55,27.55,27.48,27.48,27.48,26.25,,27.48,,,2,55.00,2,F1,1,,,,,
2026-06-12,2026-06-12,CM,BSE,STK,524582,INE314D01011,TIRUSTA,X,,,,,TIRUPATI STARCH & CHEMICALS LT,123.00,127.95,120.10,127.90,127.90,123.95,,127.90,,,896,112255.00,21,F1,1,,,,,
2026-06-12,2026-06-12,CM,BSE,STK,524592,INE263B01022,JAYSYNTH,X,,,,,JAYSYNTH ORGOCHEM LIMITED,12.51,12.76,12.25,12.51,12.60,12.51,,12.51,,,34449,425305.00,122,F1,1,,,,,
2026-06-12,2026-06-12,CM,BSE,STK,524594,INE994D01010,AEONXDIGI,X,,,,,Aeonx Digital Technology Limit,127.95,127.95,115.50,120.40,115.50,122.05,,120.40,,,796,95929.00,11,F1,1,,,,,
2026-06-12,2026-06-12,CM,BSE,STK,524598,INE542B01011,AKSHARCHEM,B,,,,,AKSHARCHEM (INDIA) LTD.,221.70,221.70,205.40,207.45,207.00,202.45,,207.13,,,943,196461.00,107,F1,1,,,,,
2026-06-12,2026-06-12,CM,BSE,STK,524602,INE875N01036,BANDARAM,X,,,,,BANDARAM PHARMA PACKTECH LIMIT,28.20,29.00,27.15,27.56,27.56,27.50,,27.56,,,4402,122652.00,34,F1,1,,,,,
2026-06-12,2026-06-12,CM,BSE,STK,524606,INE415H01017,BERLDRG,X,,,,,BERYL DRUGS LTD.,22.58,23.74,22.58,23.02,22.58,23.04,,23.02,,,105,2400.00,11,F1,1,,,,,
2026-06-12,2026-06-12,CM,BSE,STK,524614,INE056E01024,INDXTRA,X,,,,,IEL LIMITED,5.80,5.80,5.41,5.51,5.51,5.52,,5.51,,,28465,155705.00,124,F1,1,,,,,
2026-06-12,2026-06-12,CM,BSE,STK,524622,INE532B01020,ISTRNETWK,XT,,,,,ISTREET NETWORK LIMITED,48.94,50.49,48.15,49.12,49.41,49.18,,49.12,,,14548,714164.00,116,F1,1,,,,,
2026-06-12,2026-06-12,CM,BSE,STK,524624,INE076D01016,GAGAN,XT,,,,,GAGAN GASES LTD.,20.05,22.13,20.04,21.54,21.95,21.08,,21.54,,,7405,157628.00,79,F1,1,,,,,
2026-06-12,2026-06-12,CM,BSE,STK,524628,INE750B01010,PARKERAC,X,,,,,PARKER AGROCHEM EXPORTS LTD.,14.92,14.92,14.50,14.70,14.70,14.85,,14.70,,,3182,46155.00,8,F1,1,,,,,
2026-06-12,2026-06-12,CM,BSE,STK,524632,INE551C01044,SHUKRAPHAR,B,,,,,Shukra Pharmaceuticals Limited,30.19,30.75,29.50,29.97,30.00,29.16,,29.97,,,137653,4124098.00,852,F1,1,,,,,
2026-06-12,2026-06-12,CM,BSE,STK,524634,INE058F01019,ALUFLUOR,X,,,,,ALUFLUORIDE LTD.,459.80,459.85,435.15,440.40,440.40,451.55,,440.40,,,26554,11774972.00,843,F1,1,,,,,
2026-06-12,2026-06-12,CM,BSE,STK,524636,INE102E01018,OXYGENTAPH,X,,,,,OXYGENTA PHARMACEUTICAL LIMITE,47.45,49.00,45.90,48.58,48.75,44.61,,48.58,,,24414,1156085.00,104,F1,1,,,,,
2026-06-12,2026-06-12,CM,BSE,STK,524640,INE078I01011,ARCHITORG,X,,,,,ARCHIT ORGANOSYS LTD.,53.50,54.40,50.50,52.51,52.50,52.29,,52.51,,,65971,3451470.00,247,F1,1,,,,,
2026-06-12,2026-06-12,CM,BSE,STK,524642,INE528E01022,SIKOZY,X,,,,,SIKOZY REALTORS LIMITED,1.44,1.51,1.40,1.50,1.50,1.44,,1.50,,,273,388.00,10,F1,1,,,,,
2026-06-12,2026-06-12,CM,BSE,STK,524648,INE760F01028,INDOAMIN,B,,,,,INDO AMINES LTD.,129.55,131.25,128.70,130.45,130.60,126.60,,130.89,,,3569,463920.00,79,F1,1,,,,,
2026-06-12,2026-06-12,CM,BSE,STK,524654,INE936B01015,NATCAPSUQ,B,,,,,NATURAL CAPSULES LTD.,154.20,154.20,154.20,154.20,154.20,152.15,,155.95,,,34,5242.00,4,F1,1,,,,,
2026-06-12,2026-06-12,CM,BSE,STK,524661,INE331C01025,WELCURE,X,,,,,WELCURE DRUGS & PHARMACEUTICAL,0.26,0.27,0.25,0.27,0.27,0.25,,0.27,,,11990059,3116422.00,795,F1,1,,,,,
2026-06-12,2026-06-12,CM,BSE,STK,524663,INE994B01014,BIBCL,B,,,,,BHARAT IMMUNOLOGICALS & BIOLOG,17.16,17.29,16.81,17.02,17.01,16.82,,17.02,,,9831,167719.00,41,F1,1,,,,,
2026-06-12,2026-06-12,CM,BSE,STK,524667,INE035D01020,SOTL,B,,,,,SAVITA OIL TECHNOLOGIES LTD.,554.50,578.35,550.00,571.05,573.00,541.75,,570.40,,,19086,10834159.00,675,F1,1,,,,,
2026-06-12,2026-06-12,CM,BSE,STK,524669,INE782E01017,HESTERBIO,B,,,,,HESTER BIOSCIENCES LTD.,1979.00,1982.00,1932.00,1960.40,1942.15,1952.15,,1953.70,,,286,560303.00,56,F1,1,,,,,
2026-06-12,2026-06-12,CM,BSE,STK,524675,INE645C01010,KABSON,XT,,,,,KABSONS INDUSTRIES LTD.,19.62,20.00,18.65,19.00,19.00,19.62,,19.00,,,1240,23540.00,21,F1,1,,,,,
2026-06-12,2026-06-12,CM,BSE,STK,524687,INE473E01021,BASANTGL,X,,,,,BASANT AGRO TECH (INDIA) LTD.,12.31,12.89,12.31,12.63,12.65,12.72,,12.63,,,21285,266987.00,139,F1,1,,,,,
2026-06-12,2026-06-12,CM,BSE,STK,524703,INE751D01014,SANDUPHQ,X,,,,,SANDU PHARMACEUTICALS LTD.,42.73,42.88,40.00,41.61,41.61,42.94,,41.61,,,3287,136717.00,42,F1,1,,,,,
2026-06-12,2026-06-12,CM,BSE,STK,524709,INE295D01020,NACLIND,B,,,,,NACL Industries Limited,158.95,167.00,158.95,164.50,164.50,159.40,,164.75,,,31420,5136654.00,442,F1,1,,,,,
2026-06-12,2026-06-12,CM,BSE,STK,524711,INE427C01021,VISTAPH,X,,,,,VISTA PHARMACEUTICALS LTD.,7.39,7.40,7.38,7.40,7.40,7.10,,7.40,,,2652,19583.00,21,F1,1,,,,,
2026-06-12,2026-06-12,CM,BSE,STK,524715,INE044A01036,SUNPHARMA,A,,,,,SUN PHARMACEUTICAL INDUSTRIES,1808.00,1814.60,1792.40,1807.25,1807.25,1794.30,,1807.70,,,49984,90249460.00,5400,F1,1,,,,,
2026-06-12,2026-06-12,CM,BSE,STK,524717,INE150C01029,TITANBIO,XT,,,,,TITAN BIOTECH LTD.,442.35,458.00,430.00,444.75,449.00,442.40,,444.75,,,50371,22630284.00,685,F1,1,,,,,
2026-06-12,2026-06-12,CM,BSE,STK,524731,INE354A01013,JENBURPH,X,,,,,JENBURKT PHARMACEUTICALS LTD.,1166.00,1190.00,1165.95,1187.45,1187.45,1157.65,,1187.45,,,1743,2060387.00,126,F1,1,,,,,
2026-06-12,2026-06-12,CM,BSE,STK,524735,INE475B01022,HIKAL,B,,,,,HIKAL LTD.,179.80,185.20,179.00,183.95,184.00,174.95,,183.99,,,7181,1302426.00,184,F1,1,,,,,
2026-06-12,2026-06-12,CM,BSE,STK,524742,INE475E01026,CAPLIPOINT,A,,,,,CAPLIN POINT LABORATORIES LTD.,2342.95,2424.00,2342.95,2411.30,2422.00,2330.80,,2407.90,,,11551,27647253.00,1515,F1,1,,,,,
2026-06-12,2026-06-12,CM,BSE,STK,524743,INE771F01041,FISCHER,B,,,,,FISCHER MEDICAL VENTURES LIMIT,35.40,36.77,35.07,36.20,36.35,34.72,,36.15,,,49463,1771502.00,353,F1,1,,,,,
2026-06-12,2026-06-12,CM,BSE,STK,524748,INE302F01011,LINKPH,X,,,,,LINK PHARMA CHEM LTD.,27.39,28.75,27.39,28.47,28.47,27.39,,28.47,,,721,20471.00,7,F1,1,,,,,
2026-06-12,2026-06-12,CM,BSE,STK,524752,INE643N01012,DECIPHER,X,,,,,DECIPHER LABS LIMITED,6.85,6.85,6.25,6.80,6.80,6.85,,6.80,,,1560,10623.00,12,F1,1,,,,,
2026-06-12,2026-06-12,CM,BSE,STK,524768,INE634B01016,EMMESSA,X,,,,,EMMESSAR BIOTECH & NUTRITION L,26.99,26.99,24.35,25.17,25.17,25.00,,25.17,,,3699,94218.00,20,F1,1,,,,,
2026-06-12,2026-06-12,CM,BSE,STK,524774,INE887E01022,NGLFINE,B,,,,,NGL FINE-CHEM LTD.,2769.15,3122.25,2769.15,3063.60,3063.60,2714.85,,3050.40,,,5135,15515430.00,805,F1,1,,,,,
2026-06-12,2026-06-12,CM,BSE,STK,524790,INE334C01029,EVERESTO,X,,,,,EVEREST ORGANICS LTD.,247.05,260.00,247.05,254.90,258.90,259.90,,254.90,,,1733,446522.00,30,F1,1,,,,,
2026-06-12,2026-06-12,CM,BSE,STK,524804,INE406A01037,AUROPHARMA,A,,,,,AUROBINDO PHARMA LTD.,1478.00,1481.00,1466.00,1472.25,1469.30,1464.10,,1472.80,,,23138,34136142.00,1729,F1,1,,,,,
2026-06-12,2026-06-12,CM,BSE,STK,524808,INE037C01010,PHYTO,X,,,,,PHYTO CHEM (INDIA) LTD.,23.85,23.85,23.00,23.65,23.65,22.94,,23.65,,,521,12319.00,5,F1,1,,,,,
2026-06-12,2026-06-12,CM,BSE,STK,524816,INE987B01026,NATCOPHARM,A,,,,,NATCO PHARMA LTD.,865.00,866.00,849.75,863.85,863.85,842.55,,863.90,,,50037,42930690.00,3635,F1,1,,,,,
2026-06-12,2026-06-12,CM,BSE,STK,524818,INE457C01010,DYNAMIND,X,,,,,DYNAMIC INDUSTRIES LTD.,113.80,113.80,113.80,113.80,113.80,110.00,,113.80,,,2,227.00,2,F1,1,,,,,
2026-06-12,2026-06-12,CM,BSE,STK,524820,INE305C01029,PANAMAPET,B,,,,,PANAMA PETROCHEM LTD.,382.85,384.20,369.65,377.80,382.00,375.35,,377.25,,,16477,6185857.00,403,F1,1,,,,,
2026-06-12,2026-06-12,CM,BSE,STK,524824,INE083D01012,BALPHARMA,B,,,,,BAL PHARMA LTD.,84.90,89.47,83.36,86.70,86.70,84.82,,86.19,,,3003,260858.00,181,F1,1,,,,,
2026-06-12,2026-06-12,CM,BSE,STK,524828,INE278D01018,BDH,X,,,,,BDH INDUSTRIES LTD.,408.95,413.90,400.30,403.15,408.40,405.80,,403.15,,,751,305571.00,32,F1,1,,,,,
2026-06-12,2026-06-12,CM,BSE,STK,526001,INE593O01017,JAUSPOL,XT,,,,,JAUSS POLYMERS LTD.,26.31,26.31,24.51,24.51,24.51,25.79,,24.51,,,5544,138236.00,25,F1,1,,,,,
2026-06-12,2026-06-12,CM,BSE,STK,526025,INE064L01015,GLOBUSCON,X,,,,,GLOBUS CONSTRUCTORS & DEVELOPE,13.73,13.73,13.21,13.48,13.36,13.60,,13.48,,,3150,42363.00,38,F1,1,,,,,
2026-06-12,2026-06-12,CM,BSE,STK,526027,INE144D01012,CUBEXTUB,B,,,,,CUBEX TUBINGS LTD.,81.99,84.78,81.49,83.14,84.00,81.99,,83.12,,,10972,908398.00,173,F1,1,,,,,
2026-06-12,2026-06-12,CM,BSE,STK,526043,INE809B01014,POLYCHMP,X,,,,,POLYMECHPLAST MACHINES LTD.,52.40,52.50,51.00,52.12,52.50,53.21,,52.12,,,624,32362.00,27,F1,1,,,,,
2026-06-12,2026-06-12,CM,BSE,STK,526071,INE395F01023,STELLANT,XT,,,,,STELLANT SECURITIES (INDIA) LT,585.00,594.80,546.15,577.80,577.80,566.50,,577.80,,,3052,1770209.00,71,F1,1,,,,,
2026-06-12,2026-06-12,CM,BSE,STK,526073,INE020S01012,GALXBRG,X,,,,,GALAXY BEARINGS LTD.,601.75,601.75,575.00,579.35,579.35,591.10,,579.35,,,883,513371.00,55,F1,1,,,,,
2026-06-12,2026-06-12,CM,BSE,STK,526075,INE092O01028,VINRKLB,XT,,,,,REKVINA LABORATORIES LTD.,39.00,39.00,39.00,39.00,39.00,39.01,,39.00,,,2500,97500.00,6,F1,1,,,,,
2026-06-12,2026-06-12,CM,BSE,STK,526081,INE895E01017,SCAGRO,X,,,,,SC Agrotech Limited,19.41,19.41,19.30,19.40,19.40,19.40,,19.40,,,3487,67649.00,6,F1,1,,,,,
2026-06-12,2026-06-12,CM,BSE,STK,526095,INE427E01027,RALEGRA,XT,,,,,RAVILEELA GRANITES LTD.,53.00,55.00,49.88,55.00,55.00,52.50,,55.00,,,851,46355.00,23,F1,1,,,,,
2026-06-12,2026-06-12,CM,BSE,STK,526113,INE602H01010,UNRYLMA,X,,,,,UNIROYAL MARINE EXPORTS LTD.,12.80,12.80,12.80,12.80,12.80,13.10,,12.80,,,24,307.00,2,F1,1,,,,,
2026-06-12,2026-06-12,CM,BSE,STK,526115,INE327D01013,KARANWO,X,,,,,KARAN WOO-SIN LTD.,8.90,8.90,8.89,8.90,8.90,8.48,,8.90,,,22,195.00,4,F1,1,,,,,
2026-06-12,2026-06-12,CM,BSE,STK,526125,INE00HZ01011,BNAGROCHEM,T,,,,,BN AGROCHEM LIMITED,269.00,294.80,267.10,285.90,291.00,281.00,,281.65,,,564,155451.00,43,F1,1,,,,,
2026-06-12,2026-06-12,CM,BSE,STK,526133,INE881B01054,SUPERTEX,X,,,,,SUPERTEX INDUSTRIES LTD.,5.33,5.77,5.33,5.75,5.75,5.65,,5.75,,,1194,6445.00,10,F1,1,,,,,
2026-06-12,2026-06-12,CM,BSE,STK,526137,INE278C01010,SHETR,X,,,,,SHETRON LTD.,92.60,96.00,91.50,91.90,91.65,91.50,,91.90,,,353,32512.00,16,F1,1,,,,,
2026-06-12,2026-06-12,CM,BSE,STK,526139,INE773D01018,TRABI,X,,,,,TRANSGENE BIOTEK LTD.,2.97,3.08,2.90,2.94,2.94,2.97,,2.94,,,14229,41978.00,61,F1,1,,,,,
2026-06-12,2026-06-12,CM,BSE,STK,526143,INE343A01016,MPL,X,,,,,MPL PLASTICS LTD.,6.00,6.65,6.00,6.60,6.60,5.60,,6.60,,,8273,54292.00,24,F1,1,,,,,
2026-06-12,2026-06-12,CM,BSE,STK,526159,INE926C01022,NIKHILAD,X,,,,,NIKHIL ADHESIVES LTD.,84.89,85.00,82.21,83.78,84.00,83.20,,83.78,,,6633,555416.00,108,F1,1,,,,,
2026-06-12,2026-06-12,CM,BSE,STK,526161,INE175C01018,SPENTA,X,,,,,SPENTA INTERNATIONAL LTD.,102.50,105.25,100.00,104.00,104.00,104.50,,104.00,,,749,78286.00,14,F1,1,,,,,
2026-06-12,2026-06-12,CM,BSE,STK,526169,INE678F01014,MULTIBASE,X,,,,,MULTIBASE INDIA LTD.,182.95,183.20,180.50,182.25,181.40,179.10,,182.25,,,1648,299825.00,104,F1,1,,,,,
2026-06-12,2026-06-12,CM,BSE,STK,526173,INE449C01025,ANDREWYU,B,,,,,ANDREW YULE & COMPANY LTD.,23.69,23.69,23.15,23.52,23.44,23.23,,23.52,,,56430,1318282.00,275,F1,1,,,,,
2026-06-12,2026-06-12,CM,BSE,STK,526179,INE983C01015,LUDLOWJUT,XT,,,,,LUDLOW JUTE & SPECIALITIES LTD,314.90,321.00,314.90,320.95,319.90,315.70,,320.95,,,438,139025.00,24,F1,1,,,,,
2026-06-12,2026-06-12,CM,BSE,STK,526187,INE293C01019,ASHRAM,X,,,,,ASHRAM ONLINE.COM LTD.,5.25,5.25,5.25,5.25,5.25,5.00,,5.25,,,3348,17577.00,2,F1,1,,,,,
2026-06-12,2026-06-12,CM,BSE,STK,526193,INE618A01011,ROYALCU,X,,,,,ROYAL CUSHION VINYL PRODUCTS L,15.80,15.80,14.01,14.95,15.16,14.89,,14.95,,,1313,18881.00,30,F1,1,,,,,
2026-06-12,2026-06-12,CM,BSE,STK,526211,INE170U01011,SURJIND,XT,,,,,SURAJ INDUSTRIES LTD.,59.00,60.50,57.60,60.50,60.50,58.70,,60.50,,,7088,427775.00,28,F1,1,,,,,
2026-06-12,2026-06-12,CM,BSE,STK,526217,INE120D01012,HITECHCORP,T,,,,,Hitech Corporation Limited,306.90,315.70,299.25,311.00,311.00,311.80,,310.32,,,1411,437218.00,37,F1,1,,,,,
2026-06-12,2026-06-12,CM,BSE,STK,526227,INE816B01035,FILATEX,B,,,,,FILATEX INDIA LTD.,49.25,52.99,49.25,52.09,52.09,49.25,,51.92,,,127581,6617923.00,689,F1,1,,,,,
2026-06-12,2026-06-12,CM,BSE,STK,526231,INE307D01015,STDSFAC,X,,,,,STANDARD SURFACTANTS LTD.,47.30,50.34,46.50,50.31,50.31,47.30,,50.31,,,126,5916.00,8,F1,1,,,,,
2026-06-12,2026-06-12,CM,BSE,STK,526237,INE902C01015,MORGAN,X,,,,,MORGAN VENTURES LTD.,47.89,48.00,46.50,47.60,47.99,46.30,,47.60,,,703,33485.00,19,F1,1,,,,,
2026-06-12,2026-06-12,CM,BSE,STK,526241,INE762C01021,AMRAPLIN,XT,,,,,AMRAPALI INDUSTRIES LTD.,34.90,35.09,31.75,35.09,35.09,33.42,,35.09,,,83650,2775038.00,284,F1,1,,,,,
2026-06-12,2026-06-12,CM,BSE,STK,526247,INE863B01029,PREMEXPLN,A,,,,,PREMIER EXPLOSIVES LTD.,667.45,696.50,665.60,693.15,687.00,654.50,,692.70,,,32881,22405907.00,845,F1,1,,,,,
2026-06-12,2026-06-12,CM,BSE,STK,526251,INE033E01015,MIDEASTP,XT,,,,,MID EAST PORTFOLIO MANAGEMENT,27.00,28.35,25.65,28.35,28.35,27.00,,28.35,,,4283,115179.00,14,F1,1,,,,,
2026-06-12,2026-06-12,CM,BSE,STK,526263,INE835B01035,MOLDTECH,B,,,,,MOLD-TEK TECHNOLOGIES LTD.,125.70,128.05,124.35,127.00,126.00,123.00,,126.82,,,12702,1609824.00,327,F1,1,,,,,
2026-06-12,2026-06-12,CM,BSE,STK,526269,INE293N01016,CRSTCHM,XT,,,,,CRESTCHEM LTD.,141.00,147.00,141.00,143.30,144.30,140.05,,143.30,,,5038,714161.00,30,F1,1,,,,,
2026-06-12,2026-06-12,CM,BSE,STK,526299,INE356A01018,MPHASIS,A,,,,,MPHASIS LTD.,2287.80,2305.45,2256.05,2270.80,2273.60,2276.25,,2270.40,,,2974,6774927.00,483,F1,1,,,,,
2026-06-12,2026-06-12,CM,BSE,STK,526315,INE410G01010,DIVSHKT,X,,,,,DIVYASHAKTI LIMITED,47.12,47.38,45.40,45.81,45.81,47.12,,45.81,,,3760,172938.00,72,F1,1,,,,,
2026-06-12,2026-06-12,CM,BSE,STK,526325,INE609C01024,ORIENTLTD,B,,,,,ORIENT PRESS LTD.,57.15,63.85,57.15,63.85,63.85,58.50,,58.85,,,50,3025.00,2,F1,1,,,,,
2026-06-12,2026-06-12,CM,BSE,STK,526335,INE115F01017,SHREYASI,X,,,,,SHREYAS INTERMEDIATES LTD.,6.03,6.03,5.71,5.71,5.71,6.00,,5.71,,,276,1658.00,7,F1,1,,,,,
2026-06-12,2026-06-12,CM,BSE,STK,526345,INE744D01019,PANJON,X,,,,,PANJON LTD.,20.00,20.25,19.11,19.57,19.57,19.45,,19.57,,,6682,130086.00,34,F1,1,,,,,
2026-06-12,2026-06-12,CM,BSE,STK,526355,INE138B01018,DUROPACK,X,,,,,DUROPACK LTD.,56.57,56.57,54.50,56.01,56.01,56.03,,56.01,,,1514,84204.00,14,F1,1,,,,,
2026-06-12,2026-06-12,CM,BSE,STK,526365,INE967A01012,SWARNSAR,X,,,,,SWARNSARITA JEWELS INDIA LIMIT,32.56,33.00,32.50,32.52,32.52,32.55,,32.52,,,2063,67270.00,24,F1,1,,,,,
2026-06-12,2026-06-12,CM,BSE,STK,526367,INE460C01014,GANESHHOU,A,,,,,GANESH HOUSING LIMITED,756.55,772.35,750.15,761.75,760.50,756.55,,762.70,,,902,686084.00,124,F1,1,,,,,
2026-06-12,2026-06-12,CM,BSE,STK,526371,INE584A01023,NMDC,A,,,,,NMDC LTD.,90.35,91.28,89.64,90.89,90.89,88.43,,90.93,,,663393,60007863.00,4252,F1,1,,,,,
2026-06-12,2026-06-12,CM,BSE,STK,526373,INE908C01012,CINDHO,X,,,,,CINDRELLA HOTELS LTD.,49.36,49.36,49.36,49.36,49.36,49.60,,49.36,,,3,148.00,2,F1,1,,,,,
2026-06-12,2026-06-12,CM,BSE,STK,526381,INE529D01014,PATINTLOG,B,,,,,PATEL INTEGRATED LOGISTICS LTD,13.26,13.34,13.10,13.34,13.34,12.86,,13.11,,,1035,13587.00,12,F1,1,,,,,
2026-06-12,2026-06-12,CM,BSE,STK,526397,INE137C01018,ALPHAGEO,B,,,,,ALPHAGEO (INDIA) LTD.,205.00,209.15,204.55,205.65,208.35,204.00,,207.76,,,94,19315.00,9,F1,1,,,,,
2026-06-12,2026-06-12,CM,BSE,STK,526407,INE299D01022,HAMPTON,X,,,,,HAMPTON SKY REALTY LIMITED,9.00,9.25,8.91,8.98,9.00,9.00,,8.98,,,18196,164336.00,103,F1,1,,,,,
2026-06-12,2026-06-12,CM,BSE,STK,526409,INE301C01028,KKALPANAIND,X,,,,,KKALPANA INDUSTRIES (INDIA) LT,6.76,7.30,6.75,7.27,7.30,6.85,,7.27,,,21307,151607.00,75,F1,1,,,,,
2026-06-12,2026-06-12,CM,BSE,STK,526415,INE870B01024,OKPLA,XT,,,,,OK PLAY INDIA LTD.,4.57,4.57,4.30,4.52,4.55,4.52,,4.52,,,214163,945039.00,314,F1,1,,,,,
2026-06-12,2026-06-12,CM,BSE,STK,526423,INE479D01038,KRITI,T,,,,,KRITI INDUSTRIES (INDIA) LTD.,70.02,73.00,69.02,73.00,73.00,70.02,,72.60,,,1017,71504.00,24,F1,1,,,,,
2026-06-12,2026-06-12,CM,BSE,STK,526433,INE867C01010,ASMTEC,B,,,,,ASM TECHNOLOGIES LTD.,3450.00,3487.90,3420.05,3452.30,3452.30,3407.45,,3452.30,,,28629,99140767.00,2226,F1,1,,,,,
2026-06-12,2026-06-12,CM,BSE,STK,526435,INE759I01024,PERFEPA,X,,,,,PERFECTPAC LTD.,68.50,72.89,67.02,72.89,72.89,68.07,,72.89,,,207,14026.00,9,F1,1,,,,,
2026-06-12,2026-06-12,CM,BSE,STK,526439,INE267C01013,AMBIT,X,,,,,AMBITIOUS PLASTOMAC COMPANY LT,10.50,10.50,9.25,9.25,9.25,9.70,,9.25,,,1201,12340.00,7,F1,1,,,,,
2026-06-12,2026-06-12,CM,BSE,STK,526441,INE515B01025,VISIONCINE,XT,,,,,VISION CINEMAS LTD.,1.30,1.30,1.19,1.22,1.20,1.25,,1.22,,,109347,133715.00,91,F1,1,,,,,
2026-06-12,2026-06-12,CM,BSE,STK,526443,INE072B01027,AEIM,X,,,,,Artificial Electronics Intelli,106.95,109.35,105.00,107.55,107.55,105.90,,107.55,,,37806,4045708.00,620,F1,1,,,,,
2026-06-12,2026-06-12,CM,BSE,STK,526445,INE007C01021,INDRANIB,XT,,,,,INDRAYANI BIOTECH LTD.,10.89,11.40,10.89,11.02,11.34,11.00,,11.02,,,167145,1847945.00,107,F1,1,,,,,
2026-06-12,2026-06-12,CM,BSE,STK,526468,INE940E01011,EUROLED,X,,,,,EURO LEDER FASHION LTD.,17.75,17.95,17.06,17.78,17.79,17.06,,17.78,,,748,12940.00,29,F1,1,,,,,
2026-06-12,2026-06-12,CM,BSE,STK,526471,INE391C01011,WINSOMBR,X,,,,,WINSOME BREWERIES LTD.,22.69,23.39,21.56,22.11,22.39,22.16,,22.11,,,9339,205255.00,146,F1,1,,,,,
2026-06-12,2026-06-12,CM,BSE,STK,526473,INE152E01013,ELEFLOR,X,,,,,ELEGANT FLORICULTURE & AGROTEC,5.34,5.34,5.06,5.18,5.18,5.25,,5.18,,,49870,259866.00,72,F1,1,,,,,
2026-06-12,2026-06-12,CM,BSE,STK,526479,INE765B01018,SKYIND,X,,,,,SKY INDUSTRIES LTD.,82.99,86.74,80.63,84.35,86.74,81.91,,84.35,,,3358,278277.00,37,F1,1,,,,,
2026-06-12,2026-06-12,CM,BSE,STK,526481,INE245B01011,PHOENXINTL,X,,,,,PHOENIX INTERNATIONAL LTD.,28.00,29.65,28.00,29.64,29.64,28.48,,29.64,,,1413,41047.00,23,F1,1,,,,,
2026-06-12,2026-06-12,CM,BSE,STK,526488,INE432N01010,BHUDEVI,XT,,,,,BHUDEVI INFRA PROJECTS LIMITED,211.75,219.05,211.75,211.75,211.75,222.85,,211.75,,,719,152677.00,32,F1,1,,,,,
2026-06-12,2026-06-12,CM,BSE,STK,526490,INE206C01029,PRATIK,X,,,,,PRATIK PANELS LTD.,6.94,6.94,6.23,6.45,6.47,6.34,,6.45,,,32768,210539.00,54,F1,1,,,,,
2026-06-12,2026-06-12,CM,BSE,STK,526492,INE582D01013,RISHIROOP,X,,,,,Rishiroop Limited,93.90,93.90,87.00,90.65,90.65,84.18,,90.65,,,1376,123443.00,24,F1,1,,,,,
2026-06-12,2026-06-12,CM,BSE,STK,526500,INE398F01019,STRGRENWO,X,,,,,STERLING GREEN WOODS LTD.,19.47,19.47,18.59,18.59,18.59,19.47,,18.59,,,41,771.00,7,F1,1,,,,,
2026-06-12,2026-06-12,CM,BSE,STK,526506,INE356B01024,SYSTMTXC,B,,,,,SYSTEMATIX CORPORATE SERVICES,63.00,66.67,63.00,65.15,65.15,63.50,,66.62,,,389,25417.00,19,F1,1,,,,,
2026-06-12,2026-06-12,CM,BSE,STK,526508,INE825D01016,SHAHISHIP,X,,,,,Shahi Shipping Limited,12.50,13.24,12.50,12.74,12.62,12.84,,12.74,,,615,8022.00,27,F1,1,,,,,
2026-06-12,2026-06-12,CM,BSE,STK,526519,INE840D01015,ALPINEHOU,X,,,,,ALPINE HOUSING DEVELOPMENT COR,97.22,97.22,96.96,96.96,96.96,95.31,,96.96,,,11,1066.00,2,F1,1,,,,,
2026-06-12,2026-06-12,CM,BSE,STK,526525,INE550D01010,WWALUM,X,,,,,WORLDWIDE ALUMINIUM LIMITED,20.50,20.75,19.25,19.75,19.75,20.17,,19.75,,,3852,75036.00,17,F1,1,,,,,
2026-06-12,2026-06-12,CM,BSE,STK,526530,INE670C01026,IIRM,X,,,,,IIRM HOLDINGS INDIA LIMITED,126.95,126.95,110.00,119.45,119.00,114.75,,119.45,,,56289,6586320.00,276,F1,1,,,,,
2026-06-12,2026-06-12,CM,BSE,STK,526532,INE716K01020,SFPIL,X,,,,,SQUARE FOUR PROJECTS INDIA LIM,10.00,10.05,9.03,9.78,9.78,9.51,,9.78,,,16665,166787.00,22,F1,1,,,,,
2026-06-12,2026-06-12,CM,BSE,STK,526544,INE967B01028,SGLRES,XT,,,,,SGL RESOURCES LIMITED,2.62,2.62,2.49,2.59,2.61,2.62,,2.59,,,91960,232337.00,95,F1,1,,,,,
2026-06-12,2026-06-12,CM,BSE,STK,526546,INE493D01013,CHOKSILA,XT,,,,,CHOKSI LABORATORIES LTD.,119.70,119.70,117.85,117.90,118.90,114.00,,117.90,,,92,10869.00,9,F1,1,,,,,
2026-06-12,2026-06-12,CM,BSE,STK,526550,INE652F01027,CCHHL,B,,,,,COUNTRY CLUB HOSPITALITY AND H,11.03,12.99,11.03,12.86,12.86,12.86,,12.95,,,7309,90131.00,51,F1,1,,,,,
2026-06-12,2026-06-12,CM,BSE,STK,526554,INE159C01012,SALGUTI,X,,,,,SALGUTI INDUSTRIES LTD.,32.95,32.95,32.95,32.95,32.95,32.25,,32.95,,,5,164.00,1,F1,1,,,,,
2026-06-12,2026-06-12,CM,BSE,STK,526570,INE519N01014,MIDWEST,T,,,,,MIDWEST GOLD LTD.,3899.00,3909.95,3811.00,3891.15,3900.00,3860.10,,3891.15,,,526,2035745.00,106,F1,1,,,,,
2026-06-12,2026-06-12,CM,BSE,STK,526582,INE413G01022,TPLPLASTEH,B,,,,,TPL PLASTECH LTD.,65.99,68.32,65.69,66.64,66.00,64.79,,66.71,,,3783,251128.00,140,F1,1,,,,,
2026-06-12,2026-06-12,CM,BSE,STK,526596,INE557B01019,LIBERTSHOE,B,,,,,LIBERTY SHOES LTD.,235.00,239.60,235.00,239.25,239.00,233.00,,238.84,,,615,145831.00,24,F1,1,,,,,
2026-06-12,2026-06-12,CM,BSE,STK,526604,INE845B01018,LIPPISYS,XT,,,,,LIPPI SYSTEMS LTD.,134.20,146.05,133.00,146.05,146.05,139.10,,146.05,,,37435,5324334.00,167,F1,1,,,,,
2026-06-12,2026-06-12,CM,BSE,STK,526608,INE822G01016,ELECTHERM,B,,,,,ELECTROTHERM (INDIA) LTD.,1199.50,1225.20,1167.50,1187.35,1182.65,1179.30,,1189.95,,,5458,6503831.00,448,F1,1,,,,,
2026-06-12,2026-06-12,CM,BSE,STK,526612,INE233B01017,BLUEDART,A,,,,,BLUE DART EXPRESS LTD.,4739.00,4781.15,4730.05,4754.40,4750.00,4716.90,,4758.50,,,1252,5950023.00,424,F1,1,,,,,
2026-06-12,2026-06-12,CM,BSE,STK,526614,INE561D01025,EXPOEAPL,X,,,,,EXPO ENGINEERING AND PROJECTS,68.00,68.00,66.00,66.22,67.50,68.29,,66.22,,,1111,74029.00,24,F1,1,,,,,
2026-06-12,2026-06-12,CM,BSE,STK,526616,INE233D01013,NATPLAS,X,,,,,NATIONAL PLASTIC INDUSTRIES LT,42.99,43.60,42.05,42.22,42.20,41.99,,42.22,,,491,20794.00,15,F1,1,,,,,
2026-06-12,2026-06-12,CM,BSE,STK,526622,INE244C01020,MFLINDIA,X,,,,,MFL INDIA LTD.,0.40,0.41,0.39,0.39,0.39,0.40,,0.39,,,436008,173477.00,230,F1,1,,,,,
2026-06-12,2026-06-12,CM,BSE,STK,526628,INE863E01015,AJWAFUN,P,,,,,AJWA FUN WORLD & RESORT LTD.,31.45,31.45,31.00,31.00,31.00,31.45,,31.00,,,3200,99290.00,5,F1,100,,,,,
2026-06-12,2026-06-12,CM,BSE,STK,526638,INE594V01028,TEXELIN,X,,,,,TEXEL INDUSTRIES LTD.,61.49,63.99,60.00,61.89,61.99,59.42,,61.89,,,15223,944861.00,97,F1,1,,,,,
2026-06-12,2026-06-12,CM,BSE,STK,526640,INE008C01011,RAYALEMA,X,,,,,ROYALE MANOR HOTELS & INDUSTRI,32.00,32.00,29.16,30.66,30.96,30.44,,30.66,,,2317,69176.00,26,F1,1,,,,,
2026-06-12,2026-06-12,CM,BSE,STK,526642,INE771A01026,MIRZAINT,B,,,,,MIRZA INTERNATIONAL LTD.,29.11,29.60,29.11,29.50,29.60,28.62,,29.68,,,5007,147305.00,40,F1,1,,,,,
2026-06-12,2026-06-12,CM,BSE,STK,526650,INE305A01023,TFCILTD,B,,,,,TOURISM FINANCE CORPORATION OF,75.49,75.66,74.51,74.72,74.82,73.85,,74.68,,,96304,7212726.00,226,F1,1,,,,,
2026-06-12,2026-06-12,CM,BSE,STK,526662,INE610C01014,ARENTERP,B,,,,,RAJDARSHAN INDUSTRIES LTD.,35.21,35.21,35.21,35.21,35.21,38.50,,38.43,,,4,140.00,1,F1,1,,,,,
2026-06-12,2026-06-12,CM,BSE,STK,526666,INE828A01016,BIL,B,,,,,BHARTIYA INTERNATIONAL LTD.,695.20,708.40,695.00,701.15,701.15,700.00,,694.05,,,41,28607.00,18,F1,1,,,,,
2026-06-12,2026-06-12,CM,BSE,STK,526668,INE967C01018,KAMATHOTEL,B,,,,,KAMAT HOTELS (INDIA) LTD.,162.75,164.00,158.35,163.20,163.15,158.45,,163.42,,,8912,1444128.00,203,F1,1,,,,,
2026-06-12,2026-06-12,CM,BSE,STK,526675,INE008N01018,TIRTPLS,X,,,,,TIRTH PLASTIC LTD.,30.14,31.60,28.65,28.67,28.67,30.14,,28.67,,,5252,153375.00,56,F1,1,,,,,
2026-06-12,2026-06-12,CM,BSE,STK,526677,INE055C01020,KEEPLEARN,B,,,,,DSJ KEEP LEARNING LIMITED,2.07,2.09,1.98,2.05,2.05,2.07,,2.01,,,6056,12562.00,9,F1,1,,,,,
2026-06-12,2026-06-12,CM,BSE,STK,526703,INE423D01010,ECOPLAST,X,,,,,ECOPLAST LTD.,455.80,482.75,442.35,478.30,480.00,437.45,,478.30,,,450,214231.00,41,F1,1,,,,,
2026-06-12,2026-06-12,CM,BSE,STK,526705,INE095B01010,ELEMARB,X,,,,,ELEGANT MARBLES & GRANI INDUST,193.95,193.95,182.05,186.15,188.95,185.30,,186.15,,,31,5783.00,8,F1,1,,,,,
2026-06-12,2026-06-12,CM,BSE,STK,526709,INE839A01021,BITS,X,,,,,BITS LTD.,8.05,8.30,7.44,8.02,8.18,8.05,,8.02,,,70695,563573.00,276,F1,1,,,,,
2026-06-12,2026-06-12,CM,BSE,STK,526711,INE627D01016,ADARSHPL,X,,,,,ADARSH PLANT PROTECT LTD.,29.50,30.94,29.00,30.55,30.94,29.50,,30.55,,,4447,134836.00,12,F1,1,,,,,
2026-06-12,2026-06-12,CM,BSE,STK,526717,INE136C01044,HPBL,XT,,,,,HCP PLASTENE BULKPACK LIMITED,210.45,210.45,196.00,204.90,204.90,204.95,,204.90,,,103432,21112491.00,71,F1,1,,,,,
2026-06-12,2026-06-12,CM,BSE,STK,526721,INE653C01022,NICCOPAR,X,,,,,NICCO PARKS & RESORTS LTD.,75.00,75.90,71.17,75.00,75.00,72.10,,75.00,,,1967,146643.00,41,F1,1,,,,,
2026-06-12,2026-06-12,CM,BSE,STK,526723,INE920C01017,NTCIND,X,,,,,NTC INDUSTRIES LTD.,154.90,154.95,148.85,150.80,152.45,149.70,,150.80,,,2673,401866.00,79,F1,1,,,,,
2026-06-12,2026-06-12,CM,BSE,STK,526727,INE797D01017,GARNET,X,,,,,GARNET CONSTRUCTION LTD.,80.70,80.70,75.51,78.04,78.19,75.19,,78.04,,,3128,242558.00,49,F1,1,,,,,
2026-06-12,2026-06-12,CM,BSE,STK,526729,INE025B01025,GOLDIAM,A,,,,,GOLDIAM INTERNATIONAL LTD.,430.75,485.25,430.35,479.30,479.30,423.30,,478.80,,,207387,97478549.00,4583,F1,1,,,,,
2026-06-12,2026-06-12,CM,BSE,STK,526731,INE630D01010,BRIGHTBR,X,,,,,BRIGHT BROTHERS LTD.,216.15,224.75,212.00,213.65,214.00,215.65,,213.65,,,2019,434309.00,102,F1,1,,,,,
2026-06-12,2026-06-12,CM,BSE,STK,526739,INE869A01010,SHAWGELTIN,X,,,,,NARMADA GELATINES LTD.,477.05,482.65,466.15,469.80,469.80,474.45,,469.80,,,11075,5233189.00,353,F1,1,,,,,
2026-06-12,2026-06-12,CM,BSE,STK,526747,INE078D01012,PGFOILQ,X,,,,,PG FOILS LTD.,202.40,208.00,198.05,202.35,201.80,201.85,,202.35,,,6548,1328226.00,102,F1,1,,,,,
2026-06-12,2026-06-12,CM,BSE,STK,526755,INE548D01014,VELHO,X,,,,,VELAN HOTELS LTD.,6.16,6.35,6.02,6.20,6.35,6.29,,6.20,,,1628,10010.00,9,F1,1,,,,,
2026-06-12,2026-06-12,CM,BSE,STK,526761,INE931B01016,HOWARHO,X,,,,,HOWARD HOTELS LTD.,24.74,24.74,24.72,24.72,24.72,23.42,,24.72,,,4,98.00,4,F1,1,,,,,
2026-06-12,2026-06-12,CM,BSE,STK,526775,INE760B01019,VALIANT,X,,,,,VALIANT COMMUNICATIONS LTD.,1206.35,1224.80,1126.95,1208.00,1209.90,1191.40,,1208.00,,,11970,14202469.00,841,F1,1,,,,,
2026-06-12,2026-06-12,CM,BSE,STK,526783,INE934C01018,DRAGARWQ,B,,,,,DR.AGARWALS EYE HOSPITAL LTD.,4950.00,5100.00,4912.60,4962.65,4972.00,4912.60,,4957.50,,,107,533529.00,51,F1,1,,,,,
2026-06-12,2026-06-12,CM,BSE,STK,526797,INE461C01038,GREENPLY,B,,,,,GREENPLY INDUSTRIES LTD.,299.40,299.40,287.35,291.05,290.35,292.60,,290.98,,,14485,4242819.00,494,F1,1,,,,,
2026-06-12,2026-06-12,CM,BSE,STK,526807,INE497B01018,SEAMECLTD,B,,,,,SEAMEC LTD.,1620.45,1620.45,1533.50,1584.00,1590.05,1588.25,,1583.50,,,3726,5784002.00,282,F1,1,,,,,
2026-06-12,2026-06-12,CM,BSE,STK,526813,INE753B01014,RAGHUNAT,X,,,,,RAGHUNATH INTERNATIONAL LTD.,11.50,11.50,11.45,11.50,11.50,11.50,,11.50,,,753,8654.00,9,F1,1,,,,,
2026-06-12,2026-06-12,CM,BSE,STK,526817,INE974B01016,CHEVIOT,B,,,,,CHEVIOT CO.LTD.,1082.00,1091.15,1071.00,1084.80,1076.05,1081.50,,1084.20,,,109,117939.00,41,F1,1,,,,,
2026-06-12,2026-06-12,CM,BSE,STK,526821,INE928C01010,DAICHI,B,,,,,DAI-ICHI KARKARIA LTD.,239.95,239.95,234.00,238.00,238.00,233.90,,238.41,,,368,87322.00,19,F1,1,,,,,
2026-06-12,2026-06-12,CM,BSE,STK,526823,INE016C01014,RAJINFRA,Z,,,,,RAJESWARI INFRASTRUCTURE LIMIT,4.80,5.14,4.75,5.14,5.14,4.90,,5.14,,,7525,38589.00,31,F1,1,,,,,
2026-06-12,2026-06-12,CM,BSE,STK,526827,INE882D01017,SPICEISLIN,X,,,,,SPICE ISLANDS INDUSTRIES LIMIT,454.00,456.05,449.00,455.35,455.35,434.35,,455.35,,,30781,14006043.00,454,F1,1,,,,,
2026-06-12,2026-06-12,CM,BSE,STK,526829,INE552D01024,CONFIPET,B,,,,,CONFIDENCE PETROLEUM INDIA LTD,73.26,74.71,69.68,70.55,70.55,73.21,,70.43,,,156888,11267646.00,964,F1,1,,,,,
2026-06-12,2026-06-12,CM,BSE,STK,526839,INE413C01013,SIPL,X,,,,,SHELTER INFRA PROJECTS LTD.,20.90,20.90,20.00,20.00,20.00,20.00,,20.00,,,188,3868.00,16,F1,1,,,,,
2026-06-12,2026-06-12,CM,BSE,STK,526841,INE794C01016,SHAKTIPR,XT,,,,,SHAKTI PRESS LTD.,20.76,20.76,20.76,20.76,20.76,21.85,,20.76,,,23465,487133.00,109,F1,1,,,,,
2026-06-12,2026-06-12,CM,BSE,STK,526847,INE338C01012,ASHSI,X,,,,,ASHIRWAD STEELS & INDUSTRIES L,24.20,25.20,23.10,24.40,24.40,24.17,,24.40,,,693,16607.00,24,F1,1,,,,,
2026-06-12,2026-06-12,CM,BSE,STK,526849,INE655B01011,BANARBEADS,B,,,,,BANARAS BEADS LTD.,102.45,103.70,100.50,101.85,100.60,101.55,,101.64,,,3798,388172.00,151,F1,1,,,,,
2026-06-12,2026-06-12,CM,BSE,STK,526853,INE986A01012,BI,B,,,,,BILCARE LTD.,60.00,61.00,59.50,60.00,60.00,59.56,,59.83,,,7231,434389.00,103,F1,1,,,,,
2026-06-12,2026-06-12,CM,BSE,STK,526859,INE973B01026,ISFL,X,,,,,ISF LIMITED,0.84,0.85,0.84,0.85,0.85,0.84,,0.85,,,7075,6013.00,7,F1,1,,,,,
2026-06-12,2026-06-12,CM,BSE,STK,526861,INE988D01012,RISHILASE,X,,,,,RISHI LASER LTD.,126.50,127.00,122.40,123.45,123.50,124.00,,123.45,,,2894,360387.00,43,F1,1,,,,,
2026-06-12,2026-06-12,CM,BSE,STK,526865,INE966C01010,JAINCO,X,,,,,JAINCO PROJECTS (INDIA) LTD.,4.48,4.48,4.46,4.46,4.46,4.68,,4.46,,,2400,10732.00,7,F1,1,,,,,
2026-06-12,2026-06-12,CM,BSE,STK,526871,INE017E01018,INTECCAP,XT,,,,,INTEC CAPITAL LTD.,15.00,15.66,14.54,15.43,15.43,15.30,,15.43,,,3653,53242.00,51,F1,1,,,,,
2026-06-12,2026-06-12,CM,BSE,STK,526873,INE184D01026,RAJSEC,X,,,,,RAJASTHAN SECURITIES LIMITED,48.69,48.70,48.51,48.67,48.60,48.30,,48.67,,,14422,702089.00,61,F1,1,,,,,
2026-06-12,2026-06-12,CM,BSE,STK,526877,INE797C01019,SIDDHEGA,X,,,,,SIDDHESWARI GARMENTS LTD.,18.50,19.96,18.06,19.96,19.96,19.01,,19.96,,,446,8074.00,11,F1,1,,,,,
2026-06-12,2026-06-12,CM,BSE,STK,526881,INE111B01023,63MOONS,A,,,,,63 Moons Technologies Limited,643.95,663.40,643.95,661.15,661.15,642.55,,660.55,,,8596,5659411.00,477,F1,1,,,,,
2026-06-12,2026-06-12,CM,BSE,STK,526883,INE641B01011,SHIKHAR,XT,,,,,SHIKHAR CONSULTANTS LTD.,12.57,12.57,11.39,12.52,12.52,11.98,,12.52,,,54,619.00,3,F1,1,,,,,
2026-06-12,2026-06-12,CM,BSE,STK,526885,INE453D01025,SARLAPOLY,B,,,,,SARLA PERFORMANCE FIBERS LTD.,96.71,98.34,96.51,97.98,98.20,96.14,,97.83,,,4244,414407.00,77,F1,1,,,,,
2026-06-12,2026-06-12,CM,BSE,STK,526887,INE147D01015,INDOCRED,XT,,,,,INDO CREDIT CAPITAL LTD.,9.92,9.92,9.80,9.80,9.80,9.92,,9.80,,,202,1982.00,4,F1,1,,,,,
2026-06-12,2026-06-12,CM,BSE,STK,526891,INE944C01017,MKTCREAT,X,,,,,MARKET CREATORS LTD.,15.26,15.26,13.82,13.82,13.82,14.54,,13.82,,,1214,16778.00,3,F1,1,,,,,
2026-06-12,2026-06-12,CM,BSE,STK,526899,INE552B01010,HFIL,X,,,,,HIMALAYA FOOD INTERNATIONAL LI,9.49,9.49,9.32,9.38,9.38,9.31,,9.38,,,18700,174896.00,94,F1,1,,,,,
2026-06-12,2026-06-12,CM,BSE,STK,526901,INE344I01017,SONALAD,X,,,,,SONAL ADHESIVES LTD.,40.01,41.80,40.01,40.32,41.35,41.60,,40.32,,,2266,91665.00,48,F1,1,,,,,
2026-06-12,2026-06-12,CM,BSE,STK,526905,INE743D01011,PADMAIND,XT,,,,,Padmanabh Industries Ltd,8.97,8.97,8.30,8.42,8.97,8.55,,8.42,,,769,6887.00,16,F1,1,,,,,
2026-06-12,2026-06-12,CM,BSE,STK,526921,INE253B01015,21STCENMGM,B,,,,,TWENTYFIRST CENTURY MANAGEMENT,33.06,33.06,32.25,32.99,33.05,32.90,,32.99,,,492,15938.00,19,F1,1,,,,,
2026-06-12,2026-06-12,CM,BSE,STK,526931,INE400G01011,HRYNSHP,X,,,,,HARIYANA SHIP BREAKERS LTD.,95.00,96.55,93.05,94.05,95.00,94.25,,94.05,,,1610,151996.00,25,F1,1,,,,,
2026-06-12,2026-06-12,CM,BSE,STK,526935,INE377D01018,KALIND,XT,,,,,Kalind Limited,92.10,95.00,92.00,93.78,93.78,92.05,,93.78,,,251463,23478266.00,294,F1,1,,,,,
2026-06-12,2026-06-12,CM,BSE,STK,526945,INE945B01016,TYROON,X,,,,,TYROON TEA CO.LTD.,86.43,86.43,86.35,86.35,86.35,89.31,,86.35,,,290,25045.00,4,F1,1,,,,,
2026-06-12,2026-06-12,CM,BSE,STK,526947,INE059D01020,LAOPALA,B,,,,,LA OPALA RG LTD.,175.20,177.10,172.25,175.90,174.80,175.15,,175.83,,,10732,1883193.00,182,F1,1,,,,,
2026-06-12,2026-06-12,CM,BSE,STK,526951,INE239C01020,STYLAMIND,B,,,,,STYLAM INDUSTRIES LIMITED,3090.40,3181.00,3079.70,3178.30,3181.00,3059.60,,3179.90,,,1217,3814355.00,229,F1,1,,,,,
2026-06-12,2026-06-12,CM,BSE,STK,526953,INE411B01019,VENUSREM,B,,,,,VENUS REMEDIES LTD.,1773.85,1802.25,1701.60,1801.25,1801.25,1716.45,,1798.50,,,22982,40838232.00,1297,F1,1,,,,,
2026-06-12,2026-06-12,CM,BSE,STK,526961,INE404B01022,LASTMILE,XT,,,,,LAST MILE ENTERPRISES LIMITED,8.06,8.17,7.41,7.97,8.17,7.79,,7.97,,,196265,1530948.00,259,F1,1,,,,,
2026-06-12,2026-06-12,CM,BSE,STK,526965,INE372D01019,GUJCRAFT,X,,,,,GUJARAT CRAFT INDUSTRIES LTD.,95.00,99.98,93.50,95.06,97.00,93.50,,95.06,,,2022,197025.00,26,F1,1,,,,,
2026-06-12,2026-06-12,CM,BSE,STK,526967,INE025D01013,HEERAISP,X,,,,,HEERA ISPAT LTD.,7.25,7.25,7.25,7.25,7.25,7.25,,7.25,,,1021,7402.00,5,F1,1,,,,,
2026-06-12,2026-06-12,CM,BSE,STK,526971,INE313G01016,DHOOTIN,X,,,,,DHOOT INDUSTRIAL FINANCE LTD.,224.95,225.25,220.00,221.00,221.00,224.25,,221.00,,,1094,245082.00,34,F1,1,,,,,
2026-06-12,2026-06-12,CM,BSE,STK,526981,INE402H01015,SHBAJRG,B,,,,,SHRI BAJRANG ALLIANCE LIMITED,203.05,203.05,191.25,196.85,200.00,203.00,,198.86,,,2045,412434.00,118,F1,1,,,,,
2026-06-12,2026-06-12,CM,BSE,STK,526987,INE550C01020,URJA,B,,,,,URJA GLOBAL LTD.,10.13,10.62,10.13,10.34,10.35,10.13,,10.36,,,96331,991536.00,478,F1,1,,,,,
2026-06-12,2026-06-12,CM,BSE,STK,527001,INE348A01023,ASHAPURMIN,A,,,,,ASHAPURA MINECHEM LTD.,690.75,695.50,679.25,690.65,694.05,679.00,,691.90,,,20546,14127526.00,557,F1,1,,,,,
2026-06-12,2026-06-12,CM,BSE,STK,527005,INE847D01010,SHREEPAC,X,,,,,SHREE PACETRONIX LTD.,143.95,143.95,137.00,137.90,140.00,139.10,,137.90,,,3563,499895.00,58,F1,1,,,,,
2026-06-12,2026-06-12,CM,BSE,STK,530001,INE186A01019,GUJALKALI,B,,,,,GUJARAT ALKALIES & CHEMICALS L,629.10,638.85,619.30,628.40,619.30,617.15,,633.35,,,3643,2298604.00,247,F1,1,,,,,
2026-06-12,2026-06-12,CM,BSE,STK,530005,INE383A01012,INDIACEM,A,,,,,INDIA CEMENTS LTD.,392.00,394.00,381.60,393.15,391.50,383.80,,393.10,,,8549,3299870.00,301,F1,1,,,,,
2026-06-12,2026-06-12,CM,BSE,STK,530007,INE573A01042,JKTYRE,A,,,,,JK TYRE & INDUSTRIES LTD.,364.15,380.90,359.05,377.95,377.95,352.85,,378.25,,,153594,56806110.00,3421,F1,1,,,,,
2026-06-12,2026-06-12,CM,BSE,STK,530017,INE173A01025,SIL,B,,,,,STANDARD INDUSTRIES LTD.,14.85,15.53,14.85,15.43,15.43,15.17,,15.41,,,5746,87592.00,53,F1,1,,,,,
2026-06-12,2026-06-12,CM,BSE,STK,530019,INE700A01033,JUBLPHARMA,A,,,,,JUBILANT PHARMOVA LIMITED,938.50,980.00,938.50,975.30,977.00,946.00,,976.70,,,4743,4556225.00,443,F1,1,,,,,
2026-06-12,2026-06-12,CM,BSE,STK,530023,INE924D01017,THEINVEST,B,,,,,THE INVESTMENT TRUST OF INDIA,93.00,100.00,91.95,97.20,97.20,93.00,,98.11,,,6206,592001.00,121,F1,1,,,,,
2026-06-12,2026-06-12,CM,BSE,STK,530025,INE607G01011,SAMYAKINT,X,,,,,SAMYAK INTERNATIONAL LTD.,15.99,15.99,14.20,15.30,15.30,15.69,,15.30,,,385,5553.00,28,F1,1,,,,,
2026-06-12,2026-06-12,CM,BSE,STK,530027,INE563D01013,AADIIND,X,,,,,AADI INDUSTRIES LTD.,9.30,9.30,9.30,9.30,9.30,9.30,,9.30,,,1324,12313.00,14,F1,1,,,,,
2026-06-12,2026-06-12,CM,BSE,STK,530037,INE618F01010,SPARKLEGR,X,,,,,SPARKLE GOLD ROCK LIMITED,69.60,69.60,62.01,69.19,69.19,66.00,,69.19,,,2257,141459.00,19,F1,1,,,,,
2026-06-12,2026-06-12,CM,BSE,STK,530043,INE326C01017,ACKNIT,X,,,,,ACKNIT INDUSTRIES LTD.,275.05,298.75,273.95,293.95,293.95,288.95,,293.95,,,324,90314.00,12,F1,1,,,,,
2026-06-12,2026-06-12,CM,BSE,STK,530045,INE090D01017,TITANSEC,X,,,,,TITAN SECURITIES LTD.,41.97,43.61,41.97,42.53,42.51,41.97,,42.53,,,29263,1244660.00,138,F1,1,,,,,
2026-06-12,2026-06-12,CM,BSE,STK,530053,INE055E01034,REALECO,X,,,,,REAL ECO-ENERGY LIMITED,4.31,4.54,4.31,4.39,4.38,4.32,,4.39,,,5055,22358.00,59,F1,1,,,,,
2026-06-12,2026-06-12,CM,BSE,STK,530057,INE984E01035,VIVANZA,X,,,,,Vivanza Biosciences Limited,1.70,1.70,1.70,1.70,1.70,1.70,,1.70,,,17845,30336.00,23,F1,1,,,,,
2026-06-12,2026-06-12,CM,BSE,STK,530063,INE095C01018,YASHRAJC,XT,,,,,YASHRAJ CONTAINEURS LTD.,4.89,4.89,4.61,4.70,4.85,4.78,,4.70,,,2341,11073.00,14,F1,1,,,,,
2026-06-12,2026-06-12,CM,BSE,STK,530067,INE718F01018,CSLFINANCE,B,,,,,CSL Finance Limited,224.05,229.55,223.95,227.00,227.00,224.70,,228.38,,,876,198766.00,158,F1,1,,,,,
2026-06-12,2026-06-12,CM,BSE,STK,530073,INE989A01032,SANGHVIMOV,B,,,,,SANGHVI MOVERS LTD.,372.30,390.00,372.30,388.95,388.95,371.70,,388.25,,,44456,17172237.00,972,F1,1,,,,,
2026-06-12,2026-06-12,CM,BSE,STK,530075,INE818A01017,ANTELOPUS,B,,,,,Antelopus Selan Energy Limited,859.00,882.00,828.00,838.25,845.00,859.20,,836.65,,,10668,9085060.00,951,F1,1,,,,,
2026-06-12,2026-06-12,CM,BSE,STK,530077,INE795D01011,PURETROP,X,,,,,PURETROP FRUITS LIMITED,152.15,154.00,152.15,154.00,154.00,152.80,,154.00,,,5156,791782.00,18,F1,1,,,,,
2026-06-12,2026-06-12,CM,BSE,STK,530079,INE963C01033,FAZE3Q,B,,,,,FAZE THREE LTD.,525.65,542.85,522.45,542.85,542.85,517.00,,545.25,,,1990,1077249.00,43,F1,1,,,,,
2026-06-12,2026-06-12,CM,BSE,STK,530109,INE069B01023,ANUPAM,X,,,,,ANUPAM FINSERV LIMITED,1.93,1.97,1.89,1.95,1.97,1.91,,1.95,,,186004,360257.00,238,F1,1,,,,,
2026-06-12,2026-06-12,CM,BSE,STK,530111,INE639C01013,RAJPACK,X,,,,,RAJ PACKAGING INDUSTRIES LTD.,31.65,31.65,29.15,30.43,30.50,28.80,,30.43,,,2179,67127.00,13,F1,1,,,,,
2026-06-12,2026-06-12,CM,BSE,STK,530117,INE959A01019,PRIVISCL,A,,,,,PRIVI SPECIALITY CHEMICALS LIM,3293.20,3458.50,3262.75,3440.95,3440.95,3236.70,,3444.10,,,9813,33209105.00,1166,F1,1,,,,,
2026-06-12,2026-06-12,CM,BSE,STK,530119,INE444D01016,NATRAJPR,X,,,,,NATRAJ PROTEINS LTD.,37.23,37.23,36.00,36.00,36.00,37.05,,36.00,,,58,2110.00,9,F1,1,,,,,
2026-06-12,2026-06-12,CM,BSE,STK,530125,INE103E01016,SAMRATPH,X,,,,,SAMRAT PHARMACHEM LTD.,205.10,209.70,199.05,200.75,200.25,200.15,,200.75,,,2053,418950.00,87,F1,1,,,,,
2026-06-12,2026-06-12,CM,BSE,STK,530127,INE446D01011,NPRFIN,X,,,,,NPR FINANCE LTD.,21.75,21.75,21.00,21.00,21.00,22.06,,21.00,,,1295,27321.00,15,F1,1,,,,,
2026-06-12,2026-06-12,CM,BSE,STK,530129,INE445D01013,NILE,B,,,,,NILE LTD.,1674.00,1740.15,1674.00,1696.95,1690.30,1668.70,,1698.50,,,2052,3506777.00,167,F1,1,,,,,
2026-06-12,2026-06-12,CM,BSE,STK,530133,INE924B01011,AMCOIND,X,,,,,AMCO INDIA LTD.,65.30,65.30,62.00,62.03,62.00,65.30,,62.03,,,228,14561.00,11,F1,1,,,,,
2026-06-12,2026-06-12,CM,BSE,STK,530135,INE350C01017,OPTIEMUS,B,,,,,OPTIEMUS INFRACOM LTD,415.05,427.00,415.05,422.50,422.85,413.25,,423.30,,,5183,2190983.00,163,F1,1,,,,,
2026-06-12,2026-06-12,CM,BSE,STK,530139,INE302C01018,KREONFIN,XT,,,,,KREON FINNANCIAL SERVICES LTD.,64.00,65.06,62.50,64.15,65.00,61.97,,64.15,,,86437,5605697.00,188,F1,1,,,,,
2026-06-12,2026-06-12,CM,BSE,STK,530141,INE487G01018,GYANDEV,XT,,,,,GYAN DEVELOPERS & BUILDERS LTD,44.06,45.84,41.86,41.90,41.86,44.06,,41.90,,,1885,82871.00,21,F1,1,,,,,
2026-06-12,2026-06-12,CM,BSE,STK,530145,INE017C01012,KISAN,X,,,,,KISAN MOULDINGS LTD.,33.03,34.20,32.99,33.68,33.68,32.83,,33.68,,,82043,2765125.00,308,F1,1,,,,,
2026-06-12,2026-06-12,CM,BSE,STK,530163,INE817B01025,KERALAYUR,X,,,,,KERALA AYURVEDA LTD.,174.85,177.95,168.00,173.75,173.75,169.80,,173.75,,,14805,2564270.00,187,F1,1,,,,,
2026-06-12,2026-06-12,CM,BSE,STK,530167,INE153K01018,MONGIPA,X,,,,,MOONGIPA CAPITAL FINANCE LTD.,17.00,17.75,17.00,17.00,17.00,17.00,,17.00,,,19113,324998.00,47,F1,1,,,,,
2026-06-12,2026-06-12,CM,BSE,STK,530169,INE388C01017,MOHITPPR,X,,,,,MOHIT PAPER MILLS LTD.,27.50,28.00,27.01,27.50,27.50,27.45,,27.50,,,1661,45192.00,10,F1,1,,,,,
2026-06-12,2026-06-12,CM,BSE,STK,530171,INE108C01019,DAULAT,X,,,,,DAULAT SECURITIES LTD.,28.90,28.90,27.50,28.90,28.90,28.90,,28.90,,,395,11299.00,10,F1,1,,,,,
2026-06-12,2026-06-12,CM,BSE,STK,530175,INE213B01019,ODYSSEY,X,,,,,ODYSSEY TECHNOLOGIES LTD.,38.69,40.89,37.07,40.01,40.00,37.59,,40.01,,,27180,1070479.00,180,F1,1,,,,,
2026-06-12,2026-06-12,CM,BSE,STK,530179,INE015F01019,RSCINT,X,,,,,RSC INTERNATIONAL LTD.,23.60,24.84,23.60,23.60,23.60,24.84,,23.60,,,3788,89704.00,22,F1,1,,,,,
2026-06-12,2026-06-12,CM,BSE,STK,530185,INE936A01025,SURATRAML,X,,,,,Surat Trade and Mercantile Lim,4.16,4.50,4.16,4.42,4.45,4.04,,4.42,,,136689,601959.00,323,F1,1,,,,,
2026-06-12,2026-06-12,CM,BSE,STK,530187,INE354E01031,ATHARVENT,X,,,,,ATHARV ENTERPRISES LTD.,3.70,3.70,3.50,3.50,3.50,3.70,,3.50,,,3663,12920.00,11,F1,1,,,,,
2026-06-12,2026-06-12,CM,BSE,STK,530197,INE365H01014,FUNDVISER,XT,,,,,FUNDVISER CAPITAL (INDIA) LIMI,372.40,372.40,372.40,372.40,372.40,380.00,,372.40,,,157,58466.00,7,F1,1,,,,,
2026-06-12,2026-06-12,CM,BSE,STK,530199,INE083B01024,THEMISMED,B,,,,,THEMIS MEDICARE LTD.,102.75,105.00,102.30,104.25,103.65,100.20,,104.00,,,2649,275100.00,82,F1,1,,,,,
2026-06-12,2026-06-12,CM,BSE,STK,530201,INE629F01025,KALLAM,XT,,,,,KALLAM TEXTILES LTD,2.85,2.90,2.78,2.84,2.83,2.86,,2.84,,,16790,47626.00,58,F1,1,,,,,
2026-06-12,2026-06-12,CM,BSE,STK,530207,INE899B01015,BRAWN,X,,,,,BRAWN BIOTECH LTD.,18.14,19.50,18.14,19.50,19.50,19.05,,19.50,,,1670,30411.00,7,F1,1,,,,,
2026-06-12,2026-06-12,CM,BSE,STK,530213,INE501D01013,FORINTL,X,,,,,FORTUNE INTERNATIONAL LTD.,77.00,77.00,77.00,77.00,77.00,77.00,,77.00,,,34,2618.00,5,F1,1,,,,,
2026-06-12,2026-06-12,CM,BSE,STK,530215,INE050N01010,KINGSINFR,X,,,,,KINGS INFRA VENTURES LIMITED,127.40,128.95,126.40,126.85,126.85,125.65,,126.85,,,6462,822329.00,120,F1,1,,,,,
2026-06-12,2026-06-12,CM,BSE,STK,530217,INE295B01016,SWOJAS,X,,,,,SWOJAS FOODS LIMITED,7.83,7.95,7.25,7.66,7.85,7.86,,7.66,,,26147,196047.00,62,F1,1,,,,,
2026-06-12,2026-06-12,CM,BSE,STK,530233,INE292C01011,AUROLAB,X,,,,,AURO LABORATORIES LTD.,254.00,275.00,253.80,263.95,263.95,253.80,,263.95,,,9304,2488077.00,102,F1,1,,,,,
2026-06-12,2026-06-12,CM,BSE,STK,530235,INE533C01018,KJMCFIN,X,,,,,KJMC FINANCIAL SERVICES LTD.,57.04,57.04,55.27,55.83,55.83,52.24,,55.83,,,257,14295.00,5,F1,1,,,,,
2026-06-12,2026-06-12,CM,BSE,STK,530239,INE495B01038,SUVEN,B,,,,,SUVEN LIFE SCIENCES LTD.,265.95,273.30,265.00,268.60,271.55,263.25,,268.25,,,57599,15566702.00,937,F1,1,,,,,
2026-06-12,2026-06-12,CM,BSE,STK,530245,INE032E01017,ARYAMAN,X,,,,,ARYAMAN FINANCIAL SERVICES LTD,593.80,610.00,593.80,601.35,609.00,590.05,,601.35,,,1270,760004.00,32,F1,1,,,,,
2026-06-12,2026-06-12,CM,BSE,STK,530249,INE958C01025,BRIDGESE,X,,,,,BRIDGE SECURITIES LTD.,14.69,14.89,14.27,14.81,14.83,14.64,,14.81,,,44301,649318.00,142,F1,1,,,,,
2026-06-12,2026-06-12,CM,BSE,STK,530251,INE001O01029,RISAINTL,X,,,,,RISA INTERNATIONAL LTD.,0.50,0.50,0.47,0.48,0.48,0.51,,0.48,,,162735,79029.00,96,F1,1,,,,,
2026-06-12,2026-06-12,CM,BSE,STK,530253,INE497E01020,RAJTUBE,X,,,,,RAJASTHAN TUBE MANUFACTURING C,14.60,15.40,13.30,14.13,14.13,14.31,,14.13,,,24996,352823.00,116,F1,1,,,,,
2026-06-12,2026-06-12,CM,BSE,STK,530255,INE961B01013,KAYPOWR,X,,,,,KAY POWER AND PAPER LTD.,10.05,10.11,9.69,9.70,9.70,9.75,,9.70,,,8829,87267.00,28,F1,1,,,,,
2026-06-12,2026-06-12,CM,BSE,STK,530259,INE003B01014,INTSTOIL,X,,,,,INTER STATE OIL CARRIER LTD.,39.06,42.00,39.06,41.39,41.45,39.06,,41.39,,,2698,108673.00,17,F1,1,,,,,
2026-06-12,2026-06-12,CM,BSE,STK,530263,INE062C01042,GLOBALCA,X,,,,,GLOBAL CAPITAL MARKETS LTD.,0.50,0.51,0.48,0.50,0.50,0.50,,0.50,,,206697,103123.00,114,F1,1,,,,,
2026-06-12,2026-06-12,CM,BSE,STK,530265,INE584B01013,SAINIK,X,,,,,SAINIK FINANCE & INDUSTRIES LT,38.25,38.25,38.00,38.00,38.00,36.90,,38.00,,,107,4066.00,3,F1,1,,,,,
2026-06-12,2026-06-12,CM,BSE,STK,530267,INE021N01011,ARIGATO,XT,,,,,ARIGATO UNIVERSE LIMITED,53.47,53.47,53.21,53.26,53.21,53.21,,53.26,,,15,798.00,2,F1,1,,,,,
2026-06-12,2026-06-12,CM,BSE,STK,530271,INE652D01014,RICHUNV,XT,,,,,RICH UNIVERSE NETWORK LTD.,12.95,12.95,11.81,12.95,12.95,12.34,,12.95,,,127,1530.00,7,F1,1,,,,,
2026-06-12,2026-06-12,CM,BSE,STK,530281,INE373C01019,QUANTDIA,XT,,,,,QUANTUM DIGITAL VISION (INDIA),23.00,23.00,23.00,23.00,23.00,23.28,,23.00,,,5,115.00,2,F1,1,,,,,
2026-06-12,2026-06-12,CM,BSE,STK,530289,INE102F01015,SPCAPIT,X,,,,,SP CAPITAL FINANCING LTD.,51.80,56.75,51.70,56.75,56.75,51.70,,56.75,,,349,18058.00,5,F1,1,,,,,
2026-06-12,2026-06-12,CM,BSE,STK,530305,INE546C01010,PICCADIL,B,,,,,PICCADILY AGRO INDUSTRIES LTD.,579.90,583.90,575.05,579.95,580.50,575.85,,580.85,,,6157,3567304.00,690,F1,1,,,,,
2026-06-12,2026-06-12,CM,BSE,STK,530307,INE419D01026,CLSEL,B,,,,,CHAMAN LAL SETIA EXPORTS LTD.,264.75,312.50,264.75,300.20,293.00,266.10,,300.05,,,389634,117723579.00,5364,F1,1,,,,,
2026-06-12,2026-06-12,CM,BSE,STK,530309,INE368D01025,CHANDRAP,XT,,,,,CHANDRA PRABHU INTERNATIONAL L,13.05,13.74,12.81,13.51,13.69,13.44,,13.51,,,4540,60271.00,37,F1,1,,,,,
2026-06-12,2026-06-12,CM,BSE,STK,530313,INE285U01025,KIMIABL,X,,,,,KIMIA BIOSCIENCES LIMITED,33.00,34.50,33.00,33.82,34.00,33.57,,33.82,,,1057,35806.00,23,F1,1,,,,,
2026-06-12,2026-06-12,CM,BSE,STK,530315,INE428D01019,HINDTIN,X,,,,,HINDUSTAN TIN WORKS LTD.,106.80,107.50,105.35,106.30,106.05,106.30,,106.30,,,2928,311467.00,46,F1,1,,,,,
2026-06-12,2026-06-12,CM,BSE,STK,530317,INE362C01012,GODAVARI,XT,,,,,GODAVARI DRUGS LTD.,115.15,121.80,115.00,120.65,121.80,116.00,,120.65,,,9289,1099075.00,132,F1,1,,,,,
2026-06-12,2026-06-12,CM,BSE,STK,530331,INE001E01012,PREMCO,B,,,,,PREMCO GLOBAL LTD.,375.00,382.00,367.10,377.95,380.00,375.00,,378.35,,,164,61503.00,27,F1,1,,,,,
2026-06-12,2026-06-12,CM,BSE,STK,530341,INE596B01017,MUKESHB,X,,,,,MUKESH BABU FINANCIAL SERVICES,131.85,131.85,125.30,125.30,125.30,131.85,,125.30,,,24,3053.00,2,F1,1,,,,,
2026-06-12,2026-06-12,CM,BSE,STK,530343,INE955D01029,GENUSPOWER,A,,,,,GENUS POWER INFRASTRUCTURES LT,313.00,320.00,310.70,319.05,318.30,310.20,,318.80,,,47223,14897048.00,944,F1,1,,,,,
2026-06-12,2026-06-12,CM,BSE,STK,530355,INE276G01015,ASIANENE,B,,,,,ASIAN ENERGY SERVICES LTD,363.25,371.20,363.25,366.50,369.75,363.05,,366.20,,,13017,4785368.00,316,F1,1,,,,,
2026-06-12,2026-06-12,CM,BSE,STK,530357,INE883D01023,KBSINDIA,X,,,,,KBS INDIA LIMITED,1.32,1.32,1.30,1.30,1.30,1.30,,1.30,,,33992,44630.00,59,F1,1,,,,,
2026-06-12,2026-06-12,CM,BSE,STK,530361,INE428P01013,PRABHHANS,X,,,,,PRABHHANS INDUSTRIES LIMITED,34.74,34.74,30.00,30.00,30.00,29.80,,30.00,,,3158,94744.00,13,F1,1,,,,,
2026-06-12,2026-06-12,CM,BSE,STK,530363,INE071E01023,UGARSUGAR,B,,,,,UGAR SUGAR WORKS LTD.,39.30,40.19,39.00,39.46,39.45,39.00,,39.59,,,6739,264476.00,76,F1,1,,,,,
2026-06-12,2026-06-12,CM,BSE,STK,530365,INE607D01018,ORIENTBELL,B,,,,,ORIENT BELL LIMITED,312.00,320.00,312.00,319.00,318.80,315.90,,317.05,,,340,108346.00,57,F1,1,,,,,
2026-06-12,2026-06-12,CM,BSE,STK,530367,INE349A01021,NRBBEARING,B,,,,,NRB BEARINGS LTD.,447.70,449.90,424.00,425.90,425.40,434.95,,425.85,,,30693,13247056.00,635,F1,1,,,,,
2026-06-12,2026-06-12,CM,BSE,STK,530369,INE380C01014,VAMSHIRU,X,,,,,VAMSHI RUBBER LTD.,40.90,40.90,40.50,40.50,40.50,40.80,,40.50,,,110,4457.00,6,F1,1,,,,,
2026-06-12,2026-06-12,CM,BSE,STK,530377,INE937C01029,NILAINFRA,B,,,,,NILA INFRASTRUCTURES LTD.,7.86,8.04,7.82,7.91,7.92,7.86,,7.85,,,4736,37419.00,62,F1,1,,,,,
2026-06-12,2026-06-12,CM,BSE,STK,530393,INE921B01025,DBSTOCKBRO,B,,,,,DB (INTERNATIONAL) STOCK BROKE,30.66,32.00,30.00,31.94,30.51,30.55,,32.45,,,230,7208.00,16,F1,1,,,,,
2026-06-12,2026-06-12,CM,BSE,STK,530401,INE526H01011,VINYOFL,X,,,,,VINYOFLEX LTD.,56.26,56.26,54.00,54.14,55.00,52.68,,54.14,,,46,2569.00,7,F1,1,,,,,
2026-06-12,2026-06-12,CM,BSE,STK,530405,INE356F01017,JINDCAP,X,,,,,JINDAL CAPITAL LTD.,33.90,33.90,31.77,32.11,32.90,32.70,,32.11,,,2048,66922.00,46,F1,1,,,,,
2026-06-12,2026-06-12,CM,BSE,STK,530407,INE932F01015,EPIC,X,,,,,EPIC ENERGY LTD.,35.48,35.48,34.20,35.31,35.48,33.51,,35.31,,,8025,280041.00,74,F1,1,,,,,
2026-06-12,2026-06-12,CM,BSE,STK,530419,INE886B01012,SUMEDHA,X,,,,,SUMEDHA FISCAL SERVICES LTD.,40.50,40.97,38.55,40.40,40.40,39.53,,40.40,,,4217,164237.00,40,F1,1,,,,,
2026-06-12,2026-06-12,CM,BSE,STK,530421,INE430F01010,KUWERIN,X,,,,,KUWER INDUSTRIES LTD.,13.00,13.00,11.52,13.00,13.00,12.80,,13.00,,,2421,29161.00,9,F1,1,,,,,
2026-06-12,2026-06-12,CM,BSE,STK,530427,INE865B01016,CHOKSI,XT,,,,,CHOKSI ASIA LIMITED,137.45,142.55,134.45,142.10,142.00,137.05,,142.10,,,3522,491757.00,48,F1,1,,,,,
2026-06-12,2026-06-12,CM,BSE,STK,530429,INE831C01016,ASHISHPO,X,,,,,ASHISH POLYPLAST LTD.,31.99,31.99,29.00,29.45,29.45,28.00,,29.45,,,47,1408.00,10,F1,1,,,,,
2026-06-12,2026-06-12,CM,BSE,STK,530433,INE960E01019,SHIVAAGRO,X,,,,,SHIVA GLOBAL AGRO INDUSTRIES L,40.95,42.50,40.75,42.00,42.00,40.65,,42.00,,,698,28716.00,12,F1,1,,,,,
2026-06-12,2026-06-12,CM,BSE,STK,530439,INE140C01012,SIDDHA,X,,,,,SIDDHA VENTURES LTD.,4.30,4.30,4.30,4.30,4.30,4.30,,4.30,,,1768,7602.00,12,F1,1,,,,,
2026-06-12,2026-06-12,CM,BSE,STK,530443,INE293D01017,KIRANSY-B,X,,,,,KIRAN SYNTEX LTD.,13.25,13.25,13.25,13.25,13.25,13.86,,13.25,,,10,132.00,2,F1,1,,,,,
2026-06-12,2026-06-12,CM,BSE,STK,530445,INE764B01029,SUMERUIND,X,,,,,SUMERU INDUSTRIES LTD.,1.60,1.60,1.54,1.58,1.60,1.60,,1.58,,,3735,5870.00,20,F1,1,,,,,
2026-06-12,2026-06-12,CM,BSE,STK,530449,INE347C01013,RUNGTAIR,X,,,,,RUNGTA IRRIGATION LTD.,55.00,56.00,54.50,54.70,54.70,53.08,,54.70,,,816,44890.00,19,F1,1,,,,,
2026-06-12,2026-06-12,CM,BSE,STK,530457,INE959B01017,GTTDATA,X,,,,,GTT DATA SOLUTIONS LIMITED,41.28,42.84,40.27,42.20,42.25,40.27,,42.20,,,30078,1246399.00,72,F1,1,,,,,
2026-06-12,2026-06-12,CM,BSE,STK,530459,INE808A01018,VALSONQ,X,,,,,VALSON INDUSTRIES LTD.,30.72,30.73,27.32,27.32,27.32,27.35,,27.32,,,2124,62951.00,19,F1,1,,,,,
2026-06-12,2026-06-12,CM,BSE,STK,530461,INE440C01016,SABOOSOD,X,,,,,SABOO SODIUM CHLORO LTD.,12.25,12.59,11.62,11.69,11.69,11.98,,11.69,,,47942,561956.00,133,F1,1,,,,,
2026-06-12,2026-06-12,CM,BSE,STK,530469,INE721D01017,GSLSEC,XT,,,,,GSL SECURITIES LTD.,51.00,51.00,49.40,49.40,49.40,51.99,,49.40,,,290,14495.00,3,F1,1,,,,,
2026-06-12,2026-06-12,CM,BSE,STK,530475,INE015C01016,TINNARUBR,B,,,,,TINNA RUBBER AND INFRASTRUCTUR,871.95,878.85,848.20,851.40,850.00,867.10,,853.30,,,6186,5334865.00,368,F1,1,,,,,
2026-06-12,2026-06-12,CM,BSE,STK,530477,INE337E01010,VIKRAMTH,X,,,,,VIKRAM THERMO (INDIA) LTD.,184.60,193.00,184.60,192.60,193.00,184.25,,192.60,,,9939,1902696.00,171,F1,1,,,,,
2026-06-12,2026-06-12,CM,BSE,STK,530495,INE473C01025,STRATMONT,XT,,,,,STRATMONT INDUSTRIES LIMITED,65.31,65.63,65.31,65.31,65.31,66.64,,65.31,,,207,13519.00,5,F1,1,,,,,
2026-06-12,2026-06-12,CM,BSE,STK,530499,INE701G01012,AKCAPIT,B,,,,,A.K.CAPITAL SERVICES LTD.,1735.00,1740.00,1690.00,1690.00,1690.00,1681.50,,1717.00,,,12,20780.00,3,F1,1,,,,,
2026-06-12,2026-06-12,CM,BSE,STK,530517,INE131B01039,RELAXO,A,,,,,RELAXO FOOTWEARS LTD.,337.00,345.00,337.00,342.55,341.60,336.95,,342.65,,,17614,6028234.00,800,F1,1,,,,,
2026-06-12,2026-06-12,CM,BSE,STK,530521,INE467D01017,VIRAT,X,,,,,VIRAT INDUSTRIES LTD.,400.00,400.00,390.00,399.85,400.00,395.00,,399.85,,,573,228961.00,15,F1,1,,,,,
2026-06-12,2026-06-12,CM,BSE,STK,530525,INE786J01033,RRETAIL,X,,,,,RAJNISH RETAIL LIMITED,2.63,2.67,2.53,2.63,2.66,2.57,,2.63,,,80043,210184.00,176,F1,1,,,,,
2026-06-12,2026-06-12,CM,BSE,STK,530533,INE390D01011,TERAI,X,,,,,TERAI TEA CO.LTD.,103.30,110.00,103.30,109.90,110.00,103.25,,109.90,,,39,4193.00,5,F1,1,,,,,
2026-06-12,2026-06-12,CM,BSE,STK,530545,INE949B01018,COSCO,X,,,,,COSCO (INDIA) LTD.,190.00,195.00,186.00,191.65,190.00,185.30,,191.65,,,319,60636.00,11,F1,1,,,,,
2026-06-12,2026-06-12,CM,BSE,STK,530549,INE790G01031,SHILPAMED,A,,,,,SHILPA MEDICARE LTD.,543.55,555.00,539.00,546.20,549.00,538.90,,546.70,,,33059,18040815.00,820,F1,1,,,,,
2026-06-12,2026-06-12,CM,BSE,STK,530555,INE074B01023,PARACABLES,B,,,,,PARAMOUNT COMMUNICATIONS LTD.,63.44,64.84,62.56,64.16,62.70,60.92,,64.12,,,170065,10842016.00,1077,F1,1,,,,,
2026-06-12,2026-06-12,CM,BSE,STK,530557,INE132F01038,NCLRESE,X,,,,,NCL RESEARCH & FINANCIAL SERVI,0.51,0.52,0.49,0.50,0.50,0.51,,0.50,,,3111015,1559310.00,778,F1,1,,,,,
2026-06-12,2026-06-12,CM,BSE,STK,530571,INE335G01019,EXPLICITFIN,X,,,,,EXPLICIT FINANCE LTD.,9.64,9.64,9.64,9.64,9.64,9.60,,9.64,,,15,144.00,1,F1,1,,,,,
2026-06-12,2026-06-12,CM,BSE,STK,530577,INE519D01015,LADDERUP,X,,,,,LADDERUP FINANCE LTD.,50.40,50.40,48.45,48.46,48.50,48.45,,48.46,,,372,18124.00,4,F1,1,,,,,
2026-06-12,2026-06-12,CM,BSE,STK,530579,INE152C01025,UYFINCORP,B,,,,,U. Y. FINCORP LIMITED,14.69,14.69,14.15,14.25,14.30,14.10,,14.27,,,2754,39666.00,29,F1,1,,,,,
2026-06-12,2026-06-12,CM,BSE,STK,530581,INE906L01025,EKAMLEA,XT,,,,,EKAM LEASING & FINANCE CO.LTD.,6.37,6.37,6.37,6.37,6.37,6.37,,6.37,,,10,63.00,2,F1,1,,,,,
2026-06-12,2026-06-12,CM,BSE,STK,530585,INE691C01022,SWASTIKA,X,,,,,SWASTIKA INVESTMART LTD.,64.02,64.02,61.20,63.31,62.10,62.76,,63.31,,,6043,377162.00,83,F1,1,,,,,
2026-06-12,2026-06-12,CM,BSE,STK,530589,INE573B01016,PRIMAPLA,XT,,,,,PRIMA PLASTICS LTD.,131.00,136.45,130.00,130.90,134.95,130.70,,130.90,,,3575,470620.00,30,F1,1,,,,,
2026-06-12,2026-06-12,CM,BSE,STK,530595,INE381G01013,TELECANOR,X,,,,,TELECANOR GLOBAL LTD.,16.89,17.20,16.02,16.66,17.20,16.51,,16.66,,,8903,149334.00,51,F1,1,,,,,
2026-06-12,2026-06-12,CM,BSE,STK,530601,INE582C01015,JAGSONSER,X,,,,,JAGSONPAL SERVICES LIMITED,49.25,53.25,49.21,50.87,52.49,51.80,,50.87,,,1671,83580.00,32,F1,1,,,,,
2026-06-12,2026-06-12,CM,BSE,STK,530615,INE194E01015,GARGFUR,X,,,,,GARG FURNACE LTD.,119.00,119.45,115.95,118.50,118.45,118.00,,118.50,,,3526,414750.00,60,F1,1,,,,,
2026-06-12,2026-06-12,CM,BSE,STK,530617,INE375C01022,SAMPRE,X,,,,,SAMPRE NUTRITIONS LTD.,11.49,11.49,10.45,10.45,10.45,11.00,,10.45,,,369224,3882081.00,368,F1,1,,,,,
2026-06-12,2026-06-12,CM,BSE,STK,530621,INE864E01021,AAIL,X,,,,,Akar Auto Industries Limited,88.05,90.60,88.00,89.60,90.00,88.00,,89.60,,,2924,258710.00,30,F1,1,,,,,
2026-06-12,2026-06-12,CM,BSE,STK,530627,INE834D01018,VIPULORG,X,,,,,Vipul Organics Limited,276.15,285.85,265.00,269.35,269.35,278.85,,269.35,,,31328,8500462.00,428,F1,1,,,,,
2026-06-12,2026-06-12,CM,BSE,STK,530643,INE316A01038,ECORECO,T,,,,,ECO RECYCLING LTD.,427.00,434.50,425.00,428.65,429.05,422.45,,428.65,,,7420,3185773.00,280,F1,1,,,,,
2026-06-12,2026-06-12,CM,BSE,STK,530655,INE127I01024,GOODLUCK,B,,,,,Goodluck India Limited,1318.50,1319.95,1274.00,1316.20,1319.70,1286.95,,1313.30,,,3727,4830911.00,380,F1,1,,,,,
2026-06-12,2026-06-12,CM,BSE,STK,530663,INE912B01032,GOYALASS,X,,,,,GOYAL ASSOCIATES LTD.,0.75,0.75,0.75,0.75,0.75,0.75,,0.75,,,260336,195252.00,39,F1,1,,,,,
2026-06-12,2026-06-12,CM,BSE,STK,530665,INE812B01026,ZENITHHE,X,,,,,ZENITH HEALTH CARE LTD.,3.10,3.18,3.08,3.14,3.14,3.10,,3.14,,,27109,84959.00,120,F1,1,,,,,
2026-06-12,2026-06-12,CM,BSE,STK,530675,INE057Q01018,YORKEXP,X,,,,,YORK EXPORTS LTD.,56.50,56.65,56.50,56.50,56.50,54.00,,56.50,,,158,8932.00,4,F1,1,,,,,
2026-06-12,2026-06-12,CM,BSE,STK,530677,INE822E01011,SUPREME,B,,,,,SUPREME HOLDINGS & HOSPITALITY,44.61,46.69,44.38,46.40,46.40,44.61,,46.50,,,21943,1014752.00,151,F1,1,,,,,
2026-06-12,2026-06-12,CM,BSE,STK,530689,INE624M01014,LYKISLTD,X,,,,,LYKIS LIMITED,45.53,47.47,45.31,45.96,45.60,45.53,,45.96,,,11065,509790.00,49,F1,1,,,,,
2026-06-12,2026-06-12,CM,BSE,STK,530695,INE233C01023,PRIMEPRO,XT,,,,,PRIME PROPERTY DEVELOPMENT COR,31.98,32.70,30.00,31.79,32.09,31.20,,31.79,,,7865,240146.00,33,F1,1,,,,,
2026-06-12,2026-06-12,CM,BSE,STK,530697,INE546F01013,ZENLABS,XT,,,,,Zenlabs Ethica Limited,34.34,35.70,33.32,35.70,35.70,34.00,,35.70,,,12797,449426.00,23,F1,1,,,,,
2026-06-12,2026-06-12,CM,BSE,STK,530699,INE533D01032,RAJRILTD,T,,,,,RAJ RAYON INDUSTRIES LIMITED,20.00,20.49,20.00,20.32,20.38,20.40,,20.25,,,1169,23568.00,27,F1,1,,,,,
2026-06-12,2026-06-12,CM,BSE,STK,530705,INE161F01011,ANIRIT,XT,,,,,ANIRIT VENTURES LIMITED,60.00,60.30,60.00,60.30,60.30,60.27,,60.30,,,50,3012.00,5,F1,1,,,,,
2026-06-12,2026-06-12,CM,BSE,STK,530711,INE144C01014,JAGANLAM,X,,,,,JAGAN LAMPS LTD.,50.90,50.90,48.89,50.26,50.01,51.00,,50.26,,,1429,71299.00,53,F1,1,,,,,
2026-06-12,2026-06-12,CM,BSE,STK,530723,INE041B01014,ASITCFIN,X,,,,,ASIT C.MEHTA FINANCIAL SERVICE,115.00,115.05,115.00,115.05,115.05,114.95,,115.05,,,750,86280.00,4,F1,1,,,,,
2026-06-12,2026-06-12,CM,BSE,STK,530733,INE900O01014,ENCODE,X,,,,,ENCODE PACKAGING INDIA LIMITED,13.60,13.60,13.60,13.60,13.60,12.96,,13.60,,,5,68.00,1,F1,1,,,,,
2026-06-12,2026-06-12,CM,BSE,STK,530735,INE897A01011,SUPERBAK,X,,,,,SUPER BAKERS (INDIA) LTD.,31.71,31.71,31.71,31.71,31.71,30.20,,31.71,,,101,3202.00,2,F1,1,,,,,
2026-06-12,2026-06-12,CM,BSE,STK,530741,INE812S01012,OVOBELE,X,,,,,OVOBEL FOODS LTD.,179.80,179.80,168.85,175.05,176.00,167.30,,175.05,,,6027,1050599.00,109,F1,1,,,,,
2026-06-12,2026-06-12,CM,BSE,STK,530745,INE366C01021,ACSTECH,B,,,,,ACS TECHNOLOGIES LIMITED,41.49,41.49,39.04,39.78,39.78,39.52,,39.57,,,50489,2022271.00,321,F1,1,,,,,
2026-06-12,2026-06-12,CM,BSE,STK,530747,INE807A01010,CHALLANI,X,,,,,CHALLANI CAPITAL LIMITED,18.99,20.40,18.99,20.19,20.19,18.99,,20.19,,,118,2379.00,5,F1,1,,,,,
2026-06-12,2026-06-12,CM,BSE,STK,530755,INE715D01019,CORNE,X,,,,,CORAL NEWSPRINTS LTD.,9.50,9.50,9.03,9.05,9.05,9.50,,9.05,,,163,1493.00,5,F1,1,,,,,
2026-06-12,2026-06-12,CM,BSE,STK,530757,INE0OUS01011,SHENTRA,XT,,,,,SHENTRACON CHEMICALS LTD.,98.16,98.16,98.16,98.16,98.16,93.49,,98.16,,,150,14724.00,3,F1,1,,,,,
2026-06-12,2026-06-12,CM,BSE,STK,530759,INE334A01023,STERTOOLS,B,,,,,STERLING TOOLS LTD.,208.10,211.60,205.40,209.85,209.50,204.20,,209.71,,,4741,986890.00,178,F1,1,,,,,
2026-06-12,2026-06-12,CM,BSE,STK,530765,INE510B01018,AGARWAL,X,,,,,AGARWAL FORTUNE INDIA LIMITED,21.70,21.70,21.70,21.70,21.70,21.70,,21.70,,,150,3255.00,2,F1,1,,,,,
2026-06-12,2026-06-12,CM,BSE,STK,530789,INE358C01010,CEEJAY,X,,,,,CEEJAY FINANCE LTD.,165.05,173.00,161.50,169.00,165.00,170.00,,169.00,,,95,15468.00,12,F1,1,,,,,
2026-06-12,2026-06-12,CM,BSE,STK,530795,INE584D01019,SUNCITYSY,X,,,,,SUNCITY SYNTHETICS LTD.,7.13,7.13,7.13,7.13,7.13,7.13,,7.13,,,20,142.00,1,F1,1,,,,,
2026-06-12,2026-06-12,CM,BSE,STK,530799,INE336D01014,ANNAINFRA,X,,,,,ANNA INFRASTRUCTURES LTD.,34.85,37.97,34.85,37.00,37.00,34.85,,37.00,,,440,15700.00,5,F1,1,,,,,
2026-06-12,2026-06-12,CM,BSE,STK,530803,INE354C01027,BHAGERIA,B,,,,,Bhageria Industries Limited,208.95,209.85,206.10,209.20,209.10,205.30,,209.25,,,6193,1291089.00,164,F1,1,,,,,
2026-06-12,2026-06-12,CM,BSE,STK,530805,INE125F01032,OIVL,XT,,,,,ONESOURCE INDUSTRIES AND VENTU,5.91,6.49,5.91,5.97,6.30,6.22,,5.97,,,219990,1350672.00,148,F1,1,,,,,
2026-06-12,2026-06-12,CM,BSE,STK,530809,INE355C01016,BNRUDY,X,,,,,BNR UDYOG LTD.,36.45,36.45,32.50,32.78,32.78,36.45,,32.78,,,1322,43522.00,20,F1,1,,,,,
2026-06-12,2026-06-12,CM,BSE,STK,530813,INE001B01026,KRBL,A,,,,,KRBL LTD.,346.60,368.00,346.60,366.55,366.55,345.75,,366.80,,,41751,15062145.00,1480,F1,1,,,,,
2026-06-12,2026-06-12,CM,BSE,STK,530821,INE838C01011,SSPDL,X,,,,,SSPDL LTD.,19.21,20.97,19.21,19.90,19.90,20.22,,19.90,,,12780,253262.00,54,F1,1,,,,,
2026-06-12,2026-06-12,CM,BSE,STK,530825,INE789B01018,DAIKAFFI,XT,,,,,DAIKAFFIL CHEMICALS INDIA LTD.,40.95,42.98,40.50,42.97,42.98,40.95,,42.97,,,11421,479941.00,36,F1,1,,,,,
2026-06-12,2026-06-12,CM,BSE,STK,530829,INE830A01012,CILSEC,X,,,,,CIL SECURITIES LTD.,37.00,37.00,36.15,36.32,36.32,36.62,,36.32,,,591,21417.00,13,F1,1,,,,,
2026-06-12,2026-06-12,CM,BSE,STK,530839,INE011B01017,CLIOINFO,XT,,,,,CLIO INFOTECH LTD.,8.18,8.18,7.90,8.14,8.14,7.80,,8.14,,,1450,11505.00,13,F1,1,,,,,
2026-06-12,2026-06-12,CM,BSE,STK,530843,INE509F01029,CUPID,B,,,,,CUPID LTD.,158.00,160.10,157.15,159.95,159.95,155.60,,159.97,,,2123312,338259749.00,11762,F1,1,,,,,
2026-06-12,2026-06-12,CM,BSE,STK,530845,INE199E01014,SUNSHIEL,X,,,,,SUNSHIELD CHEMICALS LTD.,1264.40,1264.40,1180.05,1191.80,1194.90,1218.05,,1191.80,,,3954,4760776.00,307,F1,1,,,,,
2026-06-12,2026-06-12,CM,BSE,STK,530853,INE963A01011,HIPOLIN,XT,,,,,HIPOLIN LTD.,78.99,78.99,78.99,78.99,78.99,80.60,,78.99,,,1,78.00,1,F1,1,,,,,
2026-06-12,2026-06-12,CM,BSE,STK,530855,INE545E01018,GDLLEAS,XT,,,,,GDL LEASING & FINANCE LTD.,63.00,69.39,63.00,69.39,69.39,66.09,,69.39,,,101,6989.00,4,F1,1,,,,,
2026-06-12,2026-06-12,CM,BSE,STK,530871,INE995D01025,CHEMBOND,T,,,,,Chembond Material Technologies,154.10,154.10,150.45,151.95,153.95,158.35,,152.62,,,634,95722.00,37,F1,1,,,,,
2026-06-12,2026-06-12,CM,BSE,STK,530879,INE345H01024,CIFL,B,,,,,CAPITAL INDIA FINANCE LIMITED,24.45,24.45,23.07,23.23,23.23,23.06,,23.17,,,12093,279802.00,38,F1,1,,,,,
2026-06-12,2026-06-12,CM,BSE,STK,530881,INE485K01022,ABVL,X,,,,,Arunjyoti Bio Ventures Limited,5.97,6.00,5.40,5.73,5.80,5.75,,5.73,,,469959,2698949.00,542,F1,1,,,,,
2026-06-12,2026-06-12,CM,BSE,STK,530883,INE366G01022,SUCROSA,X,,,,,SUPER CROP SAFE LTD.,9.75,10.10,9.62,9.80,9.80,9.75,,9.80,,,123520,1215829.00,69,F1,1,,,,,
2026-06-12,2026-06-12,CM,BSE,STK,530897,INE825C01018,NGIND,X,,,,,N.G.INDUSTRIES LTD.,117.90,117.90,117.55,117.55,117.55,117.85,,117.55,,,126,14814.00,6,F1,1,,,,,
2026-06-12,2026-06-12,CM,BSE,STK,530917,INE474H01014,RRSECUR,P,,,,,R.R.SECURITIES LTD.,15.20,15.20,15.20,15.20,15.20,15.75,,15.20,,,100,1520.00,1,F1,100,,,,,
2026-06-12,2026-06-12,CM,BSE,STK,530919,INE474C01023,REMSONSIND,B,,,,,REMSONS INDUSTRIES LTD.,86.37,89.30,86.12,88.50,88.11,84.32,,88.85,,,10666,936664.00,240,F1,1,,,,,
2026-06-12,2026-06-12,CM,BSE,STK,530925,INE609D01014,RAMSONS,XT,,,,,RAMSONS PROJECTS LTD.,89.10,92.79,88.73,92.79,92.79,93.39,,92.79,,,1271,114201.00,29,F1,1,,,,,
2026-06-12,2026-06-12,CM,BSE,STK,530931,INE457D01018,STANPACK,X,,,,,STANPACKS (INDIA) LTD.,9.67,9.67,9.67,9.67,9.67,10.16,,9.67,,,1,9.00,1,F1,1,,,,,
2026-06-12,2026-06-12,CM,BSE,STK,530943,INE416A01051,AQYLON,B,,,,,Aqylon Nexus Limited,56.39,57.28,56.00,56.70,56.70,55.99,,56.85,,,788717,44709248.00,310,F1,1,,,,,
2026-06-12,2026-06-12,CM,BSE,STK,530951,INE357B01022,RAMINFO,X,,,,,RAMINFO LIMITED,46.30,47.90,45.50,47.45,47.89,46.35,,47.45,,,7435,349018.00,65,F1,1,,,,,
2026-06-12,2026-06-12,CM,BSE,STK,530959,INE012E01035,DIANATEA,X,,,,,DIANA TEA CO.LTD.,26.58,27.15,26.02,26.41,26.10,26.05,,26.41,,,7719,205203.00,48,F1,1,,,,,
2026-06-12,2026-06-12,CM,BSE,STK,530961,INE806A01020,VIKASECO,B,,,,,Vikas EcoTech Limited,1.28,1.28,1.25,1.27,1.27,1.25,,1.27,,,249755,316055.00,202,F1,1,,,,,
2026-06-12,2026-06-12,CM,BSE,STK,530965,INE242A01010,IOC,A,,,,,INDIAN OIL CORPORATION LTD.,137.00,141.40,136.80,140.95,140.95,134.35,,140.94,,,1416028,196889018.00,10163,F1,1,,,,,
2026-06-12,2026-06-12,CM,BSE,STK,530977,INE260E01014,SKCIL,X,,,,,Shri Keshav Cements and Infra,140.55,141.80,136.10,138.50,137.30,145.35,,138.50,,,3116,431883.00,83,F1,1,,,,,
2026-06-12,2026-06-12,CM,BSE,STK,530979,INE274E01015,INDIAHOME,X,,,,,INDIA HOME LOAN LTD.,30.40,30.80,29.28,30.48,30.50,30.45,,30.48,,,5220,157854.00,57,F1,1,,,,,
2026-06-12,2026-06-12,CM,BSE,STK,530991,INE443C01010,ROOPAIND,X,,,,,ROOPA INDUSTRIES LTD.,46.42,49.87,46.42,47.29,46.65,46.41,,47.29,,,270,12809.00,12,F1,1,,,,,
2026-06-12,2026-06-12,CM,BSE,STK,530993,INE075H01019,SARTHAKGL,XT,,,,,SARTHAK GLOBAL LTD.,37.06,37.06,37.06,37.06,37.06,37.80,,37.06,,,1500,55590.00,1,F1,1,,,,,
2026-06-12,2026-06-12,CM,BSE,STK,530997,INE333E01019,UNIQUEO,X,,,,,UNIQUE ORGANICS LTD.,94.00,94.75,83.40,89.80,89.80,89.05,,89.80,,,6645,584893.00,107,F1,1,,,,,
2026-06-12,2026-06-12,CM,BSE,STK,530999,INE050E01027,BALAMINES,B,,,,,BALAJI AMINES LTD.,2065.00,2146.40,2065.00,2136.30,2136.30,2055.70,,2133.30,,,22501,47583722.00,1534,F1,1,,,,,
2026-06-12,2026-06-12,CM,BSE,STK,531003,INE595G01018,SWRNASE,X,,,,,SWARNA SECURITIES LTD.,86.00,86.00,84.98,84.98,84.98,81.99,,84.98,,,13,1106.00,3,F1,1,,,,,
2026-06-12,2026-06-12,CM,BSE,STK,531015,INE154G01022,VENMAX,X,,,,,VENMAX DRUGS AND PHARMACEUTICA,20.90,20.90,20.00,20.00,20.00,19.95,,20.00,,,1306,26509.00,9,F1,1,,,,,
2026-06-12,2026-06-12,CM,BSE,STK,531017,INE190D01015,ARISE,X,,,,,ARIHANTS SECURITIES LTD.,19.80,20.50,19.11,19.38,19.35,19.80,,19.38,,,454,8784.00,20,F1,1,,,,,
2026-06-12,2026-06-12,CM,BSE,STK,531025,INE309H01038,VISAGAR,X,,,,,VISAGAR FINANCIAL SERVICES LTD,0.35,0.36,0.34,0.35,0.36,0.36,,0.35,,,785752,276809.00,308,F1,1,,,,,
2026-06-12,2026-06-12,CM,BSE,STK,531033,INE101E01010,REGAL,X,,,,,REGAL ENTERTAINMENT & CONSULTA,17.49,17.49,16.90,17.39,17.39,16.90,,17.39,,,5143,86925.00,8,F1,1,,,,,
2026-06-12,2026-06-12,CM,BSE,STK,531035,INE432F01032,EBIX,XT,,,,,ERAAYA LIFESPACES LIMITED,28.05,28.98,27.00,28.03,28.03,28.05,,28.03,,,139894,3913995.00,309,F1,1,,,,,
2026-06-12,2026-06-12,CM,BSE,STK,531041,INE823B01015,COMPEAU,X,,,,,COMPETENT AUTOMOBILES CO.LTD.,363.90,377.80,363.90,377.70,373.05,361.65,,377.70,,,5178,1931023.00,59,F1,1,,,,,
2026-06-12,2026-06-12,CM,BSE,STK,531049,INE741D01015,NEELKAN,Z,,,,,NEELKANTH ROCKMINERALS LTD.,30.48,30.48,30.48,30.48,30.48,29.03,,30.48,,,840,25603.00,6,F1,1,,,,,
2026-06-12,2026-06-12,CM,BSE,STK,531051,INE153C01015,VINTAGES,X,,,,,VINTAGE SECURITIES LTD.,15.40,16.37,15.40,16.37,16.37,15.60,,16.37,,,51,786.00,3,F1,1,,,,,
2026-06-12,2026-06-12,CM,BSE,STK,531067,INE080G01029,CONTILI,X,,,,,CONTIL INDIA LTD.,23.98,23.98,22.51,23.38,23.55,22.50,,23.38,,,419,9708.00,23,F1,1,,,,,
2026-06-12,2026-06-12,CM,BSE,STK,531069,INE362D01010,VIJSOLX,XT,,,,,VIJAY SOLVEX LTD.,605.75,605.75,590.00,602.00,602.00,599.80,,602.00,,,98,58788.00,11,F1,1,,,,,
2026-06-12,2026-06-12,CM,BSE,STK,531082,INE914E01040,ALANKIT,B,,,,,ALANKIT,8.08,8.39,8.05,8.17,8.15,8.16,,8.18,,,24039,195590.00,145,F1,1,,,,,
2026-06-12,2026-06-12,CM,BSE,STK,531083,INE876E01033,NIHARINF,X,,,,,NIHAR INFO GLOBAL LTD.,6.80,6.80,6.80,6.80,6.80,6.48,,6.80,,,12478,84850.00,9,F1,1,,,,,
2026-06-12,2026-06-12,CM,BSE,STK,531091,INE858C01027,UNITDCR,X,,,,,UNITED CREDIT LTD.,27.00,27.00,27.00,27.00,27.00,28.25,,27.00,,,91,2457.00,1,F1,1,,,,,
2026-06-12,2026-06-12,CM,BSE,STK,531092,INE239D01028,OMINFRAL,B,,,,,OM INFRA LIMITED,81.41,83.81,79.05,82.92,81.80,81.45,,82.44,,,3601,294858.00,126,F1,1,,,,,
2026-06-12,2026-06-12,CM,BSE,STK,531099,INE396H01019,CENTUPLE,X,,,,,CENTUPLE GLOBAL LIMITED,38.71,40.80,38.00,39.99,40.00,38.92,,39.99,,,2221,86396.00,35,F1,1,,,,,
2026-06-12,2026-06-12,CM,BSE,STK,531109,INE561M01018,ISHANCH,B,,,,,Ishan Dyes and Chemicals Limit,60.04,62.40,57.11,61.18,61.18,59.75,,60.50,,,457,26504.00,10,F1,1,,,,,
2026-06-12,2026-06-12,CM,BSE,STK,531112,INE011E01029,BALUFORGE,A,,,,,BALU FORGE INDUSTRIES LIMITED,432.55,452.05,431.50,448.80,448.05,428.00,,448.80,,,32870,14464298.00,1730,F1,1,,,,,
2026-06-12,2026-06-12,CM,BSE,STK,531119,INE418D01010,CEENIK,X,,,,,CEENIK EXPORTS (INDIA) LTD.,185.00,185.00,177.80,184.70,184.85,184.85,,184.70,,,2544,455292.00,39,F1,1,,,,,
2026-06-12,2026-06-12,CM,BSE,STK,531120,INE244B01030,PATELENG,A,,,,,PATEL ENGINEERING LTD.,26.52,27.40,26.52,27.29,27.29,26.22,,27.31,,,320594,8661056.00,1031,F1,1,,,,,
2026-06-12,2026-06-12,CM,BSE,STK,531126,INE237C01016,KATIPATANG,X,,,,,KATI PATANG LIFESTYLE LIMITED,17.49,17.49,16.20,17.00,17.00,16.35,,17.00,,,15407,261945.00,48,F1,1,,,,,
2026-06-12,2026-06-12,CM,BSE,STK,531127,INE148B01033,MENAMANI,X,,,,,MENA MANI INDUSTRIES LIMITED,6.00,6.01,6.00,6.01,6.01,6.15,,6.01,,,42167,253004.00,22,F1,1,,,,,
2026-06-12,2026-06-12,CM,BSE,STK,531129,INE635D01027,INANI,X,,,,,INANI MARBLES & INDUSTRIES LTD,11.40,11.40,11.01,11.28,11.35,10.76,,11.28,,,1253,14138.00,10,F1,1,,,,,
2026-06-12,2026-06-12,CM,BSE,STK,531137,INE503D01027,GEMSI,X,,,,,GEMSTONE INVESTMENTS LTD.,1.55,1.62,1.52,1.55,1.56,1.57,,1.55,,,125807,195290.00,154,F1,1,,,,,
2026-06-12,2026-06-12,CM,BSE,STK,531144,INE158F01017,ELFORGE,X,,,,,EL FORGE LTD.,17.25,17.40,16.87,17.23,17.40,17.00,,17.23,,,2798,48061.00,33,F1,1,,,,,
2026-06-12,2026-06-12,CM,BSE,STK,531146,INE646B01010,MEDICAMEQ,B,,,,,MEDICAMEN BIOTECH LTD.,227.05,232.40,227.05,229.45,229.20,225.70,,229.50,,,1695,388046.00,82,F1,1,,,,,
2026-06-12,2026-06-12,CM,BSE,STK,531147,INE062D01024,ALICON,B,,,,,ALICON CASTALLOY LIMITED,635.75,652.00,633.00,647.50,647.50,632.00,,642.60,,,162,104858.00,95,F1,1,,,,,
2026-06-12,2026-06-12,CM,BSE,STK,531153,INE650C01036,DILIGENT,X,,,,,DILIGENT INDUSTRIES LTD.,2.15,2.32,2.11,2.23,2.28,2.13,,2.23,,,205696,455774.00,181,F1,1,,,,,
2026-06-12,2026-06-12,CM,BSE,STK,531156,INE883B01027,ALFAVIO,XT,,,,,ALFAVISION OVERSEAS (INDIA) LT,8.41,8.80,7.98,8.06,8.70,8.39,,8.06,,,65668,528263.00,92,F1,1,,,,,
2026-06-12,2026-06-12,CM,BSE,STK,531157,INE412E01011,ORGCOAT,X,,,,,ORGANIC COATINGS LTD.,18.50,18.50,17.11,17.11,17.11,17.85,,17.11,,,1137,20951.00,7,F1,1,,,,,
2026-06-12,2026-06-12,CM,BSE,STK,531158,INE660B01011,CATVISION,X,,,,,CATVISION  LIMITED,19.98,19.98,18.20,18.36,18.99,18.09,,18.36,,,2098,39346.00,55,F1,1,,,,,
2026-06-12,2026-06-12,CM,BSE,STK,531161,INE850B01026,ABMKNO,B,,,,,ABM KNOWLEDGEWARE LTD.,205.00,213.00,203.55,210.90,210.90,215.00,,211.43,,,970,200296.00,56,F1,1,,,,,
2026-06-12,2026-06-12,CM,BSE,STK,531162,INE548C01032,EMAMILTD,A,,,,,EMAMI LTD.,393.50,393.55,387.00,390.95,390.95,386.80,,390.85,,,28797,11236040.00,929,F1,1,,,,,
2026-06-12,2026-06-12,CM,BSE,STK,531163,INE971L01029,KEMISTAR,X,,,,,KEMISTAR CORPORATION LIMITED,54.26,54.64,50.00,52.72,52.01,53.20,,52.72,,,2981,157502.00,44,F1,1,,,,,
2026-06-12,2026-06-12,CM,BSE,STK,531168,INE771E01010,ASSOCER,X,,,,,ASSOCIATED CERAMICS LTD.,170.00,170.25,170.00,170.25,170.25,170.25,,170.25,,,10,1702.00,2,F1,1,,,,,
2026-06-12,2026-06-12,CM,BSE,STK,531169,INE709B01016,SKPSEC,X,,,,,SKP SECURITIES LTD.,100.50,119.50,100.50,106.65,106.75,100.55,,106.65,,,462,49307.00,21,F1,1,,,,,
2026-06-12,2026-06-12,CM,BSE,STK,531173,INE121D01036,SYSCHEM,X,,,,,SYSCHEM (INDIA) LTD.,43.07,43.90,42.35,42.47,42.47,43.00,,42.47,,,38717,1663004.00,204,F1,1,,,,,
2026-06-12,2026-06-12,CM,BSE,STK,531176,INE186C01023,MEFCOMCAP,X,,,,,MEFCOM CAPITAL MARKETS LTD.,11.07,11.73,11.07,11.44,11.73,11.07,,11.44,,,5292,59299.00,41,F1,1,,,,,
2026-06-12,2026-06-12,CM,BSE,STK,531178,INE930A01010,HEMANG,XT,,,,,HEMANG RESOURCES LIMITED,13.64,14.03,12.71,12.96,12.71,13.37,,12.96,,,750,9914.00,16,F1,1,,,,,
2026-06-12,2026-06-12,CM,BSE,STK,531179,INE109C01017,ARMANFIN,B,,,,,ARMAN FINANCIAL SERVICES LTD.,1585.05,1653.00,1585.05,1646.85,1628.15,1588.00,,1646.90,,,1619,2637227.00,220,F1,1,,,,,
2026-06-12,2026-06-12,CM,BSE,STK,531190,INE355H01015,EFORU,X,,,,,EFORU ENTERTAINMENT LIMITED,109.00,109.00,97.97,100.28,100.00,99.17,,100.28,,,523,53888.00,16,F1,1,,,,,
2026-06-12,2026-06-12,CM,BSE,STK,531199,INE580D01017,GLANCE,X,,,,,GLANCE FINANCE LTD.,168.00,168.00,168.00,168.00,168.00,160.00,,168.00,,,16,2688.00,2,F1,1,,,,,
2026-06-12,2026-06-12,CM,BSE,STK,531201,INE024F01011,SHILCTECH,B,,,,,SHILCHAR TECHNOLOGIES LTD.,3989.95,4087.65,3800.00,4043.35,4040.20,3819.40,,4035.10,,,4004,15682629.00,655,F1,1,,,,,
2026-06-12,2026-06-12,CM,BSE,STK,531205,INE179O01031,SPRIGHT,XT,,,,,SPRIGHT AGRO LIMITED,0.49,0.49,0.49,0.49,0.49,0.49,,0.49,,,715622,350654.00,418,F1,1,,,,,
2026-06-12,2026-06-12,CM,BSE,STK,531209,INE096B01018,NUCLEUS,B,,,,,NUCLEUS SOFTWARE EXPORTS LTD.,764.75,764.75,739.25,747.50,746.25,749.95,,750.75,,,3980,2970834.00,229,F1,1,,,,,
2026-06-12,2026-06-12,CM,BSE,STK,531210,INE923C01011,COLINZ,XT,,,,,COLINZ LABORATORIES LTD.,55.80,55.80,54.50,54.68,54.68,53.15,,54.68,,,3172,175450.00,11,F1,1,,,,,
2026-06-12,2026-06-12,CM,BSE,STK,531212,INE606C01012,NLFL,X,,,,,NALIN LEASE FINANCE LTD.,44.99,44.99,39.05,40.54,40.54,40.50,,40.54,,,2126,84257.00,71,F1,1,,,,,
2026-06-12,2026-06-12,CM,BSE,STK,531213,INE522D01027,MANAPPURAM,A,,,,,Manappuram Finance Ltd,299.95,305.80,297.45,304.90,304.90,291.95,,305.20,,,64076,19317555.00,1687,F1,1,,,,,
2026-06-12,2026-06-12,CM,BSE,STK,531215,INE005C01017,RTSPOWR,X,,,,,RTS POWER CORPORATION LTD.,103.95,108.75,99.95,102.25,102.25,103.95,,102.25,,,6967,719044.00,126,F1,1,,,,,
2026-06-12,2026-06-12,CM,BSE,STK,531216,INE819A01049,COMFINTE,B,,,,,COMFORT INTECH LTD.,5.85,6.00,5.85,5.95,5.98,5.85,,5.94,,,48639,289866.00,168,F1,1,,,,,
2026-06-12,2026-06-12,CM,BSE,STK,531219,INE861E01019,SHYAMACOMP,P,,,,,Shyama Computronics and Servic,5.25,5.33,5.05,5.29,5.33,5.09,,5.29,,,1600,8368.00,6,F1,100,,,,,
2026-06-12,2026-06-12,CM,BSE,STK,531223,INE364D01032,ANJANI,X,,,,,ANJANI SYNTHETICS LTD.,22.50,22.70,22.01,22.51,22.70,22.42,,22.51,,,2095,46877.00,29,F1,1,,,,,
2026-06-12,2026-06-12,CM,BSE,STK,531225,INE547B01028,XTGLOBAL,B,,,,,XTGLOBAL INFOTECH LIMITED,29.75,29.94,28.63,28.95,29.00,28.55,,28.89,,,3061,89007.00,171,F1,1,,,,,
2026-06-12,2026-06-12,CM,BSE,STK,531227,INE907E01010,DECOMIC,X,,,,,DECO-MICA LTD.,55.01,55.01,55.01,55.01,55.01,58.00,,55.01,,,18,990.00,1,F1,1,,,,,
2026-06-12,2026-06-12,CM,BSE,STK,531228,INE821D01031,RANDER,X,,,,,RANDER CORPORATION LTD.,9.88,10.34,9.40,9.40,9.40,9.89,,9.40,,,416,3994.00,6,F1,1,,,,,
2026-06-12,2026-06-12,CM,BSE,STK,531233,INE822D01021,RASIELEC,X,,,,,RASI ELECTRODES LTD.,12.15,12.80,11.76,12.65,12.65,12.33,,12.65,,,12237,151073.00,127,F1,1,,,,,
2026-06-12,2026-06-12,CM,BSE,STK,531234,INE962E01015,SCOOBEEDAY,X,,,,,SCOOBEE DAY GARMENTS (INDIA) L,69.60,71.34,69.60,70.60,71.34,69.60,,70.60,,,2127,150929.00,16,F1,1,,,,,
2026-06-12,2026-06-12,CM,BSE,STK,531235,INE494D01011,CITIPOR,XT,,,,,CITIPORT FINANCIAL SERVICES LT,35.35,36.03,35.35,36.00,36.00,34.32,,36.00,,,2127,76548.00,13,F1,1,,,,,
2026-06-12,2026-06-12,CM,BSE,STK,531237,INE972E01014,DHRUVCA,XT,,,,,DHRUVA CAPITAL SERVICES LTD.,422.60,435.00,422.60,435.00,435.00,431.20,,435.00,,,10973,4639273.00,33,F1,1,,,,,
2026-06-12,2026-06-12,CM,BSE,STK,531241,INE802B01027,LINC,B,,,,,LINC LIMITED,98.47,99.43,97.82,98.89,98.76,97.99,,98.34,,,180,17764.00,12,F1,1,,,,,
2026-06-12,2026-06-12,CM,BSE,STK,531246,INE723N01012,PRIMAIN,X,,,,,PRIMA INDUSTRIES LTD.,14.36,15.50,14.36,15.47,15.47,15.55,,15.47,,,2809,42659.00,14,F1,1,,,,,
2026-06-12,2026-06-12,CM,BSE,STK,531253,INE342D01012,INDGELA,X,,,,,INDIA GELATINE & CHEMICALS LTD,352.00,358.90,348.20,353.85,353.80,351.25,,353.85,,,691,245009.00,34,F1,1,,,,,
2026-06-12,2026-06-12,CM,BSE,STK,531254,INE031G01022,OPTIFIN,X,,,,,Optimus Finance Limited,15.06,16.44,14.95,15.98,15.98,15.10,,15.98,,,416813,6617255.00,728,F1,1,,,,,
2026-06-12,2026-06-12,CM,BSE,STK,531255,INE015E01012,PARAGONF,X,,,,,PARAGON FINANCE LTD.,45.50,52.50,45.50,46.54,50.35,50.00,,46.54,,,296,13710.00,19,F1,1,,,,,
2026-06-12,2026-06-12,CM,BSE,STK,531257,INE530D01012,PRATIKSH,X,,,,,PRATIKSHA CHEMICALS LTD.,19.67,20.48,19.10,19.31,19.69,19.60,,19.31,,,11933,232251.00,64,F1,1,,,,,
2026-06-12,2026-06-12,CM,BSE,STK,531259,INE328F01016,ESHAMEDIA,XT,,,,,ESHA MEDIA RESEARCH LIMITED,21.92,21.92,21.92,21.92,21.92,23.07,,21.92,,,1,21.00,1,F1,1,,,,,
2026-06-12,2026-06-12,CM,BSE,STK,531262,INE060N01019,EQUILATERA,X,,,,,EQUILATERAL ENTERPRISES LIMITE,22.05,22.05,22.05,22.05,22.05,21.00,,22.05,,,10,220.00,1,F1,1,,,,,
2026-06-12,2026-06-12,CM,BSE,STK,531266,INE764D01017,VSTTILLERS,B,,,,,V.S.T.TILLERS TRACTORS LTD.,4413.85,4521.00,4356.70,4503.40,4476.90,4356.70,,4497.20,,,471,2088773.00,116,F1,1,,,,,
2026-06-12,2026-06-12,CM,BSE,STK,531268,INE151B01011,B2BSOFT,X,,,,,B2B SOFTWARE TECHNOLOGIES LTD.,24.18,25.30,24.02,24.35,24.35,24.66,,24.35,,,16966,417719.00,157,F1,1,,,,,
2026-06-12,2026-06-12,CM,BSE,STK,531273,INE986B01044,RADHEDE,X,,,,,RADHE DEVELOPERS (INDIA) LTD.,1.70,1.74,1.66,1.68,1.70,1.68,,1.68,,,89678,151074.00,118,F1,1,,,,,
2026-06-12,2026-06-12,CM,BSE,STK,531278,INE785D01012,ELIXIR,X,,,,,Elixir Capital Limited,108.30,112.40,102.20,109.85,112.35,102.75,,109.85,,,5020,539744.00,81,F1,1,,,,,
2026-06-12,2026-06-12,CM,BSE,STK,531279,INE238C01022,TRISHAKT,X,,,,,Trishakti Industries Limited,159.00,159.00,156.60,157.70,158.90,156.00,,157.70,,,6156,976109.00,76,F1,1,,,,,
2026-06-12,2026-06-12,CM,BSE,STK,531280,INE698B01011,PANKAJPO,XT,,,,,PANKAJ POLYMERS LTD.,68.69,68.98,65.70,68.98,68.98,65.70,,68.98,,,19225,1323190.00,88,F1,1,,,,,
2026-06-12,2026-06-12,CM,BSE,STK,531281,INE807H01023,MARBLE,X,,,,,MARBLE CITY INDIA LIMITED,90.00,92.99,88.01,91.61,91.69,90.86,,91.61,,,111185,10111877.00,61,F1,1,,,,,
2026-06-12,2026-06-12,CM,BSE,STK,531283,INE897D01015,CINDRELL,X,,,,,CINDRELLA FINANCIAL SERVICES L,10.47,10.50,10.47,10.50,10.50,11.02,,10.50,,,950,9964.00,6,F1,1,,,,,
2026-06-12,2026-06-12,CM,BSE,STK,531287,INE896D01017,NATPLASTI,X,,,,,NATIONAL PLASTIC TECHNOLOGIES,205.40,205.40,194.55,199.40,201.00,205.40,,199.40,,,1199,240133.00,47,F1,1,,,,,
2026-06-12,2026-06-12,CM,BSE,STK,531289,INE643C01015,NATFIT,X,,,,,NATIONAL FITTINGS LIMITED,161.00,161.00,150.60,156.60,158.90,154.00,,156.60,,,7258,1128501.00,50,F1,1,,,,,
2026-06-12,2026-06-12,CM,BSE,STK,531297,INE885B01014,ARTEFACT,X,,,,,ARTEFACT PROJECTS LTD.,58.95,60.00,57.00,59.78,59.00,56.16,,59.78,,,7474,438814.00,46,F1,1,,,,,
2026-06-12,2026-06-12,CM,BSE,STK,531301,INE319M01011,TUSALDAH,XT,,,,,TUSALDAH LIMITED,135.40,142.50,135.40,135.40,135.40,142.50,,135.40,,,3026,431041.00,9,F1,1,,,,,
2026-06-12,2026-06-12,CM,BSE,STK,531304,INE960H01012,NUTECGLOB,X,,,,,NUTECH GLOBAL LTD.,28.90,28.90,28.50,28.50,28.50,28.22,,28.50,,,2747,78309.00,4,F1,1,,,,,
2026-06-12,2026-06-12,CM,BSE,STK,531306,INE590D01016,DHPIND,X,,,,,DHP INDIA LTD.,497.50,504.00,497.50,502.30,499.05,495.00,,502.30,,,292,146559.00,18,F1,1,,,,,
2026-06-12,2026-06-12,CM,BSE,STK,531307,INE951M01037,RRIL,B,,,,,RRIL LIMITED,21.40,21.40,20.37,20.37,20.37,19.79,,20.30,,,2130,43900.00,13,F1,1,,,,,
2026-06-12,2026-06-12,CM,BSE,STK,531310,INE325G01010,AVAILFC,B,,,,,AVAILABLE FINANCE LTD.,150.10,155.95,150.10,153.15,154.00,152.15,,153.15,,,3283,501643.00,47,F1,1,,,,,
2026-06-12,2026-06-12,CM,BSE,STK,531319,INE368C01019,MGIL,XT,,,,,MARUTI GLOBAL INDUSTRIES LIMIT,39.50,39.69,38.00,38.74,38.01,39.80,,38.74,,,1280,49948.00,20,F1,1,,,,,
2026-06-12,2026-06-12,CM,BSE,STK,531322,INE293B01029,HAVISHA,B,,,,,SRI HAVISHA HOSPITALITY INFRAS,1.39,1.51,1.26,1.35,1.36,1.39,,1.36,,,426244,594708.00,1034,F1,1,,,,,
2026-06-12,2026-06-12,CM,BSE,STK,531323,INE250D01017,JAYIND,X,,,,,JAYATMA INDUSTRIES LIMITED,12.54,12.54,12.54,12.54,12.54,11.95,,12.54,,,500,6270.00,2,F1,1,,,,,
2026-06-12,2026-06-12,CM,BSE,STK,531324,INE475C01012,ROSELABS,X,,,,,ROSELABS FINANCE LTD.,20.90,20.90,20.90,20.90,20.90,21.99,,20.90,,,1011,21129.00,4,F1,1,,,,,
2026-06-12,2026-06-12,CM,BSE,STK,531328,INE128R01023,KRETTOSYS,XT,,,,,KRETTO SYSCON LIMITED,0.57,0.61,0.57,0.61,0.61,0.59,,0.61,,,1845764,1094858.00,301,F1,1,,,,,
2026-06-12,2026-06-12,CM,BSE,STK,531334,INE186E01011,VIKALPS,X,,,,,VIKALP SECURITIES LTD.,20.76,20.76,20.76,20.76,20.76,20.76,,20.76,,,50,1038.00,1,F1,1,,,,,
2026-06-12,2026-06-12,CM,BSE,STK,531335,INE768C01028,ZYDUSWELL,A,,,,,ZYDUS WELLNESS LTD.,502.15,508.85,500.15,506.25,504.80,500.10,,506.05,,,15148,7638352.00,493,F1,1,,,,,
2026-06-12,2026-06-12,CM,BSE,STK,531338,INE151H01018,MILESTONE,X,,,,,MILESTONE GLOBAL LTD.,18.00,18.00,18.00,18.00,18.00,18.00,,18.00,,,120,2160.00,3,F1,1,,,,,
2026-06-12,2026-06-12,CM,BSE,STK,531341,INE373D01017,GUJINV,X,,,,,GUJARAT INVESTA LTD.,18.68,20.64,18.68,20.49,20.49,19.66,,20.49,,,126,2400.00,3,F1,1,,,,,
2026-06-12,2026-06-12,CM,BSE,STK,531344,INE111A01025,CONCOR,A,,,,,CONTAINER CORPORATION OF INDIA,443.90,451.15,438.50,450.20,450.20,440.10,,450.20,,,43320,19296474.00,1904,F1,1,,,,,
2026-06-12,2026-06-12,CM,BSE,STK,531346,INE500D01015,EASTRED,X,,,,,EASTERN TREADS LTD.,27.49,27.49,27.39,27.39,27.39,27.50,,27.39,,,22,604.00,3,F1,1,,,,,
2026-06-12,2026-06-12,CM,BSE,STK,531349,INE922B01023,PANACEABIO,B,,,,,PANACEA BIOTEC LTD.,534.00,546.00,523.20,537.30,537.30,525.60,,536.10,,,43135,23029355.00,869,F1,1,,,,,
2026-06-12,2026-06-12,CM,BSE,STK,531352,INE328D01011,PEETISEC,X,,,,,PEETI SECURITIES LTD.,20.98,20.98,20.98,20.98,20.98,21.14,,20.98,,,48,1007.00,1,F1,1,,,,,
2026-06-12,2026-06-12,CM,BSE,STK,531357,INE763M01028,MERCURYEV,T,,,,,MERCURY EV-TECH LIMITED,30.77,30.77,30.77,30.77,30.77,31.39,,30.77,,,21043,647493.00,129,F1,1,,,,,
2026-06-12,2026-06-12,CM,BSE,STK,531358,INE102B01014,CHOICEIN,A,,,,,CHOICE INTERNATIONAL LTD.,661.45,677.50,661.45,673.80,673.00,656.70,,673.50,,,35673,23987615.00,938,F1,1,,,,,
2026-06-12,2026-06-12,CM,BSE,STK,531359,INE777G01012,SRAMSET,X,,,,,SHRIRAM ASSET MANAGEMENT CO.LT,287.00,290.00,285.00,288.35,288.35,281.60,,288.35,,,7739,2228203.00,46,F1,1,,,,,
2026-06-12,2026-06-12,CM,BSE,STK,531364,INE005E01013,EKANSH,X,,,,,Ekansh Concepts Limited,220.25,220.25,215.00,215.80,218.95,215.60,,215.80,,,8155,1772824.00,41,F1,1,,,,,
2026-06-12,2026-06-12,CM,BSE,STK,531370,INE960B01015,SPAR,XT,,,,,SPARC ELECTREX LIMITED,4.96,5.05,4.96,5.05,5.05,4.81,,5.05,,,1145,5681.00,4,F1,1,,,,,
2026-06-12,2026-06-12,CM,BSE,STK,531373,INE319B01014,BYKE,B,,,,,THE BYKE HOSPITALITY LTD.,33.46,35.09,33.00,33.59,33.61,33.31,,33.90,,,3201,106690.00,88,F1,1,,,,,
2026-06-12,2026-06-12,CM,BSE,STK,531380,INE405H01018,CSURGSU,X,,,,,CENTENIAL SURGICAL SUTURE LTD.,81.00,81.00,76.96,77.77,78.05,81.01,,77.77,,,295,23159.00,10,F1,1,,,,,
2026-06-12,2026-06-12,CM,BSE,STK,531381,INE413D01011,ARIHANT,B,,,,,ARIHANT FOUNDATIONS & HOUSING,850.00,876.00,827.00,855.05,876.00,842.70,,857.80,,,1375,1160927.00,275,F1,1,,,,,
2026-06-12,2026-06-12,CM,BSE,STK,531387,INE671D01014,HASTIFIN,X,,,,,HASTI FINANCE LTD.,5.76,5.76,5.76,5.76,5.76,6.00,,5.76,,,2548,14676.00,3,F1,1,,,,,
2026-06-12,2026-06-12,CM,BSE,STK,531390,INE890B01014,UPSURGE,X,,,,,UPSURGE INVESTMENT & FINANCE L,59.94,59.99,58.25,58.27,58.25,59.94,,58.27,,,9964,581117.00,35,F1,1,,,,,
2026-06-12,2026-06-12,CM,BSE,STK,531395,INE448D01025,PADAMCO,X,,,,,PADAM COTTON YARNS LTD.,0.98,1.00,0.96,0.99,0.99,0.98,,0.99,,,1123722,1105204.00,481,F1,1,,,,,
2026-06-12,2026-06-12,CM,BSE,STK,531397,INE262C01014,POLYCON,X,,,,,POLYCON INTERNATIONAL LTD.,20.47,20.47,19.00,20.35,20.35,19.50,,20.35,,,318,6066.00,6,F1,1,,,,,
2026-06-12,2026-06-12,CM,BSE,STK,531398,INE679C01027,SOURCENTRL,X,,,,,SOURCE NATURAL FOODS & HERBAL,102.15,108.50,99.95,106.15,105.80,104.00,,106.15,,,4553,468567.00,88,F1,1,,,,,
2026-06-12,2026-06-12,CM,BSE,STK,531399,INE493B01017,GGAUTO,X,,,,,G.G.AUTOMOTIVE GEARS LTD.,138.15,143.70,138.00,140.40,140.10,136.10,,140.40,,,6455,907827.00,129,F1,1,,,,,
2026-06-12,2026-06-12,CM,BSE,STK,531400,INE326B01035,ALMONDZ,B,,,,,ALMONDZ GLOBAL SECURITIES LTD.,14.20,14.20,13.45,13.50,13.60,13.60,,13.59,,,20474,283504.00,69,F1,1,,,,,
2026-06-12,2026-06-12,CM,BSE,STK,531402,INE281M01013,LWSKNIT,X,,,,,LWS KNITWEAR LTD.,15.41,16.24,15.41,16.12,16.23,15.31,,16.12,,,1118,17566.00,14,F1,1,,,,,
2026-06-12,2026-06-12,CM,BSE,STK,531411,INE560D01027,TUNITEX,X,,,,,TUNI TEXTILE MILLS LTD.,1.04,1.07,1.04,1.06,1.06,1.04,,1.06,,,300281,317054.00,168,F1,1,,,,,
2026-06-12,2026-06-12,CM,BSE,STK,531412,INE576N01014,RADIXIND,XT,,,,,RADIX INDUSTRIES (INDIA) LIMIT,175.00,186.45,175.00,176.60,186.45,181.05,,176.60,,,243,42918.00,6,F1,1,,,,,
2026-06-12,2026-06-12,CM,BSE,STK,531416,INE603F01012,NARPROP,X,,,,,NARENDRA PROPERTIES LTD.,36.50,37.49,36.50,37.49,37.49,35.50,,37.49,,,114,4175.00,2,F1,1,,,,,
2026-06-12,2026-06-12,CM,BSE,STK,531417,INE804B01023,MEGACOR,XT,,,,,MEGA CORPORATION LTD.,2.90,3.04,2.81,2.90,2.91,2.95,,2.90,,,64627,187427.00,105,F1,1,,,,,
2026-06-12,2026-06-12,CM,BSE,STK,531420,INE644K01016,BMBMUMG,X,,,,,BMB MUSIC & MAGNETICS LTD.,8.65,8.65,8.65,8.65,8.65,9.10,,8.65,,,1489,12879.00,7,F1,1,,,,,
2026-06-12,2026-06-12,CM,BSE,STK,531426,INE107A01015,TNPL,B,,,,,TAMIL NADU NEWSPRINT & PAPERS,145.20,145.90,143.05,144.65,144.65,143.20,,143.93,,,963,139139.00,75,F1,1,,,,,
2026-06-12,2026-06-12,CM,BSE,STK,531431,INE908D01010,SHAKTIPUMP,A,,,,,SHAKTI PUMPS (INDIA) LTD.,513.60,542.20,512.15,537.50,537.50,507.05,,537.15,,,64332,34026275.00,1527,F1,1,,,,,
2026-06-12,2026-06-12,CM,BSE,STK,531433,INE271D01013,SUNGOLD,X,,,,,SUNGOLD CAPITAL LTD.,2.60,2.60,2.60,2.60,2.60,2.60,,2.60,,,10,26.00,1,F1,1,,,,,
2026-06-12,2026-06-12,CM,BSE,STK,531436,INE474D01013,SAFFRON,X,,,,,SAFFRON INDUSTRIES LIMITED,28.31,30.97,28.01,28.67,28.60,28.17,,28.67,,,1785,51454.00,17,F1,1,,,,,
2026-06-12,2026-06-12,CM,BSE,STK,531437,INE523I01016,PWASML,X,,,,,Prakash Woollen & Synthetic Mi,24.12,24.12,22.27,23.93,23.93,24.18,,23.93,,,543,12980.00,17,F1,1,,,,,
2026-06-12,2026-06-12,CM,BSE,STK,531439,INE805A01014,GOLDTECH,B,,,,,AION-TECH SOLUTIONS LIMITED,41.39,42.66,41.11,41.40,41.40,41.39,,41.55,,,373,15497.00,38,F1,1,,,,,
2026-06-12,2026-06-12,CM,BSE,STK,531441,INE100F01019,LYONSCO,X,,,,,LYONS CORPORATE MARKET LTD.,19.70,20.20,19.70,20.20,20.20,19.70,,20.20,,,144,2858.00,6,F1,1,,,,,
2026-06-12,2026-06-12,CM,BSE,STK,531449,INE192H01020,GRMOVER,B,,,,,GRM OVERSEAS LTD.,90.20,96.00,90.20,93.30,93.30,87.30,,93.23,,,248123,23399968.00,1617,F1,1,,,,,
2026-06-12,2026-06-12,CM,BSE,STK,531453,INE954E01012,MOHITIND,B,,,,,MOHIT INDUSTRIES LTD.,22.50,22.50,22.50,22.50,22.50,22.00,,22.48,,,220,4950.00,2,F1,1,,,,,
2026-06-12,2026-06-12,CM,BSE,STK,531454,INE323D01020,POLYLINK,X,,,,,POLYLINK POLYMERS (INDIA) LTD.,21.00,21.45,19.70,21.38,21.44,20.97,,21.38,,,3893,81205.00,64,F1,1,,,,,
2026-06-12,2026-06-12,CM,BSE,STK,531456,INE952C01028,MINAXI,X,,,,,MINAXI TEXTILES LTD.,1.42,1.53,1.42,1.45,1.45,1.55,,1.45,,,1663,2408.00,13,F1,1,,,,,
2026-06-12,2026-06-12,CM,BSE,STK,531458,INE109B01019,BOSTON,XT,,,,,BOSTON COMMERCE LIMITED,6.32,6.32,6.32,6.32,6.32,6.44,,6.32,,,2103,13290.00,6,F1,1,,,,,
2026-06-12,2026-06-12,CM,BSE,STK,531460,INE545B01022,CONTICON,X,,,,,CONTINENTAL CONTROLS LTD.,6.86,7.55,6.86,7.55,7.55,7.22,,7.55,,,3575,24550.00,8,F1,1,,,,,
2026-06-12,2026-06-12,CM,BSE,STK,531463,INE377M01043,GBLINFRA,XT,,,,,GLOBAL INFRATECH & FINANCE LIM,46.33,46.33,46.33,46.33,46.33,45.43,,46.33,,,3026,140194.00,14,F1,1,,,,,
2026-06-12,2026-06-12,CM,BSE,STK,531465,INE317B01042,NOUVEAU,X,,,,,NOUVEAU GLOBAL VENTURES LTD.,0.38,0.38,0.38,0.38,0.38,0.39,,0.38,,,27877,10593.00,28,F1,1,,,,,
2026-06-12,2026-06-12,CM,BSE,STK,531471,INE397G01019,DUKEOFS,XT,,,,,DUKE OFFSHORE LTD.,18.57,18.57,18.57,18.57,18.57,17.69,,18.57,,,6148,114168.00,20,F1,1,,,,,
2026-06-12,2026-06-12,CM,BSE,STK,531472,INE183D01010,CYBELEIND,X,,,,,CYBELE INDUSTRIES LTD.,52.00,52.37,49.01,49.92,49.85,49.88,,49.92,,,4342,223124.00,53,F1,1,,,,,
2026-06-12,2026-06-12,CM,BSE,STK,531486,INE600B01033,FILME,XT,,,,,FILMCITY MEDIA LTD.,1.72,1.80,1.66,1.80,1.80,1.72,,1.80,,,3108,5491.00,14,F1,1,,,,,
2026-06-12,2026-06-12,CM,BSE,STK,531489,INE084D01010,CGVAK,X,,,,,CG-VAK SOFTWARE & EXPORTS LTD.,185.95,188.00,176.30,178.10,181.95,179.00,,178.10,,,3422,620926.00,108,F1,1,,,,,
2026-06-12,2026-06-12,CM,BSE,STK,531494,INE268H01044,NAVKARURB,B,,,,,NAVKAR URBANSTRUCTURE LIMITED,1.00,1.02,0.98,1.01,1.01,0.98,,0.99,,,454339,457279.00,97,F1,1,,,,,
2026-06-12,2026-06-12,CM,BSE,STK,531495,INE472B01011,BLUECOAST,T,,,,,BLUE COAST HOTELS LTD.,28.41,28.41,28.34,28.34,28.34,29.83,,28.34,,,2721,77113.00,16,F1,1,,,,,
2026-06-12,2026-06-12,CM,BSE,STK,531497,INE378D01032,MADHUCON,B,,,,,MADHUCON PROJECTS LTD.,5.50,5.59,5.33,5.33,5.33,5.19,,5.51,,,802,4302.00,5,F1,1,,,,,
2026-06-12,2026-06-12,CM,BSE,STK,531499,INE080D01042,SYBLY,Z,,,,,SYBLY INDUSTRIES LTD.,1.66,1.66,1.66,1.66,1.66,1.64,,1.66,,,350,581.00,5,F1,1,,,,,
2026-06-12,2026-06-12,CM,BSE,STK,531500,INE343B01030,RAJESHEXPO,Z,,,,,RAJESH EXPORTS LTD.,77.05,77.05,77.05,77.05,77.05,81.10,,76.42,,,13265,1022068.00,401,F1,1,,,,,
2026-06-12,2026-06-12,CM,BSE,STK,531502,INE404L01039,ESARIND,X,,,,,ESAAR (INDIA) LTD.,12.19,12.20,11.76,12.17,12.20,12.00,,12.17,,,16481,199520.00,70,F1,1,,,,,
2026-06-12,2026-06-12,CM,BSE,STK,531503,INE866D01010,MARIS,X,,,,,MARIS SPINNERS LTD.,29.50,30.80,28.41,30.80,30.80,29.20,,30.80,,,409,11800.00,9,F1,1,,,,,
2026-06-12,2026-06-12,CM,BSE,STK,531505,INE628F01019,INDERGR,X,,,,,INDERGIRI FINANCE LTD.,21.03,21.03,21.02,21.02,21.02,20.03,,21.02,,,7236,152162.00,21,F1,1,,,,,
2026-06-12,2026-06-12,CM,BSE,STK,531506,INE561E01015,SKRABUL,XT,,,,,SHUKRA BULLIONS LTD.,41.80,41.80,41.80,41.80,41.80,43.99,,41.80,,,2,83.00,1,F1,1,,,,,
2026-06-12,2026-06-12,CM,BSE,STK,531508,INE128A01029,EVEREADY,B,,,,,EVEREADY INDUSTRIES INDIA LTD.,340.65,348.65,336.75,345.25,345.25,335.30,,345.60,,,8162,2815004.00,259,F1,1,,,,,
2026-06-12,2026-06-12,CM,BSE,STK,531512,INE681D01039,ORIENTTR,X,,,,,ORIENT TRADELINK LTD.,5.53,5.53,5.02,5.02,5.02,5.28,,5.02,,,104957,528876.00,161,F1,1,,,,,
2026-06-12,2026-06-12,CM,BSE,STK,531518,INE767B01022,VIKASPROP,Z,,,,,VIKAS PROPPANT & GRANITE LTD.,0.27,0.29,0.27,0.28,0.28,0.28,,0.28,,,292019,80484.00,86,F1,1,,,,,
2026-06-12,2026-06-12,CM,BSE,STK,531525,INE849B01010,ACESOFT,X,,,,,ACE SOFTWARE EXPORTS LTD.,113.70,119.95,113.00,117.80,117.80,113.65,,117.80,,,25102,2940484.00,150,F1,1,,,,,
2026-06-12,2026-06-12,CM,BSE,STK,531529,INE562E01021,SOFTRAKV,X,,,,,SOFTRAK VENTURE INVESTMENT LTD,1.01,1.11,1.01,1.11,1.11,1.06,,1.11,,,208035,215009.00,50,F1,1,,,,,
2026-06-12,2026-06-12,CM,BSE,STK,531531,INE473B01035,HATSUN,A,,,,,HATSUN AGRO PRODUCT LTD.,900.50,918.55,900.50,917.15,918.00,900.45,,914.35,,,434,397542.00,56,F1,1,,,,,
2026-06-12,2026-06-12,CM,BSE,STK,531533,INE578B01015,ACCEDERE,X,,,,,ACCEDERE LIMITED,56.02,65.00,56.02,65.00,65.00,60.55,,65.00,,,1628,100936.00,34,F1,1,,,,,
2026-06-12,2026-06-12,CM,BSE,STK,531537,INE681K01026,MIZVEN,X,,,,,MIZZEN VENTURES LIMITED,139.95,139.95,127.80,127.80,127.80,134.50,,127.80,,,714,91273.00,8,F1,1,,,,,
2026-06-12,2026-06-12,CM,BSE,STK,531539,INE864D01015,RISHDIGA,X,,,,,RISHABH DIGHA STEEL & ALLIED P,30.50,32.00,29.00,31.83,32.00,32.00,,31.83,,,2921,90196.00,25,F1,1,,,,,
2026-06-12,2026-06-12,CM,BSE,STK,531540,INE392G01028,MAINFRA,XT,,,,,MARUTI INFRASTRUCTURE LTD.,11.70,12.20,11.65,11.77,11.75,11.71,,11.77,,,9932,117829.00,80,F1,1,,,,,
2026-06-12,2026-06-12,CM,BSE,STK,531541,INE881A01015,KOBO,Z,,,,,KOBO BIOTECH LIMITED,6.34,6.34,6.34,6.34,6.34,6.04,,6.34,,,27111,171883.00,22,F1,1,,,,,
2026-06-12,2026-06-12,CM,BSE,STK,531543,INE247D01039,JINDWORLD,B,,,,,JINDAL WORLDWIDE LTD.,27.64,31.50,27.64,29.86,29.99,27.63,,29.87,,,578611,17662008.00,2205,F1,1,,,,,
2026-06-12,2026-06-12,CM,BSE,STK,531548,INE355A01028,SOMANYCERA,B,,,,,SOMANY CERAMICS LTD.,500.00,520.40,500.00,513.40,514.60,495.85,,514.15,,,1293,664788.00,108,F1,1,,,,,
2026-06-12,2026-06-12,CM,BSE,STK,531550,INE865D01012,JHACC,X,,,,,JHAVERI CREDITS & CAPITAL LTD.,173.20,175.00,170.00,170.05,173.35,172.85,,170.05,,,1140,195811.00,22,F1,1,,,,,
2026-06-12,2026-06-12,CM,BSE,STK,531552,INE754B01012,RAGHUTOB,X,,,,,RAGHUNATH TOBACCO CO.LTD.,15.30,15.30,14.50,15.00,15.01,15.30,,15.00,,,710,10608.00,13,F1,1,,,,,
2026-06-12,2026-06-12,CM,BSE,STK,531556,INE558D01021,CORALFINAC,B,,,,,CORAL INDIA FINANCE & HOUSING,32.00,32.08,31.50,31.83,32.00,32.70,,31.49,,,1236,39478.00,74,F1,1,,,,,
2026-06-12,2026-06-12,CM,BSE,STK,531557,INE137E01014,AMITSEC,X,,,,,AMIT SECURITIES LTD.,52.50,52.50,51.00,51.75,51.75,50.00,,51.75,,,24,1243.00,4,F1,1,,,,,
2026-06-12,2026-06-12,CM,BSE,STK,531569,INE860D01013,SANJIVIN,X,,,,,SANJIVANI PARANTERAL LTD.,148.00,148.00,142.10,147.40,147.80,140.15,,147.40,,,11848,1711524.00,108,F1,1,,,,,
2026-06-12,2026-06-12,CM,BSE,STK,531572,INE863D01017,RANJITSE,XT,,,,,RANJIT SECURITIES LTD.,65.66,65.66,65.66,65.66,65.66,67.00,,65.66,,,21,1378.00,2,F1,1,,,,,
2026-06-12,2026-06-12,CM,BSE,STK,531578,INE580H01026,KMFBLDR,X,,,,,KMF BUILDERS & DEVELOPERS LTD.,6.50,6.50,6.45,6.45,6.45,6.30,,6.45,,,269,1738.00,2,F1,1,,,,,
2026-06-12,2026-06-12,CM,BSE,STK,531582,INE508J01015,BERYLSE,XT,,,,,BERYL SECURITIES LTD.,30.66,30.66,27.74,27.74,27.74,29.20,,27.74,,,101,2804.00,2,F1,1,,,,,
2026-06-12,2026-06-12,CM,BSE,STK,531583,INE483D01014,RAP,X,,,,,RAP CORP LIMITED,40.69,40.69,37.06,38.05,38.00,38.99,,38.05,,,2945,114196.00,20,F1,1,,,,,
2026-06-12,2026-06-12,CM,BSE,STK,531585,INE455C01014,DEVINE,X,,,,,DEVINE IMPEX LTD.,8.30,8.30,8.00,8.00,8.00,8.30,,8.00,,,314,2602.00,3,F1,1,,,,,
2026-06-12,2026-06-12,CM,BSE,STK,531591,INE802A01037,BAMPSL,X,,,,,BAMPSL SECURITIES LTD.,18.25,18.50,18.17,18.33,18.35,18.05,,18.33,,,3455,63223.00,25,F1,1,,,,,
2026-06-12,2026-06-12,CM,BSE,STK,531592,INE861N01036,GENPHARMA,X,,,,,GENPHARMASEC LIMITED,1.20,1.20,1.11,1.14,1.14,1.14,,1.14,,,314097,356240.00,207,F1,1,,,,,
2026-06-12,2026-06-12,CM,BSE,STK,531594,INE507D01010,INCON,X,,,,,INCON ENGINEERS LTD.,14.50,15.22,14.50,15.22,15.22,14.50,,15.22,,,313,4735.00,6,F1,1,,,,,
2026-06-12,2026-06-12,CM,BSE,STK,531595,INE180C01042,CGCL,A,,,,,CAPRI GLOBAL CAPITAL LIMITED,200.10,209.10,198.85,207.95,207.95,199.60,,208.44,,,240432,49192533.00,2419,F1,1,,,,,
2026-06-12,2026-06-12,CM,BSE,STK,531599,INE258B01022,FDC,B,,,,,FDC LTD.,384.15,389.35,377.65,387.90,387.40,378.25,,387.85,,,15618,5988745.00,1780,F1,1,,,,,
2026-06-12,2026-06-12,CM,BSE,STK,531600,INE832C01014,GOGIACAPGL,X,,,,,GOGIA CAPITAL GROWTH LIMITED,55.00,55.00,55.00,55.00,55.00,53.00,,55.00,,,4,220.00,1,F1,1,,,,,
2026-06-12,2026-06-12,CM,BSE,STK,531608,INE792J01015,GORANIN,XT,,,,,GORANI INDUSTRIES LTD.,46.55,46.55,46.55,46.55,46.55,49.00,,46.55,,,200,9310.00,13,F1,1,,,,,
2026-06-12,2026-06-12,CM,BSE,STK,531609,INE902G01016,KGPETRO,X,,,,,KG PETROCHEM LTD.,168.20,168.20,167.05,167.20,167.05,175.80,,167.20,,,9,1504.00,2,F1,1,,,,,
2026-06-12,2026-06-12,CM,BSE,STK,531613,INE100C01024,MAL,X,,,,,Meyer Apparel Limited,2.33,2.33,2.33,2.33,2.33,2.22,,2.33,,,2698,6286.00,4,F1,1,,,,,
2026-06-12,2026-06-12,CM,BSE,STK,531616,INE347I01010,STARCOM,X,,,,,STARCOM INFORMATION TECHNOLOGY,59.60,61.35,59.00,59.00,59.00,58.43,,59.00,,,10,602.00,3,F1,1,,,,,
2026-06-12,2026-06-12,CM,BSE,STK,531624,INE695B01025,COUNCODOS,B,,,,,COUNTRY CONDOS LTD.,5.15,5.20,4.85,5.06,5.10,5.00,,5.03,,,7999,40240.00,69,F1,1,,,,,
2026-06-12,2026-06-12,CM,BSE,STK,531626,INE628B01034,OROSMITHS,X,,,,,OROSIL SMITHS INDIA LTD.,6.65,7.05,6.55,6.93,6.93,6.42,,6.93,,,457524,3166045.00,511,F1,1,,,,,
2026-06-12,2026-06-12,CM,BSE,STK,531628,INE173E01019,TEJASSVI,XT,,,,,TEJASSVI AAHARAM LIMITED,39.79,39.79,39.79,39.79,39.79,39.02,,39.79,,,1,39.00,1,F1,1,,,,,
2026-06-12,2026-06-12,CM,BSE,STK,531633,INE405C01035,LINCOLN,B,,,,,LINCOLN PHARMACEUTICALS LTD.,641.20,643.80,631.10,635.05,635.00,629.35,,636.05,,,3338,2130977.00,165,F1,1,,,,,
2026-06-12,2026-06-12,CM,BSE,STK,531635,INE870J01019,SILVOAK,X,,,,,SILVER OAK (INDIA) LTD.,82.00,82.00,78.10,79.74,78.73,78.00,,79.74,,,318,25559.00,16,F1,1,,,,,
2026-06-12,2026-06-12,CM,BSE,STK,531637,INE722B01019,PRAVEG,B,,,,,PRAVEG LIMITED,219.00,228.00,217.00,225.90,226.00,212.75,,226.15,,,15048,3330451.00,523,F1,1,,,,,
2026-06-12,2026-06-12,CM,BSE,STK,531638,INE713C01016,SURAJLTD,B,,,,,SURAJ LTD.,228.50,235.00,228.50,233.50,233.50,228.50,,234.95,,,26,6019.00,7,F1,1,,,,,
2026-06-12,2026-06-12,CM,BSE,STK,531642,INE196A01026,MARICO,A,,,,,MARICO LTD.,811.30,821.70,808.85,818.75,816.55,811.15,,819.05,,,26446,21547069.00,2351,F1,1,,,,,
2026-06-12,2026-06-12,CM,BSE,STK,531644,INE546D01018,TOKYOFIN,X,,,,,TOKYO FINANCE LTD.,20.00,20.00,20.00,20.00,20.00,20.25,,20.00,,,47,940.00,3,F1,1,,,,,
2026-06-12,2026-06-12,CM,BSE,STK,531651,INE654H01011,NATGENI,XT,,,,,NATIONAL GENERAL INDUSTRIES LT,62.17,62.17,62.17,62.17,62.17,63.43,,62.17,,,20,1243.00,1,F1,1,,,,,
2026-06-12,2026-06-12,CM,BSE,STK,531652,INE528C01018,UVS,X,,,,,UVS HOSPITALITY AND SERVICES L,96.30,98.00,92.35,95.15,95.95,98.60,,95.15,,,72381,6902757.00,138,F1,1,,,,,
2026-06-12,2026-06-12,CM,BSE,STK,531658,INE454E01013,ABATEAS,X,,,,,ABATE AS INDUSTRIES LIMITED,10.40,10.66,10.21,10.52,10.54,10.43,,10.52,,,17461,183047.00,111,F1,1,,,,,
2026-06-12,2026-06-12,CM,BSE,STK,531661,INE863C01019,HITTCO,X,,,,,HITTCO TOOLS LTD.,10.25,10.25,9.70,9.70,9.70,10.25,,9.70,,,1797,17480.00,12,F1,1,,,,,
2026-06-12,2026-06-12,CM,BSE,STK,531663,INE139D01020,YUVRAAJHPL,XT,,,,,YUVRAAJ HYGIENE PRODUCTS LTD.,6.84,7.18,6.84,7.18,7.18,6.84,,7.18,,,131008,935361.00,55,F1,1,,,,,
2026-06-12,2026-06-12,CM,BSE,STK,531667,INE117K01013,RRMETAL,XT,,,,,RR METALMAKERS INDIA LIMITED,47.13,47.14,47.13,47.14,47.14,44.90,,47.14,,,676,31864.00,6,F1,1,,,,,
2026-06-12,2026-06-12,CM,BSE,STK,531668,INE661D01015,VISIONCO,X,,,,,VISION CORPORATION LTD.,2.50,2.72,2.49,2.49,2.49,2.50,,2.49,,,3849,9619.00,14,F1,1,,,,,
2026-06-12,2026-06-12,CM,BSE,STK,531671,INE214D01021,KARNAWATI,XT,,,,,Karnawati Innovation Limited,1.43,1.43,1.33,1.37,1.40,1.37,,1.37,,,89514,126771.00,90,F1,1,,,,,
2026-06-12,2026-06-12,CM,BSE,STK,531673,INE067C01025,ANKIN,X,,,,,ANKA INDIA LTD.,20.25,20.34,19.75,19.77,19.75,19.38,,19.77,,,10525,209276.00,24,F1,1,,,,,
2026-06-12,2026-06-12,CM,BSE,STK,531676,INE554H01021,EMROCK,XT,,,,,EMROCK CORPORATION LIMITED,263.20,288.80,263.20,273.20,274.00,277.00,,273.20,,,2224,605707.00,43,F1,1,,,,,
2026-06-12,2026-06-12,CM,BSE,STK,531677,INE588E01026,ARISINT,XT,,,,,ARIS INTERNATIONAL LTD.,398.15,398.15,398.15,398.15,398.15,379.20,,398.15,,,203,80824.00,2,F1,1,,,,,
2026-06-12,2026-06-12,CM,BSE,STK,531680,INE799E01011,MAYUR,X,,,,,MAYUR LEATHER PRODUCTS LTD.,17.80,19.92,17.80,17.83,19.00,19.77,,17.83,,,620332,11065760.00,74,F1,1,,,,,
2026-06-12,2026-06-12,CM,BSE,STK,531681,INE673C01020,AMERISE,X,,,,,AMERISE BIOSCIENCES LIMITED,0.71,0.71,0.68,0.71,0.71,0.70,,0.71,,,215803,147770.00,38,F1,1,,,,,
2026-06-12,2026-06-12,CM,BSE,STK,531688,INE621B01021,PRITHVIEXCH,X,,,,,Prithvi Exchange (India) Limit,115.80,115.80,107.00,108.95,107.15,109.10,,108.95,,,1056,115201.00,23,F1,1,,,,,
2026-06-12,2026-06-12,CM,BSE,STK,531692,INE593B01030,KHYATI,XT,,,,,KHYATI MULTIMEDIA-ENTERTAINMEN,4.07,4.07,4.07,4.07,4.07,3.88,,4.07,,,4202,17102.00,8,F1,1,,,,,
2026-06-12,2026-06-12,CM,BSE,STK,531694,INE230F01014,RAINBOWF,X,,,,,RAINBOW FOUNDATIONS LTD.,39.50,39.99,38.85,39.92,39.99,39.53,,39.92,,,6472,255392.00,32,F1,1,,,,,
2026-06-12,2026-06-12,CM,BSE,STK,531716,INE843F01014,TRICOMFRU,XT,,,,,TRICOM FRUIT PRODUCTS LIMITED,1.81,1.89,1.80,1.89,1.89,1.80,,1.89,,,1059,1924.00,9,F1,1,,,,,
2026-06-12,2026-06-12,CM,BSE,STK,531717,INE632C01026,VIDHIING,B,,,,,Vidhi Specialty Food Ingredien,288.00,290.10,285.05,285.95,285.05,286.00,,287.05,,,107,30671.00,22,F1,1,,,,,
2026-06-12,2026-06-12,CM,BSE,STK,531719,INE414D01027,BHAGCHEM,B,,,,,BHAGIRADHA CHEMICALS & INDUSTR,259.65,274.00,259.65,269.95,269.70,258.10,,270.04,,,3681,995532.00,178,F1,1,,,,,
2026-06-12,2026-06-12,CM,BSE,STK,531723,INE224E01028,GATECH,B,,,,,GACM Technologies Limited,0.51,0.54,0.51,0.53,0.53,0.51,,0.53,,,621876,325900.00,141,F1,1,,,,,
2026-06-12,2026-06-12,CM,BSE,STK,531726,INE316G01019,PANCHSHEEL,X,,,,,PANCHSHEEL ORGANICS LTD.,115.15,121.85,114.35,118.75,116.20,117.80,,118.75,,,3735,438451.00,79,F1,1,,,,,
2026-06-12,2026-06-12,CM,BSE,STK,531727,INE650G01029,MENNPIS,B,,,,,MENON PISTONS LTD.,56.07,56.99,55.47,56.55,56.04,55.30,,56.33,,,4535,255394.00,50,F1,1,,,,,
2026-06-12,2026-06-12,CM,BSE,STK,531737,INE414C01045,GREENCREST,X,,,,,GREENCREST FINANCIAL SERVICES,0.49,0.50,0.48,0.48,0.48,0.49,,0.48,,,136193,65865.00,124,F1,1,,,,,
2026-06-12,2026-06-12,CM,BSE,STK,531739,INE509C01026,GENNEX,X,,,,,GENNEX LABORATORIES LTD.,10.37,10.67,10.08,10.59,10.59,10.04,,10.59,,,181861,1907410.00,399,F1,1,,,,,
2026-06-12,2026-06-12,CM,BSE,STK,531744,INE548B01018,GINISILK,X,,,,,GINI SILK MILLS LTD.,57.00,57.00,51.10,51.74,51.74,54.23,,51.74,,,1604,85496.00,28,F1,1,,,,,
2026-06-12,2026-06-12,CM,BSE,STK,531746,INE505C01016,PRAENG,B,,,,,PRAJAY ENGINEERS SYNDICATE LTD,20.90,21.40,20.15,20.48,20.39,20.21,,20.57,,,5938,122440.00,33,F1,1,,,,,
2026-06-12,2026-06-12,CM,BSE,STK,531752,INE703D01023,BIOGEN,X,,,,,BIOGEN PHARMACHEM INDUSTRIES L,0.34,0.34,0.33,0.34,0.34,0.34,,0.34,,,1853810,626306.00,762,F1,1,,,,,
2026-06-12,2026-06-12,CM,BSE,STK,531758,INE131D01019,GKCONS,X,,,,,G.K.CONSULTANTS LTD.,16.35,16.35,14.90,14.90,14.90,14.54,,14.90,,,26,393.00,6,F1,1,,,,,
2026-06-12,2026-06-12,CM,BSE,STK,531761,INE126J01016,APOLLOPIPE,B,,,,,APOLLO PIPES LIMITED,479.50,497.40,479.50,494.55,495.20,478.20,,495.00,,,6269,3062419.00,182,F1,1,,,,,
2026-06-12,2026-06-12,CM,BSE,STK,531762,INE576D01015,UNJHAFOR,X,,,,,UNJHA FORMULATIONS LTD.,18.55,19.70,18.55,19.70,19.70,19.70,,19.70,,,260,4892.00,6,F1,1,,,,,
2026-06-12,2026-06-12,CM,BSE,STK,531768,INE205C01021,POLYMED,A,,,,,POLY MEDICURE LTD.,1485.55,1536.00,1461.65,1531.15,1531.50,1478.90,,1532.30,,,17452,26369275.00,1528,F1,1,,,,,
2026-06-12,2026-06-12,CM,BSE,STK,531769,INE600F01018,PFLINFOTC,XT,,,,,PFL INFOTECH LTD.,3.80,3.80,3.61,3.64,3.63,3.80,,3.64,,,3680,13496.00,17,F1,1,,,,,
2026-06-12,2026-06-12,CM,BSE,STK,531771,INE311M01018,SHRADDHA,X,,,,,SHRADDHA PRIME PROJECTS LTD,164.00,164.40,158.05,163.70,164.00,160.70,,163.70,,,25214,4092500.00,170,F1,1,,,,,
2026-06-12,2026-06-12,CM,BSE,STK,531778,INE059E01010,KACHCHH,X,,,,,KACHCHH MINERALS LTD.,29.00,30.53,27.99,30.53,30.53,27.76,,30.53,,,7084,212833.00,34,F1,1,,,,,
2026-06-12,2026-06-12,CM,BSE,STK,531780,INE229G01022,KACL,XT,,,,,KAISER CORPORATION LIMITED,6.50,6.64,6.41,6.42,6.42,6.52,,6.42,,,21897,141620.00,101,F1,1,,,,,
2026-06-12,2026-06-12,CM,BSE,STK,531784,INE469F01026,KCLINFRA,X,,,,,KCL Infra Projects Limited,1.26,1.27,1.24,1.25,1.26,1.26,,1.25,,,44244,55450.00,122,F1,1,,,,,
2026-06-12,2026-06-12,CM,BSE,STK,531795,INE951D01028,ATULAUTO,B,,,,,ATUL AUTO LTD.,439.05,457.90,439.05,455.05,452.15,437.10,,455.70,,,4363,1956608.00,154,F1,1,,,,,
2026-06-12,2026-06-12,CM,BSE,STK,531797,INE393D01015,SCANPRO,XT,,,,,SCAN PROJECTS LTD.,133.20,133.20,126.55,126.55,126.55,133.20,,126.55,,,829,104916.00,8,F1,1,,,,,
2026-06-12,2026-06-12,CM,BSE,STK,531802,INE426H01014,PRERINFRA,X,,,,,PRERNA INFRABUILD LTD.,29.00,29.00,26.97,28.29,27.50,27.12,,28.29,,,30043,830227.00,89,F1,1,,,,,
2026-06-12,2026-06-12,CM,BSE,STK,531810,INE161E01014,METALCO,X,,,,,METAL COATINGS (INDIA) LTD.,54.29,55.45,53.04,54.35,54.98,54.02,,54.35,,,294,15881.00,15,F1,1,,,,,
2026-06-12,2026-06-12,CM,BSE,STK,531812,INE266C01023,SGNTE,X,,,,,SGN TELECOMS LTD.,0.60,0.65,0.60,0.64,0.64,0.60,,0.64,,,37255,24100.00,29,F1,1,,,,,
2026-06-12,2026-06-12,CM,BSE,STK,531813,INE278O01015,GANGAPA,X,,,,,GANGA PAPERS INDIA LTD.,64.55,64.55,64.55,64.55,64.55,63.10,,64.55,,,10,645.00,1,F1,1,,,,,
2026-06-12,2026-06-12,CM,BSE,STK,531814,INE297J01023,TIRSARJ,X,,,,,TIRUPATI SARJAN LTD.,8.60,9.00,8.60,8.89,8.89,8.74,,8.89,,,6261,53954.00,21,F1,1,,,,,
2026-06-12,2026-06-12,CM,BSE,STK,531822,INE513E01024,RODIUM,X,,,,,RODIUM REALTY LIMITED,181.00,181.00,163.40,177.15,177.15,184.00,,177.15,,,3524,626340.00,39,F1,1,,,,,
2026-06-12,2026-06-12,CM,BSE,STK,531834,INE487B01019,NATHUEC,XT,,,,,NATURA HUE CHEM LTD.,39.68,39.68,38.14,38.14,38.14,38.91,,38.14,,,56406,2236973.00,42,F1,1,,,,,
2026-06-12,2026-06-12,CM,BSE,STK,531840,INE172B01017,IECEDU,X,,,,,IEC EDUCATION LTD.,24.99,24.99,24.40,24.50,24.50,24.22,,24.50,,,485,11885.00,15,F1,1,,,,,
2026-06-12,2026-06-12,CM,BSE,STK,531841,INE935D01013,INDUSFINL,XT,,,,,Indus Finance Limited,114.50,114.50,114.50,114.50,114.50,116.55,,114.50,,,3857,441626.00,27,F1,1,,,,,
2026-06-12,2026-06-12,CM,BSE,STK,531842,INE515C01023,LAHOTIOV,B,,,,,LAHOTI OVERSEAS LTD.,46.90,46.90,41.50,42.57,42.25,43.62,,43.11,,,45348,1982984.00,123,F1,1,,,,,
2026-06-12,2026-06-12,CM,BSE,STK,531845,INE318D01020,ZENITHSTL,B,,,,,ZENITH STEEL PIPES AND  INDUST,5.44,5.98,5.44,5.93,5.93,5.54,,5.92,,,17325,102228.00,37,F1,1,,,,,
2026-06-12,2026-06-12,CM,BSE,STK,531846,INE884X01011,TRINITYLEA,X,,,,,TRINITY LEAGUE INDIA LTD.,10.66,10.66,10.35,10.35,10.35,10.88,,10.35,,,6,62.00,3,F1,1,,,,,
2026-06-12,2026-06-12,CM,BSE,STK,531847,INE194D01017,ASTAR,B,,,,,ASIAN STAR CO.LTD.,690.85,690.90,637.00,637.00,637.00,610.00,,620.20,,,32,21284.00,7,F1,1,,,,,
2026-06-12,2026-06-12,CM,BSE,STK,531859,INE457G01029,ORIRAIL,B,,,,,ORIENTAL RAIL INFRASTRUCTURE L,135.45,136.00,132.90,135.35,136.00,131.95,,135.35,,,30240,4071019.00,382,F1,1,,,,,
2026-06-12,2026-06-12,CM,BSE,STK,531861,INE024B01010,JOINDRE,X,,,,,JOINDRE CAPITAL SERVICES LTD.,49.25,50.23,49.05,49.47,49.05,49.11,,49.47,,,681,33731.00,32,F1,1,,,,,
2026-06-12,2026-06-12,CM,BSE,STK,531862,INE842D01029,BHARATAGRI,X,,,,,BHARAT AGRI FERT & REALTY LTD.,30.79,30.79,29.15,29.75,29.60,29.56,,29.75,,,9485,281385.00,77,F1,1,,,,,
2026-06-12,2026-06-12,CM,BSE,STK,531867,INE929K01011,UNITINT,Z,,,,,UNITECH INTERNATIONAL LTD.,3.69,3.77,3.51,3.69,3.69,3.69,,3.69,,,970,3462.00,12,F1,1,,,,,
2026-06-12,2026-06-12,CM,BSE,STK,531869,INE433G01020,SACHEMT,X,,,,,SACHETA METALS LTD.,3.84,3.89,3.82,3.88,3.88,3.84,,3.88,,,48423,187637.00,74,F1,1,,,,,
2026-06-12,2026-06-12,CM,BSE,STK,531870,INE370C01015,POPULARES,X,,,,,POPULAR ESTATE MANAGEMENT LTD.,19.30,19.30,19.30,19.30,19.30,19.34,,19.30,,,20,386.00,1,F1,1,,,,,
2026-06-12,2026-06-12,CM,BSE,STK,531878,INE283D01018,ANJANIFIN,X,,,,,ANJANI FINANCE LTD.,10.43,11.19,10.40,10.95,10.95,10.94,,10.95,,,2362,25076.00,22,F1,1,,,,,
2026-06-12,2026-06-12,CM,BSE,STK,531887,INE149D01011,TACENT,XT,,,,,Tacent Projects Limited,46.80,46.80,46.80,46.80,46.80,44.58,,46.80,,,2,93.00,1,F1,1,,,,,
2026-06-12,2026-06-12,CM,BSE,STK,531888,INE687C01012,REXNORD,XT,,,,,REXNORD ELECTRONICS & CONTROLS,89.55,89.63,87.70,89.63,89.63,85.37,,89.63,,,2537,225739.00,25,F1,1,,,,,
2026-06-12,2026-06-12,CM,BSE,STK,531889,INE882B01037,NWIL,X,,,,,NURTURE WELL INDUSTRIES LIMITE,19.20,21.38,19.20,19.75,19.75,19.05,,19.75,,,1187124,23619693.00,2014,F1,1,,,,,
2026-06-12,2026-06-12,CM,BSE,STK,531892,INE060B01014,KHANDSE,B,,,,,KHANDWALA SECURITIES LTD.,18.69,18.69,16.70,17.55,18.43,18.12,,17.77,,,403,7073.00,5,F1,1,,,,,
2026-06-12,2026-06-12,CM,BSE,STK,531893,INE248B01023,SAWACA,X,,,,,SAWACA ENTERPRISES LIMITED,0.35,0.36,0.32,0.32,0.32,0.35,,0.32,,,5672445,1852482.00,795,F1,1,,,,,
2026-06-12,2026-06-12,CM,BSE,STK,531900,INE778E01031,CCLINTER,X,,,,,CCL INTERNATIONAL LTD.,24.59,25.00,23.19,23.20,24.89,24.59,,23.20,,,1249,30263.00,15,F1,1,,,,,
2026-06-12,2026-06-12,CM,BSE,STK,531902,INE755J01012,GALLOPENT,XT,,,,,GALLOPS ENTERPRISE LTD.,27.09,27.09,26.99,26.99,26.99,26.50,,26.99,,,30,810.00,2,F1,1,,,,,
2026-06-12,2026-06-12,CM,BSE,STK,531909,INE587J01027,CROISSANCE,X,,,,,CROISSANCE LIMITED,1.18,1.25,1.13,1.15,1.15,1.18,,1.15,,,193969,224983.00,139,F1,1,,,,,
2026-06-12,2026-06-12,CM,BSE,STK,531910,INE312M01016,JOJO,X,,,,,JOJO LIMITED,209.35,228.70,209.35,224.50,224.95,209.35,,224.50,,,3569,795250.00,64,F1,1,,,,,
2026-06-12,2026-06-12,CM,BSE,STK,531911,INE803L01016,GALAGEX,X,,,,,GALAXY AGRICO EXPORTS LTD.,65.00,68.90,62.10,64.93,66.00,65.50,,64.93,,,13178,854477.00,40,F1,1,,,,,
2026-06-12,2026-06-12,CM,BSE,STK,531918,INE02XD01011,HINDAPL,XT,,,,,HINDUSTAN APPLIANCES LTD.,113.96,113.96,113.96,113.96,113.96,108.54,,113.96,,,623,70997.00,19,F1,1,,,,,
2026-06-12,2026-06-12,CM,BSE,STK,531921,INE204E01012,AGARIND,B,,,,,AGARWAL INDUSTRIAL CORPORATION,461.95,491.95,459.20,484.80,487.00,448.55,,483.55,,,9711,4658857.00,363,F1,1,,,,,
2026-06-12,2026-06-12,CM,BSE,STK,531923,INE956B01013,DHAMPURE,X,,,,,DHAMPURE SPECIALITY SUGARS LTD,122.00,122.00,117.80,117.80,118.05,119.65,,117.80,,,3104,375395.00,38,F1,1,,,,,
2026-06-12,2026-06-12,CM,BSE,STK,531925,INE545N01019,SHAQUAK,X,,,,,SHANTANU SHEOREY AQUAKULT LTD.,1.29,1.29,1.25,1.25,1.25,1.29,,1.25,,,9347,11768.00,11,F1,1,,,,,
2026-06-12,2026-06-12,CM,BSE,STK,531930,INE074H01012,SARTHAKIND,X,,,,,SARTHAK INDUSTRIES LTD.,26.06,26.99,26.06,26.07,26.07,26.00,,26.07,,,131,3507.00,5,F1,1,,,,,
2026-06-12,2026-06-12,CM,BSE,STK,531931,INE531X01018,SAICAPI,X,,,,,SAI CAPITAL LTD.,143.00,147.95,143.00,143.25,143.10,144.05,,143.25,,,904,131062.00,29,F1,1,,,,,
2026-06-12,2026-06-12,CM,BSE,STK,531944,INE185D01015,LEXORAA,X,,,,,LEXORAA INDUSTRIES LIMITED,20.40,20.40,18.00,18.01,18.01,18.58,,18.01,,,2664,53204.00,14,F1,1,,,,,
2026-06-12,2026-06-12,CM,BSE,STK,531950,INE316D01024,VERTEX,X,,,,,VERTEX SECURITIES LTD.,3.59,3.93,3.59,3.60,3.59,3.77,,3.60,,,421625,1517165.00,209,F1,1,,,,,
2026-06-12,2026-06-12,CM,BSE,STK,531952,INE811H01017,RIBATEX,X,,,,,RIBA TEXTILES LTD.,69.90,73.94,68.50,73.26,73.00,68.30,,73.26,,,15064,1065871.00,89,F1,1,,,,,
2026-06-12,2026-06-12,CM,BSE,STK,531959,INE997D01021,NEWINFRA,X,,,,,NEWTIME INFRASTRUCTURE LIMITED,1.86,1.92,1.86,1.91,1.91,1.86,,1.91,,,38294,72630.00,110,F1,1,,,,,
2026-06-12,2026-06-12,CM,BSE,STK,531962,INE914B01012,SHREMETAL,X,,,,,SHREE METALLOYS LTD.,42.00,42.00,35.00,38.27,37.50,39.60,,38.27,,,8518,323453.00,117,F1,1,,,,,
2026-06-12,2026-06-12,CM,BSE,STK,531968,INE786E01018,IITLPROJ,X,,,,,IITL PROJECTS LIMITED,44.00,44.00,42.00,42.08,42.00,44.17,,42.08,,,524,22624.00,8,F1,1,,,,,
2026-06-12,2026-06-12,CM,BSE,STK,531977,INE558F01026,CHLOGIST,X,,,,,CHARTERED LOGISTICS LTD.,6.18,6.76,6.18,6.30,6.30,6.35,,6.30,,,91189,574070.00,154,F1,1,,,,,
2026-06-12,2026-06-12,CM,BSE,STK,531978,INE540G01014,AMBIKCO,B,,,,,AMBIKA COTTON MILLS LTD.,1615.90,1616.90,1598.25,1601.90,1601.90,1589.60,,1606.70,,,255,409993.00,60,F1,1,,,,,
2026-06-12,2026-06-12,CM,BSE,STK,531979,INE227B01019,HINDALUMI,X,,,,,HIND ALUMINIUM INDUSTRIES LTD.,101.90,103.00,100.05,102.75,103.00,101.25,,102.75,,,2603,264837.00,97,F1,1,,,,,
2026-06-12,2026-06-12,CM,BSE,STK,531982,INE547C01018,SPECFOOD,X,,,,,SPECTRUM FOODS LTD.,12.31,12.85,12.30,12.50,12.85,12.31,,12.50,,,8015,98742.00,20,F1,1,,,,,
2026-06-12,2026-06-12,CM,BSE,STK,531989,INE132E01015,DECPO,X,,,,,DECCAN POLYPACKS LTD.,36.72,36.72,36.72,36.72,36.72,35.00,,36.72,,,10,367.00,1,F1,1,,,,,
2026-06-12,2026-06-12,CM,BSE,STK,531991,INE735C01027,AMRAAGRI,X,,,,,AMRAWORLD AGRICO LTD.,0.55,0.56,0.55,0.56,0.56,0.56,,0.56,,,81431,45566.00,42,F1,1,,,,,
2026-06-12,2026-06-12,CM,BSE,STK,531996,INE839E01023,ODYCORP,X,,,,,ODYSSEY CORPORATION LTD.,7.66,7.95,7.63,7.84,7.94,7.59,,7.84,,,21235,166025.00,47,F1,1,,,,,
2026-06-12,2026-06-12,CM,BSE,STK,531997,INE164D01010,IKOMA,XT,,,,,IKOMA TECHNOLOGIES LIMITED,63.75,63.75,63.75,63.75,63.75,62.50,,63.75,,,72927,4649096.00,77,F1,1,,,,,
2026-06-12,2026-06-12,CM,BSE,STK,532001,INE146H01018,INDCTST,X,,,,,INDUCTO STEEL LTD.,50.50,53.00,50.50,50.82,53.00,53.60,,50.82,,,653,33733.00,10,F1,1,,,,,
2026-06-12,2026-06-12,CM,BSE,STK,532005,INE653D01012,SAMINDUS,X,,,,,SAM INDUSTRIES LTD.,46.99,46.99,44.80,44.80,44.80,44.35,,44.80,,,86,3854.00,4,F1,1,,,,,
2026-06-12,2026-06-12,CM,BSE,STK,532007,INE981C01019,SHVFL,X,,,,,SHREEVATSAA FINANCE & LEASING,31.80,31.80,31.80,31.80,31.80,33.44,,31.80,,,60,1908.00,3,F1,1,,,,,
2026-06-12,2026-06-12,CM,BSE,STK,532011,INE147C01017,POOJAENT,XT,,,,,VASHU BHAGNANI INDUSTRIES LIMI,66.64,67.90,66.64,67.00,67.00,68.00,,67.00,,,1092,73113.00,28,F1,1,,,,,
2026-06-12,2026-06-12,CM,BSE,STK,532015,INE995A01013,GRAVITY,XT,,,,,GRAVITY (INDIA) LTD.,12.38,12.38,11.27,11.27,11.27,11.86,,11.27,,,98639,1119579.00,212,F1,1,,,,,
2026-06-12,2026-06-12,CM,BSE,STK,532016,INE176O01011,ESPIRE,X,,,,,ESPIRE HOSPITALITY LIMITED,180.00,198.50,170.00,180.00,180.00,179.10,,180.00,,,1982,349311.00,107,F1,1,,,,,
2026-06-12,2026-06-12,CM,BSE,STK,532019,INE938A01021,LCCINFOTEC,B,,,,,LCC INFOTECH LTD.,4.84,4.84,4.50,4.50,4.50,4.73,,4.47,,,33662,152371.00,79,F1,1,,,,,
2026-06-12,2026-06-12,CM,BSE,STK,532022,INE185E01021,FILATFASH,T,,,,,FILATEX FASHIONS LTD.,0.20,0.20,0.19,0.20,0.20,0.20,,0.19,,,2554803,504587.00,443,F1,1,,,,,
2026-06-12,2026-06-12,CM,BSE,STK,532029,INE325D01025,SINDHUTRAD,B,,,,,SINDHU TRADE LINKS LIMITED,24.19,24.89,24.19,24.39,24.32,24.15,,24.45,,,10700,261848.00,49,F1,1,,,,,
2026-06-12,2026-06-12,CM,BSE,STK,532039,INE486F01012,ZENOTECH,X,,,,,ZENOTECH LABORATORIES LTD.,44.90,44.90,43.80,44.08,44.00,44.00,,44.08,,,4321,190709.00,49,F1,1,,,,,
2026-06-12,2026-06-12,CM,BSE,STK,532041,INE597C01021,HINDBIO,XT,,,,,HINDUSTAN BIO SCIENCES LTD.,7.65,7.99,7.32,7.68,7.72,7.70,,7.68,,,17970,132804.00,60,F1,1,,,,,
2026-06-12,2026-06-12,CM,BSE,STK,532042,INE092D01013,FRONTCORP,X,,,,,FRONTLINE CORPORATION LTD.,32.32,32.32,32.32,32.32,32.32,34.00,,32.32,,,118,3813.00,3,F1,1,,,,,
2026-06-12,2026-06-12,CM,BSE,STK,532051,INE409B01013,SWELECTES,B,,,,,SWELECT ENERGY SYSTEMS LIMITED,618.50,640.35,618.00,632.10,627.85,617.65,,633.90,,,338,213594.00,48,F1,1,,,,,
2026-06-12,2026-06-12,CM,BSE,STK,532053,INE121B01014,WALLFORT,X,,,,,WALLFORT FINANCIAL SERVICES LT,75.00,77.90,71.50,76.69,77.48,71.50,,76.69,,,635,45829.00,21,F1,1,,,,,
2026-06-12,2026-06-12,CM,BSE,STK,532054,INE291D01011,KDDL,B,,,,,KDDL LTD.,2842.40,2883.00,2800.00,2879.25,2883.00,2815.30,,2869.60,,,566,1608785.00,116,F1,1,,,,,
2026-06-12,2026-06-12,CM,BSE,STK,532056,INE398H01015,TRUSTEDGE,X,,,,,Trustedge Capital Limited,142.00,142.00,142.00,142.00,142.00,142.00,,142.00,,,40,5680.00,2,F1,1,,,,,
2026-06-12,2026-06-12,CM,BSE,STK,532057,INE516F01016,ABHICAP,X,,,,,ABHINAV CAPITAL SERVICES LTD.,114.20,114.20,113.65,113.95,114.05,113.50,,113.95,,,8,911.00,5,F1,1,,,,,
2026-06-12,2026-06-12,CM,BSE,STK,532067,INE994E01018,3BBLACKBIO,B,,,,,3B BlackBio Dx Limited,1263.75,1270.35,1241.00,1250.00,1241.00,1251.80,,1245.70,,,944,1184781.00,82,F1,1,,,,,
2026-06-12,2026-06-12,CM,BSE,STK,532070,INE311N01016,GUJJUBHAI,X,,,,,GUJJUBHAI INDUSTRIES LIMITED,119.50,128.75,119.30,124.80,125.00,118.30,,124.80,,,156130,19289360.00,282,F1,1,,,,,
2026-06-12,2026-06-12,CM,BSE,STK,532078,INE407E01029,MONIND,X,,,,,MONIND LIMITED,24.26,24.26,24.26,24.26,24.26,25.52,,24.26,,,8,194.00,2,F1,1,,,,,
2026-06-12,2026-06-12,CM,BSE,STK,532090,INE219M01021,ATVOENT,XT,,,,,Atvo Enterprises Limited,25.45,25.48,25.45,25.48,25.48,24.99,,25.48,,,342834,8725439.00,39,F1,1,,,,,
2026-06-12,2026-06-12,CM,BSE,STK,532092,INE807D01030,EPUJA,X,,,,,EPUJA SPIRITECH LIMITED,1.38,1.41,1.33,1.33,1.33,1.40,,1.33,,,557333,748522.00,196,F1,1,,,,,
2026-06-12,2026-06-12,CM,BSE,STK,532100,INE456B01014,INDOCITY,X,,,,,INDO-CITY INFOTECH LTD.,14.99,14.99,12.86,14.53,14.90,14.20,,14.53,,,15563,219173.00,98,F1,1,,,,,
2026-06-12,2026-06-12,CM,BSE,STK,532102,INE948G01019,SBECSUG,XT,,,,,SBEC SUGAR LTD.,69.63,69.63,69.63,69.63,69.63,66.32,,69.63,,,7976,555368.00,37,F1,1,,,,,
2026-06-12,2026-06-12,CM,BSE,STK,532113,INE957E01031,BRIJLEAS,X,,,,,BRIJLAXMI LEASING & FINANCE LT,10.03,10.89,10.03,10.03,10.03,10.03,,10.03,,,1679,16841.00,14,F1,1,,,,,
2026-06-12,2026-06-12,CM,BSE,STK,532123,INE395A01016,BSELALGO,X,,,,,BSEL ALGO LIMITED,4.29,4.50,4.29,4.47,4.47,4.29,,4.47,,,60487,265610.00,198,F1,1,,,,,
2026-06-12,2026-06-12,CM,BSE,STK,532124,INE419H01019,RELIABVEN,XT,,,,,RELIABLE VENTURES INDIA LTD.,28.99,30.50,28.99,28.99,28.99,30.51,,28.99,,,56948,1657776.00,111,F1,1,,,,,
2026-06-12,2026-06-12,CM,BSE,STK,532131,INE382B01012,TRIUMPIN,XT,,,,,TRIUMPH INTERNATIONAL FINANCE,16.00,16.30,16.00,16.30,16.30,16.54,,16.30,,,22,352.00,4,F1,1,,,,,
2026-06-12,2026-06-12,CM,BSE,STK,532134,INE028A01039,BANKBARODA,A,,,,,BANK OF BARODA,270.50,276.10,268.70,274.65,274.65,267.35,,274.75,,,471014,128686934.00,4723,F1,1,,,,,
2026-06-12,2026-06-12,CM,BSE,STK,532140,INE154B01023,MOHITE,X,,,,,MOHITE INDUSTRIES LIMITED,2.20,2.34,2.20,2.27,2.27,2.21,,2.27,,,59258,133432.00,101,F1,1,,,,,
2026-06-12,2026-06-12,CM,BSE,STK,532141,INE666E01020,ACL,B,,,,,ANDHRA CEMENTS LTD.,55.29,55.29,51.85,52.71,52.71,52.50,,53.65,,,275,14534.00,40,F1,1,,,,,
2026-06-12,2026-06-12,CM,BSE,STK,532143,INE411D01023,SKMEGGPROD,B,,,,,SKM EGG PRODUCTS EXPORT (INDIA,229.10,244.00,229.10,240.25,240.00,228.65,,240.60,,,35827,8546450.00,616,F1,1,,,,,
2026-06-12,2026-06-12,CM,BSE,STK,532144,INE191B01025,WELCORP,A,,,,,WELSPUN CORP LIMITED,1404.95,1413.90,1382.80,1398.95,1401.40,1388.05,,1402.30,,,12891,18018711.00,1086,F1,1,,,,,
2026-06-12,2026-06-12,CM,BSE,STK,532145,INE731B01010,HOTLSILV,X,,,,,H.S.INDIA LTD.,11.61,11.74,10.91,10.99,10.92,11.50,,10.99,,,6355,70072.00,56,F1,1,,,,,
2026-06-12,2026-06-12,CM,BSE,STK,532149,INE084A01016,BANKINDIA,A,,,,,BANK OF INDIA,143.40,145.90,142.00,145.60,145.60,141.50,,145.68,,,520449,75141089.00,3684,F1,1,,,,,
2026-06-12,2026-06-12,CM,BSE,STK,532150,INE681B01017,INDRAMEDCO,B,,,,,INDRAPRASTHA MEDICAL CORP.LTD.,384.35,387.45,380.00,384.55,386.20,376.15,,384.50,,,8708,3338647.00,278,F1,1,,,,,
2026-06-12,2026-06-12,CM,BSE,STK,532154,INE560F01022,JOHNPHARMA,X,,,,,JOHNSON PHARMACARE LIMITED,0.51,0.52,0.50,0.51,0.51,0.51,,0.51,,,593123,299833.00,401,F1,1,,,,,
2026-06-12,2026-06-12,CM,BSE,STK,532155,INE129A01019,GAIL,A,,,,,GAIL (INDIA) LTD.,166.45,171.30,166.45,170.35,170.35,166.05,,170.49,,,419305,70635546.00,11282,F1,1,,,,,
2026-06-12,2026-06-12,CM,BSE,STK,532156,INE884A01027,VAIBHAVGBL,B,,,,,VAIBHAV GLOBAL LTD,229.00,233.95,227.50,230.20,230.10,223.55,,230.46,,,16265,3755392.00,425,F1,1,,,,,
2026-06-12,2026-06-12,CM,BSE,STK,532159,INE088D01011,TRESCON,X,,,,,TRESCON LIMITED,8.53,9.95,8.53,9.11,8.85,8.77,,9.11,,,5585,49491.00,37,F1,1,,,,,
2026-06-12,2026-06-12,CM,BSE,STK,532160,INE944A01011,GUJSTATFIN,B,,,,,GUJARAT STATE FINANCIAL CORPOR,10.90,10.98,10.44,10.79,10.61,10.82,,10.79,,,9866,105053.00,103,F1,1,,,,,
2026-06-12,2026-06-12,CM,BSE,STK,532162,INE789E01012,JKPAPER,A,,,,,JK PAPER LTD.,352.95,354.40,349.00,353.90,354.25,346.40,,353.35,,,22520,7929943.00,686,F1,1,,,,,
2026-06-12,2026-06-12,CM,BSE,STK,532163,INE979A01025,SAREGAMA,A,,,,,SAREGAMA INDIA LTD.,457.05,468.45,452.25,455.80,459.90,452.50,,455.85,,,51761,23851537.00,1402,F1,1,,,,,
2026-06-12,2026-06-12,CM,BSE,STK,532167,INE501C01015,OMKARPH,X,,,,,OMKAR PHARMACHEM LTD.,19.20,19.20,18.24,18.24,18.24,19.20,,18.24,,,1070,19527.00,7,F1,1,,,,,
2026-06-12,2026-06-12,CM,BSE,STK,532172,INE737B01033,ADROITINFO,B,,,,,Adroit Infotech Limited,10.09,10.20,8.74,9.31,9.27,9.48,,9.31,,,5874,53913.00,48,F1,1,,,,,
2026-06-12,2026-06-12,CM,BSE,STK,532173,INE214A01019,CYBERTECH,B,,,,,CYBERTECH SYSTEMS AND SOFTWARE,136.85,137.30,134.30,136.00,136.15,133.50,,136.18,,,2798,379236.00,94,F1,1,,,,,
2026-06-12,2026-06-12,CM,BSE,STK,532174,INE090A01021,ICICIBANK,A,,,,,ICICI BANK LTD.,1327.55,1344.00,1318.50,1340.35,1340.35,1317.40,,1340.80,,,592319,789278699.00,17208,F1,1,,,,,
2026-06-12,2026-06-12,CM,BSE,STK,532175,INE136B01020,CYIENT,A,,,,,CYIENT LIMITED,876.70,883.20,861.10,878.20,878.20,847.10,,877.95,,,140415,122382545.00,7569,F1,1,,,,,
2026-06-12,2026-06-12,CM,BSE,STK,532178,INE510A01028,ENGINERSIN,A,,,,,ENGINEERS INDIA LTD.,225.65,238.40,225.15,234.55,234.55,224.15,,234.67,,,386503,89347807.00,3826,F1,1,,,,,
2026-06-12,2026-06-12,CM,BSE,STK,532180,INE680A01011,DHANBANK,B,,,,,DHANLAXMI BANK LIMITED,31.26,32.60,31.26,32.39,32.50,31.40,,32.41,,,70073,2257487.00,445,F1,1,,,,,
2026-06-12,2026-06-12,CM,BSE,STK,532181,INE131A01031,GMDCLTD,A,,,,,GUJARAT MINERAL DEVELOPMENT CO,604.90,614.05,596.85,611.90,613.35,588.50,,612.30,,,103855,62811676.00,2131,F1,1,,,,,
2026-06-12,2026-06-12,CM,BSE,STK,532183,INE622E01023,GAYATRI,X,,,,,GAYATRI SUGARS LTD.,8.39,8.39,8.01,8.10,8.10,8.14,,8.10,,,52764,429914.00,209,F1,1,,,,,
2026-06-12,2026-06-12,CM,BSE,STK,532187,INE095A01012,INDUSINDBK,A,,,,,INDUSIND BANK LTD.,902.55,919.90,890.00,916.90,910.00,889.90,,917.35,,,122533,110455845.00,4028,F1,1,,,,,
2026-06-12,2026-06-12,CM,BSE,STK,532189,INE353K01014,ITDC,B,,,,,INDIA TOURISM DEVELOPMENT CORP,588.20,598.20,578.00,585.15,585.70,581.95,,585.10,,,20505,12013145.00,466,F1,1,,,,,
2026-06-12,2026-06-12,CM,BSE,STK,532209,INE168A01041,J&KBANK,A,,,,,JAMMU & KASHMIR BANK LTD.,157.00,158.85,154.50,157.25,157.25,152.95,,157.39,,,177531,27821855.00,1832,F1,1,,,,,
2026-06-12,2026-06-12,CM,BSE,STK,532210,INE491A01021,CUB,A,,,,,CITY UNION BANK LTD.,196.60,208.50,195.85,201.70,201.70,257.50,,201.70,,,340702,68592273.00,6776,F1,1,,,,,
2026-06-12,2026-06-12,CM,BSE,STK,532212,INE731A01020,ARCHIES,B,,,,,ARCHIES LTD.,13.90,14.50,13.62,13.88,13.87,13.90,,13.89,,,2075,28978.00,25,F1,1,,,,,
2026-06-12,2026-06-12,CM,BSE,STK,532215,INE238A01034,AXISBANK,A,,,,,AXIS BANK LTD.,1332.85,1358.30,1319.00,1355.55,1355.55,1317.10,,1356.30,,,206466,276552516.00,6232,F1,1,,,,,
2026-06-12,2026-06-12,CM,BSE,STK,532216,INE550B01022,HBSL,T,,,,,HB STOCKHOLDINGS LTD.,51.50,53.96,51.27,53.96,53.96,53.94,,53.16,,,129,6644.00,11,F1,1,,,,,
2026-06-12,2026-06-12,CM,BSE,STK,532217,INE027F01014,CMXLTD,X,,,,,CMX HOLDINGS LIMITED,16.35,17.44,16.01,17.38,17.44,15.86,,17.38,,,9109,156150.00,51,F1,1,,,,,
2026-06-12,2026-06-12,CM,BSE,STK,532218,INE683A01023,SOUTHBANK,A,,,,,SOUTH INDIAN BANK LTD.,45.43,47.50,45.43,46.66,46.66,45.33,,46.66,,,3349338,156367192.00,8504,F1,1,,,,,
2026-06-12,2026-06-12,CM,BSE,STK,532219,INE306C01019,ENERGYDEV,B,,,,,ENERGY DEVELOPMENT COMPANY LTD,16.70,16.90,16.35,16.45,16.45,16.22,,16.47,,,1640,26894.00,33,F1,1,,,,,
2026-06-12,2026-06-12,CM,BSE,STK,532221,INE269A01021,SONATSOFTW,A,,,,,SONATA SOFTWARE LTD.,255.95,262.65,251.60,253.70,255.00,255.30,,254.05,,,27940,7184998.00,784,F1,1,,,,,
2026-06-12,2026-06-12,CM,BSE,STK,532230,INE665D01016,BENGALT,X,,,,,BENGAL TEA & FABRICS LTD.,136.95,143.80,135.35,143.80,143.80,142.00,,143.80,,,3464,474972.00,12,F1,1,,,,,
2026-06-12,2026-06-12,CM,BSE,STK,532234,INE139A01034,NATIONALUM,A,,,,,NATIONAL ALUMINIUM CO.LTD.,376.10,384.65,375.35,376.95,376.95,370.70,,376.85,,,553420,210221013.00,10362,F1,1,,,,,
2026-06-12,2026-06-12,CM,BSE,STK,532240,INE092B01025,INDNIPPON,B,,,,,INDIA NIPPON ELECTRICALS LTD.,874.00,896.30,874.00,889.70,888.80,859.40,,890.25,,,990,874424.00,92,F1,1,,,,,
2026-06-12,2026-06-12,CM,BSE,STK,532256,INE023A01030,NSIL,B,,,,,NALWA SONS INVESTMENTS LTD.,5499.00,5591.25,5472.05,5544.20,5580.40,5422.00,,5552.50,,,92,507527.00,39,F1,1,,,,,
2026-06-12,2026-06-12,CM,BSE,STK,532259,INE372A01015,APARINDS,A,,,,,APAR INDUSTRIES LTD.,14849.95,15348.40,14641.40,15237.95,15237.95,14559.75,,15222.00,,,19914,302287821.00,5714,F1,1,,,,,
2026-06-12,2026-06-12,CM,BSE,STK,532262,INE920B01019,TCIIND,X,,,,,TCI INDUSTRIES LTD.,1501.00,1547.95,1501.00,1547.95,1547.95,1510.00,,1547.95,,,365,564767.00,6,F1,1,,,,,
2026-06-12,2026-06-12,CM,BSE,STK,532268,INE793A01012,ACCELYA,B,,,,,ACCELYA SOLUTIONS INDIA LIMITE,1121.30,1122.80,1105.20,1120.80,1114.50,1107.15,,1117.50,,,226,252664.00,77,F1,1,,,,,
2026-06-12,2026-06-12,CM,BSE,STK,532271,INE215B01022,ORCHASP,B,,,,,ORCHASP LIMITED,1.99,2.04,1.86,1.88,1.93,1.97,,1.85,,,114996,217424.00,84,F1,1,,,,,
2026-06-12,2026-06-12,CM,BSE,STK,532275,INE394C01023,LANDMARC,X,,,,,LANDMARC LEISURE CORPORATION L,2.08,2.08,1.90,1.93,1.98,2.00,,1.93,,,45666,88725.00,111,F1,1,,,,,
2026-06-12,2026-06-12,CM,BSE,STK,532281,INE860A01027,HCLTECH,A,,,,,HCL TECHNOLOGIES LTD.,1124.45,1124.45,1100.70,1109.20,1110.55,1110.00,,1109.60,,,67945,75270269.00,4141,F1,1,,,,,
2026-06-12,2026-06-12,CM,BSE,STK,532284,INE389D01013,TCFCFINQ,X,,,,,TCFC FINANCE LTD.,26.80,27.21,25.28,26.17,27.21,26.80,,26.17,,,1887,49822.00,73,F1,1,,,,,
2026-06-12,2026-06-12,CM,BSE,STK,532285,INE007B01023,GEOJITFSL,B,,,,,Geojit Financial Services Limi,74.89,75.24,73.98,75.08,75.24,73.00,,75.02,,,13957,1042981.00,320,F1,1,,,,,
2026-06-12,2026-06-12,CM,BSE,STK,532286,INE749A01030,JINDALSTEL,A,,,,,JINDAL STEEL LIMITED,1131.15,1149.95,1128.45,1148.50,1149.50,1121.95,,1148.50,,,19495,22249162.00,1465,F1,1,,,,,
2026-06-12,2026-06-12,CM,BSE,STK,532290,INE791A01024,BLBLIMITED,B,,,,,BLB LTD.,16.49,16.49,15.50,16.20,16.20,15.76,,16.31,,,1344,21289.00,14,F1,1,,,,,
2026-06-12,2026-06-12,CM,BSE,STK,532296,INE935A01035,GLENMARK,A,,,,,GLENMARK PHARMACEUTICALS LTD.,2191.80,2191.80,2118.00,2173.20,2173.20,2144.35,,2173.80,,,13893,29900335.00,1855,F1,1,,,,,
2026-06-12,2026-06-12,CM,BSE,STK,532300,INE049B01025,WOCKPHARMA,A,,,,,WOCKHARDT LTD.,1948.15,1976.05,1918.25,1934.95,1934.95,1927.00,,1937.70,,,110472,214685212.00,5431,F1,1,,,,,
2026-06-12,2026-06-12,CM,BSE,STK,532303,INE934A01012,INTEGHIT,XT,,,,,INTEGRATED HITECH LTD.,3.80,3.96,3.75,3.82,3.75,3.94,,3.82,,,8081,31210.00,18,F1,1,,,,,
2026-06-12,2026-06-12,CM,BSE,STK,532304,INE602C01011,KJMCCORP,X,,,,,KJMC CORPORATE ADVISORS (INDIA,54.85,59.49,52.50,53.20,56.50,55.40,,53.20,,,1378,73885.00,28,F1,1,,,,,
2026-06-12,2026-06-12,CM,BSE,STK,532305,INE915B01019,INDSWFTLAB,B,,,,,IND-SWIFT LABORATORIES LTD.,160.75,164.00,159.05,162.90,162.60,158.35,,163.02,,,28374,4591719.00,316,F1,1,,,,,
2026-06-12,2026-06-12,CM,BSE,STK,532309,INE878A01011,GVPIL,B,,,,,GE Power India Ltd,900.65,929.65,900.65,929.65,929.65,885.40,,929.55,,,72340,67120506.00,1110,F1,1,,,,,
2026-06-12,2026-06-12,CM,BSE,STK,532310,INE879A01019,SHREERAMA,B,,,,,SHREE RAMA MULTI-TECH LTD.,41.95,41.95,40.84,41.58,41.58,40.94,,41.71,,,6407,264203.00,206,F1,1,,,,,
2026-06-12,2026-06-12,CM,BSE,STK,532313,INE813A01018,MAHLIFE,A,,,,,MAHINDRA LIFESPACE DEVELOPERS,323.85,328.80,322.65,328.50,327.45,318.85,,328.45,,,3157,1025134.00,137,F1,1,,,,,
2026-06-12,2026-06-12,CM,BSE,STK,532315,INE042B01012,GROARC,X,,,,,GROARC INDUSTRIES INDIA LIMITE,6.80,7.04,6.29,6.48,6.51,6.41,,6.48,,,8633,58191.00,39,F1,1,,,,,
2026-06-12,2026-06-12,CM,BSE,STK,532320,INE418B01048,VAARAD,X,,,,,VAARAD VENTURES LTD,10.05,10.05,9.82,9.83,9.83,9.14,,9.83,,,133,1320.00,13,F1,1,,,,,
2026-06-12,2026-06-12,CM,BSE,STK,532321,INE010B01027,ZYDUSLIFE,A,,,,,Zydus Lifesciences Limited,1115.95,1117.00,1101.85,1104.35,1104.35,1105.65,,1104.70,,,20335,22557698.00,1461,F1,1,,,,,
2026-06-12,2026-06-12,CM,BSE,STK,532323,INE555C01029,SHIVACEM,X,,,,,SHIVA CEMENT LTD.,17.81,18.39,17.62,17.89,17.93,17.77,,17.89,,,130666,2341136.00,234,F1,1,,,,,
2026-06-12,2026-06-12,CM,BSE,STK,532324,INE039B01026,CINEVISTA,B,,,,,CINEVISTA LTD.,15.32,15.43,15.05,15.05,15.05,15.27,,15.10,,,3561,54628.00,15,F1,1,,,,,
2026-06-12,2026-06-12,CM,BSE,STK,532326,INE781A01025,INTENTECH,B,,,,,INTENSE TECHNOLOGIES LTD.,100.00,103.00,97.75,100.42,101.00,98.45,,100.79,,,5250,525701.00,108,F1,1,,,,,
2026-06-12,2026-06-12,CM,BSE,STK,532329,INE310B01013,DANLAW,XT,,,,,DANLAW TECHNOLOGIES INDIA LTD.,948.70,963.60,924.00,941.85,950.00,948.70,,941.85,,,2863,2717304.00,116,F1,1,,,,,
2026-06-12,2026-06-12,CM,BSE,STK,532331,INE031B01049,AJANTPHARM,A,,,,,AJANTA PHARMA LTD.,3199.30,3199.30,3111.55,3129.35,3128.00,3140.05,,3131.00,,,23782,74237364.00,857,F1,1,,,,,
2026-06-12,2026-06-12,CM,BSE,STK,532332,INE117B01020,CURAA,B,,,,,CURA TECHNOLOGIES LTD.,91.80,98.75,91.80,97.66,97.66,102.00,,96.44,,,447,41611.00,17,F1,1,,,,,
2026-06-12,2026-06-12,CM,BSE,STK,532333,INE638B01025,HBPOR,X,,,,,HB PORTFOLIO LTD.,58.01,61.99,58.01,61.76,61.75,58.71,,61.76,,,876,53743.00,93,F1,1,,,,,
2026-06-12,2026-06-12,CM,BSE,STK,532334,INE640B01021,HBESD,B,,,,,HB ESTATE DEVELOPERS LTD.,78.00,80.00,74.01,74.01,74.01,73.26,,78.72,,,247,19244.00,9,F1,1,,,,,
2026-06-12,2026-06-12,CM,BSE,STK,532335,INE792B01012,AMBICAAGAR,B,,,,,AMBICA AGARBATHIES & AROMA IND,23.90,26.49,23.70,24.32,23.94,25.49,,24.36,,,650,15845.00,15,F1,1,,,,,
2026-06-12,2026-06-12,CM,BSE,STK,532339,INE453B01029,COMPUSOFT,B,,,,,COMPUCOM SOFTWARE LTD.,13.79,13.79,13.44,13.66,13.74,13.71,,13.69,,,3385,46310.00,42,F1,1,,,,,
2026-06-12,2026-06-12,CM,BSE,STK,532340,INE369B01019,OMNIAX,X,,,,,OMNI AXS SOFTWARE LTD.,3.70,3.70,3.29,3.34,3.34,3.44,,3.34,,,553,1945.00,12,F1,1,,,,,
2026-06-12,2026-06-12,CM,BSE,STK,532341,INE848A01014,IZMO,B,,,,,IZMO Limited,969.90,982.60,941.55,982.60,982.60,935.85,,983.25,,,13531,13123633.00,562,F1,1,,,,,
2026-06-12,2026-06-12,CM,BSE,STK,532343,INE494B01023,TVSMOTOR,A,,,,,TVS MOTOR COMPANY LTD.,3343.30,3365.00,3267.00,3319.10,3319.10,3287.10,,3312.80,,,17306,57249424.00,3347,F1,1,,,,,
2026-06-12,2026-06-12,CM,BSE,STK,532348,INE754A01055,SUBEXLTD,T,,,,,SUBEX LTD.,10.03,10.58,10.03,10.58,10.58,10.08,,10.53,,,159275,1674230.00,256,F1,1,,,,,
2026-06-12,2026-06-12,CM,BSE,STK,532349,INE688A01022,TCI,B,,,,,TRANSPORT CORPORATION OF INDIA,924.00,938.95,924.00,933.50,930.00,924.80,,933.65,,,504,469954.00,65,F1,1,,,,,
2026-06-12,2026-06-12,CM,BSE,STK,532350,INE243B01016,PADMALAYAT,Z,,,,,PADMALAYA TELEFILMS LTD.,4.09,4.09,3.85,3.90,3.90,4.05,,3.90,,,6273,24559.00,20,F1,1,,,,,
2026-06-12,2026-06-12,CM,BSE,STK,532351,INE523B01011,AKSHOPTFBR,T,,,,,AKSH OPTIFIBRE LTD.,6.92,7.11,6.92,7.11,7.11,7.06,,7.11,,,230670,1602496.00,80,F1,1,,,,,
2026-06-12,2026-06-12,CM,BSE,STK,532354,INE400B01020,VIRGOGLOB,XT,,,,,Virgo Global Limited,5.81,6.40,5.81,6.40,6.40,6.10,,6.40,,,35251,221560.00,53,F1,1,,,,,
2026-06-12,2026-06-12,CM,BSE,STK,532355,INE448B01029,PICTUREHS,XT,,,,,PICTUREHOUSE MEDIA LTD.,8.17,8.17,8.10,8.10,8.10,8.17,,8.10,,,1125,9112.00,6,F1,1,,,,,
2026-06-12,2026-06-12,CM,BSE,STK,532356,INE256C01024,TRIVENI,A,,,,,TRIVENI ENGINEERING & INDUSTRI,384.00,387.95,379.65,385.65,383.70,382.65,,385.95,,,21556,8248276.00,514,F1,1,,,,,
2026-06-12,2026-06-12,CM,BSE,STK,532357,INE374B01019,MUKTAARTS,B,,,,,MUKTA ARTS LTD.,60.17,60.17,60.17,60.17,60.17,62.61,,60.55,,,14,842.00,2,F1,1,,,,,
2026-06-12,2026-06-12,CM,BSE,STK,532359,INE309B01023,HITKITGLO,XT,,,,,HIT KIT GLOBAL SOLUTIONS LTD.,2.65,2.69,2.50,2.64,2.66,2.59,,2.64,,,74098,187278.00,100,F1,1,,,,,
2026-06-12,2026-06-12,CM,BSE,STK,532362,INE099E01016,NAGPI,X,,,,,NAGPUR POWER & INDUSTRIES LTD.,147.05,148.50,141.50,143.95,144.00,145.00,,143.95,,,2433,351087.00,49,F1,1,,,,,
2026-06-12,2026-06-12,CM,BSE,STK,532365,INE417B01040,DSSL,B,,,,,DYNACONS SYSTEMS & SOLUTIONS L,1331.05,1346.40,1252.55,1285.50,1286.10,1304.95,,1284.20,,,9998,12765799.00,835,F1,1,,,,,
2026-06-12,2026-06-12,CM,BSE,STK,532366,INE859A01011,PNBGILTS,B,,,,,PNB GILTS LTD.,87.42,94.70,87.00,90.02,90.02,85.48,,89.84,,,201927,18247354.00,1437,F1,1,,,,,
2026-06-12,2026-06-12,CM,BSE,STK,532368,INE425B01027,BCG,B,,,,,BRIGHTCOM GROUP LIMITED,10.44,10.98,10.36,10.92,10.92,10.24,,10.91,,,1520594,16264157.00,1659,F1,1,,,,,
2026-06-12,2026-06-12,CM,BSE,STK,532369,INE614A01028,RAMCOIND,B,,,,,RAMCO INDUSTRIES LTD.,282.30,295.05,276.00,291.85,291.25,278.80,,291.60,,,10274,2964510.00,294,F1,1,,,,,
2026-06-12,2026-06-12,CM,BSE,STK,532370,INE246B01019,RAMCOSYS,B,,,,,RAMCO SYSTEMS LTD.,565.60,581.55,551.05,562.65,564.00,550.95,,562.15,,,19162,10884756.00,637,F1,1,,,,,
2026-06-12,2026-06-12,CM,BSE,STK,532371,INE517B01013,TTML,A,,,,,TATA TELESERVICES (MAHARASHTRA,42.53,47.85,42.27,46.43,46.43,42.18,,46.44,,,3412528,158049616.00,10160,F1,1,,,,,
2026-06-12,2026-06-12,CM,BSE,STK,532372,INE539B01017,VIRINCHI,B,,,,,Virinchi Limited,14.75,15.48,14.75,15.17,15.17,15.00,,15.22,,,8187,124388.00,74,F1,1,,,,,
2026-06-12,2026-06-12,CM,BSE,STK,532373,INE434B01029,WEPSOLN,X,,,,,WEP SOLUTIONS LTD.,26.03,26.50,25.00,26.01,26.30,26.03,,26.01,,,3212,82441.00,52,F1,1,,,,,
2026-06-12,2026-06-12,CM,BSE,STK,532374,INE089C01029,STLTECH,T,,,,,STERLITE TECHNOLOGIES LTD.,579.00,599.65,565.00,582.10,582.10,572.20,,583.55,,,191672,112731804.00,3042,F1,1,,,,,
2026-06-12,2026-06-12,CM,BSE,STK,532375,INE716B01029,TIPSMUSIC,A,,,,,TIPS MUSIC LIMITED,647.90,648.60,630.05,640.30,640.20,637.10,,640.25,,,6355,4078334.00,388,F1,1,,,,,
2026-06-12,2026-06-12,CM,BSE,STK,532376,INE398B01018,UMIYA-MRO,B,,,,,UMIYA BUILDCON LIMITED,87.00,87.99,86.51,87.99,87.99,86.13,,86.43,,,809,70739.00,7,F1,1,,,,,
2026-06-12,2026-06-12,CM,BSE,STK,532378,INE464B01018,UNIVARTS,X,,,,,UNIVERSAL ARTS LTD.,5.94,5.94,5.00,5.30,5.30,5.00,,5.30,,,1034,5188.00,8,F1,1,,,,,
2026-06-12,2026-06-12,CM,BSE,STK,532379,INE683B01047,FIRSTFIN,X,,,,,FIRST FINTEC LIMITED,8.77,9.03,8.17,9.03,9.03,8.60,,9.03,,,51605,451168.00,63,F1,1,,,,,
2026-06-12,2026-06-12,CM,BSE,STK,532380,INE893A01036,BABA,X,,,,,BABA ARTS LTD.,13.98,14.95,13.41,14.55,14.55,13.66,,14.55,,,135003,1914945.00,243,F1,1,,,,,
2026-06-12,2026-06-12,CM,BSE,STK,532382,INE794B01026,BALAJITELE,B,,,,,BALAJI TELEFILMS LTD.,86.99,88.60,85.87,88.35,88.49,85.09,,88.35,,,5231,456664.00,139,F1,1,,,,,
2026-06-12,2026-06-12,CM,BSE,STK,532384,INE443B01012,TYCHE,X,,,,,TYCHE INDUSTRIES LTD.,127.95,127.95,124.10,126.85,127.20,123.00,,126.85,,,1693,213232.00,32,F1,1,,,,,
2026-06-12,2026-06-12,CM,BSE,STK,532386,INE526B01014,CALSOFT,T,,,,,CALIFORNIA SOFTWARE CO.LTD.,20.39,20.39,19.59,19.96,19.95,19.99,,19.95,,,3117,62228.00,24,F1,1,,,,,
2026-06-12,2026-06-12,CM,BSE,STK,532387,INE392B01011,PNC,B,,,,,PRITISH NANDY COMMUNICATIONS L,20.13,21.48,20.13,20.89,20.92,20.00,,20.61,,,682,14339.00,14,F1,1,,,,,
2026-06-12,2026-06-12,CM,BSE,STK,532388,INE565A01014,IOB,A,,,,,INDIAN OVERSEAS BANK,32.72,33.45,32.70,33.35,33.30,32.39,,33.37,,,226083,7453746.00,757,F1,1,,,,,
2026-06-12,2026-06-12,CM,BSE,STK,532390,INE586B01026,TAJGVK,B,,,,,TAJGVK HOTELS & RESORTS LTD.,321.45,332.90,320.65,331.10,332.70,315.60,,330.25,,,9534,3103287.00,284,F1,1,,,,,
2026-06-12,2026-06-12,CM,BSE,STK,532392,INE230B01021,CREATIVEYE,B,,,,,CREATIVE EYE LTD.,6.44,6.84,6.44,6.45,6.45,6.44,,6.54,,,560,3623.00,8,F1,1,,,,,
2026-06-12,2026-06-12,CM,BSE,STK,532395,INE555B01013,AXISCADES,B,,,,,AXISCADES TECHNOLOGIES LIMITED,1896.00,1968.75,1881.35,1959.05,1959.05,1875.00,,1948.20,,,8649,16710611.00,865,F1,1,,,,,
2026-06-12,2026-06-12,CM,BSE,STK,532397,INE971A01014,KONNDOR,X,,,,,KONNDOR INDUSTRIES LIMITED,20.16,20.16,18.75,19.05,19.05,19.20,,19.05,,,184909,3495349.00,25,F1,1,,,,,
2026-06-12,2026-06-12,CM,BSE,STK,532398,INE240C01028,UMESLTD,T,,,,,USHA MARTIN EDUCATION & SOLUTI,5.75,5.77,5.47,5.47,5.47,5.57,,5.74,,,1403,7681.00,5,F1,1,,,,,
2026-06-12,2026-06-12,CM,BSE,STK,532400,INE836A01035,BSOFT,A,,,,,BIRLASOFT LIMITED,316.10,318.25,309.35,316.20,316.20,311.10,,316.00,,,84457,26381425.00,2461,F1,1,,,,,
2026-06-12,2026-06-12,CM,BSE,STK,532402,INE718B01017,USGTECH,XT,,,,,USG TECH SOLUTIONS LTD.,14.36,14.36,14.36,14.36,14.36,14.65,,14.36,,,1615,23191.00,7,F1,1,,,,,
2026-06-12,2026-06-12,CM,BSE,STK,532404,INE856B01023,7TEC,X,,,,,SAVEN TECHNOLOGIES LTD.,39.75,40.79,38.55,40.62,40.62,39.33,,40.62,,,18631,746560.00,175,F1,1,,,,,
2026-06-12,2026-06-12,CM,BSE,STK,532406,INE005B01027,AVANTEL,A,,,,,AVANTEL LTD.,161.45,167.40,161.35,166.60,166.00,156.90,,166.53,,,124660,20456489.00,1175,F1,1,,,,,
2026-06-12,2026-06-12,CM,BSE,STK,532407,INE935B01025,MOSCHIP,A,,,,,MOSCHIP TECHNOLOGIES LIMITED,204.10,211.00,204.10,210.05,210.05,201.10,,210.05,,,180585,37592449.00,2285,F1,1,,,,,
2026-06-12,2026-06-12,CM,BSE,STK,532408,INE933B01012,SIGMAADV,T,,,,,SIGMA ADVANCED SYSTEMS LIMITED,498.00,504.20,470.00,482.60,479.05,480.20,,479.60,,,64219,31561850.00,1114,F1,1,,,,,
2026-06-12,2026-06-12,CM,BSE,STK,532410,INE330E01023,TRANSCOR,X,,,,,TRANSCORP INTERNATIONAL LTD.,27.25,27.25,25.75,27.00,27.20,26.42,,27.00,,,8697,232585.00,34,F1,1,,,,,
2026-06-12,2026-06-12,CM,BSE,STK,532413,INE345B01019,CEREBRAINT,Z,,,,,CEREBRA INTEGRATED TECHNOLOGIE,3.69,3.83,3.54,3.74,3.74,3.69,,3.73,,,13137,49400.00,28,F1,1,,,,,
2026-06-12,2026-06-12,CM,BSE,STK,532416,INE747B01016,NEXTMEDIA,B,,,,,NEXT MEDIAWORKS LTD.,3.87,4.17,3.70,3.84,3.82,3.87,,3.92,,,24034,93565.00,31,F1,1,,,,,
2026-06-12,2026-06-12,CM,BSE,STK,532424,INE102D01028,GODREJCP,A,,,,,GODREJ CONSUMER PRODUCTS LTD.,1028.80,1036.80,1013.70,1033.45,1036.80,1008.40,,1033.30,,,8646,8852002.00,902,F1,1,,,,,
2026-06-12,2026-06-12,CM,BSE,STK,532425,INE256D01014,GENUSPRIME,XT,,,,,GENUS PRIME INFRA LIMITED,30.99,30.99,30.88,30.88,30.88,31.51,,30.88,,,5838,180518.00,26,F1,1,,,,,
2026-06-12,2026-06-12,CM,BSE,STK,532430,INE243D01012,BFUTILITIE,B,,,,,BF UTILITIES LTD.,591.25,643.95,587.00,622.20,620.30,577.45,,621.90,,,23195,14476543.00,1055,F1,1,,,,,
2026-06-12,2026-06-12,CM,BSE,STK,532432,INE854D01024,UNITDSPR,A,,,,,UNITED SPIRITS LTD.,1265.00,1277.05,1261.80,1272.35,1273.10,1258.15,,1272.40,,,828307,1049300190.00,1891,F1,1,,,,,
2026-06-12,2026-06-12,CM,BSE,STK,532435,INE799C01049,SANINFRA,XT,,,,,SANMIT INFRA LIMITED,40.68,42.92,38.88,42.92,42.92,40.88,,42.92,,,24512,1035258.00,363,F1,1,,,,,
2026-06-12,2026-06-12,CM,BSE,STK,532439,INE260D01016,OLECTRA,A,,,,,OLECTRA GREENTECH LIMITED,1275.00,1299.95,1270.00,1293.05,1293.05,1251.70,,1295.90,,,44527,57370559.00,1592,F1,1,,,,,
2026-06-12,2026-06-12,CM,BSE,STK,532440,INE943D01017,MPSLTD,B,,,,,MPS LTD.,1799.75,1820.00,1789.00,1812.15,1797.00,1766.20,,1814.80,,,336,607544.00,70,F1,1,,,,,
2026-06-12,2026-06-12,CM,BSE,STK,532443,INE739E01017,CERA,A,,,,,CERA SANITARYWARE LTD.,5930.00,6191.00,5917.00,6129.10,6129.10,5856.20,,6143.50,,,1757,10590559.00,464,F1,1,,,,,
2026-06-12,2026-06-12,CM,BSE,STK,532444,INE541C01037,TSPIRITUAL,X,,,,,T.SPIRITUAL WORLD LTD.,1.63,1.63,1.63,1.63,1.63,1.56,,1.63,,,2178,3550.00,7,F1,1,,,,,
2026-06-12,2026-06-12,CM,BSE,STK,532454,INE397D01024,BHARTIARTL,A,,,,,BHARTI AIRTEL LTD.,1799.90,1824.95,1786.00,1822.55,1822.55,1782.15,,1822.50,,,407106,738044688.00,6738,F1,1,,,,,
2026-06-12,2026-06-12,CM,BSE,STK,532455,INE655D01025,SHALIWIR,X,,,,,SHALIMAR WIRES INDUSTRIES LTD.,17.75,18.00,17.26,17.96,17.98,17.76,,17.96,,,714,12510.00,30,F1,1,,,,,
2026-06-12,2026-06-12,CM,BSE,STK,532456,INE070C01037,COMPINFO,Z,,,,,COMPUAGE INFOCOM LTD.,1.35,1.40,1.32,1.40,1.40,1.35,,1.40,,,29419,41053.00,11,F1,1,,,,,
2026-06-12,2026-06-12,CM,BSE,STK,532457,INE255D01024,GULPOLY,B,,,,,GULSHAN POLYOLS LTD.,207.95,210.00,202.35,207.00,207.00,204.75,,206.43,,,21027,4350321.00,368,F1,1,,,,,
2026-06-12,2026-06-12,CM,BSE,STK,532460,INE838E01017,PONNIERODE,B,,,,,PONNI SUGARS (ERODE) LTD.,316.30,320.10,311.20,318.70,320.10,319.00,,315.85,,,2188,691972.00,69,F1,1,,,,,
2026-06-12,2026-06-12,CM,BSE,STK,532461,INE160A01022,PNB,A,,,,,PUNJAB NATIONAL BANK,105.75,107.00,104.35,106.85,106.85,106.25,,106.88,,,1442790,152294519.00,6565,F1,1,,,,,
2026-06-12,2026-06-12,CM,BSE,STK,532466,INE881D01027,OFSS,A,,,,,ORACLE FINANCIAL SERVICES SOFT,9296.30,9402.85,9225.65,9321.00,9321.00,9267.60,,9327.00,,,32393,302537949.00,3331,F1,1,,,,,
2026-06-12,2026-06-12,CM,BSE,STK,532467,INE550F01049,HAZOOR,B,,,,,HAZOOR MULTI PROJECTS LTD.,25.03,25.31,24.58,24.85,24.75,24.90,,24.85,,,307994,7645701.00,618,F1,1,,,,,
2026-06-12,2026-06-12,CM,BSE,STK,532468,INE411F01010,KAMAHOLD,A,,,,,KAMA HOLDINGS LIMITED,2554.60,2610.00,2554.60,2580.35,2580.00,2554.60,,2577.20,,,264,682050.00,82,F1,1,,,,,
2026-06-12,2026-06-12,CM,BSE,STK,532475,INE266F01018,APTECHT,B,,,,,APTECH LTD.,109.30,115.25,109.30,114.95,114.95,106.60,,114.69,,,143847,16407801.00,1150,F1,1,,,,,
2026-06-12,2026-06-12,CM,BSE,STK,532477,INE692A01016,UNIONBANK,A,,,,,UNION BANK OF INDIA,166.75,170.30,166.35,170.00,170.00,164.55,,170.05,,,611531,103064964.00,5072,F1,1,,,,,
2026-06-12,2026-06-12,CM,BSE,STK,532478,INE686F01025,UBL,A,,,,,UNITED BREWERIES LTD.,1328.05,1359.40,1325.10,1351.10,1354.00,1320.55,,1353.20,,,4529,6079407.00,487,F1,1,,,,,
2026-06-12,2026-06-12,CM,BSE,STK,532481,INE781B01015,NOIDATOLL,T,,,,,NOIDA TOLL BRIDGE COMPANY LTD.,5.09,5.21,5.00,5.17,5.16,4.99,,5.16,,,84477,435090.00,125,F1,1,,,,,
2026-06-12,2026-06-12,CM,BSE,STK,532482,INE101D01020,GRANULES,A,,,,,GRANULES INDIA LTD.,778.15,778.70,762.85,766.10,766.10,763.15,,766.45,,,32006,24662421.00,1659,F1,1,,,,,
2026-06-12,2026-06-12,CM,BSE,STK,532483,INE476A01022,CANBK,A,,,,,CANARA BANK,130.10,131.90,128.80,131.60,131.60,131.55,,131.67,,,1802030,234584585.00,8937,F1,1,,,,,
2026-06-12,2026-06-12,CM,BSE,STK,532485,INE525F01025,BLIL,B,,,,,BALMER LAWRIE INVESTMENTS LTD.,70.78,71.22,70.01,70.53,70.53,70.12,,70.01,,,12562,888724.00,581,F1,1,,,,,
2026-06-12,2026-06-12,CM,BSE,STK,532486,INE637C01025,POKARNA,B,,,,,POKARNA LTD.,819.00,850.00,819.00,845.60,849.10,824.60,,846.10,,,3731,3127098.00,235,F1,1,,,,,
2026-06-12,2026-06-12,CM,BSE,STK,532488,INE361B01024,DIVISLAB,A,,,,,DIVIS LABORATORIES LTD.,6685.35,6736.95,6621.00,6633.05,6628.80,6651.25,,6638.00,,,3207,21344158.00,552,F1,1,,,,,
2026-06-12,2026-06-12,CM,BSE,STK,532493,INE386C01029,ASTRAMICRO,A,,,,,ASTRA MICROWAVE PRODUCTS LTD.,1405.55,1460.00,1405.55,1444.75,1435.00,1397.35,,1443.80,,,26405,38047779.00,1669,F1,1,,,,,
2026-06-12,2026-06-12,CM,BSE,STK,532497,INE944F01028,RADICO,A,,,,,RADICO KHAITAN LTD.,3463.15,3554.00,3458.00,3539.00,3539.00,3450.55,,3540.20,,,70954,250685452.00,4879,F1,1,,,,,
2026-06-12,2026-06-12,CM,BSE,STK,532500,INE585B01010,MARUTI,A,,,,,MARUTI SUZUKI INDIA LTD.,13200.15,13410.00,13135.05,13371.25,13371.25,13093.30,,13366.00,,,85099,1126192858.00,5720,F1,1,,,,,
2026-06-12,2026-06-12,CM,BSE,STK,532503,INE296E01026,RAJPALAYAM,B,,,,,RAJAPALAYAM MILLS LTD.,820.00,827.10,802.25,827.05,827.10,820.00,,840.65,,,338,276853.00,47,F1,1,,,,,
2026-06-12,2026-06-12,CM,BSE,STK,532504,INE048G01026,NAVINFLUOR,A,,,,,NAVIN FLUORINE INTERNATIONAL L,7167.05,7328.90,7167.05,7303.60,7281.40,7186.40,,7303.00,,,9231,67041576.00,1730,F1,1,,,,,
2026-06-12,2026-06-12,CM,BSE,STK,532505,INE691A01018,UCOBANK,A,,,,,UCO BANK,25.41,26.04,25.28,25.97,25.97,25.10,,25.99,,,334256,8603897.00,824,F1,1,,,,,
2026-06-12,2026-06-12,CM,BSE,STK,532507,INE116D01028,BAGFILMS,B,,,,,B.A.G.FILMS & MEDIA LTD.,4.90,5.04,4.83,4.97,5.00,4.95,,4.98,,,7133,35344.00,57,F1,1,,,,,
2026-06-12,2026-06-12,CM,BSE,STK,532508,INE220G01021,JSL,A,,,,,JINDAL STAINLESS LTD.,686.45,697.60,678.05,695.00,694.55,678.45,,694.55,,,15921,10979178.00,988,F1,1,,,,,
2026-06-12,2026-06-12,CM,BSE,STK,532509,INE399C01030,SUPRAJIT,B,,,,,SUPRAJIT ENGINEERING LTD.,453.45,462.00,448.45,460.30,459.00,446.85,,460.30,,,5616,2556652.00,202,F1,1,,,,,
2026-06-12,2026-06-12,CM,BSE,STK,532513,INE236G01019,TVSELECT,B,,,,,TVS ELECTRONICS LTD.,438.50,459.75,438.50,456.75,457.00,436.95,,456.00,,,6406,2887952.00,286,F1,1,,,,,
2026-06-12,2026-06-12,CM,BSE,STK,532514,INE203G01027,IGL,A,,,,,INDRAPRASTHA GAS LTD.,161.00,165.80,161.00,163.40,163.40,160.90,,163.51,,,254778,41575425.00,2819,F1,1,,,,,
2026-06-12,2026-06-12,CM,BSE,STK,532515,INE038F01029,TVTODAY,B,,,,,TV TODAY NETWORK LTD.,105.95,108.00,103.60,105.90,108.00,105.05,,106.44,,,4724,494759.00,95,F1,1,,,,,
2026-06-12,2026-06-12,CM,BSE,STK,532521,INE218G01033,PALREDTEC,T,,,,,PALRED TECHNOLOGIES LIMITED,44.59,44.65,44.59,44.65,44.65,42.57,,44.50,,,720,32114.00,6,F1,1,,,,,
2026-06-12,2026-06-12,CM,BSE,STK,532522,INE347G01014,PETRONET,A,,,,,PETRONET LNG LTD.,263.10,275.40,263.10,274.80,274.70,262.95,,274.75,,,36539,9897536.00,1385,F1,1,,,,,
2026-06-12,2026-06-12,CM,BSE,STK,532523,INE376G01013,BIOCON,A,,,,,BIOCON LTD.,418.60,422.00,414.50,418.55,418.55,416.80,,419.00,,,75013,31420661.00,1803,F1,1,,,,,
2026-06-12,2026-06-12,CM,BSE,STK,532524,INE877F01012,PTC,A,,,,,PTC INDIA LTD.,185.95,190.35,185.10,189.10,189.20,183.00,,189.20,,,57967,10910687.00,871,F1,1,,,,,
2026-06-12,2026-06-12,CM,BSE,STK,532525,INE457A01014,MAHABANK,A,,,,,BANK OF MAHARASHTRA,84.16,87.60,83.71,87.29,87.29,83.11,,87.30,,,3533002,303680349.00,18369,F1,1,,,,,
2026-06-12,2026-06-12,CM,BSE,STK,532527,INE399G01023,RKFORGE,A,,,,,RAMKRISHNA FORGINGS LTD.,567.00,594.80,567.00,592.05,591.00,562.80,,592.20,,,34042,19893777.00,1171,F1,1,,,,,
2026-06-12,2026-06-12,CM,BSE,STK,532528,INE365B01017,DATAMATICS,B,,,,,DATAMATICS GLOBAL SERVICES LTD,760.00,782.85,760.00,779.00,782.85,754.10,,778.45,,,2885,2238065.00,199,F1,1,,,,,
2026-06-12,2026-06-12,CM,BSE,STK,532529,INE155G01029,NDTV,B,,,,,NEW DELHI TELEVISION LTD.,79.00,81.62,78.99,81.13,81.62,78.37,,81.25,,,11376,914261.00,210,F1,1,,,,,
2026-06-12,2026-06-12,CM,BSE,STK,532531,INE939A01011,STAR,A,,,,,STRIDES PHARMA SCIENCE LIMITED,998.40,1062.90,980.95,1054.30,1032.30,989.35,,1055.50,,,17655,18022573.00,966,F1,1,,,,,
2026-06-12,2026-06-12,CM,BSE,STK,532538,INE481G01011,ULTRACEMCO,A,,,,,ULTRATECH CEMENT LTD.,10891.15,11151.00,10850.00,11107.95,11107.95,10833.85,,11117.00,,,20732,226872769.00,3292,F1,1,,,,,
2026-06-12,2026-06-12,CM,BSE,STK,532539,INE405E01023,UNOMINDA,A,,,,,UNO Minda Limited,1073.35,1085.20,1032.00,1057.60,1057.20,1067.80,,1057.70,,,174149,184822001.00,4422,F1,1,,,,,
2026-06-12,2026-06-12,CM,BSE,STK,532540,INE467B01029,TCS,A,,,,,TATA CONSULTANCY SERVICES LTD.,2150.10,2167.50,2138.60,2161.50,2161.50,2135.30,,2161.40,,,101685,218930062.00,7802,F1,1,,,,,
2026-06-12,2026-06-12,CM,BSE,STK,532541,INE591G01025,COFORGE,A,,,,,COFORGE LIMITED,1414.10,1414.10,1364.00,1367.20,1367.20,1392.35,,1367.20,,,113502,156393935.00,5993,F1,1,,,,,
2026-06-12,2026-06-12,CM,BSE,STK,532543,INE586G01017,GULFPETRO,T,,,,,GP PETROLEUMS LTD,38.59,40.40,38.00,40.18,40.40,38.48,,40.08,,,12001,472566.00,89,F1,1,,,,,
2026-06-12,2026-06-12,CM,BSE,STK,532548,INE348B01021,CENTURYPLY,A,,,,,CENTURY PLYBOARDS (I) LTD.,741.10,741.10,716.70,724.30,724.95,735.00,,724.60,,,6041,4384586.00,852,F1,1,,,,,
2026-06-12,2026-06-12,CM,BSE,STK,532553,INE625G01013,WELENT,A,,,,,WELSPUN ENTERPRISES LIMTED,561.30,561.30,547.00,550.80,550.80,550.25,,552.20,,,8229,4558223.00,292,F1,1,,,,,
2026-06-12,2026-06-12,CM,BSE,STK,532555,INE733E01010,NTPC,A,,,,,NTPC LTD.,355.70,356.00,349.80,353.95,353.95,352.00,,353.90,,,641983,226136490.00,7066,F1,1,,,,,
2026-06-12,2026-06-12,CM,BSE,STK,532604,INE658G01014,SALSTEEL,T,,,,,S.A.L.STEEL LTD.,56.50,60.39,55.22,58.78,58.78,57.76,,59.06,,,15365,884616.00,131,F1,1,,,,,
2026-06-12,2026-06-12,CM,BSE,STK,532605,INE927D01051,JBMA,A,,,,,JBM AUTO LTD.,653.90,690.25,653.90,683.75,683.75,644.70,,683.80,,,222371,151101481.00,5394,F1,1,,,,,
2026-06-12,2026-06-12,CM,BSE,STK,532610,INE366A01041,DWARKESH,B,,,,,DWARIKESH SUGAR INDUSTRIES LTD,45.87,45.87,44.25,44.32,44.32,44.86,,44.28,,,37437,1670700.00,185,F1,1,,,,,
2026-06-12,2026-06-12,CM,BSE,STK,532612,INE873D01024,INDOCO,B,,,,,INDOCO REMEDIES LTD.,255.05,262.00,243.10,248.95,246.55,244.05,,248.80,,,271720,68432607.00,3874,F1,1,,,,,
2026-06-12,2026-06-12,CM,BSE,STK,532613,INE450G01024,VIPCLOTHNG,T,,,,,VIP Clothing Limited,24.88,25.48,24.00,25.48,25.48,24.88,,24.77,,,11370,277240.00,58,F1,1,,,,,
2026-06-12,2026-06-12,CM,BSE,STK,532616,INE692G01013,XCHANGING,B,,,,,XCHANGING SOLUTIONS LTD.,62.69,63.31,61.87,63.05,62.76,61.68,,63.05,,,6036,379655.00,110,F1,1,,,,,
2026-06-12,2026-06-12,CM,BSE,STK,532624,INE796G01012,JINDALPHOT,B,,,,,JINDAL PHOTO LTD.,1078.35,1122.00,1078.35,1106.25,1113.00,1084.75,,1099.50,,,506,557579.00,103,F1,1,,,,,
2026-06-12,2026-06-12,CM,BSE,STK,532626,INE063E01053,POCL,B,,,,,PONDY OXIDES & CHEMICALS LTD.,1206.10,1275.00,1193.50,1262.50,1262.50,1184.90,,1263.60,,,14320,17562520.00,864,F1,1,,,,,
2026-06-12,2026-06-12,CM,BSE,STK,532627,INE351F01018,JPPOWER,A,,,,,JAIPRAKASH POWER VENTURES LIMI,18.00,18.47,17.91,18.41,18.41,17.74,,18.39,,,6853404,124558760.00,6815,F1,1,,,,,
2026-06-12,2026-06-12,CM,BSE,STK,532628,INE748C01038,3IINFOLTD,B,,,,,3I INFOTECH LTD.,17.22,17.49,16.96,17.20,17.30,17.04,,17.22,,,43389,744889.00,331,F1,1,,,,,
2026-06-12,2026-06-12,CM,BSE,STK,532630,INE887G01027,GOKEX,A,,,,,GOKALDAS EXPORTS LTD.,671.15,680.35,662.30,674.10,672.30,655.90,,674.50,,,17565,11798077.00,510,F1,1,,,,,
2026-06-12,2026-06-12,CM,BSE,STK,532633,INE835G01018,ALLDIGI,B,,,,,Alldigi Tech Limited,816.90,826.55,813.35,818.75,822.00,826.75,,821.15,,,209,171207.00,68,F1,1,,,,,
2026-06-12,2026-06-12,CM,BSE,STK,532636,INE530B01024,IIFL,A,,,,,IIFL FINANCE LIMITED,503.20,521.25,500.35,518.70,518.70,490.85,,518.90,,,78547,40226634.00,2244,F1,1,,,,,
2026-06-12,2026-06-12,CM,BSE,STK,532637,INE584F01014,MANGALAM,B,,,,,MANGALAM DRUGS & ORGANICS LTD.,28.99,28.99,27.78,28.11,28.46,28.00,,28.17,,,3869,108498.00,48,F1,1,,,,,
2026-06-12,2026-06-12,CM,BSE,STK,532638,INE498B01024,SHOPERSTOP,B,,,,,SHOPPERS STOP LTD.,380.55,380.55,365.95,374.55,375.00,364.20,,374.65,,,3271,1217759.00,202,F1,1,,,,,
2026-06-12,2026-06-12,CM,BSE,STK,532640,INE278G01037,CYBERMEDIA,T,,,,,CYBER MEDIA (INDIA) LTD.,16.93,16.93,16.11,16.27,16.27,16.93,,16.68,,,1522,25419.00,6,F1,1,,,,,
2026-06-12,2026-06-12,CM,BSE,STK,532641,INE875G01048,NDL,B,,,,,NANDAN DENIM LIMITED,2.43,2.55,2.43,2.54,2.55,2.51,,2.54,,,62825,158878.00,218,F1,1,,,,,
2026-06-12,2026-06-12,CM,BSE,STK,532642,INE824G01012,JSWHL,A,,,,,JSW HOLDINGS LIMITED,11900.10,12315.10,11900.10,12258.15,12235.00,12062.75,,12256.00,,,455,5498045.00,183,F1,1,,,,,
2026-06-12,2026-06-12,CM,BSE,STK,532644,INE823G01014,JKCEMENT,A,,,,,J.K.CEMENT LTD.,4749.55,4876.25,4670.05,4863.80,4863.80,4701.25,,4859.00,,,4704,22488191.00,784,F1,1,,,,,
2026-06-12,2026-06-12,CM,BSE,STK,532645,INE052B01011,BEEYU,X,,,,,BEEYU OVERSEAS LTD.,2.78,2.78,2.70,2.71,2.71,2.73,,2.71,,,1444,3955.00,26,F1,1,,,,,
2026-06-12,2026-06-12,CM,BSE,STK,532648,INE528G01035,YESBANK,A,,,,,YES BANK LTD.,22.81,23.05,22.43,23.02,23.02,22.23,,23.02,,,10647921,242683811.00,31980,F1,1,,,,,
2026-06-12,2026-06-12,CM,BSE,STK,532649,INE023H01027,NECLIFE,T,,,,,NECTAR LIFESCIENCES LTD.,11.48,11.82,11.20,11.78,11.82,11.26,,11.63,,,57368,652034.00,106,F1,1,,,,,
2026-06-12,2026-06-12,CM,BSE,STK,532650,INE752G01015,MSPL,B,,,,,MSP STEEL & POWER LTD.,40.78,41.89,40.71,41.43,41.89,39.90,,41.47,,,129277,5351347.00,499,F1,1,,,,,
2026-06-12,2026-06-12,CM,BSE,STK,532651,INE978G01016,SPLIL,B,,,,,SPL INDUSTRIES LTD.,29.50,31.25,28.01,29.99,30.24,29.50,,29.96,,,1040,30852.00,30,F1,1,,,,,
2026-06-12,2026-06-12,CM,BSE,STK,532652,INE614B01018,KTKBANK,A,,,,,KARNATAKA BANK LTD.,269.95,277.45,267.95,275.10,275.30,265.00,,275.65,,,152836,41751831.00,2041,F1,1,,,,,
2026-06-12,2026-06-12,CM,BSE,STK,532654,INE942G01012,MCLEODRUSS,T,,,,,MCLEOD RUSSEL INDIA LTD.,64.01,64.01,64.01,64.01,64.01,65.31,,64.01,,,84792,5427535.00,102,F1,1,,,,,
2026-06-12,2026-06-12,CM,BSE,STK,532656,INE828G01013,FACORALL,X,,,,,FACOR ALLOYS LTD.,2.83,2.96,2.83,2.93,2.93,2.85,,2.93,,,78039,224299.00,127,F1,1,,,,,
2026-06-12,2026-06-12,CM,BSE,STK,532660,INE526G01021,VIVIMEDLAB,T,,,,,VIVIMED LABS LTD.,6.19,6.33,6.04,6.27,6.28,6.07,,6.12,,,13603,85285.00,30,F1,1,,,,,
2026-06-12,2026-06-12,CM,BSE,STK,532661,INE050H01012,RML,B,,,,,RANE (MADRAS) LTD.,910.10,924.95,910.10,920.80,920.20,891.25,,922.65,,,372,340873.00,64,F1,1,,,,,
2026-06-12,2026-06-12,CM,BSE,STK,532662,INE501G01024,HTMEDIA,B,,,,,HT MEDIA LTD.,22.62,23.00,22.36,22.61,22.60,22.30,,22.61,,,6643,150732.00,22,F1,1,,,,,
2026-06-12,2026-06-12,CM,BSE,STK,532663,INE231F01020,SASKEN,B,,,,,Sasken Technologies Limited,2229.95,2229.95,2105.80,2118.70,2118.70,2068.45,,2120.50,,,1863,3971015.00,249,F1,1,,,,,
2026-06-12,2026-06-12,CM,BSE,STK,532666,INE512B01022,FCSSOFT,T,,,,,FCS SOFTWARE SOLUTIONS LTD.,1.65,1.65,1.65,1.65,1.65,1.68,,1.65,,,73379,121075.00,98,F1,1,,,,,
2026-06-12,2026-06-12,CM,BSE,STK,532667,INE040H01021,SUZLON,A,,,,,SUZLON ENERGY LTD.,53.99,55.19,53.80,55.09,55.09,53.25,,55.08,,,3339321,182285952.00,10084,F1,1,,,,,
2026-06-12,2026-06-12,CM,BSE,STK,532668,INE132H01018,AURIONPRO,A,,,,,AURIONPRO SOLUTIONS LTD.,773.95,790.00,765.05,775.35,775.35,750.05,,777.20,,,11011,8549254.00,715,F1,1,,,,,
2026-06-12,2026-06-12,CM,BSE,STK,532670,INE087H01022,RENUKA,A,,,,,SHREE RENUKA SUGARS LTD.,21.80,22.37,21.80,22.29,22.32,21.72,,22.29,,,945862,20864950.00,2971,F1,1,,,,,
2026-06-12,2026-06-12,CM,BSE,STK,532673,INE157H01023,KMSUGAR,B,,,,,K.M.SUGAR MILLS LTD.,26.10,26.95,26.10,26.63,26.86,26.59,,26.69,,,6873,183204.00,113,F1,1,,,,,
2026-06-12,2026-06-12,CM,BSE,STK,532674,INE186H01022,BASML,B,,,,,BANNARI AMMAN SPINNING MILLS L,25.50,25.57,24.51,24.84,24.94,24.91,,24.75,,,9018,224967.00,117,F1,1,,,,,
2026-06-12,2026-06-12,CM,BSE,STK,532676,INE160H01019,PBAINFRA,X,,,,,PBA INFRASTRUCTURE LTD.,9.49,9.49,9.00,9.02,9.34,9.03,,9.02,,,3433,31817.00,23,F1,1,,,,,
2026-06-12,2026-06-12,CM,BSE,STK,532683,INE212H01026,AIAENG,A,,,,,AIA ENGINEERING LTD.,4361.70,4382.35,4302.00,4330.70,4305.00,4322.65,,4333.50,,,7633,33142786.00,871,F1,1,,,,,
2026-06-12,2026-06-12,CM,BSE,STK,532684,INE184H01027,EKC,B,,,,,EVEREST KANTO CYLINDER LTD.,105.30,109.65,105.30,109.05,107.95,104.85,,108.98,,,8694,937314.00,163,F1,1,,,,,
2026-06-12,2026-06-12,CM,BSE,STK,532686,INE202H01019,KERNEX,B,,,,,KERNEX MICROSYSTEMS (INDIA) LT,1930.45,1999.95,1930.00,1991.25,1982.00,1893.90,,1993.20,,,20324,40093584.00,1504,F1,1,,,,,
2026-06-12,2026-06-12,CM,BSE,STK,532687,INE461B01014,REPRO,B,,,,,REPRO INDIA LTD.,344.95,380.00,344.95,358.65,357.90,348.45,,356.50,,,246,88072.00,46,F1,1,,,,,
2026-06-12,2026-06-12,CM,BSE,STK,532689,INE191H01014,PVRINOX,A,,,,,PVR INOX LIMITED,952.70,958.65,939.45,942.95,941.75,943.20,,943.45,,,11731,11080337.00,588,F1,1,,,,,
2026-06-12,2026-06-12,CM,BSE,STK,532694,INE855F01042,ASMS,B,,,,,BARTRONICS INDIA LTD.,7.15,7.33,7.11,7.25,7.28,7.13,,7.25,,,34357,248080.00,198,F1,1,,,,,
2026-06-12,2026-06-12,CM,BSE,STK,532695,INE185H01016,CELEBRITY,B,,,,,CELEBRITY FASHIONS LTD.,7.45,7.69,7.45,7.60,7.60,7.39,,7.58,,,305,2307.00,4,F1,1,,,,,
2026-06-12,2026-06-12,CM,BSE,STK,532698,INE229H01012,NITINSPIN,B,,,,,NITIN SPINNERS LTD.,547.20,562.00,540.05,559.20,561.25,534.15,,559.35,,,14561,8077059.00,562,F1,1,,,,,
2026-06-12,2026-06-12,CM,BSE,STK,532699,INE283H01019,ROHLTD,B,,,,,ROYAL ORCHID HOTELS LTD.,315.00,319.90,311.50,314.90,315.00,308.90,,316.60,,,732,231242.00,151,F1,1,,,,,
2026-06-12,2026-06-12,CM,BSE,STK,532700,INE265F01028,ENIL,B,,,,,ENTERTAINMENT NETWORK (INDIA),112.00,112.00,106.95,109.30,109.15,108.85,,109.87,,,743,81485.00,53,F1,1,,,,,
2026-06-12,2026-06-12,CM,BSE,STK,532701,INE266H01014,CELLA,Z,,,,,CELLA SPACE LIMITED,18.01,18.81,18.01,18.81,18.81,17.92,,18.81,,,17351,324822.00,100,F1,1,,,,,
2026-06-12,2026-06-12,CM,BSE,STK,532705,INE199G01027,JAGRAN,B,,,,,JAGRAN PRAKASHAN LTD.,61.65,62.82,61.65,62.51,62.50,61.53,,62.49,,,16908,1057437.00,709,F1,1,,,,,
2026-06-12,2026-06-12,CM,BSE,STK,532707,INE256H01015,DYNPRO,B,,,,,DYNEMIC PRODUCTS LTD.,232.40,234.10,228.00,228.15,228.00,232.85,,228.50,,,15124,3475590.00,270,F1,1,,,,,
2026-06-12,2026-06-12,CM,BSE,STK,532708,INE251H01024,GVKPIL,T,,,,,GVK POWER & INFRASTRUCTURE LTD,2.81,2.89,2.81,2.85,2.87,2.84,,2.84,,,110916,318093.00,116,F1,1,,,,,
2026-06-12,2026-06-12,CM,BSE,STK,532710,INE226H01026,SADBHAV,B,,,,,SADBHAV ENGINEERING LTD.,9.33,9.83,8.91,9.09,9.08,9.23,,9.12,,,22348,203450.00,163,F1,1,,,,,
2026-06-12,2026-06-12,CM,BSE,STK,532712,INE330H01018,RCOM,T,,,,,RELIANCE COMMUNICATIONS LTD.,0.92,0.94,0.92,0.94,0.94,0.92,,0.93,,,335678,310863.00,183,F1,1,,,,,
2026-06-12,2026-06-12,CM,BSE,STK,532713,INE190H01024,SAKUMA,T,,,,,SAKUMA EXPORTS LTD.,1.88,1.92,1.86,1.90,1.91,1.87,,1.91,,,149524,280786.00,224,F1,1,,,,,
2026-06-12,2026-06-12,CM,BSE,STK,532714,INE389H01022,KEC,A,,,,,KEC INTERNATIONAL LTD.,495.00,508.60,491.10,504.30,504.30,488.65,,504.45,,,68432,34311740.00,2265,F1,1,,,,,
2026-06-12,2026-06-12,CM,BSE,STK,532716,INE047B01011,GILLANDERS,B,,,,,GILLANDERS ARBUTHNOT & CO.LTD.,94.06,94.06,94.06,94.06,94.06,87.25,,92.51,,,2,188.00,1,F1,1,,,,,
2026-06-12,2026-06-12,CM,BSE,STK,532717,INE332H01014,INDOTECH,T,,,,,INDO TECH TRANSFORMERS LTD.,2495.00,2610.00,2495.00,2607.60,2610.00,2528.75,,2604.80,,,817,2109699.00,83,F1,1,,,,,
2026-06-12,2026-06-12,CM,BSE,STK,532719,INE350H01032,BLKASHYAP,B,,,,,B.L.KASHYAP AND SONS LTD.,51.50,54.10,51.50,53.73,53.82,51.38,,53.75,,,19429,1026597.00,329,F1,1,,,,,
2026-06-12,2026-06-12,CM,BSE,STK,532720,INE774D01024,M&MFIN,A,,,,,MAHINDRA & MAHINDRA FINANCIAL,276.90,291.80,276.90,291.25,291.25,275.70,,291.05,,,185917,53063864.00,4166,F1,1,,,,,
2026-06-12,2026-06-12,CM,BSE,STK,532721,INE286H01012,VISACHROME,T,,,,,VISA Chrome Limited,41.51,41.65,40.00,40.02,40.99,41.51,,39.95,,,6114,251860.00,31,F1,1,,,,,
2026-06-12,2026-06-12,CM,BSE,STK,532722,INE858F01012,NITCO,B,,,,,NITCO LTD.,96.00,99.70,95.61,98.85,97.80,93.88,,98.41,,,40820,4010702.00,595,F1,1,,,,,
2026-06-12,2026-06-12,CM,BSE,STK,532723,INE493H01014,MPDL,X,,,,,MPDL LIMITED,33.50,34.90,32.05,32.80,33.49,34.60,,32.80,,,7388,240967.00,77,F1,1,,,,,
2026-06-12,2026-06-12,CM,BSE,STK,532725,INE343H01029,SOLARINDS,A,,,,,SOLAR INDUSTRIES INDIA LTD.,17400.00,17575.00,17060.00,17137.05,17141.85,17146.75,,17143.00,,,8335,143933288.00,1966,F1,1,,,,,
2026-06-12,2026-06-12,CM,BSE,STK,532726,INE297H01019,GALLANTT,B,,,,,GALLANTT ISPAT LIMITED,642.25,670.60,642.25,653.15,653.15,653.60,,654.20,,,19598,12926501.00,796,F1,1,,,,,
2026-06-12,2026-06-12,CM,BSE,STK,532728,INE383H01017,MALUPAPER,B,,,,,MALU PAPER MILLS LTD.,31.50,32.55,31.00,32.03,31.75,31.00,,32.10,,,657,21170.00,19,F1,1,,,,,
2026-06-12,2026-06-12,CM,BSE,STK,532729,INE786F01031,UTTAMSUGAR,B,,,,,UTTAM SUGAR MILLS LTD.,233.25,233.70,229.50,230.70,230.45,231.20,,230.88,,,817,188701.00,46,F1,1,,,,,
2026-06-12,2026-06-12,CM,BSE,STK,532730,INE353H01010,SGL,B,,,,,STL GLOBAL LTD.,10.79,11.09,10.60,10.90,10.90,10.79,,10.65,,,567,6017.00,5,F1,1,,,,,
2026-06-12,2026-06-12,CM,BSE,STK,532732,INE401H01017,KKCL,B,,,,,KEWAL KIRAN CLOTHING LTD.,432.95,435.45,428.05,434.15,434.55,429.90,,434.20,,,292,126349.00,121,F1,1,,,,,
2026-06-12,2026-06-12,CM,BSE,STK,532733,INE424H01027,SUNTV,A,,,,,SUN TV NETWORK LTD.,509.65,515.95,504.70,513.55,515.50,501.00,,514.65,,,13002,6634310.00,509,F1,1,,,,,
2026-06-12,2026-06-12,CM,BSE,STK,532734,INE177H01039,GPIL,A,,,,,GODAWARI POWER & ISPAT LTD.,281.00,284.85,276.30,277.15,277.15,278.20,,277.15,,,112531,31348308.00,3031,F1,1,,,,,
2026-06-12,2026-06-12,CM,BSE,STK,532735,INE411H01032,RSYSTEMS,B,,,,,R SYSTEMS INTERNATIONAL LTD.,244.05,254.00,244.05,251.60,252.25,243.10,,251.40,,,23168,5808977.00,522,F1,1,,,,,
2026-06-12,2026-06-12,CM,BSE,STK,532737,INE296H01011,EMKAY,B,,,,,EMKAY GLOBAL FINANCIAL SERVICE,270.35,299.90,267.80,290.30,288.10,266.70,,290.65,,,15095,4377023.00,536,F1,1,,,,,
2026-06-12,2026-06-12,CM,BSE,STK,532738,INE388G01026,TICL,B,,,,,TwamevConstruction and Infrast,21.50,21.50,20.45,20.50,20.50,21.00,,20.54,,,15907,331585.00,161,F1,1,,,,,
2026-06-12,2026-06-12,CM,BSE,STK,532740,INE397H01017,LOKESHMACH,T,,,,,LOKESH MACHINES LTD.,265.00,266.80,256.55,264.90,266.80,256.00,,265.60,,,526,138910.00,22,F1,1,,,,,
2026-06-12,2026-06-12,CM,BSE,STK,532741,INE390H01020,KAMDHENU,B,,,,,Kamdhenu Limited,28.60,29.50,28.25,29.29,29.29,28.22,,29.29,,,210257,6054277.00,810,F1,1,,,,,
2026-06-12,2026-06-12,CM,BSE,STK,532742,INE111F01024,PAUSHAKLTD,B,,,,,PAUSHAK LTD.,453.00,464.05,453.00,456.55,455.00,453.00,,454.95,,,1070,489104.00,215,F1,1,,,,,
2026-06-12,2026-06-12,CM,BSE,STK,532744,INE302H01017,GTNTEX,X,,,,,GTN TEXTILES LTD.,8.52,9.86,8.51,8.52,8.52,9.18,,8.52,,,5993,51202.00,32,F1,1,,,,,
2026-06-12,2026-06-12,CM,BSE,STK,532748,INE367G01038,PFOCUS,T,,,,,PRIME FOCUS LTD.,223.45,237.85,223.45,237.85,237.85,226.55,,239.27,,,3938,925129.00,53,F1,1,,,,,
2026-06-12,2026-06-12,CM,BSE,STK,532749,INE418H01029,ALLCARGO,B,,,,,ALLCARGO LOGISTICS LTD.,8.80,8.96,8.72,8.91,8.94,8.73,,8.90,,,360650,3189464.00,674,F1,1,,,,,
2026-06-12,2026-06-12,CM,BSE,STK,532754,INE776C01039,GMRAIRPORT,A,,,,,GMR Airports Limited,102.00,103.90,101.15,103.60,103.60,100.10,,103.65,,,795728,81648544.00,4350,F1,1,,,,,
2026-06-12,2026-06-12,CM,BSE,STK,532755,INE669C01036,TECHM,A,,,,,TECH MAHINDRA LTD.,1486.65,1486.65,1424.90,1429.40,1432.00,1464.75,,1429.20,,,92141,132300775.00,4850,F1,1,,,,,
2026-06-12,2026-06-12,CM,BSE,STK,532756,INE536H01010,CIEINDIA,A,,,,,CIE Automotive India Limited,439.45,454.00,438.50,451.25,451.00,436.30,,450.75,,,12901,5773485.00,530,F1,1,,,,,
2026-06-12,2026-06-12,CM,BSE,STK,532757,INE540H01012,VOLTAMP,A,,,,,VOLTAMP TRANSFORMERS LTD.,9630.20,9805.00,9611.00,9715.60,9705.00,9575.65,,9719.50,,,1748,16970677.00,548,F1,1,,,,,
2026-06-12,2026-06-12,CM,BSE,STK,532759,INE285H01022,ATLANTAA,B,,,,,ATLANTAA LIMITED,39.94,40.49,39.71,39.96,39.75,39.95,,39.87,,,3035,121321.00,114,F1,1,,,,,
2026-06-12,2026-06-12,CM,BSE,STK,532761,INE596H01014,HGM,B,,,,,HANDSON GLOBAL MANAGEMENT (HGM,53.99,54.00,53.70,54.00,54.00,52.40,,53.84,,,930,50133.00,10,F1,1,,,,,
2026-06-12,2026-06-12,CM,BSE,STK,532762,INE731H01025,ACE,A,,,,,ACTION CONSTRUCTION EQUIPMENT,903.00,934.50,897.50,931.15,931.15,892.20,,931.05,,,94524,86674432.00,4283,F1,1,,,,,
2026-06-12,2026-06-12,CM,BSE,STK,532764,INE916G01016,GEECEE,B,,,,,GEECEE VENTURES LIMITED,322.70,328.35,319.25,319.25,319.25,322.45,,322.05,,,40,12908.00,8,F1,1,,,,,
2026-06-12,2026-06-12,CM,BSE,STK,532767,INE336H01023,GAYAPROJ,T,,,,,GAYATRI PROJECTS LTD.,21.40,21.90,20.71,21.88,21.90,20.86,,21.86,,,73716,1602448.00,106,F1,1,,,,,
2026-06-12,2026-06-12,CM,BSE,STK,532768,INE737H01014,FIEMIND,B,,,,,FIEM INDUSTRIES LTD.,2298.35,2317.05,2262.25,2309.30,2291.50,2250.25,,2308.70,,,2435,5581360.00,425,F1,1,,,,,
2026-06-12,2026-06-12,CM,BSE,STK,532771,INE544H01014,JHS,B,,,,,JHS SVENDGAARD LABORATORIES LT,8.31,8.31,7.85,8.10,8.10,8.09,,8.10,,,9073,73206.00,140,F1,1,,,,,
2026-06-12,2026-06-12,CM,BSE,STK,532772,INE503A01015,DCBBANK,A,,,,,DCB BANK LIMITED,174.70,180.60,174.70,179.95,179.10,174.35,,179.86,,,30910,5506578.00,381,F1,1,,,,,
2026-06-12,2026-06-12,CM,BSE,STK,532773,INE792H01019,GLOBALVECT,B,,,,,GLOBAL VECTRA HELICORP LTD.,162.30,162.30,152.50,153.50,158.95,159.10,,156.74,,,683,107321.00,77,F1,1,,,,,
2026-06-12,2026-06-12,CM,BSE,STK,532774,INE020G01017,INSPIRISYS,T,,,,,Inspirisys Solutions Limited,107.10,115.00,107.10,113.90,113.90,112.60,,111.09,,,3210,344335.00,26,F1,1,,,,,
2026-06-12,2026-06-12,CM,BSE,STK,532775,INE221H01019,GTLINFRA,B,,,,,GTL INFRASTRUCTURE LTD.,1.46,1.52,1.45,1.51,1.51,1.44,,1.50,,,7778224,11540210.00,12335,F1,1,,,,,
2026-06-12,2026-06-12,CM,BSE,STK,532776,INE637H01024,SHIVAMAUTO,T,,,,,SHIVAM AUTOTECH LTD.,16.92,17.33,16.90,16.95,16.90,17.00,,16.89,,,4678,79528.00,33,F1,1,,,,,
2026-06-12,2026-06-12,CM,BSE,STK,532777,INE663F01032,NAUKRI,A,,,,,INFO EDGE (INDIA) LTD.,968.70,983.60,962.00,972.05,972.05,963.85,,972.20,,,33476,32600646.00,1754,F1,1,,,,,
2026-06-12,2026-06-12,CM,BSE,STK,532779,INE813H01021,TORNTPOWER,A,,,,,TORRENT POWER LTD.,1385.00,1398.70,1371.85,1392.55,1395.15,1374.95,,1392.00,,,7629,10563711.00,449,F1,1,,,,,
2026-06-12,2026-06-12,CM,BSE,STK,532780,INE561H01026,PARSVNATH,T,,,,,PARSVNATH DEVELOPERS LTD.,3.31,3.31,3.31,3.31,3.31,3.37,,3.32,,,63310,209556.00,94,F1,1,,,,,
2026-06-12,2026-06-12,CM,BSE,STK,532782,INE645H01027,SUTLEJTEX,B,,,,,SUTLEJ TEXTILES & INDUSTRIES L,35.00,36.20,35.00,36.14,36.19,35.47,,36.23,,,4584,162207.00,46,F1,1,,,,,
2026-06-12,2026-06-12,CM,BSE,STK,532783,INE818H01020,LTFOODS,A,,,,,LT FOODS LTD.,379.25,382.65,371.20,380.90,382.00,374.05,,380.90,,,15090,5696358.00,611,F1,1,,,,,
2026-06-12,2026-06-12,CM,BSE,STK,532784,INE671H01015,SOBHA,A,,,,,SOBHA,1268.50,1340.00,1268.50,1332.75,1340.00,1273.65,,1332.90,,,2232,2922047.00,208,F1,1,,,,,
2026-06-12,2026-06-12,CM,BSE,STK,532785,INE803H01014,RUCHIRA,B,,,,,RUCHIRA PAPERS LTD.,109.65,109.95,106.90,109.40,109.60,108.00,,108.69,,,2503,269289.00,123,F1,1,,,,,
2026-06-12,2026-06-12,CM,BSE,STK,532790,INE483C01032,TANLA,A,,,,,TANLA PLATFORMS LIMITED,502.55,515.35,502.55,513.75,513.75,500.85,,513.70,,,24599,12534797.00,767,F1,1,,,,,
2026-06-12,2026-06-12,CM,BSE,STK,532794,INE966H01019,ZEEMEDIA,B,,,,,ZEE MEDIA CORPORATION LIMITED,8.69,8.73,8.43,8.59,8.59,8.51,,8.63,,,127884,1093827.00,361,F1,1,,,,,
2026-06-12,2026-06-12,CM,BSE,STK,532795,INE965H01011,SITINET,Z,,,,,Siti Networks Ltd.,0.49,0.49,0.49,0.49,0.49,0.49,,0.36,,,74677,36591.00,20,F1,1,,,,,
2026-06-12,2026-06-12,CM,BSE,STK,532796,INE872H01027,LUMAXTECH,A,,,,,LUMAX AUTO TECHNOLOGIES LTD.,1636.45,1679.55,1615.00,1634.15,1638.90,1604.45,,1634.00,,,11874,19529291.00,1006,F1,1,,,,,
2026-06-12,2026-06-12,CM,BSE,STK,532797,INE718H01014,AUTOIND,T,,,,,AUTOLINE INDUSTRIES LTD.,72.00,74.45,71.00,74.09,74.00,72.99,,74.18,,,5480,397160.00,65,F1,1,,,,,
2026-06-12,2026-06-12,CM,BSE,STK,532798,INE870H01013,NETWORK18,A,,,,,NETWORK18 MEDIA & INVESTMENTS,30.49,31.65,30.01,31.53,31.53,29.78,,31.51,,,686499,21114078.00,2276,F1,1,,,,,
2026-06-12,2026-06-12,CM,BSE,STK,532799,INE703H01016,HUBTOWN,B,,,,,HUBTOWN LTD.,184.05,187.20,179.95,186.00,185.05,180.00,,185.93,,,16895,3112892.00,317,F1,1,,,,,
2026-06-12,2026-06-12,CM,BSE,STK,532801,INE627H01017,CTE,B,,,,,CAMBRIDGE TECHNOLOGY ENTERPRIS,32.76,32.90,31.60,32.50,32.50,31.01,,32.10,,,1028,33202.00,19,F1,1,,,,,
2026-06-12,2026-06-12,CM,BSE,STK,532804,INE545H01011,TIIL,B,,,,,TECHNOCRAFT INDUSTRIES (INDIA),2512.00,2520.20,2494.70,2504.15,2501.85,2509.10,,2508.30,,,173,434128.00,42,F1,1,,,,,
2026-06-12,2026-06-12,CM,BSE,STK,532805,INE891D01026,REDINGTON,A,,,,,Redington Limited,235.25,236.95,232.15,235.90,236.65,231.05,,236.11,,,172041,40446642.00,2046,F1,1,,,,,
2026-06-12,2026-06-12,CM,BSE,STK,532806,INE768E01024,AICHAMP,X,,,,,AI CHAMPDANY INDUSTRIES LTD.,36.15,36.51,35.00,36.05,36.05,35.01,,36.05,,,788,27935.00,19,F1,1,,,,,
2026-06-12,2026-06-12,CM,BSE,STK,532807,INE704H01022,CINELINE,B,,,,,CINELINE INDIA LIMITED,78.78,78.78,78.78,78.78,78.78,78.78,,79.38,,,5,393.00,4,F1,1,,,,,
2026-06-12,2026-06-12,CM,BSE,STK,532808,INE940H01022,PGIL,A,,,,,PEARL GLOBAL INDUSTRIES LIMITE,1640.00,1657.00,1617.65,1630.35,1630.00,1623.60,,1630.90,,,746,1220345.00,106,F1,1,,,,,
2026-06-12,2026-06-12,CM,BSE,STK,532809,INE684F01012,FSL,A,,,,,FIRSTSOURCE SOLUTIONS LTD.,249.05,253.35,245.55,247.65,248.70,247.65,,247.55,,,278558,68816894.00,1954,F1,1,,,,,
2026-06-12,2026-06-12,CM,BSE,STK,532810,INE134E01011,PFC,A,,,,,POWER FINANCE CORPORATION LTD.,420.75,421.55,414.30,421.10,421.10,413.50,,421.05,,,144820,60499374.00,2624,F1,1,,,,,
2026-06-12,2026-06-12,CM,BSE,STK,532811,INE758C01029,AHLUCONT,B,,,,,AHLUWALIA CONTRACTS (INDIA) LT,798.85,800.60,783.95,798.50,798.00,787.90,,798.10,,,7127,5651645.00,499,F1,1,,,,,
2026-06-12,2026-06-12,CM,BSE,STK,532812,INE804H01012,TFL,B,,,,,TRANSWARRANTY FINANCE LTD.,12.14,13.70,11.93,11.93,11.93,12.39,,11.98,,,94,1150.00,3,F1,1,,,,,
2026-06-12,2026-06-12,CM,BSE,STK,532814,INE562A01011,INDIANB,A,,,,,INDIAN BANK,834.65,850.90,824.55,846.65,846.65,825.65,,845.50,,,69886,58557668.00,2490,F1,1,,,,,
2026-06-12,2026-06-12,CM,BSE,STK,532815,INE812G01025,SMSPHARMA,B,,,,,SMS PHARMACEUTICALS LTD.,387.35,389.00,377.00,384.45,384.90,379.85,,383.55,,,11599,4446534.00,198,F1,1,,,,,
2026-06-12,2026-06-12,CM,BSE,STK,532817,INE998H01012,ORIENTALTL,B,,,,,ORIENTAL TRIMEX LTD.,6.65,6.65,6.22,6.27,6.32,6.29,,6.28,,,7302,45688.00,30,F1,1,,,,,
2026-06-12,2026-06-12,CM,BSE,STK,532820,INE311H01018,ELAND,X,,,,,E-Land Apparel Limited,13.70,13.70,13.00,13.00,13.00,13.19,,13.00,,,16985,224021.00,17,F1,1,,,,,
2026-06-12,2026-06-12,CM,BSE,STK,532822,INE669E01016,IDEA,A,,,,,VODAFONE IDEA  LIMITED,14.45,15.09,14.24,14.90,14.90,14.18,,14.90,,,69449322,1028114703.00,328990,F1,1,,,,,
2026-06-12,2026-06-12,CM,BSE,STK,532825,INE702H01018,JAGJANANI,X,,,,,JAGJANANI TEXTILES LTD.,4.95,4.95,4.35,4.35,4.35,4.80,,4.35,,,1710,8458.00,8,F1,1,,,,,
2026-06-12,2026-06-12,CM,BSE,STK,532826,INE952H01027,RAJTV,B,,,,,RAJ TELEVISION NETWORK LTD.,11.90,12.40,11.60,11.80,11.80,12.17,,11.76,,,17098,203993.00,120,F1,1,,,,,
2026-06-12,2026-06-12,CM,BSE,STK,532827,INE761H01022,PAGEIND,A,,,,,PAGE INDUSTRIES LTD.,37900.10,38795.00,37900.10,38655.75,38650.00,37696.90,,38625.00,,,344,13212793.00,200,F1,1,,,,,
2026-06-12,2026-06-12,CM,BSE,STK,532828,INE005I01014,AMDIND,B,,,,,AMD INDUSTRIES LTD.,45.84,46.06,45.83,45.95,45.95,45.84,,45.97,,,806,37018.00,24,F1,1,,,,,
2026-06-12,2026-06-12,CM,BSE,STK,532829,INE976H01018,LEHAR,X,,,,,LEHAR FOOTWEARS LIMITED,266.00,269.70,253.00,256.80,256.80,265.10,,256.80,,,27011,7008886.00,485,F1,1,,,,,
2026-06-12,2026-06-12,CM,BSE,STK,532830,INE006I01046,ASTRAL,A,,,,,ASTRAL LIMITED,1509.85,1531.00,1498.50,1507.00,1507.00,1490.45,,1508.60,,,21722,32906376.00,2321,F1,1,,,,,
2026-06-12,2026-06-12,CM,BSE,STK,532832,INE069I01010,EMBDL,A,,,,,EMBASSY DEVELOPMENTS LIMITED,57.50,59.19,57.10,59.07,59.12,56.46,,59.06,,,135405,7859477.00,556,F1,1,,,,,
2026-06-12,2026-06-12,CM,BSE,STK,532834,INE052I01032,CAMLINFINE,A,,,,,Camlin Fine Sciences Ltd,127.50,138.55,127.50,136.55,136.55,125.35,,136.72,,,382721,52024933.00,2980,F1,1,,,,,
2026-06-12,2026-06-12,CM,BSE,STK,532835,INE725G01011,ICRA,B,,,,,ICRA LTD.,5175.70,5175.70,5099.00,5145.00,5140.00,5074.20,,5147.00,,,118,606675.00,19,F1,1,,,,,
2026-06-12,2026-06-12,CM,BSE,STK,532839,INE836F01026,DISHTV,T,,,,,DISH TV INDIA LTD.,3.00,3.15,3.00,3.15,3.15,3.00,,3.13,,,606901,1899681.00,564,F1,1,,,,,
2026-06-12,2026-06-12,CM,BSE,STK,532841,INE280H01015,SAHYADRI,B,,,,,SAHYADRI INDUSTRIES LTD.,270.00,270.00,263.25,264.35,265.00,263.50,,264.20,,,222,58703.00,14,F1,1,,,,,
2026-06-12,2026-06-12,CM,BSE,STK,532842,INE917H01012,SRHHYPOLTD,B,,,,,SREE RAYALASEEMA HI-STRENGTH H,499.05,522.85,491.55,501.65,502.55,484.00,,499.30,,,270,135915.00,30,F1,1,,,,,
2026-06-12,2026-06-12,CM,BSE,STK,532843,INE061F01013,FORTIS,A,,,,,FORTIS HEALTHCARE LTD.,1002.60,1002.60,986.95,990.40,987.45,988.95,,990.35,,,237571,235878080.00,2250,F1,1,,,,,
2026-06-12,2026-06-12,CM,BSE,STK,532845,INE797H01018,TGBHOTELS,B,,,,,TGB BANQUETS AND HOTELS LTD.,9.15,9.15,8.65,8.79,9.10,8.90,,8.96,,,5466,48298.00,58,F1,1,,,,,
2026-06-12,2026-06-12,CM,BSE,STK,532847,INE788H01017,HILTON,T,,,,,HILTON METAL FORGING LTD.,18.60,19.17,18.41,18.86,18.85,18.65,,18.77,,,12172,227224.00,79,F1,1,,,,,
2026-06-12,2026-06-12,CM,BSE,STK,532848,INE124G01033,DELTACORP,A,,,,,DELTA CORP LTD.,64.20,65.00,63.67,64.50,64.50,63.45,,64.64,,,152322,9789652.00,836,F1,1,,,,,
2026-06-12,2026-06-12,CM,BSE,STK,532850,INE287C01037,MICEL,B,,,,,MIC ELECTRONICS LTD.,42.15,42.89,41.68,42.34,42.34,41.56,,42.18,,,34464,1461261.00,301,F1,1,,,,,
2026-06-12,2026-06-12,CM,BSE,STK,532851,INE070I01018,INSECTICID,B,,,,,INSECTICIDES (INDIA) LTD.,711.95,721.65,710.05,720.45,720.25,704.75,,719.10,,,338,242617.00,55,F1,1,,,,,
2026-06-12,2026-06-12,CM,BSE,STK,532853,INE228I01012,ASAHISONG,B,,,,,ASAHI SONGWON COLORS LTD.,256.00,258.00,254.00,254.55,254.55,252.30,,257.23,,,610,155662.00,42,F1,1,,,,,
2026-06-12,2026-06-12,CM,BSE,STK,532855,INE928H01019,HARYNACAP,X,,,,,HARYANA CAPFIN LTD.,140.00,149.10,140.00,143.70,141.15,140.15,,143.70,,,368,52524.00,63,F1,1,,,,,
2026-06-12,2026-06-12,CM,BSE,STK,532856,INE508G01029,TIMETECHNO,A,,,,,TIME TECHNOPLAST LTD.,166.50,170.90,165.05,170.15,170.90,163.05,,169.49,,,44403,7452419.00,886,F1,1,,,,,
2026-06-12,2026-06-12,CM,BSE,STK,532859,INE170I01016,HGS,B,,,,,HINDUJA GLOBAL SOLUTIONS LTD.,426.95,432.65,421.85,424.05,423.05,427.15,,427.25,,,3278,1396834.00,195,F1,1,,,,,
2026-06-12,2026-06-12,CM,BSE,STK,532864,INE189I01024,NELCAST,B,,,,,NELCAST LTD.,137.40,140.40,136.05,140.15,140.40,135.45,,139.38,,,6016,830994.00,128,F1,1,,,,,
2026-06-12,2026-06-12,CM,BSE,STK,532867,INE945H01021,V2RETAIL,B,,,,,V2 RETAIL LTD.,221.55,226.35,217.80,223.90,223.75,215.25,,223.50,,,57910,12901273.00,797,F1,1,,,,,
2026-06-12,2026-06-12,CM,BSE,STK,532868,INE271C01023,DLF,A,,,,,DLF LTD.,569.00,589.00,565.80,587.15,587.15,563.25,,587.05,,,102055,59126731.00,3193,F1,1,,,,,
2026-06-12,2026-06-12,CM,BSE,STK,532869,INE924H01018,TARMAT,B,,,,,TARMAT LTD.,52.10,53.48,51.21,51.37,53.48,52.05,,51.93,,,548,28527.00,13,F1,1,,,,,
2026-06-12,2026-06-12,CM,BSE,STK,532870,INE106I01010,ANKITMETAL,Z,,,,,ANKIT METAL & POWER LTD.,1.57,1.57,1.50,1.57,1.57,1.57,,1.56,,,12547,19142.00,19,F1,1,,,,,
2026-06-12,2026-06-12,CM,BSE,STK,532872,INE232I01014,SPARC,B,,,,,SUN PHARMA ADVANCED RESEARCH C,208.95,224.40,207.45,223.40,223.40,204.00,,223.74,,,420493,92508190.00,3324,F1,1,,,,,
2026-06-12,2026-06-12,CM,BSE,STK,532873,INE191I01012,HDIL,Z,,,,,HOUSING DEVELOPMENT & INFRASTR,1.86,1.90,1.83,1.90,1.89,1.84,,1.88,,,47912,88694.00,71,F1,1,,,,,
2026-06-12,2026-06-12,CM,BSE,STK,532875,INE102I01027,ADSL,B,,,,,ALLIED DIGITAL SERVICES LTD.,117.00,118.00,115.25,117.05,117.75,114.20,,117.43,,,6578,763446.00,169,F1,1,,,,,
2026-06-12,2026-06-12,CM,BSE,STK,532878,INE385I01010,ALPA,B,,,,,ALPA LABORATORIES LTD.,64.40,70.70,63.60,69.71,69.40,68.00,,69.70,,,1239,86837.00,96,F1,1,,,,,
2026-06-12,2026-06-12,CM,BSE,STK,532880,INE800H01010,OMAXE,B,,,,,OMAXE LTD.,74.00,80.00,74.00,76.11,75.25,74.64,,75.96,,,57394,4435418.00,360,F1,1,,,,,
2026-06-12,2026-06-12,CM,BSE,STK,532884,INE056I01025,REFEX,A,,,,,REFEX INDUSTRIES LTD.,302.00,311.80,302.00,311.15,311.15,295.90,,311.00,,,26358,8136283.00,549,F1,1,,,,,
2026-06-12,2026-06-12,CM,BSE,STK,532885,INE483A01010,CENTRALBK,A,,,,,CENTRAL BANK OF INDIA,30.54,31.14,30.54,31.03,31.03,30.19,,31.04,,,1131783,34949461.00,2490,F1,1,,,,,
2026-06-12,2026-06-12,CM,BSE,STK,532886,INE105I01020,SELMC,B,,,,,SEL MANUFACTURING COMPANY LTD.,31.72,31.72,29.54,29.85,30.05,29.41,,29.98,,,775,23250.00,15,F1,1,,,,,
2026-06-12,2026-06-12,CM,BSE,STK,532888,INE022I01019,ASIANTILES,B,,,,,ASIAN GRANITO INDIA LTD.,59.57,61.77,59.21,60.05,59.92,59.18,,60.41,,,172300,10470243.00,980,F1,1,,,,,
2026-06-12,2026-06-12,CM,BSE,STK,532889,INE930H01031,KPRMILL,A,,,,,K.P.R.MILL LIMITED,1055.55,1080.80,1055.55,1068.55,1067.90,1054.35,,1065.80,,,7233,7742764.00,751,F1,1,,,,,
2026-06-12,2026-06-12,CM,BSE,STK,532890,INE142I01023,TAKE,T,,,,,TAKE SOLUTIONS LTD.,29.14,30.86,29.14,29.76,29.76,29.69,,29.68,,,39933,1196267.00,7432,F1,1,,,,,
2026-06-12,2026-06-12,CM,BSE,STK,532891,INE323I01011,PURVA,B,,,,,Puravankara Limited,206.90,209.80,204.15,209.80,209.80,203.20,,209.18,,,3963,818299.00,251,F1,1,,,,,
2026-06-12,2026-06-12,CM,BSE,STK,532892,INE338I01027,MOTILALOFS,A,,,,,MOTILAL OSWAL FINANCIAL SERVIC,858.70,890.75,852.30,888.80,888.80,831.50,,888.45,,,141120,123494702.00,4874,F1,1,,,,,
2026-06-12,2026-06-12,CM,BSE,STK,532893,INE222F01029,VTMLTD,X,,,,,VTM LTD.,59.40,59.40,57.75,58.37,58.37,58.21,,58.37,,,33808,1967829.00,128,F1,1,,,,,
2026-06-12,2026-06-12,CM,BSE,STK,532894,INE227G01018,INDOWIND,T,,,,,INDOWIND ENERGY LTD.,8.75,9.19,8.75,9.05,9.05,9.05,,9.00,,,31018,279640.00,134,F1,1,,,,,
2026-06-12,2026-06-12,CM,BSE,STK,532895,INE245I01016,NAGREEKCAP,T,,,,,NAGREEKA CAPITAL & INFRASTRUCT,27.31,28.49,27.31,27.94,27.94,28.74,,28.03,,,1137,31216.00,15,F1,1,,,,,
2026-06-12,2026-06-12,CM,BSE,STK,532896,INE387I01016,MAGNUM,B,,,,,MAGNUM VENTURES LTD.,19.56,19.74,19.55,19.65,19.74,19.55,,19.75,,,4,78.00,4,F1,1,,,,,
2026-06-12,2026-06-12,CM,BSE,STK,532898,INE752E01010,POWERGRID,A,,,,,POWER GRID CORPORATION OF INDI,289.90,289.90,282.80,284.80,285.00,286.65,,284.80,,,462318,131727505.00,4563,F1,1,,,,,
2026-06-12,2026-06-12,CM,BSE,STK,532899,INE455I01029,KSCL,A,,,,,KAVERI SEED COMPANY LTD.,882.30,887.00,876.85,878.50,876.85,871.30,,878.85,,,2397,2112160.00,164,F1,1,,,,,
2026-06-12,2026-06-12,CM,BSE,STK,532900,INE420C01059,PAISALO,A,,,,,PAISALO DIGITAL LIMITED,59.37,60.36,58.96,59.19,59.65,58.59,,59.30,,,262436,15633406.00,996,F1,1,,,,,
2026-06-12,2026-06-12,CM,BSE,STK,532902,INE429I01024,CCCL,B,,,,,CONSOLIDATED CONSTRUCTION CONS,14.79,15.00,14.64,14.83,14.80,14.60,,14.80,,,5988,88496.00,37,F1,1,,,,,
2026-06-12,2026-06-12,CM,BSE,STK,532904,INE550H01011,SUPREMEINF,B,,,,,SUPREME INFRASTRUCTURE INDIA L,88.90,88.90,77.66,79.81,79.81,79.59,,81.13,,,6562,529716.00,87,F1,1,,,,,
2026-06-12,2026-06-12,CM,BSE,STK,532906,INE215I01027,MAANALU,B,,,,,MAAN ALUMINIUM LTD.,118.40,126.00,118.40,124.00,124.65,121.00,,124.15,,,16273,2015326.00,178,F1,1,,,,,
2026-06-12,2026-06-12,CM,BSE,STK,532907,INE369I01014,IL&FSENGG,Z,,,,,IL&FS ENGINEERING AND CONSTRUC,29.32,29.32,29.00,29.00,29.00,29.32,,28.96,,,61,1769.00,3,F1,1,,,,,
2026-06-12,2026-06-12,CM,BSE,STK,532911,INE272G01014,PARLEIND,XT,,,,,PARLE INDUSTRIES LIMITED,11.35,11.35,11.35,11.35,11.35,10.81,,11.35,,,423271,4804125.00,344,F1,1,,,,,
2026-06-12,2026-06-12,CM,BSE,STK,532915,INE621H01010,RELIGARE,A,,,,,RELIGARE ENTERPRISES LTD.,232.65,241.10,230.15,239.85,239.40,231.40,,239.82,,,32963,7819354.00,383,F1,1,,,,,
2026-06-12,2026-06-12,CM,BSE,STK,532916,INE139I01011,BVCL,B,,,,,BARAK VALLEY CEMENTS LTD.,42.80,42.80,39.97,40.00,39.97,40.00,,41.49,,,60,2456.00,7,F1,1,,,,,
2026-06-12,2026-06-12,CM,BSE,STK,532918,INE575I01016,RATHIBAR,X,,,,,RATHI BARS LTD.,21.67,21.67,20.00,21.03,21.40,20.75,,21.03,,,15472,319099.00,110,F1,1,,,,,
2026-06-12,2026-06-12,CM,BSE,STK,532921,INE742F01042,ADANIPORTS,A,,,,,ADANI PORTS AND SPECIAL ECONOM,1805.00,1817.70,1778.70,1813.30,1813.30,1787.30,,1812.90,,,117352,211237309.00,6692,F1,1,,,,,
2026-06-12,2026-06-12,CM,BSE,STK,532922,INE532F01054,EDELWEISS,A,,,,,EDELWEISS FINANCIAL SERVICES L,107.30,110.05,106.70,109.75,109.50,105.25,,109.92,,,112764,12237043.00,1039,F1,1,,,,,
2026-06-12,2026-06-12,CM,BSE,STK,532923,INE722H01024,RGL,B,,,,,RENAISSANCE GLOBAL LIMITED,104.80,105.55,103.55,105.10,104.00,102.65,,104.66,,,36145,3769246.00,371,F1,1,,,,,
2026-06-12,2026-06-12,CM,BSE,STK,532924,INE094I01018,KOLTEPATIL,B,,,,,KOLTE-PATIL DEVELOPERS LTD.,352.00,354.70,346.40,351.55,352.85,345.30,,351.10,,,4529,1584931.00,125,F1,1,,,,,
2026-06-12,2026-06-12,CM,BSE,STK,532925,INE234I01028,KAUSHALYA,B,,,,,KAUSHALYA INFRASTRUCTURE DEVEL,823.00,840.00,823.00,840.00,840.00,833.30,,835.25,,,2,1663.00,2,F1,1,,,,,
2026-06-12,2026-06-12,CM,BSE,STK,532926,INE668F01031,JYOTHYLAB,A,,,,,JYOTHY LABS LIMITED,200.90,202.95,199.05,200.95,200.95,200.85,,200.96,,,55855,11188863.00,2037,F1,1,,,,,
2026-06-12,2026-06-12,CM,BSE,STK,532927,INE738I01010,ECLERX,A,,,,,ECLERX SERVICES LTD.,1355.00,1399.70,1344.40,1395.50,1399.45,1336.75,,1396.00,,,7668,10497145.00,731,F1,1,,,,,
2026-06-12,2026-06-12,CM,BSE,STK,532928,INE763I01026,TARIL,A,,,,,TRANSFORMERS AND RECTIFIERS (I,305.90,316.00,305.90,315.35,315.35,300.30,,315.15,,,105600,32922420.00,2030,F1,1,,,,,
2026-06-12,2026-06-12,CM,BSE,STK,532929,INE791I01019,BRIGADE,A,,,,,BRIGADE ENTERPRISES LTD.,655.55,681.00,655.00,678.50,678.50,648.45,,678.60,,,16773,11183325.00,1198,F1,1,,,,,
2026-06-12,2026-06-12,CM,BSE,STK,532930,INE661I01014,BGRENERGY,T,,,,,BGR ENERGY SYSTEMS LTD.,327.95,334.80,321.00,327.05,326.80,320.45,,324.90,,,9119,2970918.00,144,F1,1,,,,,
2026-06-12,2026-06-12,CM,BSE,STK,532932,INE015D01022,MANAKSIA,B,,,,,MANAKSIA LTD.,57.41,57.41,56.99,57.07,56.99,57.13,,57.32,,,314,17947.00,14,F1,1,,,,,
2026-06-12,2026-06-12,CM,BSE,STK,532933,INE386I01018,PORWAL,X,,,,,PORWAL AUTO COMPONENTS LTD.,47.99,51.99,46.32,49.40,48.01,47.27,,49.40,,,16448,797796.00,146,F1,1,,,,,
2026-06-12,2026-06-12,CM,BSE,STK,532934,INE095I01015,PPAP,B,,,,,PPAP,255.35,272.55,244.15,247.60,244.15,244.65,,248.87,,,23793,6080869.00,652,F1,1,,,,,
2026-06-12,2026-06-12,CM,BSE,STK,532935,INE298I01015,ARIES,B,,,,,ARIES AGRO LTD.,311.00,339.90,311.00,338.60,335.75,326.40,,336.55,,,1150,385606.00,144,F1,1,,,,,
2026-06-12,2026-06-12,CM,BSE,STK,532937,INE529I01021,KUANTUM,B,,,,,KUANTUM PAPERS LTD.,72.63,74.83,72.63,73.80,73.80,73.46,,74.78,,,1437,106374.00,37,F1,1,,,,,
2026-06-12,2026-06-12,CM,BSE,STK,532939,INE614G01033,RPOWER,A,,,,,RELIANCE POWER LTD.,26.13,26.74,26.03,26.62,26.62,25.72,,26.61,,,3225160,85024352.00,5278,F1,1,,,,,
2026-06-12,2026-06-12,CM,BSE,STK,532940,INE576I01022,JKIL,A,,,,,J.KUMAR INFRAPROJECTS LTD.,464.90,469.90,454.25,458.55,468.90,461.10,,458.90,,,5736,2645983.00,617,F1,1,,,,,
2026-06-12,2026-06-12,CM,BSE,STK,532941,INE792I01017,CORDSCABLE,T,,,,,CORDS CABLE INDUSTRIES LTD.,202.15,210.70,202.15,209.60,209.50,200.70,,211.86,,,2088,438954.00,25,F1,1,,,,,
2026-06-12,2026-06-12,CM,BSE,STK,532942,INE634I01029,KNRCON,A,,,,,KNR CONSTRUCTIONS LTD.,118.20,125.95,118.20,125.25,125.75,118.15,,125.17,,,1030606,124353513.00,2545,F1,1,,,,,
2026-06-12,2026-06-12,CM,BSE,STK,532944,INE809I01019,ONMOBILE,B,,,,,ONMOBILE,46.00,49.78,46.00,49.42,49.55,48.57,,49.59,,,8287,407097.00,104,F1,1,,,,,
2026-06-12,2026-06-12,CM,BSE,STK,532945,INE964H01014,SEPC,B,,,,,SEPC LIMITED,6.23,7.00,6.23,6.93,6.93,6.19,,6.91,,,2633631,17700233.00,1665,F1,1,,,,,
2026-06-12,2026-06-12,CM,BSE,STK,532946,INE863I01016,BANG,B,,,,,BANG OVERSEAS LTD.,34.00,35.00,31.00,31.67,31.67,33.74,,31.72,,,22166,720507.00,323,F1,1,,,,,
2026-06-12,2026-06-12,CM,BSE,STK,532947,INE821I01022,IRB,A,,,,,IRB INFRASTRUCTURE DEVELOPERS,20.49,20.86,20.34,20.82,20.82,20.20,,20.81,,,603759,12452622.00,1545,F1,1,,,,,
2026-06-12,2026-06-12,CM,BSE,STK,532951,INE871H01011,GSS,T,,,,,GSS INFOTECH LTD.,12.58,12.58,12.32,12.38,12.38,12.20,,12.35,,,343,4233.00,7,F1,1,,,,,
2026-06-12,2026-06-12,CM,BSE,STK,532953,INE951I01027,VGUARD,A,,,,,V-GUARD INDUSTRIES LTD.,295.50,299.95,295.05,299.25,298.10,293.45,,299.15,,,10815,3216272.00,260,F1,1,,,,,
2026-06-12,2026-06-12,CM,BSE,STK,532955,INE020B01018,RECLTD,A,,,,,REC LIMITED,341.95,348.60,340.00,348.10,348.50,336.55,,348.05,,,142880,49182117.00,2012,F1,1,,,,,
2026-06-12,2026-06-12,CM,BSE,STK,532957,INE642I01014,GOKAKTEX,X,,,,,GOKAK TEXTILES LTD.,56.01,59.50,56.00,58.29,58.00,58.00,,58.29,,,1204,69837.00,26,F1,1,,,,,
2026-06-12,2026-06-12,CM,BSE,STK,532966,INE615H01020,TITAGARH,A,,,,,TITAGARH RAIL SYSTEMS LIMITED,833.50,860.80,831.65,856.40,858.00,822.05,,858.55,,,53393,45229887.00,1674,F1,1,,,,,
2026-06-12,2026-06-12,CM,BSE,STK,532967,INE415I01015,KIRIINDUS,A,,,,,KIRI INDUSTRIES LTD.,395.20,401.70,395.20,400.35,400.05,393.10,,400.45,,,9311,3718734.00,342,F1,1,,,,,
2026-06-12,2026-06-12,CM,BSE,STK,532974,INE865C01022,BIRLAMONEY,B,,,,,ADITYA BIRLA MONEY LTD.,128.85,133.20,127.70,131.65,131.65,124.75,,131.33,,,4274,554623.00,187,F1,1,,,,,
2026-06-12,2026-06-12,CM,BSE,STK,532975,INE778I01024,TELOGICA,XT,,,,,TELOGICA LIMITED,10.00,10.70,9.77,9.87,9.99,10.20,,9.87,,,8520,85320.00,46,F1,1,,,,,
2026-06-12,2026-06-12,CM,BSE,STK,532976,INE091G01026,JAIBALAJI,T,,,,,JAI BALAJI INDUSTRIES LTD.,64.90,66.55,64.60,66.29,66.55,64.15,,65.86,,,11947,782915.00,157,F1,1,,,,,
2026-06-12,2026-06-12,CM,BSE,STK,532977,INE917I01010,BAJAJ-AUTO,A,,,,,BAJAJ AUTO LTD.,10200.55,10245.00,9922.00,10062.55,10062.55,10118.05,,10063.00,,,17826,178920842.00,4428,F1,1,,,,,
2026-06-12,2026-06-12,CM,BSE,STK,532978,INE918I01026,BAJAJFINSV,A,,,,,BAJAJ FINSERV LTD.,1667.55,1691.80,1648.85,1689.25,1689.25,1645.00,,1689.10,,,16213,27052297.00,1444,F1,1,,,,,
2026-06-12,2026-06-12,CM,BSE,STK,532980,INE020J01029,GOKUL,B,,,,,GOKUL REFOILS & SOLVENT LTD.,40.90,44.13,40.50,41.19,41.40,40.12,,40.69,,,10081,423898.00,185,F1,1,,,,,
2026-06-12,2026-06-12,CM,BSE,STK,532983,INE105J01010,RPGLIFE,B,,,,,RPG LIFE SCIENCES LTD.,2199.95,2300.00,2188.40,2209.50,2209.50,2200.25,,2216.40,,,549,1221363.00,126,F1,1,,,,,
2026-06-12,2026-06-12,CM,BSE,STK,532985,INF174KA1JD7,SENSEX1,A,,,,,KOTAK MAHINDRA MUTUAL FUND,81.70,82.77,81.31,82.35,82.77,80.90,,82.35,,,6257,513582.00,83,F1,1,,,,,
2026-06-12,2026-06-12,CM,BSE,STK,532986,INE368I01016,NIRAJ,T,,,,,NIRAJ CEMENT STRUCTURALS LTD.,29.17,29.17,29.17,29.17,29.17,27.79,,29.17,,,250,7292.00,3,F1,1,,,,,
2026-06-12,2026-06-12,CM,BSE,STK,532989,INE878I01022,BAFNAPH,T,,,,,BAFNA PHARMACEUTICALS LTD.,168.25,174.00,166.25,166.25,166.25,174.95,,165.45,,,6653,1119449.00,66,F1,1,,,,,
2026-06-12,2026-06-12,CM,BSE,STK,532992,INE790D01020,CHLLTD,X,,,,,CHL LTD.,31.00,31.00,30.96,30.96,30.96,29.39,,30.96,,,17,526.00,4,F1,1,,,,,
2026-06-12,2026-06-12,CM,BSE,STK,532993,INE955I01044,SEJALLTD,T,,,,,SEJAL GLASS LIMITED,667.90,674.95,650.00,653.00,650.05,660.75,,656.10,,,2456,1610883.00,46,F1,1,,,,,
2026-06-12,2026-06-12,CM,BSE,STK,532994,INE877I01016,ARCHIDPLY,B,,,,,ARCHIDPLY INDUSTRIES LTD.,79.75,83.90,77.82,82.53,82.53,80.85,,82.40,,,1147,93519.00,37,F1,1,,,,,
2026-06-12,2026-06-12,CM,BSE,STK,532998,INE947I01017,LOTUSEYE,B,,,,,Lotus Eye Hospital And Institu,137.65,138.50,130.15,134.90,133.50,134.10,,135.08,,,7939,1068876.00,306,F1,1,,,,,
2026-06-12,2026-06-12,CM,BSE,STK,533001,INE323J01019,SOMICONVEY,B,,,,,SOMI CONVEYOR BELTINGS LTD.,99.00,99.00,96.90,97.40,98.00,97.00,,98.05,,,258,25388.00,38,F1,1,,,,,
2026-06-12,2026-06-12,CM,BSE,STK,533007,INE201J01017,LGBFORGE,XT,,,,,LGB FORGE LTD.,6.30,6.30,5.86,5.99,5.99,6.16,,5.99,,,229560,1370286.00,315,F1,1,,,,,
2026-06-12,2026-06-12,CM,BSE,STK,533012,INE197J01017,LPDC,B,,,,,LANDMARK PROPERTY DEVELOPMENT,6.73,6.78,6.35,6.60,6.56,6.72,,6.61,,,3243,21123.00,37,F1,1,,,,,
2026-06-12,2026-06-12,CM,BSE,STK,533014,INE176J01011,SICAGEN,B,,,,,SICAGEN INDIA LTD.,55.25,56.89,54.00,54.28,54.00,54.16,,54.32,,,819,44827.00,19,F1,1,,,,,
2026-06-12,2026-06-12,CM,BSE,STK,533019,INE456H01029,SIMPLXPAP,X,,,,,SIMPLEX PAPERS LTD.,1206.00,1212.00,1205.50,1205.50,1205.50,1268.90,,1205.50,,,42,50648.00,13,F1,1,,,,,
2026-06-12,2026-06-12,CM,BSE,STK,533022,INE144J01027,20MICRONS,B,,,,,20 MICRONS LTD.,182.80,184.65,180.85,183.00,183.50,179.40,,182.38,,,5313,974617.00,264,F1,1,,,,,
2026-06-12,2026-06-12,CM,BSE,STK,533023,INE342J01019,ZFCVINDIA,A,,,,,ZF Commercial Vehicle Control,14788.00,14974.95,14700.00,14716.70,14700.00,14591.80,,14714.00,,,504,7466377.00,341,F1,1,,,,,
2026-06-12,2026-06-12,CM,BSE,STK,533029,INE773I01017,ALKALI,T,,,,,ALKALI METALS LTD.,86.58,86.71,86.28,86.38,86.28,82.59,,86.74,,,990,85667.00,12,F1,1,,,,,
2026-06-12,2026-06-12,CM,BSE,STK,533033,INE858B01029,ISGEC,A,,,,,ISGEC HEAVY ENGINEERING LTD.,891.35,915.00,884.30,911.05,912.40,874.85,,910.00,,,1770,1590940.00,155,F1,1,,,,,
2026-06-12,2026-06-12,CM,BSE,STK,533047,INE919H01018,IMFA,B,,,,,INDIAN METALS & FERRO ALLOYS L,1396.70,1410.05,1371.05,1398.75,1395.00,1379.35,,1398.90,,,4178,5821195.00,405,F1,1,,,,,
2026-06-12,2026-06-12,CM,BSE,STK,533048,INE065J01024,TPHQ,B,,,,,Teamo Productions HQ Limited,0.49,0.50,0.48,0.49,0.49,0.49,,0.48,,,149170,73296.00,81,F1,1,,,,,
2026-06-12,2026-06-12,CM,BSE,STK,533056,INE359B01010,VEDAVAAG,X,,,,,VEDAVAAG SYSTEMS LTD.,19.06,19.82,19.06,19.62,19.62,19.41,,19.62,,,8282,162125.00,61,F1,1,,,,,
2026-06-12,2026-06-12,CM,BSE,STK,533080,INE893J01029,MOLDTKPAC,B,,,,,MOLD-TEK PACKAGING LIMITED,682.35,683.05,663.00,676.45,665.50,669.45,,676.10,,,3211,2160007.00,199,F1,1,,,,,
2026-06-12,2026-06-12,CM,BSE,STK,533088,INE998I01010,MHRIL,B,,,,,MAHINDRA HOLIDAYS & RESORTS IN,231.35,237.55,224.50,235.80,235.80,231.30,,235.50,,,30484,7022700.00,1475,F1,1,,,,,
2026-06-12,2026-06-12,CM,BSE,STK,533090,INE688J01023,LANDSMILL,B,,,,,Landsmill Green Limited,0.87,0.88,0.85,0.87,0.88,0.86,,0.86,,,230792,199033.00,153,F1,1,,,,,
2026-06-12,2026-06-12,CM,BSE,STK,533093,INE294G01026,ROML,B,,,,,RAJ OIL MILLS LTD.,45.30,45.30,45.30,45.30,45.30,43.67,,45.40,,,6,271.00,5,F1,1,,,,,
2026-06-12,2026-06-12,CM,BSE,STK,533095,INE083K01017,BENGALASM,B,,,,,BENGAL & ASSAM COMPANY LTD.,6360.05,6594.90,6360.05,6476.70,6499.90,6468.00,,6427.50,,,136,881156.00,34,F1,1,,,,,
2026-06-12,2026-06-12,CM,BSE,STK,533096,INE814H01029,ADANIPOWER,A,,,,,ADANI POWER LTD.,217.95,223.85,216.40,222.90,222.90,215.65,,223.06,,,2179316,478899946.00,13931,F1,1,,,,,
2026-06-12,2026-06-12,CM,BSE,STK,533098,INE848E01016,NHPC,A,,,,,NHPC LTD.,72.62,73.89,72.62,73.77,73.77,72.13,,73.79,,,646432,47390947.00,3909,F1,1,,,,,
2026-06-12,2026-06-12,CM,BSE,STK,533100,INE429K01012,PEIL,X,,,,,PREMIER ENERGY AND INFRASTRUCT,6.70,6.70,6.00,6.21,6.21,6.26,,6.21,,,7658,47568.00,38,F1,1,,,,,
2026-06-12,2026-06-12,CM,BSE,STK,533101,INE360J01011,SURYAAMBA,X,,,,,SURYAAMBA SPINNING MILLS LTD.,133.00,133.00,114.55,125.00,125.00,121.80,,125.00,,,5,603.00,5,F1,1,,,,,
2026-06-12,2026-06-12,CM,BSE,STK,533104,INE615I01010,GLOBUSSPR,B,,,,,GLOBUS SPIRITS LTD.,847.00,859.10,842.05,852.45,856.40,835.60,,852.45,,,3011,2555016.00,221,F1,1,,,,,
2026-06-12,2026-06-12,CM,BSE,STK,533106,INE274J01014,OIL,A,,,,,OIL INDIA LTD.,425.20,425.90,414.80,418.05,418.05,429.40,,417.80,,,368994,154755107.00,9759,F1,1,,,,,
2026-06-12,2026-06-12,CM,BSE,STK,533107,INE542F01020,SWANDEF,T,,,,,SWAN DEFENCE AND HEAVY INDUSTR,1998.00,2040.00,1960.00,1968.70,1973.00,1966.80,,1977.50,,,522,1037647.00,61,F1,1,,,,,
2026-06-12,2026-06-12,CM,BSE,STK,533108,INE274K01012,BTTL,B,,,,,BHILWARA TECHNICAL TEXTILES LT,34.78,34.78,33.85,33.85,33.85,34.10,,34.43,,,300,10228.00,8,F1,1,,,,,
2026-06-12,2026-06-12,CM,BSE,STK,533110,INE318K01025,SPSL,X,,,,,SHREE PRECOATED STEELS LTD.,13.15,13.15,13.00,13.00,13.00,12.53,,13.00,,,1105,14447.00,9,F1,1,,,,,
2026-06-12,2026-06-12,CM,BSE,STK,533121,INE201K01015,EXPLEOSOL,B,,,,,EXPLEO SOLUTIONS LIMITED,796.50,796.50,765.00,783.95,786.10,772.80,,784.85,,,944,732256.00,175,F1,1,,,,,
2026-06-12,2026-06-12,CM,BSE,STK,533122,INE399K01017,RTNPOWER,A,,,,,RATTANINDIA POWER LTD.,9.01,9.27,8.99,9.24,9.24,9.00,,9.24,,,1485948,13577625.00,4156,F1,1,,,,,
2026-06-12,2026-06-12,CM,BSE,STK,533137,INE947J01015,DEN,B,,,,,DEN NETWORKS LTD,26.48,27.35,26.48,27.27,27.33,26.48,,27.19,,,19927,538235.00,191,F1,1,,,,,
2026-06-12,2026-06-12,CM,BSE,STK,533138,INE563J01010,ASTEC,B,,,,,ASTEC LIFESCIENCES LIMITED,787.00,790.35,767.10,769.00,769.00,770.55,,769.55,,,2722,2118382.00,112,F1,1,,,,,
2026-06-12,2026-06-12,CM,BSE,STK,533146,INE250K01012,DLINKINDIA,B,,,,,D-LINK (INDIA) LTD,492.50,505.00,492.50,501.70,502.50,491.20,,501.65,,,9469,4752039.00,362,F1,1,,,,,
2026-06-12,2026-06-12,CM,BSE,STK,533148,INE121E01018,JSWENERGY,A,,,,,JSW ENERGY LTD,564.45,565.50,549.75,559.60,560.10,552.05,,559.35,,,97148,54055947.00,3338,F1,1,,,,,
2026-06-12,2026-06-12,CM,BSE,STK,533149,INE143K01019,YUNIKM,X,,,,,Yunik Managing Advisors Limite,7.45,7.45,7.45,7.45,7.45,7.45,,7.45,,,681,5073.00,6,F1,1,,,,,
2026-06-12,2026-06-12,CM,BSE,STK,533150,INE484J01027,GODREJPROP,A,,,,,GODREJ PROPERTIES LTD,1654.40,1696.00,1638.00,1689.70,1689.70,1620.55,,1691.30,,,48732,81332654.00,2531,F1,1,,,,,
2026-06-12,2026-06-12,CM,BSE,STK,533151,INE950I01011,DBCORP,B,,,,,D B CORP LTD,200.65,203.00,200.00,202.35,203.00,199.40,,202.63,,,3650,734822.00,127,F1,1,,,,,
2026-06-12,2026-06-12,CM,BSE,STK,533152,INE912H01013,MBLINFRA,T,,,,,MBL Infrastructure Ltd,26.00,27.39,26.00,27.38,27.38,26.45,,26.55,,,1433,38753.00,8,F1,1,,,,,
2026-06-12,2026-06-12,CM,BSE,STK,533155,INE797F01020,JUBLFOOD,A,,,,,JUBILANT FOODWORKS LTD,416.15,421.55,411.10,419.45,419.50,413.25,,419.35,,,127186,53059861.00,3972,F1,1,,,,,
2026-06-12,2026-06-12,CM,BSE,STK,533156,INE893I01013,VASCONEQ,T,,,,,VASCON ENGINEERS LTD,34.00,34.99,33.09,34.52,34.52,34.83,,34.48,,,67626,2309026.00,403,F1,1,,,,,
2026-06-12,2026-06-12,CM,BSE,STK,533158,INE085J01014,THANGAMAYL,A,,,,,THANGAMAYIL JEWELLERY LTD,5495.45,5559.90,5300.00,5474.40,5483.55,5411.15,,5478.60,,,3977,21647623.00,872,F1,1,,,,,
2026-06-12,2026-06-12,CM,BSE,STK,533160,INE879I01012,DBREALTY,T,,,,,VALOR ESTATE LIMITED,109.05,112.55,108.30,112.15,112.15,110.55,,111.88,,,16007,1777658.00,205,F1,1,,,,,
2026-06-12,2026-06-12,CM,BSE,STK,533161,INE753K01015,EMMBI,B,,,,,EMMBI INDUSTRIES LTD,89.70,89.70,80.37,84.50,84.50,83.60,,83.25,,,731,60589.00,28,F1,1,,,,,
2026-06-12,2026-06-12,CM,BSE,STK,533162,INE982F01036,HATHWAY,B,,,,,HATHWAY CABLE & DATACOM LTD,10.37,10.75,10.37,10.69,10.70,10.35,,10.68,,,102685,1086553.00,317,F1,1,,,,,
2026-06-12,2026-06-12,CM,BSE,STK,533164,INE141K01013,TEXMOPIPES,B,,,,,TEXMO PIPES & PRODUCTS LTD.,44.28,44.50,44.00,44.38,44.45,43.17,,44.41,,,4523,200172.00,98,F1,1,,,,,
2026-06-12,2026-06-12,CM,BSE,STK,533166,INE108E01023,SUNDARAM,B,,,,,SUNDARAM MULTI PAP LTD.,1.38,1.41,1.36,1.39,1.39,1.38,,1.38,,,38147,52583.00,70,F1,1,,,,,
2026-06-12,2026-06-12,CM,BSE,STK,533167,INE312J01012,COROENGG,X,,,,,COROMANDEL ENGINEERING COMPANY,56.89,56.89,54.60,54.85,54.60,54.22,,54.85,,,5116,286187.00,35,F1,1,,,,,
2026-06-12,2026-06-12,CM,BSE,STK,533168,INE847C01020,ROSSELLIND,B,,,,,ROSSELL INDIA LTD.,53.93,54.75,53.80,54.50,54.50,53.76,,53.89,,,159,8596.00,47,F1,1,,,,,
2026-06-12,2026-06-12,CM,BSE,STK,533169,INE949H01023,MANINFRA,A,,,,,MAN INFRACONSTRUCTION LTD.,112.00,112.50,110.10,111.00,111.00,110.15,,110.98,,,74187,8231101.00,1325,F1,1,,,,,
2026-06-12,2026-06-12,CM,BSE,STK,533170,INE864J01012,TAMBOLIIN,B,,,,,TAMBOLI INDUSTRIES LIMITED,173.25,183.95,173.25,181.25,182.00,173.25,,175.41,,,93,16234.00,7,F1,1,,,,,
2026-06-12,2026-06-12,CM,BSE,STK,533172,INF205KA1BP1,IVZINGOLD,E,,,,,INVESCO India Gold Exchange Tr,126.80,128.65,126.80,128.00,128.00,125.35,,128.60,,,735,94165.00,19,F1,1,,,,,
2026-06-12,2026-06-12,CM,BSE,STK,533177,INE975G01012,IL&FSTRANS,Z,,,,,IL&FS TRANSPORTATION NETWORKS,2.32,2.45,2.32,2.45,2.45,2.39,,2.39,,,3387,7929.00,7,F1,1,,,,,
2026-06-12,2026-06-12,CM,BSE,STK,533179,INE262H01021,PERSISTENT,A,,,,,PERSISTENT SYSTEMS LTD.,4954.70,4954.70,4797.95,4810.00,4810.00,4871.15,,4811.00,,,70371,341595452.00,2734,F1,1,,,,,
2026-06-12,2026-06-12,CM,BSE,STK,533181,INE566K01011,ISFT,B,,,,,INTRASOFT TECHNOLOGIES LTD.,83.00,83.00,78.70,82.16,82.16,83.14,,84.77,,,53,4224.00,4,F1,1,,,,,
2026-06-12,2026-06-12,CM,BSE,STK,533192,INE790B01024,KCPSUGIND,B,,,,,KCP SUGAR & INDUSTRIES CORPORA,23.21,23.21,22.43,22.59,22.60,22.73,,22.48,,,4087,92323.00,95,F1,1,,,,,
2026-06-12,2026-06-12,CM,BSE,STK,533193,INE134B01017,KECL,T,,,,,KIRLOSKAR ELECTRIC COMPANY LTD,98.70,99.95,98.00,99.95,99.95,99.95,,99.95,,,4356,429585.00,52,F1,1,,,,,
2026-06-12,2026-06-12,CM,BSE,STK,533202,INE639K01016,SATCH,XT,,,,,SATCHMO HOLDINGS LIMITED,5.14,5.26,5.06,5.08,5.08,5.09,,5.08,,,127150,650945.00,133,F1,1,,,,,
2026-06-12,2026-06-12,CM,BSE,STK,533203,INE747K01017,TARAPUR,B,,,,,TARAPUR TRANSFORMERS LTD,19.20,19.20,19.20,19.20,19.20,18.32,,19.25,,,19,364.00,1,F1,1,,,,,
2026-06-12,2026-06-12,CM,BSE,STK,533206,INE002L01015,SJVN,A,,,,,SJVN LTD,71.35,72.99,71.15,72.66,72.66,70.30,,72.61,,,159469,11464385.00,1055,F1,1,,,,,
2026-06-12,2026-06-12,CM,BSE,STK,533208,INE830C01026,EMAMIPAP,B,,,,,EMAMI PAPER MILLS LTD.,81.99,85.83,80.10,85.54,85.83,81.99,,85.62,,,8918,750800.00,307,F1,1,,,,,
2026-06-12,2026-06-12,CM,BSE,STK,533210,INE798K01010,KRITINUT,T,,,,,KRITI NUTRIENTS LTD,78.25,84.97,78.25,81.35,84.97,81.50,,82.75,,,2581,209442.00,22,F1,1,,,,,
2026-06-12,2026-06-12,CM,BSE,STK,533212,INE265D01015,GKB,X,,,,,GKB OPHTHALMICS LTD.,64.40,64.40,61.30,63.69,63.82,63.49,,63.69,,,836,52328.00,24,F1,1,,,,,
2026-06-12,2026-06-12,CM,BSE,STK,533217,INE871K01015,HMVL,B,,,,,HINDUSTAN MEDIA VENTURES LTD.,75.30,80.00,75.30,78.16,78.16,78.32,,78.69,,,2126,165073.00,39,F1,1,,,,,
2026-06-12,2026-06-12,CM,BSE,STK,533218,INE778K01012,EMAMIREAL,T,,,,,EMAMI REALTY LIMITED,82.00,82.11,82.00,82.11,82.11,81.55,,82.81,,,15,1230.00,2,F1,1,,,,,
2026-06-12,2026-06-12,CM,BSE,STK,533221,INE915K01010,AHLWEST,T,,,,,ASIAN HOTELS (WEST) LTD.,298.35,298.35,298.35,298.35,298.35,284.15,,560.70,,,152,45349.00,4,F1,1,,,,,
2026-06-12,2026-06-12,CM,BSE,STK,533227,INE926K01017,AHLEAST,B,,,,,ASIAN HOTELS (EAST) LTD.,156.00,158.35,153.00,153.00,153.00,152.60,,153.31,,,4814,753798.00,103,F1,1,,,,,
2026-06-12,2026-06-12,CM,BSE,STK,533229,INE933K01021,BAJAJCON,B,,,,,BAJAJ CONSUMER CARE LIMITED,576.20,595.05,573.05,591.35,594.80,565.80,,591.65,,,19726,11548860.00,794,F1,1,,,,,
2026-06-12,2026-06-12,CM,BSE,STK,533230,INF179KC1981,HDFCGOLD,E,,,,,HDFC MUTUAL FUND - HDFC GOLD E,125.24,125.99,124.74,125.87,125.71,123.25,,125.86,,,216716,27173465.00,1494,F1,1,,,,,
2026-06-12,2026-06-12,CM,BSE,STK,533239,INE696K01024,PRAKASHSTL,B,,,,,PRAKASH STEELAGE LTD.,4.26,4.40,4.26,4.30,4.39,4.34,,4.35,,,42432,183418.00,181,F1,1,,,,,
2026-06-12,2026-06-12,CM,BSE,STK,533244,INF109KC1NT3,GOLDIETF,E,,,,,ICICI Prudential Gold ETF,125.74,126.46,125.28,126.29,126.29,123.69,,126.31,,,233277,29367492.00,2513,F1,1,,,,,
2026-06-12,2026-06-12,CM,BSE,STK,533248,INE517F01014,GPPL,A,,,,,GUJARAT PIPAVAV PORT LTD.,150.55,154.30,150.30,153.95,154.00,149.30,,153.88,,,74821,11383663.00,1114,F1,1,,,,,
2026-06-12,2026-06-12,CM,BSE,STK,533252,INE389K01018,WELINV,T,,,,,WELSPUN INVESTMENTS AND COMMER,1765.20,1765.20,1765.20,1765.20,1765.20,1765.20,,1788.00,,,25,44130.00,2,F1,1,,,,,
2026-06-12,2026-06-12,CM,BSE,STK,533257,INE866K01023,WAAREEINDO,B,,,,,INDOSOLAR LTD.,373.65,384.35,371.00,380.00,380.00,372.95,,381.00,,,6113,2296296.00,337,F1,1,,,,,
2026-06-12,2026-06-12,CM,BSE,STK,533259,INE019J01013,HEALTHX,B,,,,,HEALTH X PLATFORM LIMITED,281.30,284.95,277.05,280.30,279.55,277.90,,280.90,,,124,34740.00,13,F1,1,,,,,
2026-06-12,2026-06-12,CM,BSE,STK,533260,INE521J01018,CPCAP,T,,,,,CP CAPITAL LIMITED,94.80,95.00,93.95,94.00,94.00,91.25,,95.00,,,10491,986508.00,53,F1,1,,,,,
2026-06-12,2026-06-12,CM,BSE,STK,533262,INE874I01013,RAMKY,B,,,,,RAMKY INFRASTRUCTURE LTD.,423.00,439.20,423.00,438.30,436.00,413.15,,438.35,,,5113,2204816.00,330,F1,1,,,,,
2026-06-12,2026-06-12,CM,BSE,STK,533263,INE999K01014,GREENPOWER,B,,,,,ORIENT GREEN POWER COMPANY LTD,10.85,11.18,10.85,11.15,11.15,10.83,,11.15,,,335970,3729477.00,765,F1,1,,,,,
2026-06-12,2026-06-12,CM,BSE,STK,533267,INE068L01024,CANTABIL,B,,,,,CANTABIL RETAIL INDIA LTD.,216.20,218.15,214.10,217.05,216.00,214.85,,217.04,,,1470,317884.00,78,F1,1,,,,,
2026-06-12,2026-06-12,CM,BSE,STK,533268,INE351L01016,SEATV,X,,,,,SEA TV NETWORK LTD.,3.33,3.33,3.30,3.30,3.30,3.32,,3.30,,,3082,10173.00,5,F1,1,,,,,
2026-06-12,2026-06-12,CM,BSE,STK,533269,INE956G01038,WABAG,A,,,,,VA TECH WABAG LTD.,1548.00,1585.00,1530.80,1578.35,1580.00,1522.30,,1577.80,,,12144,18913107.00,921,F1,1,,,,,
2026-06-12,2026-06-12,CM,BSE,STK,533271,INE442H01029,ASHOKA,A,,,,,ASHOKA BUILDCON LTD.,115.50,123.90,115.50,123.30,123.30,115.25,,123.08,,,88750,10729397.00,1175,F1,1,,,,,
2026-06-12,2026-06-12,CM,BSE,STK,533272,INE209L01016,JWL,A,,,,,JUPITER WAGONS LIMITED,266.75,276.95,266.75,275.35,275.35,264.35,,275.60,,,47702,12980865.00,831,F1,1,,,,,
2026-06-12,2026-06-12,CM,BSE,STK,533273,INE093I01010,OBEROIRLTY,A,,,,,OBEROI REALTY LTD.,1618.45,1634.40,1591.20,1622.95,1634.40,1582.95,,1622.80,,,11487,18463152.00,1208,F1,1,,,,,
2026-06-12,2026-06-12,CM,BSE,STK,533274,INE811K01011,PRESTIGE,A,,,,,PRESTIGE ESTATES PROJECTS LTD.,1333.40,1392.35,1333.40,1386.30,1380.00,1329.30,,1387.20,,,26793,36582704.00,2081,F1,1,,,,,
2026-06-12,2026-06-12,CM,BSE,STK,533275,INE482J01021,SHAH,B,,,,,SHAH METACORP LIMITED,4.70,4.79,4.56,4.73,4.76,4.66,,4.73,,,588153,2757369.00,583,F1,1,,,,,
2026-06-12,2026-06-12,CM,BSE,STK,533278,INE522F01014,COALINDIA,A,,,,,COAL INDIA LTD.,453.10,453.15,439.55,443.70,443.70,446.10,,443.50,,,405998,179956231.00,7020,F1,1,,,,,
2026-06-12,2026-06-12,CM,BSE,STK,533282,INE024L01027,GRAVITA,A,,,,,GRAVITA INDIA LTD.,1585.00,1614.60,1558.85,1606.15,1606.15,1571.55,,1603.00,,,12815,20312872.00,1278,F1,1,,,,,
2026-06-12,2026-06-12,CM,BSE,STK,533284,INE324L01013,RPPINFRA,B,,,,,RPP INFRA PROJECTS LTD.,60.00,62.00,59.56,61.84,61.24,59.48,,61.91,,,6866,421519.00,157,F1,1,,,,,
2026-06-12,2026-06-12,CM,BSE,STK,533285,INE245L01028,RDBIPL,X,,,,,RDB INFRASTRUCTURE AND POWER L,24.80,24.80,23.45,24.32,24.49,23.90,,24.32,,,61686,1478849.00,155,F1,1,,,,,
2026-06-12,2026-06-12,CM,BSE,STK,533286,INE490G01020,MOIL,A,,,,,MOIL LTD.,284.10,293.20,284.10,291.85,293.20,283.05,,291.90,,,27161,7842617.00,1384,F1,1,,,,,
2026-06-12,2026-06-12,CM,BSE,STK,533287,INE565L01011,ZEELEARN,T,,,,,ZEE LEARN LTD.,6.92,7.18,6.92,7.00,7.00,6.84,,7.03,,,108963,762965.00,140,F1,1,,,,,
2026-06-12,2026-06-12,CM,BSE,STK,533289,INE096L01025,KTIL,X,,,,,KESAR TERMINALS & INFRASTRUCTU,63.90,63.90,63.50,63.90,63.90,63.89,,63.90,,,103,6581.00,4,F1,1,,,,,
2026-06-12,2026-06-12,CM,BSE,STK,533292,INE619I01012,A2ZINFRA,B,,,,,A2Z INFRA ENGINEERING LIMITED,14.85,14.85,13.12,14.25,14.07,14.04,,14.16,,,26044,357224.00,105,F1,1,,,,,
2026-06-12,2026-06-12,CM,BSE,STK,533293,INE146L01010,KIRLOSENG,A,,,,,KIRLOSKAR OIL ENGINES LTD.,1808.00,1902.50,1805.80,1888.40,1900.50,1797.50,,1890.30,,,26532,49345162.00,4269,F1,1,,,,,
2026-06-12,2026-06-12,CM,BSE,STK,533294,INE722J01012,RKDL,B,,,,,RAVI KUMAR DISTILLERIES LTD.,18.03,18.99,18.03,18.18,18.18,18.00,,18.47,,,1333,25065.00,16,F1,1,,,,,
2026-06-12,2026-06-12,CM,BSE,STK,533295,INE608A01012,PSB,B,,,,,PUNJAB & SIND BANK,23.52,24.21,23.44,24.03,24.03,23.42,,24.02,,,159084,3776706.00,1119,F1,1,,,,,
2026-06-12,2026-06-12,CM,BSE,STK,533296,INE360L01017,FMNL,T,,,,,FUTURE MARKET NETWORKS LTD.,10.28,10.28,10.06,10.20,10.20,10.44,,10.22,,,6981,71375.00,17,F1,1,,,,,
2026-06-12,2026-06-12,CM,BSE,STK,533298,INE272L01022,SURANASOL,B,,,,,SURANA SOLAR LTD.,27.65,27.65,27.10,27.37,27.50,26.57,,27.43,,,4822,131568.00,106,F1,1,,,,,
2026-06-12,2026-06-12,CM,BSE,STK,533301,INE268L01046,SHEKHAWATI,T,,,,,SHEKHAWATI INDUSTRIES LIMITED,15.14,15.14,14.02,14.24,14.75,14.42,,14.33,,,3566,50858.00,20,F1,1,,,,,
2026-06-12,2026-06-12,CM,BSE,STK,533302,INE029L01018,KICL,B,,,,,KALYANI INVESTMENT COMPANY LTD,5005.40,5125.50,4945.40,5024.70,5020.00,5005.40,,5029.00,,,183,931335.00,30,F1,1,,,,,
2026-06-12,2026-06-12,CM,BSE,STK,533303,INE878K01010,BFINVEST,B,,,,,BF INVESTMENT LTD.,430.00,442.25,430.00,437.70,438.15,422.30,,437.30,,,1455,634472.00,111,F1,1,,,,,
2026-06-12,2026-06-12,CM,BSE,STK,533306,INE519C01017,SUMMITSEC,B,,,,,SUMMIT SECURITIES LTD.,1474.95,1499.00,1465.50,1497.10,1482.70,1433.20,,1497.30,,,284,421376.00,77,F1,1,,,,,
2026-06-12,2026-06-12,CM,BSE,STK,533315,INE690J01011,INOVSYNTH,XT,,,,,INNOVASSYNTH TECHNOLOGIES (IND,114.89,114.89,114.89,114.89,114.89,112.64,,114.89,,,2387,274242.00,17,F1,1,,,,,
2026-06-12,2026-06-12,CM,BSE,STK,533316,INE577L01016,STEL,B,,,,,STEL HOLDINGS LIMITED,554.10,556.15,545.50,550.90,550.90,546.20,,554.10,,,680,374468.00,79,F1,1,,,,,
2026-06-12,2026-06-12,CM,BSE,STK,533326,INE621L01012,TEXRAIL,A,,,,,TEXMACO RAIL & ENGINEERING LTD,101.30,106.20,101.30,105.90,105.90,101.00,,105.87,,,310817,32527884.00,2030,F1,1,,,,,
2026-06-12,2026-06-12,CM,BSE,STK,533329,INE611L01021,INDTERRAIN,B,,,,,INDIAN TERRAIN FASHIONS LTD.,32.57,32.57,31.00,31.14,31.99,31.35,,31.22,,,1007,31704.00,51,F1,1,,,,,
2026-06-12,2026-06-12,CM,BSE,STK,533333,INE045J01034,FCL,B,,,,,FINEOTEX CHEMICAL LTD.,38.15,39.68,38.00,39.22,39.22,37.04,,39.17,,,817781,31620819.00,1879,F1,1,,,,,
2026-06-12,2026-06-12,CM,BSE,STK,533336,INE320L01011,DHUNINV,B,,,,,DHUNSERI INVESTMENTS LTD.,775.00,797.05,775.00,790.50,790.00,800.00,,788.20,,,23,18069.00,5,F1,1,,,,,
2026-06-12,2026-06-12,CM,BSE,STK,533339,INE251B01027,ZENTEC,A,,,,,ZEN TECHNOLOGIES LTD.,1740.00,1816.00,1737.45,1794.10,1794.10,1715.70,,1793.80,,,111948,199424154.00,5964,F1,1,,,,,
2026-06-12,2026-06-12,CM,BSE,STK,533343,INE597L01014,LOVABLE,B,,,,,LOVABLE LINGERIE LTD.,70.25,70.95,70.12,70.68,70.60,69.84,,70.50,,,328,23106.00,15,F1,1,,,,,
2026-06-12,2026-06-12,CM,BSE,STK,533344,INE560K01014,PFS,B,,,,,PTC INDIA FINANCIAL SERVICES L,30.34,30.65,30.01,30.55,30.61,29.96,,30.52,,,42906,1302409.00,229,F1,1,,,,,
2026-06-12,2026-06-12,CM,BSE,STK,533385,INF247L01AP3,MON100,E,,,,,MOTILAL OSWAL MOST SHARES NASD,318.03,318.03,318.03,318.03,318.03,321.06,,318.03,,,6821,2169282.00,43,F1,1,,,,,
2026-06-12,2026-06-12,CM,BSE,STK,533398,INE414G01012,MUTHOOTFIN,A,,,,,MUTHOOT FINANCE LTD.,2969.95,3051.00,2951.90,3039.10,3039.10,2887.75,,3042.10,,,31602,94630426.00,4454,F1,1,,,,,
2026-06-12,2026-06-12,CM,BSE,STK,533407,INE672K01025,TRUEGREEN,XT,,,,,TRUE GREEN BIO ENERGY LIMITED,185.65,185.65,185.65,185.65,185.65,182.05,,185.65,,,6786,1259820.00,32,F1,1,,,,,
2026-06-12,2026-06-12,CM,BSE,STK,533408,INF209KB18D3,BSLGOLDETF,E,,,,,Aditya Birla Sun Life Mutual F,129.51,129.59,128.52,129.57,129.59,127.38,,129.43,,,10914,1408702.00,244,F1,1,,,,,
2026-06-12,2026-06-12,CM,BSE,STK,533427,INE932K01015,VMS,X,,,,,VMS INDUSTRIES LTD.,22.00,23.40,21.50,22.98,22.98,21.72,,22.98,,,36452,824456.00,190,F1,1,,,,,
2026-06-12,2026-06-12,CM,BSE,STK,533451,INE725L01011,KARMAENG,B,,,,,KARMA ENERGY LTD.,41.99,41.99,41.99,41.99,41.99,41.00,,41.41,,,43,1805.00,9,F1,1,,,,,
2026-06-12,2026-06-12,CM,BSE,STK,533452,INE726L01027,DELPHIFX,B,,,,,DELPHI WORLD MONEY LIMITED,8.56,9.09,8.56,8.87,8.65,8.53,,8.93,,,16565,147521.00,63,F1,1,,,,,
2026-06-12,2026-06-12,CM,BSE,STK,533470,INE573K01025,RUSHIL,B,,,,,RUSHIL DECOR LTD.,14.73,15.38,14.70,15.14,15.30,14.73,,15.16,,,23900,358334.00,107,F1,1,,,,,
2026-06-12,2026-06-12,CM,BSE,STK,533477,INE130L01014,ENKEIWHEL,X,,,,,ENKEI WHEELS (INDIA) LTD.,400.00,404.85,396.00,400.40,404.80,399.50,,400.40,,,841,336144.00,39,F1,1,,,,,
2026-06-12,2026-06-12,CM,BSE,STK,533482,INE524L01026,KRIDHANINF,T,,,,,KRIDHAN INFRA LIMITED,2.89,2.90,2.75,2.85,2.85,2.89,,2.85,,,5675,16089.00,9,F1,1,,,,,
2026-06-12,2026-06-12,CM,BSE,STK,533506,INE878H01024,INVENTURE,B,,,,,INVENTURE GROWTH & SECURITIES,0.93,0.95,0.93,0.94,0.94,0.93,,0.93,,,311796,292367.00,122,F1,1,,,,,
2026-06-12,2026-06-12,CM,BSE,STK,533519,INE498L01015,LTF,A,,,,,L&T Finance Limited,262.15,276.90,262.15,275.85,275.85,256.85,,275.95,,,224230,60555001.00,3614,F1,1,,,,,
2026-06-12,2026-06-12,CM,BSE,STK,533520,INE126M01010,IBULLSLTD,T,,,,,Indiabulls Limited,23.61,24.68,22.35,23.62,23.62,23.51,,23.55,,,810706,19119437.00,1086,F1,1,,,,,
2026-06-12,2026-06-12,CM,BSE,STK,533540,INE040M01013,TREEHOUSE,B,,,,,TREE HOUSE EDUCATION & ACCESSO,7.30,7.37,6.75,7.09,7.09,6.99,,6.96,,,13149,94960.00,25,F1,1,,,,,
2026-06-12,2026-06-12,CM,BSE,STK,533543,INE650L01011,BROOKS,T,,,,,BROOKS LABORATORIES LTD.,68.00,68.00,65.00,66.39,66.39,65.25,,66.56,,,4856,316285.00,15,F1,1,,,,,
2026-06-12,2026-06-12,CM,BSE,STK,533552,INE895B01021,RUPA,B,,,,,RUPA & COMPANY LTD.,144.80,150.30,144.80,149.10,149.10,144.85,,149.44,,,5789,858751.00,168,F1,1,,,,,
2026-06-12,2026-06-12,CM,BSE,STK,533553,INE419M01027,TDPOWERSYS,A,,,,,T D POWER SYSTEMS LTD.,1153.60,1200.00,1135.00,1192.70,1200.00,1125.55,,1192.80,,,74948,87121326.00,3581,F1,1,,,,,
2026-06-12,2026-06-12,CM,BSE,STK,533570,INF846K01W80,AXISGOLD,E,,,,,AXIS MUTUAL FUND - AXIS GOLD E,122.36,123.40,121.69,123.17,123.40,119.92,,123.24,,,44621,5467490.00,956,F1,1,,,,,
2026-06-12,2026-06-12,CM,BSE,STK,533573,INE901L01018,APLLTD,A,,,,,ALEMBIC PHARMACEUTICALS LTD.,737.15,750.65,737.15,743.10,739.95,735.00,,743.35,,,4101,3048781.00,747,F1,1,,,,,
2026-06-12,2026-06-12,CM,BSE,STK,533576,INE590L01019,VASWANI,B,,,,,VASWANI INDUSTRIES LTD.,57.00,61.00,57.00,60.23,58.39,58.16,,59.58,,,2756,165800.00,56,F1,1,,,,,
2026-06-12,2026-06-12,CM,BSE,STK,533581,INE457L01029,PGEL,A,,,,,PG ELECTROPLAST LTD.,468.85,487.35,465.75,482.80,482.80,459.05,,483.30,,,442828,211994711.00,10234,F1,1,,,,,
2026-06-12,2026-06-12,CM,BSE,STK,533602,INE050L01048,LESHAIND,X,,,,,LESHA INDUSTRIES LTD.,0.84,0.85,0.81,0.82,0.82,0.84,,0.82,,,389427,322321.00,187,F1,1,,,,,
2026-06-12,2026-06-12,CM,BSE,STK,533605,INE023M01027,SETUINFRA,Z,,,,,SETUBANDHAN INFRASTRUCTURE LIM,0.44,0.47,0.43,0.46,0.46,0.45,,0.45,,,123060,55900.00,42,F1,1,,,,,
2026-06-12,2026-06-12,CM,BSE,STK,533608,INE123M01017,RDBRL,X,,,,,RDB RASAYANS LTD.,149.45,149.45,140.50,147.10,148.90,143.35,,147.10,,,7803,1125923.00,99,F1,1,,,,,
2026-06-12,2026-06-12,CM,BSE,STK,533629,INE440L01017,TIJARIA,B,,,,,TIJARIA POLYPIPES LTD.,4.57,4.57,4.31,4.42,4.42,4.57,,4.48,,,5352,23584.00,31,F1,1,,,,,
2026-06-12,2026-06-12,CM,BSE,STK,533632,INE912L01015,ONELIFECAP,T,,,,,ONELIFE CAPITAL ADVISORS LTD.,26.25,26.25,25.72,26.00,26.00,25.42,,26.08,,,257,6723.00,9,F1,1,,,,,
2026-06-12,2026-06-12,CM,BSE,STK,533638,INE060J01017,FLEXITUFF,B,,,,,FLEXITUFF VENTURES INTERNATION,6.60,7.12,6.60,7.00,7.12,6.99,,7.02,,,1167,8003.00,16,F1,1,,,,,
2026-06-12,2026-06-12,CM,BSE,STK,533644,INE899L01030,UEL,B,,,,,UJAAS ENERGY LIMITED,140.50,144.65,139.70,140.15,139.70,143.95,,140.09,,,682,96370.00,119,F1,1,,,,,
2026-06-12,2026-06-12,CM,BSE,STK,533655,INE152M01016,TRITURBINE,A,,,,,TRIVENI TURBINE LTD.,642.55,673.00,642.55,671.40,673.00,640.80,,671.20,,,83297,55158534.00,2220,F1,1,,,,,
2026-06-12,2026-06-12,CM,BSE,STK,533676,INE337M01021,INDOTHAI,B,,,,,INDO THAI SECURITIES LTD.,240.00,245.15,233.00,239.00,240.50,236.35,,239.18,,,54544,13072380.00,708,F1,1,,,,,
2026-06-12,2026-06-12,CM,BSE,STK,533704,INE122M01019,ESSARSHPNG,B,,,,,ESSAR SHIPPING LTD.,21.95,23.95,21.95,23.38,23.85,22.34,,23.65,,,41086,953883.00,382,F1,1,,,,,
2026-06-12,2026-06-12,CM,BSE,STK,533719,INF767K01SM1,LICMFGOLD,E,,,,,LIC MUTUAL FUND - LIC MF GOLD,131.83,134.39,131.78,133.06,133.08,129.85,,132.90,,,11405,1508847.00,201,F1,1,,,,,
2026-06-12,2026-06-12,CM,BSE,STK,533758,INE702C01027,APLAPOLLO,A,,,,,APL APOLLO TUBES LTD.,1765.50,1823.10,1759.20,1818.00,1818.00,1762.60,,1817.60,,,13354,23884731.00,2208,F1,1,,,,,
2026-06-12,2026-06-12,CM,BSE,STK,533761,INE390G01014,GPTINFRA,B,,,,,GPT INFRAPROJECTS LTD.,112.65,114.85,112.65,113.15,114.65,111.95,,114.15,,,3438,391963.00,77,F1,1,,,,,
2026-06-12,2026-06-12,CM,BSE,STK,533896,INE258M01011,FERVENTSYN,X,,,,,FERVENT SYNERGIES LTD.,15.01,17.00,13.35,14.32,14.21,15.40,,14.32,,,63716,903899.00,243,F1,1,,,,,
2026-06-12,2026-06-12,CM,BSE,STK,533941,INE480M01011,THOMASCOTT,B,,,,,THOMAS SCOTT (INDIA) LIMITED,258.35,258.55,253.40,257.90,258.55,251.70,,255.70,,,3230,827031.00,96,F1,1,,,,,
2026-06-12,2026-06-12,CM,BSE,STK,533982,INE482B01010,TERASOFT,B,,,,,TERA SOFTWARE LTD.,427.00,435.00,416.50,422.70,435.00,415.95,,424.20,,,801,338139.00,93,F1,1,,,,,
2026-06-12,2026-06-12,CM,BSE,STK,534060,INE793G01035,PMCFIN,X,,,,,PMC FINCORP LIMITED,1.89,1.91,1.87,1.90,1.91,1.89,,1.90,,,300044,565330.00,370,F1,1,,,,,
2026-06-12,2026-06-12,CM,BSE,STK,534063,INE241F01011,FUTSOL,X,,,,,FUTURISTIC SOLUTIONS LTD.,49.40,49.40,49.40,49.40,49.40,52.00,,49.40,,,49,2420.00,1,F1,1,,,,,
2026-06-12,2026-06-12,CM,BSE,STK,534064,INE123D01024,AIML,X,,,,,ALLIANCE INTEGRATED METALIKS L,1.71,1.82,1.68,1.80,1.81,1.70,,1.80,,,374719,659086.00,200,F1,1,,,,,
2026-06-12,2026-06-12,CM,BSE,STK,534076,INE743M01012,RHIM,A,,,,,RHI MAGNESITA INDIA LIMITED,360.55,368.50,360.55,367.45,366.70,357.95,,367.80,,,5311,1933506.00,148,F1,1,,,,,
2026-06-12,2026-06-12,CM,BSE,STK,534091,INE745G01043,MCX,A,,,,,MULTI COMMODITY EXCHANGE OF IN,2825.85,2858.00,2781.05,2852.65,2852.65,2780.35,,2853.00,,,158338,447071104.00,12411,F1,1,,,,,
2026-06-12,2026-06-12,CM,BSE,STK,534139,INE839M01018,SCHNEIDER,A,,,,,SCHNEIDER ELECTRIC INFRASTRUCT,1110.00,1113.85,1072.85,1105.35,1105.00,1088.40,,1105.70,,,14113,15472480.00,1230,F1,1,,,,,
2026-06-12,2026-06-12,CM,BSE,STK,534190,INE550L01013,OLPCL,X,,,,,OLYMPIC CARDS LTD.,2.85,3.16,2.85,3.16,3.16,3.18,,3.16,,,3266,10099.00,13,F1,1,,,,,
2026-06-12,2026-06-12,CM,BSE,STK,534309,INE095N01031,NBCC,A,,,,,NBCC (India) Limited,102.10,105.40,102.10,105.10,105.10,100.55,,105.16,,,1313973,136530916.00,6404,F1,1,,,,,
2026-06-12,2026-06-12,CM,BSE,STK,534312,INE472M01018,MTEDUCARE,T,,,,,MT EDUCARE LTD.,1.90,1.90,1.76,1.76,1.76,1.84,,1.88,,,1598,2890.00,13,F1,1,,,,,
2026-06-12,2026-06-12,CM,BSE,STK,534328,INE750M01017,HEXATRADEX,B,,,,,HEXA TRADEX LTD.,163.95,165.00,163.95,164.70,165.00,156.80,,163.91,,,518,85309.00,4,F1,1,,,,,
2026-06-12,2026-06-12,CM,BSE,STK,534338,INE393F01010,MAXHEIGHTS,X,,,,,Max heights Infrastucture Ltd,13.97,13.97,12.65,12.65,12.65,12.61,,12.65,,,266,3694.00,6,F1,1,,,,,
2026-06-12,2026-06-12,CM,BSE,STK,534369,INE760L01018,TBZ,B,,,,,TRIBHOVANDAS BHIMJI ZAVERI LTD,169.00,189.35,168.85,183.90,183.90,165.90,,183.78,,,225401,41258578.00,2900,F1,1,,,,,
2026-06-12,2026-06-12,CM,BSE,STK,534392,INE050M01012,VSSL,B,,,,,VARDHMAN SPECIAL STEELS LTD.,265.00,278.00,265.00,275.90,275.00,269.00,,276.15,,,10063,2765003.00,322,F1,1,,,,,
2026-06-12,2026-06-12,CM,BSE,STK,534422,INE204N01013,LOOKS,XT,,,,,LOOKS HEALTH SERVICES LIMITED,10.28,10.29,9.42,10.29,10.29,9.80,,10.29,,,112030,1128003.00,195,F1,1,,,,,
2026-06-12,2026-06-12,CM,BSE,STK,534425,INE247M01014,SPECIALITY,B,,,,,SPECIALITY RESTAURANTS LTD.,104.40,105.20,104.35,105.20,105.20,104.40,,105.89,,,532,55558.00,32,F1,1,,,,,
2026-06-12,2026-06-12,CM,BSE,STK,534532,INE142K01011,LYPSAGEMS,B,,,,,LYPSA GEMS & JEWELLERY LTD,4.88,4.95,4.81,4.86,4.86,4.88,,4.89,,,4700,22788.00,26,F1,1,,,,,
2026-06-12,2026-06-12,CM,BSE,STK,534535,INE958L01034,META,T,,,,,STRING METAVERSE LIMITED,10.50,10.75,9.88,10.34,10.38,10.39,,10.34,,,1046532,10827790.00,1098,F1,1,,,,,
2026-06-12,2026-06-12,CM,BSE,STK,534597,INE834M01019,RTNINDIA,A,,,,,RATTANINDIA ENTERPRISES LIMITE,35.70,36.49,35.25,36.34,36.45,35.07,,36.40,,,175857,6306235.00,1436,F1,1,,,,,
2026-06-12,2026-06-12,CM,BSE,STK,534598,INE735M01018,SAMPANN,B,,,,,Sampann Utpadan India Limited,28.50,28.75,26.90,27.17,27.22,27.19,,27.76,,,7065,199353.00,91,F1,1,,,,,
2026-06-12,2026-06-12,CM,BSE,STK,534600,INE391J01032,JTLIND,B,,,,,JTL INDUSTRIES LIMITED,73.19,75.52,71.24,74.79,74.79,71.28,,74.98,,,406917,30032505.00,1435,F1,1,,,,,
2026-06-12,2026-06-12,CM,BSE,STK,534612,INE436N01029,AMTL,X,,,,,ADVANCE METERING TECHNOLOGY LT,17.57,19.01,17.35,18.73,18.73,17.53,,18.73,,,2880,52873.00,38,F1,1,,,,,
2026-06-12,2026-06-12,CM,BSE,STK,534615,INE553C01016,NECCLTD,B,,,,,NORTH EASTERN CARRYING CORPORA,17.25,17.26,16.27,16.65,16.84,16.81,,16.59,,,20528,342938.00,89,F1,1,,,,,
2026-06-12,2026-06-12,CM,BSE,STK,534618,INE299N01021,WAAREERTL,A,,,,,WAAREE RENEWABLE TECHNOLOGIES,937.00,957.30,937.00,954.50,955.90,922.50,,954.20,,,17960,17010032.00,1115,F1,1,,,,,
2026-06-12,2026-06-12,CM,BSE,STK,534623,INE524N01014,JUPITERIN,XT,,,,,JUPITER INFOMEDIA LTD.,57.50,57.50,54.27,57.20,57.20,57.12,,57.20,,,18467,1026267.00,76,F1,1,,,,,
2026-06-12,2026-06-12,CM,BSE,STK,534674,INE741L01018,DUCON,T,,,,,Ducon Infratechnologies Ltd,3.75,3.75,3.61,3.73,3.73,3.58,,3.75,,,35997,133727.00,69,F1,1,,,,,
2026-06-12,2026-06-12,CM,BSE,STK,534675,INE195N01013,PROZONER,B,,,,,PROZONE REALTY LIMITED,48.72,48.85,46.50,47.63,47.80,48.00,,47.60,,,20133,953981.00,191,F1,1,,,,,
2026-06-12,2026-06-12,CM,BSE,STK,534680,INE559N01010,SRGHFL,B,,,,,SRG HOUSING FINANCE LTD.,265.15,270.00,265.15,270.00,270.00,274.40,,271.35,,,2,535.00,2,F1,1,,,,,
2026-06-12,2026-06-12,CM,BSE,STK,534691,INE456N01019,COMCL,XT,,,,,COMFORT COMMOTRADE LTD.,14.15,14.15,13.40,13.45,13.40,13.99,,13.45,,,10320,140464.00,19,F1,1,,,,,
2026-06-12,2026-06-12,CM,BSE,STK,534708,INE892L01019,SHANTIGURU,M,,,,,SHANTI GURU INDUSTRIES LIMITED,10.20,10.20,10.10,10.10,10.10,9.59,,10.10,,,15000,151800.00,5,F1,3000,,,,,
2026-06-12,2026-06-12,CM,BSE,STK,534732,INE176N01039,CASPIAN,XT,,,,,CASPIAN CORPORATE SERVICES LIM,36.18,39.00,36.18,38.81,38.81,38.07,,38.81,,,1071,39991.00,40,F1,1,,,,,
2026-06-12,2026-06-12,CM,BSE,STK,534733,INE175N01023,AERPACE,X,,,,,Aerpace Industries Limited,26.40,26.59,24.61,25.02,25.02,25.38,,25.02,,,404870,10410748.00,661,F1,1,,,,,
2026-06-12,2026-06-12,CM,BSE,STK,534741,INE247C01023,VIRTUALG,X,,,,,VIRTUAL GLOBAL EDUCATION LTD.,0.52,0.59,0.43,0.53,0.50,0.52,,0.53,,,1049556,552863.00,273,F1,1,,,,,
2026-06-12,2026-06-12,CM,BSE,STK,534742,INE840M01016,ZUARI,B,,,,,ZUARI AGRO CHEMICALS LTD.,214.70,217.05,211.75,216.15,215.90,210.35,,216.49,,,4105,879916.00,163,F1,1,,,,,
2026-06-12,2026-06-12,CM,BSE,STK,534748,INE503B01021,STEELXIND,B,,,,,STEEL EXCHANGE INDIA LTD.,10.96,11.87,10.96,11.52,11.52,11.15,,11.50,,,965632,11090391.00,1040,F1,1,,,,,
2026-06-12,2026-06-12,CM,BSE,STK,534755,INE234G01022,TRIOMERC,XT,,,,,TRIO MERCANTILE & TRADING LTD.,1.71,1.87,1.71,1.87,1.87,1.79,,1.87,,,1078907,1934025.00,139,F1,1,,,,,
2026-06-12,2026-06-12,CM,BSE,STK,534796,INE198N01017,CDG,XT,,,,,CDG PETCHEM LIMITED,261.95,261.95,239.40,239.40,239.40,251.95,,239.40,,,2051,500474.00,64,F1,1,,,,,
2026-06-12,2026-06-12,CM,BSE,STK,534804,INE752H01013,CARERATING,A,,,,,CARE Ratings Limited,1616.00,1629.00,1599.30,1623.55,1629.00,1591.35,,1625.90,,,527,852389.00,126,F1,1,,,,,
2026-06-12,2026-06-12,CM,BSE,STK,534809,INE785M01021,PCJEWELLER,A,,,,,PC JEWELLER LTD.,8.87,8.97,8.77,8.94,8.93,8.72,,8.92,,,1460639,12935796.00,1588,F1,1,,,,,
2026-06-12,2026-06-12,CM,BSE,STK,534816,INE121J01017,INDUSTOWER,A,,,,,INDUS TOWERS LIMITED,415.35,424.40,415.35,420.90,421.00,413.00,,421.20,,,1673879,704693337.00,3040,F1,1,,,,,
2026-06-12,2026-06-12,CM,BSE,STK,534920,INE899M01020,COVIDH,XT,,,,,COVIDH,103.94,103.94,103.94,103.94,103.94,101.91,,103.94,,,117,12160.00,3,F1,1,,,,,
2026-06-12,2026-06-12,CM,BSE,STK,534976,INE665J01013,VMART,A,,,,,V-MART RETAIL LTD.,715.20,721.20,696.75,719.00,713.70,699.10,,719.70,,,17989,12742672.00,952,F1,1,,,,,
2026-06-12,2026-06-12,CM,BSE,STK,535136,INE149O01018,NIBE,B,,,,,NIBE LIMITED,1445.05,1581.60,1445.05,1581.60,1581.60,1437.85,,1579.60,,,44443,69545583.00,1335,F1,1,,,,,
2026-06-12,2026-06-12,CM,BSE,STK,535204,INE160O01031,MUKTA,X,,,,,Mukta Agriculture Limited,2.61,2.61,2.61,2.61,2.61,2.61,,2.61,,,523,1365.00,7,F1,1,,,,,
2026-06-12,2026-06-12,CM,BSE,STK,535205,INE159O01033,MYSTICELE,X,,,,,Mystic Electronics Limited,3.65,3.65,3.37,3.40,3.40,3.36,,3.40,,,4378,14924.00,19,F1,1,,,,,
2026-06-12,2026-06-12,CM,BSE,STK,535267,INE274M01026,COMFINCAP,X,,,,,COMFORT FINCAP LTD.,7.40,7.40,7.08,7.28,7.30,7.29,,7.28,,,7702,56039.00,46,F1,1,,,,,
2026-06-12,2026-06-12,CM,BSE,STK,535276,INF200K01VT2,SBISENSEX,A,,,,,SBI MUTUAL FUND - SBI ETF SENS,833.48,840.01,823.52,837.58,839.78,820.42,,837.58,,,5716,4748508.00,213,F1,1,,,,,
2026-06-12,2026-06-12,CM,BSE,STK,535322,INE612J01015,REPCOHOME,B,,,,,REPCO HOME FINANCE LTD.,375.35,382.45,370.00,381.50,380.75,369.45,,381.65,,,4362,1640898.00,173,F1,1,,,,,
2026-06-12,2026-06-12,CM,BSE,STK,535387,INE191O01010,LAKHOTIA,X,,,,,LAKHOTIA POLYESTERS (INDIA) LT,64.64,64.64,60.00,61.00,63.98,59.94,,61.00,,,18,1121.00,11,F1,1,,,,,
2026-06-12,2026-06-12,CM,BSE,STK,535431,INE168O01026,GCMSECU,B,,,,,GCM SECURITIES LTD,0.66,0.68,0.65,0.66,0.65,0.65,,0.66,,,36599,24035.00,69,F1,1,,,,,
2026-06-12,2026-06-12,CM,BSE,STK,535458,INE047O01014,NIBL,B,,,,,NRB INDUSTRIAL BEARINGS LTD.,31.50,31.60,31.50,31.60,31.60,30.43,,30.71,,,523,16474.00,15,F1,1,,,,,
2026-06-12,2026-06-12,CM,BSE,STK,535514,INE748D01010,PRIMECAPM,X,,,,,PRIME CAPITAL MARKET LTD.,6.41,6.41,6.41,6.41,6.41,6.23,,6.41,,,100,641.00,3,F1,1,,,,,
2026-06-12,2026-06-12,CM,BSE,STK,535566,INE902D01013,KIFS,X,,,,,KIFS FINANCIAL SERVICES LTD.,116.40,119.80,113.30,113.30,113.30,116.40,,113.30,,,190,21924.00,12,F1,1,,,,,
2026-06-12,2026-06-12,CM,BSE,STK,535601,INE099F01013,SREEL,B,,,,,SREELEATHERS LTD.,207.75,207.75,207.75,207.75,207.75,190.65,,197.74,,,1,207.00,1,F1,1,,,,,
2026-06-12,2026-06-12,CM,BSE,STK,535602,INE597I01028,SHARDAMOTR,B,,,,,SHARDA MOTOR INDUSTRIES LTD,776.05,784.05,770.85,781.35,780.05,768.15,,782.40,,,2839,2205757.00,791,F1,1,,,,,
2026-06-12,2026-06-12,CM,BSE,STK,535621,INE159L01013,SVGLOBAL,X,,,,,S V GLOBAL MILL LTD.,129.65,147.45,129.65,142.95,142.95,129.00,,142.95,,,7,982.00,5,F1,1,,,,,
2026-06-12,2026-06-12,CM,BSE,STK,535648,INE599M01018,JUSTDIAL,A,,,,,JUST DIAL LTD.,524.35,539.10,524.30,537.70,539.00,529.65,,538.20,,,3092,1656063.00,175,F1,1,,,,,
2026-06-12,2026-06-12,CM,BSE,STK,535657,INE860E01011,OONE,X,,,,,OBJECTONE INFORMATION SYSTEMS,7.40,7.40,6.34,6.81,7.00,6.90,,6.81,,,3277,21638.00,29,F1,1,,,,,
2026-06-12,2026-06-12,CM,BSE,STK,535667,INE474O01010,IFINSEC,X,,,,,INDIA FINSEC LTD.,192.00,192.00,188.00,188.85,190.90,190.05,,188.85,,,615,116144.00,9,F1,1,,,,,
2026-06-12,2026-06-12,CM,BSE,STK,535693,INE320I01017,BRAHMINFRA,X,,,,,BRAHMAPUTRA INFRASTRUCTURE LTD,157.50,162.00,149.85,155.15,155.15,157.40,,155.15,,,23722,3675965.00,214,F1,1,,,,,
2026-06-12,2026-06-12,CM,BSE,STK,535719,INE989J01017,AMPVOLTS,XT,,,,,AMPVOLTS LIMITED,31.00,31.00,30.38,30.38,30.38,31.00,,30.38,,,3737,113561.00,26,F1,1,,,,,
2026-06-12,2026-06-12,CM,BSE,STK,535730,INE731G01027,KHOOBSURAT,X,,,,,KHOOBSURAT LTD,0.52,0.53,0.51,0.51,0.51,0.51,,0.51,,,418731,215103.00,193,F1,1,,,,,
2026-06-12,2026-06-12,CM,BSE,STK,535754,INE876N01018,ORIENTCEM,A,,,,,ORIENT CEMENT LTD,129.60,135.65,129.60,134.85,135.30,130.00,,134.77,,,13558,1797592.00,285,F1,1,,,,,
2026-06-12,2026-06-12,CM,BSE,STK,535755,INE647O01011,ABFRL,A,,,,,Aditya Birla Fashion and Retai,58.98,60.08,58.65,59.96,59.96,58.24,,59.90,,,107434,6398479.00,1390,F1,1,,,,,
2026-06-12,2026-06-12,CM,BSE,STK,535789,INE148I01020,SAMMAANCAP,A,,,,,Sammaan Capital Limited,171.20,174.80,169.60,174.35,174.75,167.95,,174.42,,,303508,52401618.00,4756,F1,1,,,,,
2026-06-12,2026-06-12,CM,BSE,STK,535910,INE340O01021,MMLF,B,,,,,MONEY MASTERS LEASING & FINANC,0.79,0.79,0.74,0.77,0.77,0.79,,0.77,,,77167,58833.00,81,F1,1,,,,,
2026-06-12,2026-06-12,CM,BSE,STK,535916,INE030P01017,ALSL,B,,,,,ALACRITY SECURITIES LTD,70.54,71.00,67.52,70.20,70.20,69.76,,70.20,,,120705,8457317.00,202,F1,1,,,,,
2026-06-12,2026-06-12,CM,BSE,STK,535958,INE418N01035,ESSENTIA,T,,,,,Integra Essentia Limited,1.51,1.59,1.51,1.55,1.57,1.56,,1.54,,,193060,297239.00,160,F1,1,,,,,
2026-06-12,2026-06-12,CM,BSE,STK,536073,INE890N01027,JULIEN,X,,,,,JULIEN AGRO INFRATECH LIMITED,1.43,1.48,1.43,1.47,1.46,1.43,,1.47,,,67930,98945.00,98,F1,1,,,,,
2026-06-12,2026-06-12,CM,BSE,STK,536264,INE906O01029,TIGERLOGS,T,,,,,TIGER LOGISTICS (INDIA) LTD,34.08,35.00,34.05,34.84,34.90,35.00,,35.00,,,3766,130351.00,62,F1,1,,,,,
2026-06-12,2026-06-12,CM,BSE,STK,536493,INE690O01011,JKAGRI,X,,,,,JK AGRI GENETICS LTD,311.15,312.75,311.15,312.70,312.70,311.15,,312.70,,,162,50459.00,10,F1,1,,,,,
2026-06-12,2026-06-12,CM,BSE,STK,536507,INE452O01016,FLFL,Z,,,,,FUTURE LIFESTYLE FASHIONS LTD,1.30,1.36,1.27,1.34,1.36,1.30,,1.34,,,15844,20695.00,22,F1,1,,,,,
2026-06-12,2026-06-12,CM,BSE,STK,536565,INE314I01036,NOVELIX,X,,,,,NOVELIX PHARMACEUTICALS LIMITE,80.40,84.70,76.70,82.62,83.70,79.48,,82.62,,,23263,1898690.00,233,F1,1,,,,,
2026-06-12,2026-06-12,CM,BSE,STK,536659,INE428B01021,PVVINFRA,X,,,,,PVV Infra Limited,3.97,3.97,3.85,3.88,3.88,3.89,,3.88,,,1235776,4851283.00,389,F1,1,,,,,
2026-06-12,2026-06-12,CM,BSE,STK,536672,INE962O01014,VCU,XT,,,,,VCU DATA MANAGEMENT LTD,8.32,8.32,8.06,8.24,8.30,8.06,,8.24,,,16353,134103.00,63,F1,1,,,,,
2026-06-12,2026-06-12,CM,BSE,STK,536709,INE138O01029,INDRENEW,Z,,,,,IND Renewable Energy Ltd,10.39,10.98,10.39,10.65,10.92,10.60,,10.65,,,6741,72909.00,38,F1,1,,,,,
2026-06-12,2026-06-12,CM,BSE,STK,536737,INE218P01018,ACFSL,MT,,,,,AMRAPALI CAPITAL AND FINANCE S,39.58,39.58,39.58,39.58,39.58,37.70,,39.58,,,1200,47496.00,1,F1,1200,,,,,
2026-06-12,2026-06-12,CM,BSE,STK,536773,INE147P01019,JPOLYINVST,B,,,,,JINDAL POLY INVESTMENT AND FIN,1068.00,1083.00,1068.00,1080.80,1080.80,1060.70,,1077.10,,,280,302649.00,60,F1,1,,,,,
2026-06-12,2026-06-12,CM,BSE,STK,536960,INF247L01023,MOM100,B,,,,,MOTILAL OSWAL MUTUAL FUND - MO,64.23,65.69,64.23,65.59,65.59,64.00,,65.49,,,11451,746560.00,112,F1,1,,,,,
2026-06-12,2026-06-12,CM,BSE,STK,536974,INE536P01021,CPL,X,,,,,CAPTAIN POLYPLAST LTD,70.25,75.00,70.00,70.20,70.14,69.98,,70.20,,,70273,5014668.00,287,F1,1,,,,,
2026-06-12,2026-06-12,CM,BSE,STK,537007,INF109K012R6,NIFTYIETF,B,,,,,ICICI Prudential Nifty ETF,263.25,266.85,263.01,266.44,266.85,261.43,,266.47,,,58781,15567129.00,583,F1,1,,,,,
2026-06-12,2026-06-12,CM,BSE,STK,537008,INF109KC16V9,NIF100IETF,B,,,,,ICICI Prudential Nifty 100 ETF,27.06,27.48,27.00,27.42,27.40,26.99,,27.65,,,1109,30173.00,48,F1,1,,,,,
2026-06-12,2026-06-12,CM,BSE,STK,537069,INE185K01036,ARNOLD,X,,,,,ARNOLD HOLDINGS LTD,14.56,14.56,13.61,13.93,13.93,13.10,,13.93,,,2830,39322.00,47,F1,1,,,,,
2026-06-12,2026-06-12,CM,BSE,STK,537253,INE671C01016,SUNLOC,X,,,,,SUNIL HEALTHCARE LTD,65.00,65.00,63.00,63.60,63.60,62.30,,63.60,,,6,382.00,4,F1,1,,,,,
2026-06-12,2026-06-12,CM,BSE,STK,537259,INE442P01014,SUYOG,B,,,,,SUYOG TELEMATICS LTD,692.00,700.00,681.00,696.70,700.00,671.05,,697.30,,,184,127432.00,30,F1,1,,,,,
2026-06-12,2026-06-12,CM,BSE,STK,537291,INE448G01010,NATHBIOGEN,B,,,,,NATH BIO-GENES (INDIA) LTD,168.00,168.00,165.00,167.25,167.90,164.95,,166.47,,,2804,467222.00,123,F1,1,,,,,
2026-06-12,2026-06-12,CM,BSE,STK,537292,INE449G01018,AGRITECH,T,,,,,AGRI- TECH (INDIA) LTD,117.00,122.50,117.00,119.70,119.70,116.95,,117.92,,,758,90474.00,19,F1,1,,,,,
2026-06-12,2026-06-12,CM,BSE,STK,537326,INE212P01011,CHEMTECH,X,,,,,CHEMTECH INDUSTRIAL VALVES LTD,74.00,75.49,72.99,73.94,74.00,72.01,,73.94,,,17058,1259526.00,95,F1,1,,,,,
2026-06-12,2026-06-12,CM,BSE,STK,537483,INF204K014N5,NIF100BEES,B,,,,,NIPPON INDIA ETF NIFTY 100,258.01,260.97,256.76,260.74,260.96,255.17,,260.17,,,1181,306258.00,79,F1,1,,,,,
2026-06-12,2026-06-12,CM,BSE,STK,537536,INE051G01012,DENISCHEM,X,,,,,DENIS CHEM LAB LTD,72.00,73.50,72.00,72.94,73.50,72.00,,72.94,,,1784,129069.00,42,F1,1,,,,,
2026-06-12,2026-06-12,CM,BSE,STK,537669,INE920P01019,LAXMIPATI,M,,,,,LAXMIPATI ENGINEERING WORKS LI,250.00,288.00,250.00,288.00,288.00,250.00,,288.00,,,2000,548000.00,4,F1,500,,,,,
2026-06-12,2026-06-12,CM,BSE,STK,537707,INE546I01025,LADDU,X,,,,,LADDU GOPAL ONLINE SERVICES LI,0.52,0.52,0.52,0.52,0.52,0.54,,0.52,,,270651,140738.00,280,F1,1,,,,,
2026-06-12,2026-06-12,CM,BSE,STK,537708,INF174K014P6,NIFTY1,B,,,,,KOTAK MAHINDRA MUTUAL FUND - K,258.56,260.98,257.24,260.53,260.35,256.47,,260.73,,,5871,1521315.00,159,F1,1,,,,,
2026-06-12,2026-06-12,CM,BSE,STK,537709,INE101H01013,HANSUGAR,XT,,,,,SHREE HANUMAN SUGAR & INDUSTRI,3.99,3.99,3.91,3.94,3.94,3.91,,3.94,,,9027,35744.00,37,F1,1,,,,,
2026-06-12,2026-06-12,CM,BSE,STK,537750,INE555P01013,KIRANVYPAR,B,,,,,KIRAN VYAPAR LTD,191.00,191.70,184.15,188.25,185.00,191.20,,187.38,,,1795,338652.00,68,F1,1,,,,,
2026-06-12,2026-06-12,CM,BSE,STK,537766,INE905P01028,BCP,X,,,,,B.C. POWER CONTROLS LTD,1.90,2.00,1.87,1.96,1.98,1.88,,1.96,,,91143,177057.00,111,F1,1,,,,,
2026-06-12,2026-06-12,CM,BSE,STK,537800,INE717C01025,MANGIND,X,,,,,MANGALAM INDUSTRIAL FINANCE LT,0.61,0.62,0.60,0.61,0.61,0.61,,0.61,,,2902451,1766002.00,715,F1,1,,,,,
2026-06-12,2026-06-12,CM,BSE,STK,537820,INE159N01027,VIJIFIN,T,,,,,VIJI FINANCE LTD,3.99,3.99,3.83,3.91,3.91,3.97,,3.90,,,11303,44069.00,31,F1,1,,,,,
2026-06-12,2026-06-12,CM,BSE,STK,537839,INE977M01024,HBGHOTELS,X,,,,,HBG HOTELS LIMITED,99.00,99.00,94.00,96.90,96.90,94.00,,96.90,,,5378,520211.00,16,F1,1,,,,,
2026-06-12,2026-06-12,CM,BSE,STK,537840,INE523K01012,RAUNAQ,X,,,,,RAUNAQ INTERNATIONAL LIMITED,29.42,29.42,26.65,26.90,26.65,28.04,,26.90,,,2208,59426.00,16,F1,1,,,,,
2026-06-12,2026-06-12,CM,BSE,STK,537985,INE463B01036,INFRONICS,X,,,,,INFRONICS SYSTEMS LTD,17.52,17.52,15.96,16.23,17.15,16.69,,16.23,,,877,14537.00,14,F1,1,,,,,
2026-06-12,2026-06-12,CM,BSE,STK,538057,INF457M01133,CPSEETF,A,,,,,CPSE ETF,97.30,97.54,96.12,96.82,97.11,97.11,,96.82,,,88121,8531000.00,1971,F1,1,,,,,
2026-06-12,2026-06-12,CM,BSE,STK,538081,INE493N01012,HARIAAPL,X,,,,,HARIA APPARELS LTD,5.20,5.61,5.20,5.55,5.55,5.75,,5.55,,,2400,13275.00,9,F1,1,,,,,
2026-06-12,2026-06-12,CM,BSE,STK,538092,INE574G01013,VASUPRADA,X,,,,,SHRI VASUPRADA PLANTATIONS LIM,93.30,94.00,93.30,94.00,94.00,93.20,,94.00,,,108,10090.00,4,F1,1,,,,,
2026-06-12,2026-06-12,CM,BSE,STK,538119,INE012Q01039,RNBDENIMS,B,,,,,R&B DENIMS LTD,10.23,10.67,10.23,10.67,10.67,10.17,,10.74,,,34516,354936.00,28,F1,1,,,,,
2026-06-12,2026-06-12,CM,BSE,STK,538212,INE909D01026,SHARPINV,X,,,,,SHARP INVESTMENTS LTD,0.41,0.41,0.37,0.39,0.40,0.39,,0.39,,,195996,76120.00,109,F1,1,,,,,
2026-06-12,2026-06-12,CM,BSE,STK,538268,INE066O01014,WONDERLA,B,,,,,WONDERLA HOLIDAYS LTD,470.10,481.40,470.00,477.85,475.05,464.90,,478.20,,,2101,997895.00,168,F1,1,,,,,
2026-06-12,2026-06-12,CM,BSE,STK,538273,INE401B01010,RESPONSINF,X,,,,,RESPONSE INFORMATICS LTD,22.30,23.50,22.25,23.50,23.50,23.00,,23.50,,,1763,39934.00,17,F1,1,,,,,
2026-06-12,2026-06-12,CM,BSE,STK,538351,INE663P01015,AFEL,Z,,,,,A.F. ENTERPRISES LTD,1.85,1.85,1.73,1.78,1.79,1.82,,1.78,,,24775,43635.00,54,F1,1,,,,,
2026-06-12,2026-06-12,CM,BSE,STK,538365,INE452L01012,INCREDIBLE,B,,,,,INCREDIBLE INDUSTRIES LIMITED,34.40,35.47,33.00,33.71,34.00,34.70,,34.10,,,1584,53494.00,28,F1,1,,,,,
2026-06-12,2026-06-12,CM,BSE,STK,538382,INE266P01017,WESTLEIRES,X,,,,,WEST LEISURE RESORTS LTD,89.90,89.90,89.90,89.90,89.90,85.68,,89.90,,,365,32813.00,4,F1,1,,,,,
2026-06-12,2026-06-12,CM,BSE,STK,538401,INE318N01011,METSL,X,,,,,MAESTROS ELECTRONICS & TELECOM,145.00,145.00,136.10,138.55,138.55,135.90,,138.55,,,5684,792591.00,91,F1,1,,,,,
2026-06-12,2026-06-12,CM,BSE,STK,538422,INE508N01025,JACKSON,X,,,,,JACKSON INVESTMENTS LTD,0.44,0.45,0.42,0.44,0.44,0.44,,0.44,,,198638,85702.00,130,F1,1,,,,,
2026-06-12,2026-06-12,CM,BSE,STK,538446,INE296Q01012,MONEYBOXX,B,,,,,MONEYBOXX FINANCE LIMITED,69.10,70.25,68.88,69.31,69.00,69.06,,69.16,,,1012,70663.00,53,F1,1,,,,,
2026-06-12,2026-06-12,CM,BSE,STK,538451,INE114O01020,WORTH,XT,,,,,WORTH INVESTMENT & TRADING CO,3.69,3.69,3.69,3.69,3.69,3.76,,3.69,,,129689,478552.00,82,F1,1,,,,,
2026-06-12,2026-06-12,CM,BSE,STK,538464,INE901C01017,TPROJECT,X,,,,,THIRANI PROJECTS LTD,3.81,4.20,3.81,4.20,4.20,3.81,,4.20,,,2707,10314.00,11,F1,1,,,,,
2026-06-12,2026-06-12,CM,BSE,STK,538465,INE745P01010,AMARSEC,X,,,,,AMARNATH SECURITIES LTD,13.66,13.97,13.66,13.97,13.97,13.76,,13.97,,,2207,30407.00,8,F1,1,,,,,
2026-06-12,2026-06-12,CM,BSE,STK,538476,INE172D01021,CTL,X,,,,,CAPITAL TRADE LINKS LTD,15.58,15.79,15.00,15.72,15.75,15.53,,15.72,,,4803,74616.00,45,F1,1,,,,,
2026-06-12,2026-06-12,CM,BSE,STK,538496,INE849M01017,TARINI,M,,,,,TARINI INTERNATIONAL LTD,8.70,8.70,8.70,8.70,8.70,8.69,,8.70,,,3000,26100.00,1,F1,3000,,,,,
2026-06-12,2026-06-12,CM,BSE,STK,538521,INE969E01010,YAANENT,X,,,,,YAAN ENTERPRISES LIMITED,97.01,100.00,95.00,95.00,95.00,100.00,,95.00,,,2849,271627.00,49,F1,1,,,,,
2026-06-12,2026-06-12,CM,BSE,STK,538539,INE075K01013,ANVRDHI,X,,,,,ANNVRRIDHHI VENTURES LIMITED,10.10,10.29,10.00,10.23,10.24,10.11,,10.23,,,4985,50518.00,54,F1,1,,,,,
2026-06-12,2026-06-12,CM,BSE,STK,538540,INE516P01015,RLFL,XT,,,,,RAMCHANDRA LEASING & FINANCE L,14.99,14.99,14.15,14.72,14.70,14.79,,14.72,,,29317,423473.00,118,F1,1,,,,,
2026-06-12,2026-06-12,CM,BSE,STK,538546,INE319Q01012,BRPL,B,,,,,BANSAL ROOFING PRODUCTS LTD,121.00,122.80,118.95,120.80,121.90,120.70,,120.80,,,12288,1475152.00,233,F1,1,,,,,
2026-06-12,2026-06-12,CM,BSE,STK,538556,INE510P01018,ARMAN,X,,,,,ARMAN HOLDINGS LTD,109.60,111.05,107.25,109.30,110.25,110.00,,109.30,,,50188,5478403.00,99,F1,1,,,,,
2026-06-12,2026-06-12,CM,BSE,STK,538562,INE439E01022,SKIPPER,A,,,,,SKIPPER LTD,530.40,549.25,528.75,545.25,542.05,520.75,,544.70,,,43222,23374267.00,1203,F1,1,,,,,
2026-06-12,2026-06-12,CM,BSE,STK,538563,INE673E01018,SMTEL,XT,,,,,SMT ENGINEERING LIMITED,380.95,420.00,380.95,420.00,420.00,401.00,,420.00,,,930,355415.00,38,F1,1,,,,,
2026-06-12,2026-06-12,CM,BSE,STK,538564,INE718P01017,JAMESWARREN,X,,,,,JAMES WARREN TEA LTD,272.10,272.10,266.10,269.25,269.80,269.45,,269.25,,,554,148966.00,31,F1,1,,,,,
2026-06-12,2026-06-12,CM,BSE,STK,538565,INE878P01019,VISTARAMAR,X,,,,,Vistar Amar Limited,174.80,183.35,174.80,180.95,180.95,174.80,,180.95,,,1464,263230.00,28,F1,1,,,,,
2026-06-12,2026-06-12,CM,BSE,STK,538567,INE635Q01029,GULFOILLUB,B,,,,,GULF OIL LUBRICANTS INDIA LTD,918.20,941.70,915.70,940.05,940.40,909.80,,939.40,,,5353,4971380.00,987,F1,1,,,,,
2026-06-12,2026-06-12,CM,BSE,STK,538569,INE916P01025,TRIVENIENT,X,,,,,TRIVENI ENTERPRISES LTD,1.05,1.11,1.05,1.06,1.06,1.05,,1.06,,,2168,2314.00,16,F1,1,,,,,
2026-06-12,2026-06-12,CM,BSE,STK,538579,INE641Q01019,ZINEMA,MT,,,,,ZINEMA MEDIA AND ENTERTAINMENT,17.72,18.70,17.72,18.70,18.70,18.65,,18.70,,,16000,295280.00,2,F1,4000,,,,,
2026-06-12,2026-06-12,CM,BSE,STK,538596,INE222B01028,CEMAINFRA,X,,,,,CEMANTIC INFRA-TECH LIMITED,4.79,4.79,4.75,4.75,4.75,4.79,,4.75,,,318,1518.00,14,F1,1,,,,,
2026-06-12,2026-06-12,CM,BSE,STK,538597,INE404F01031,TTIENT,XT,,,,,TTI ENTERPRISE LTD,8.47,8.47,8.19,8.44,8.45,8.18,,8.44,,,7494,61796.00,13,F1,1,,,,,
2026-06-12,2026-06-12,CM,BSE,STK,538598,INE755Q01025,VISHAL,B,,,,,VISHAL FABRICS LTD,20.04,20.51,20.04,20.20,20.18,20.15,,20.20,,,20237,409375.00,159,F1,1,,,,,
2026-06-12,2026-06-12,CM,BSE,STK,538607,INE457P01020,TOYAMSL,X,,,,,TOYAM SPORTS LIMITED,0.75,0.75,0.73,0.73,0.73,0.74,,0.73,,,358895,264067.00,206,F1,1,,,,,
2026-06-12,2026-06-12,CM,BSE,STK,538609,INE868G01019,GAJANANSEC,X,,,,,GAJANAN SECURITIES SERVICES LT,56.18,56.80,53.20,53.47,55.90,55.08,,53.47,,,968,53579.00,58,F1,1,,,,,
2026-06-12,2026-06-12,CM,BSE,STK,538610,INE099D01026,UNISON,XT,,,,,UNISON METALS LTD,0.87,0.91,0.87,0.88,0.88,0.89,,0.88,,,308969,276826.00,234,F1,1,,,,,
2026-06-12,2026-06-12,CM,BSE,STK,538611,INE840I01014,RTFL,Z,,,,,Real Touch Finance Limited,48.90,48.90,48.90,48.90,48.90,49.00,,48.90,,,1,48.00,1,F1,1,,,,,
2026-06-12,2026-06-12,CM,BSE,STK,538634,INE406F01010,VRL,X,,,,,VASUNDHARA RASAYANS LTD,157.10,159.95,157.10,157.50,157.50,154.65,,157.50,,,719,113579.00,19,F1,1,,,,,
2026-06-12,2026-06-12,CM,BSE,STK,538635,INE734N01019,SNOWMAN,B,,,,,SNOWMAN LOGISTICS LTD,37.00,37.56,36.50,37.25,37.51,36.47,,37.30,,,32056,1184102.00,184,F1,1,,,,,
2026-06-12,2026-06-12,CM,BSE,STK,538646,INE837C01013,QGO,X,,,,,QGO FINANCE LIMITED,40.41,44.39,40.00,40.18,40.16,40.41,,40.18,,,2387,96063.00,30,F1,1,,,,,
2026-06-12,2026-06-12,CM,BSE,STK,538647,INE729C01020,PURSHOTTAM,X,,,,,PURSHOTTAM INVESTOFIN LTD,33.40,35.46,32.10,33.57,33.57,35.66,,33.57,,,15160,489786.00,36,F1,1,,,,,
2026-06-12,2026-06-12,CM,BSE,STK,538666,INE221J01015,SHARDACROP,A,,,,,Sharda Cropchem Limited,885.00,929.00,884.95,922.20,924.00,875.95,,923.30,,,29794,27015817.00,1436,F1,1,,,,,
2026-06-12,2026-06-12,CM,BSE,STK,538668,INE898Q01015,MIIL,B,,,,,Meghna Infracon Infrastructure,730.00,747.85,720.20,734.60,739.95,728.35,,734.60,,,63861,46938002.00,469,F1,1,,,,,
2026-06-12,2026-06-12,CM,BSE,STK,538674,INE158C01014,CITYONLINE,Z,,,,,City Online Services Limited,8.13,8.13,7.81,8.12,8.12,8.22,,8.12,,,583,4702.00,13,F1,1,,,,,
2026-06-12,2026-06-12,CM,BSE,STK,538683,INF204KA1UN7,SENSEXBEES,A,,,,,NIPPON INDIA ETF SENSEX,854.99,864.50,850.00,863.30,864.47,845.33,,863.30,,,15093,12942813.00,331,F1,1,,,,,
2026-06-12,2026-06-12,CM,BSE,STK,538685,INE363M01019,SHEMAROO,B,,,,,SHEMAROO ENTERTAINMENT LIMITED,113.60,123.80,110.80,118.90,119.00,113.90,,118.57,,,1890,225418.00,203,F1,1,,,,,
2026-06-12,2026-06-12,CM,BSE,STK,538706,INE010R01023,ULTRACAB,X,,,,,Ultracab (India) Limited,7.20,7.50,6.37,7.18,7.25,7.20,,7.18,,,306321,2126192.00,543,F1,1,,,,,
2026-06-12,2026-06-12,CM,BSE,STK,538707,INE929D01016,RCCL,X,,,,,Rajasthan Cylinders & Containe,33.00,33.00,32.70,32.70,32.70,31.66,,32.70,,,17,558.00,3,F1,1,,,,,
2026-06-12,2026-06-12,CM,BSE,STK,538708,INE937K01014,ETIL,X,,,,,Econo Trade (India) Limited,7.79,7.92,7.45,7.80,7.80,7.80,,7.80,,,634,4965.00,16,F1,1,,,,,
2026-06-12,2026-06-12,CM,BSE,STK,538713,INE011R01013,ATISHAY,X,,,,,Atishay Limited,205.50,214.95,202.50,203.00,203.00,205.55,,203.00,,,2297,473530.00,43,F1,1,,,,,
2026-06-12,2026-06-12,CM,BSE,STK,538714,INE475D01010,SANGAMFIN,X,,,,,Sangam Finserv Limited,40.80,43.00,39.90,40.90,40.90,40.80,,40.90,,,174,7042.00,9,F1,1,,,,,
2026-06-12,2026-06-12,CM,BSE,STK,538715,INE260R01016,DHABRIYA,X,,,,,Dhabriya Polywood Limited,349.90,360.00,349.90,353.05,353.05,346.95,,353.05,,,13857,4906449.00,247,F1,1,,,,,
2026-06-12,2026-06-12,CM,BSE,STK,538716,INE229R01011,ARYACAPM,B,,,,,Aryaman Capital Markets Limite,410.00,425.00,410.00,416.00,425.00,395.50,,416.00,,,5,2079.00,3,F1,1,,,,,
2026-06-12,2026-06-12,CM,BSE,STK,538730,INE111Q01021,PDSL,B,,,,,PDS LIMITED,302.20,308.10,296.85,306.45,306.40,299.70,,305.85,,,1530,466806.00,97,F1,1,,,,,
2026-06-12,2026-06-12,CM,BSE,STK,538732,INE761Q01015,VGCL,XT,,,,,Vibrant Global Capital Limited,47.30,49.50,44.94,46.70,47.00,47.30,,46.70,,,9617,443082.00,60,F1,1,,,,,
2026-06-12,2026-06-12,CM,BSE,STK,538734,INE016Q01014,CEINSYS,B,,,,,CEINSYS TECH LIMITED,945.00,945.00,916.00,921.45,921.45,908.40,,920.70,,,8501,7857836.00,498,F1,1,,,,,
2026-06-12,2026-06-12,CM,BSE,STK,538742,INE516E01019,PANABYTE,X,,,,,PANABYTE TECHNOLOGIES LIMITED,19.74,19.74,18.71,19.50,19.50,18.80,,19.50,,,949,18439.00,20,F1,1,,,,,
2026-06-12,2026-06-12,CM,BSE,STK,538743,INE491C01027,MUDUNURU,X,,,,,Mudunuru Limited,8.52,8.52,8.52,8.52,8.52,8.12,,8.52,,,44,374.00,1,F1,1,,,,,
2026-06-12,2026-06-12,CM,BSE,STK,538770,INE176L01017,CRANEINFRA,X,,,,,Crane Infrastructure Limited,14.75,14.75,13.89,13.94,13.95,13.43,,13.94,,,835,11798.00,12,F1,1,,,,,
2026-06-12,2026-06-12,CM,BSE,STK,538772,INE480D01010,NIYOGIN,X,,,,,Niyogin Fintech Limited,46.94,46.94,45.51,45.90,45.98,45.53,,45.90,,,9623,439285.00,54,F1,1,,,,,
2026-06-12,2026-06-12,CM,BSE,STK,538777,INE131Q01011,ASIACAP,XT,,,,,ASIA CAPITAL LIMITED,57.64,57.64,57.64,57.64,57.64,58.81,,57.64,,,2,115.00,2,F1,1,,,,,
2026-06-12,2026-06-12,CM,BSE,STK,538778,INE149Q01021,KALYANCAP,XT,,,,,Kalyan Capitals Limited,8.25,8.50,8.25,8.40,8.40,8.25,,8.40,,,4693,39071.00,48,F1,1,,,,,
2026-06-12,2026-06-12,CM,BSE,STK,538787,INE997C01015,GBFL,XT,,,,,Goenka Business & Finance Limi,10.23,10.55,10.00,10.18,10.47,10.23,,10.18,,,13112,133517.00,70,F1,1,,,,,
2026-06-12,2026-06-12,CM,BSE,STK,538788,INE918C01029,GILADAFINS,X,,,,,Gilada Finance & Investments L,12.75,12.75,11.99,12.27,12.27,12.23,,12.27,,,12434,150506.00,37,F1,1,,,,,
2026-06-12,2026-06-12,CM,BSE,STK,538795,INE185C01017,SAPPL,B,,,,,Shree Ajit Pulp And Paper Ltd.,288.95,288.95,283.90,283.90,283.90,269.95,,282.45,,,10,2844.00,3,F1,1,,,,,
2026-06-12,2026-06-12,CM,BSE,STK,538812,INE322R01022,AANCHALISP,XT,,,,,Aanchal Ispat Limited,71.27,71.27,71.27,71.27,71.27,67.88,,71.27,,,26,1853.00,6,F1,1,,,,,
2026-06-12,2026-06-12,CM,BSE,STK,538817,INE513R01026,CAPPIPES,B,,,,,Captain Pipes Limited,10.10,10.28,10.00,10.16,10.21,10.07,,10.16,,,60991,619345.00,286,F1,1,,,,,
2026-06-12,2026-06-12,CM,BSE,STK,538833,INE891N01017,KAIZENAGRO,X,,,,,KAIZEN AGRO INFRABUILD LIMITED,10.22,10.22,8.70,9.32,9.75,8.52,,9.32,,,11780,113667.00,67,F1,1,,,,,
2026-06-12,2026-06-12,CM,BSE,STK,538834,INE242Q01016,JMJFIN,X,,,,,JMJ Fintech Limited,9.84,9.86,9.38,9.79,9.79,9.65,,9.79,,,20856,200892.00,88,F1,1,,,,,
2026-06-12,2026-06-12,CM,BSE,STK,538835,INE306R01017,INTELLECT,A,,,,,INTELLECT DESIGN ARENA LIMITED,731.65,747.00,731.65,742.95,743.00,731.10,,743.05,,,18102,13438553.00,516,F1,1,,,,,
2026-06-12,2026-06-12,CM,BSE,STK,538836,INE950M01013,MONTECARLO,B,,,,,Monte Carlo Fashions Limited,524.00,536.70,522.10,536.25,536.70,521.10,,535.25,,,738,389899.00,72,F1,1,,,,,
2026-06-12,2026-06-12,CM,BSE,STK,538837,INE237B01018,JSTL,X,,,,,Jeevan Scientific Technology L,78.79,81.30,77.22,80.55,80.50,77.91,,80.55,,,33397,2671888.00,152,F1,1,,,,,
2026-06-12,2026-06-12,CM,BSE,STK,538838,INE407P01017,ICL,XT,,,,,Indo Cotspin Limited,30.45,30.45,30.45,30.45,30.45,30.30,,30.45,,,178,5420.00,6,F1,1,,,,,
2026-06-12,2026-06-12,CM,BSE,STK,538857,INE892C01018,SCC,X,,,,,Scintilla Commercial & Credit,11.00,11.00,10.48,10.48,10.48,11.00,,10.48,,,11983,126015.00,14,F1,1,,,,,
2026-06-12,2026-06-12,CM,BSE,STK,538860,INE655P01029,PANAFIC,XT,,,,,PANAFIC INDUSTRIALS LTD,1.01,1.05,1.00,1.05,1.05,1.05,,1.05,,,7808269,7845227.00,117,F1,1,,,,,
2026-06-12,2026-06-12,CM,BSE,STK,538862,INE232L01018,MYMONEY,X,,,,,My Money Securities Ltd.,41.50,41.75,39.00,41.75,41.75,41.76,,41.75,,,17,696.00,8,F1,1,,,,,
2026-06-12,2026-06-12,CM,BSE,STK,538868,INE183Q01020,CSL,X,,,,,Continental Securities Limited,13.03,13.98,13.00,13.51,13.98,12.97,,13.51,,,26963,355428.00,79,F1,1,,,,,
2026-06-12,2026-06-12,CM,BSE,STK,538874,INE370Q01015,NEXUSSURGL,X,,,,,NEXUS SURGICAL AND MEDICARE LI,19.51,19.61,19.51,19.61,19.61,19.51,,19.61,,,1289,25204.00,9,F1,1,,,,,
2026-06-12,2026-06-12,CM,BSE,STK,538881,INE243E01010,GALADAFIN,XT,,,,,Galada Finance Limited,23.69,23.69,23.69,23.69,23.69,24.93,,23.69,,,1,23.00,1,F1,1,,,,,
2026-06-12,2026-06-12,CM,BSE,STK,538882,INE030Q01015,EMERALD,X,,,,,Emerald Finance Limited,53.00,55.50,52.71,53.68,53.50,53.15,,53.68,,,49537,2651807.00,342,F1,1,,,,,
2026-06-12,2026-06-12,CM,BSE,STK,538890,INE227F01010,MKEXIM,X,,,,,M. K. Exim (India) Ltd.,52.59,52.59,50.52,50.97,50.93,50.67,,50.97,,,18651,951748.00,79,F1,1,,,,,
2026-06-12,2026-06-12,CM,BSE,STK,538891,INE613C01026,MCLOUD,B,,,,,MAGELLANIC CLOUD LIMITED,22.51,23.05,21.87,22.19,22.10,22.45,,22.22,,,202421,4529368.00,789,F1,1,,,,,
2026-06-12,2026-06-12,CM,BSE,STK,538894,INE513C01010,OCTAL,X,,,,,Octal Credit Capital Ltd.,19.90,19.90,19.86,19.86,19.86,20.90,,19.86,,,222,4413.00,10,F1,1,,,,,
2026-06-12,2026-06-12,CM,BSE,STK,538896,INE081G01019,KANCHI,T,,,,,Kanchi Karpooram Ltd.,343.60,343.60,340.00,340.60,340.60,341.90,,340.75,,,561,191043.00,23,F1,1,,,,,
2026-06-12,2026-06-12,CM,BSE,STK,538902,INE341R01014,DTIL,B,,,,,Dhunseri Tea & Industries Ltd,137.30,137.30,137.30,137.30,137.30,131.90,,133.24,,,300,41190.00,3,F1,1,,,,,
2026-06-12,2026-06-12,CM,BSE,STK,538918,INE661Q01017,VANICOM,X,,,,,Vani Commercials Limited,9.08,9.08,8.43,8.79,8.79,8.95,,8.79,,,2144,18262.00,12,F1,1,,,,,
2026-06-12,2026-06-12,CM,BSE,STK,538920,INE498Q01014,VINCOFE,B,,,,,VINTAGE COFFEE AND BEVERAGES L,163.15,165.70,157.45,159.35,159.40,159.35,,159.44,,,3692940,599208975.00,9333,F1,1,,,,,
2026-06-12,2026-06-12,CM,BSE,STK,538921,INE865P01016,RAFL,M,,,,,Raghuvansh Agrofarms Limited,30.01,30.01,30.01,30.01,30.01,33.94,,30.01,,,625,18756.00,1,F1,625,,,,,
2026-06-12,2026-06-12,CM,BSE,STK,538922,INE029B01019,COSYN,X,,,,,COSYN Limited,20.26,20.57,20.10,20.51,20.57,20.82,,20.51,,,1796,36668.00,30,F1,1,,,,,
2026-06-12,2026-06-12,CM,BSE,STK,538923,INE499Q01012,SOFCOM,X,,,,,SOFCOM SYSTEMS LIMITED,19.99,20.00,17.23,18.10,18.10,19.63,,18.10,,,133470,2479995.00,207,F1,1,,,,,
2026-06-12,2026-06-12,CM,BSE,STK,538926,INE223R01014,NAPL,X,,,,,Naturite Agro Products Limited,207.95,207.95,189.05,200.50,204.95,198.95,,200.50,,,14564,2814451.00,148,F1,1,,,,,
2026-06-12,2026-06-12,CM,BSE,STK,538928,INE554R01020,KARNAVATI,X,,,,,Karnavati Finance Limited,1.30,1.35,1.11,1.26,1.26,1.30,,1.26,,,30469,37895.00,71,F1,1,,,,,
2026-06-12,2026-06-12,CM,BSE,STK,538935,INE723C01015,ABHIFIN,XT,,,,,Abhishek Finlease limited,51.50,55.00,51.45,55.00,55.00,54.15,,55.00,,,778,40059.00,5,F1,1,,,,,
2026-06-12,2026-06-12,CM,BSE,STK,538942,INE689O01013,MERCANTILE,B,,,,,Mercantile Ventures Limited,25.99,25.99,23.40,24.46,25.00,24.45,,24.52,,,1982,47806.00,42,F1,1,,,,,
2026-06-12,2026-06-12,CM,BSE,STK,538943,INE321M01017,SONAL,B,,,,,Sonal Mercantile Limited,91.00,96.50,91.00,92.00,96.50,92.15,,92.00,,,64,5887.00,3,F1,1,,,,,
2026-06-12,2026-06-12,CM,BSE,STK,538952,INE211D01027,ALFL,X,,,,,Abhinav Leasing & Finance Limi,1.08,1.08,1.00,1.00,1.00,1.08,,1.00,,,8403,8456.00,18,F1,1,,,,,
2026-06-12,2026-06-12,CM,BSE,STK,538961,INE949P01018,GENUSPAPER,B,,,,,GENUS PAPER & BOARDS LIMITED,11.92,12.19,11.87,11.96,11.95,11.92,,12.04,,,10563,127000.00,58,F1,1,,,,,
2026-06-12,2026-06-12,CM,BSE,STK,538962,INE842C01021,MINDACORP,A,,,,,Minda Corporation Limited,635.05,647.95,631.75,636.70,636.00,632.70,,637.15,,,16950,10806501.00,844,F1,1,,,,,
2026-06-12,2026-06-12,CM,BSE,STK,538964,INE947G01011,MERCURYLAB,X,,,,,Mercury Laboratories Limited,758.85,775.00,758.85,775.00,775.00,758.85,,775.00,,,30,22927.00,2,F1,1,,,,,
2026-06-12,2026-06-12,CM,BSE,STK,538965,INE858L01010,CONCORD,X,,,,,Concord Drugs Limited,75.10,81.00,74.70,77.31,78.50,78.54,,77.31,,,18431,1435614.00,118,F1,1,,,,,
2026-06-12,2026-06-12,CM,BSE,STK,538970,INE945P01024,WARDINMOBI,XT,,,,,WARDWIZARD INNOVATIONS AND MOB,6.90,6.90,6.61,6.66,6.63,6.83,,6.66,,,476582,3211178.00,1086,F1,1,,,,,
2026-06-12,2026-06-12,CM,BSE,STK,538975,INE397C01026,SHREESEC,Z,,,,,Shree Securities Ltd.,0.20,0.21,0.19,0.20,0.21,0.20,,0.20,,,1673550,336785.00,196,F1,1,,,,,
2026-06-12,2026-06-12,CM,BSE,STK,538979,INE544R01021,GREENLAM,B,,,,,Greenlam Industries Ltd,246.40,255.45,242.85,252.20,252.75,241.50,,252.38,,,19886,4983359.00,884,F1,1,,,,,
2026-06-12,2026-06-12,CM,BSE,STK,538987,INE717E01013,TALBROSENG,X,,,,,TALBROS ENGINEERING LIMITED,676.20,684.95,661.00,670.45,673.45,668.05,,670.45,,,1076,720144.00,76,F1,1,,,,,
2026-06-12,2026-06-12,CM,BSE,STK,538992,INE002E01010,SAPL,X,,,,,Sar  Auto Products Limited,2603.95,2604.00,2356.00,2356.00,2356.00,2480.00,,2356.00,,,27,66353.00,17,F1,1,,,,,
2026-06-12,2026-06-12,CM,BSE,STK,538993,INE147J01012,PUROHITCON,XT,,,,,Purohit Construction Limited,12.34,12.34,12.34,12.34,12.34,12.97,,12.34,,,318,3924.00,1,F1,1,,,,,
2026-06-12,2026-06-12,CM,BSE,STK,539005,INE246D01015,JAYATMA,XT,,,,,JAYATMA ENTERPRISES LIMITED,62.23,62.23,62.23,62.23,62.23,63.49,,62.23,,,5,311.00,1,F1,1,,,,,
2026-06-12,2026-06-12,CM,BSE,STK,539006,INE596F01018,PTCIL,A,,,,,PTC Industries Ltd.,18300.65,18641.45,18300.05,18587.75,18550.00,18189.50,,18601.00,,,1072,19791212.00,449,F1,1,,,,,
2026-06-12,2026-06-12,CM,BSE,STK,539011,INE777O01016,CHENFERRO,X,,,,,CHENNAI FERROUS INDUSTRIES LIM,89.00,91.70,85.00,90.95,91.39,85.12,,90.95,,,587,52259.00,73,F1,1,,,,,
2026-06-12,2026-06-12,CM,BSE,STK,539012,INE756R01013,MEGRISOFT,X,,,,,Megri Soft Limited,80.00,81.60,77.00,81.42,81.49,81.25,,81.42,,,264,20852.00,10,F1,1,,,,,
2026-06-12,2026-06-12,CM,BSE,STK,539013,INE776O01018,GITARENEW,X,,,,,GITA RENEWABLE ENERGY LIMITED,78.14,82.35,78.13,78.17,78.17,77.75,,78.17,,,603,47558.00,24,F1,1,,,,,
2026-06-12,2026-06-12,CM,BSE,STK,539014,INE059Q01014,KALPACOMME,X,,,,,Kalpa Commercial Limited,9.00,9.96,8.82,9.92,9.92,8.93,,9.92,,,10280,97837.00,48,F1,1,,,,,
2026-06-12,2026-06-12,CM,BSE,STK,539015,INE849L01019,ORTEL,Z,,,,,Ortel Communications Limited,1.77,1.77,1.61,1.69,1.69,1.69,,1.65,,,108,182.00,6,F1,1,,,,,
2026-06-12,2026-06-12,CM,BSE,STK,539016,INE396C01010,NEIL,X,,,,,Neil Industries Ltd.,6.27,6.69,6.11,6.22,6.23,6.50,,6.22,,,15245,94851.00,46,F1,1,,,,,
2026-06-12,2026-06-12,CM,BSE,STK,539017,INE526R01028,STARHFL,XT,,,,,STAR HOUSING FINANCE LIMITED,7.45,7.51,7.16,7.20,7.20,7.16,,7.20,,,38945,286452.00,89,F1,1,,,,,
2026-06-12,2026-06-12,CM,BSE,STK,539018,INE213D01015,BEEKAY,B,,,,,Beekay Steel Industries Ltd.,400.05,402.25,400.05,401.70,400.10,400.05,,404.50,,,74,29673.00,10,F1,1,,,,,
2026-06-12,2026-06-12,CM,BSE,STK,539031,INF200KA1572,SETFBSE100,A,,,,,SBI Mutual Fund,272.20,277.25,272.20,276.77,277.25,272.20,,276.77,,,254,69722.00,23,F1,1,,,,,
2026-06-12,2026-06-12,CM,BSE,STK,539040,INE812Q01016,TIRUPATIIN,XT,,,,,TIRUPATI INNOVAR LIMITED,9.16,9.17,9.16,9.17,9.17,8.74,,9.17,,,197396,1808595.00,212,F1,1,,,,,
2026-06-12,2026-06-12,CM,BSE,STK,539041,INE369Q01017,GANVERSE,M,,,,,GANESHA ECOVERSE LIMITED,25.26,26.00,25.00,25.45,26.00,25.00,,25.45,,,11250,283887.00,9,F1,1250,,,,,
2026-06-12,2026-06-12,CM,BSE,STK,539042,INE976R01033,AGIIL,B,,,,,AGI Infra Limited,372.85,376.60,365.90,372.40,373.50,367.95,,372.50,,,36904,13751812.00,1160,F1,1,,,,,
2026-06-12,2026-06-12,CM,BSE,STK,539044,INE824Q01011,MANAKSTEEL,T,,,,,Manaksia Steels Limited,66.60,67.00,66.01,66.58,66.01,66.27,,66.25,,,3477,231506.00,22,F1,1,,,,,
2026-06-12,2026-06-12,CM,BSE,STK,539045,INE859Q01017,MANAKALUCO,B,,,,,Manaksia Aluminium Company Ltd,40.30,40.88,39.20,39.60,39.78,38.55,,39.59,,,14467,575118.00,299,F1,1,,,,,
2026-06-12,2026-06-12,CM,BSE,STK,539046,INE830Q01018,MANAKCOAT,B,,,,,Manaksia Coated Metals & Indus,105.55,109.05,103.55,108.10,108.65,103.55,,107.87,,,8405,904259.00,124,F1,1,,,,,
2026-06-12,2026-06-12,CM,BSE,STK,539056,INE172N01012,IMAGICAA,B,,,,,IMAGICAAWORLD ENTERTAINMENT LI,41.51,42.56,41.21,42.41,42.40,40.64,,42.51,,,15172,638018.00,224,F1,1,,,,,
2026-06-12,2026-06-12,CM,BSE,STK,539083,INE066P01011,INOXWIND,A,,,,,Inox Wind Limited,82.96,88.39,82.37,88.07,88.07,81.10,,88.03,,,1421340,122238917.00,6860,F1,1,,,,,
2026-06-12,2026-06-12,CM,BSE,STK,539090,INE751R01014,RAJPUTANA,X,,,,,Rajputana Investment and Finan,33.90,34.00,33.00,33.78,33.00,33.00,,33.78,,,1536,51905.00,18,F1,1,,,,,
2026-06-12,2026-06-12,CM,BSE,STK,539091,INE187R01029,CCDL,X,,,,,Consecutive Commodities Limite,0.98,1.03,0.93,1.00,1.00,0.98,,1.00,,,665742,664283.00,227,F1,1,,,,,
2026-06-12,2026-06-12,CM,BSE,STK,539097,INE904R01027,URSUGAR,B,,,,,UR SUGAR INDUSTRIES LIMITED,2.97,2.97,2.67,2.71,2.71,2.84,,2.71,,,476038,1311281.00,189,F1,1,,,,,
2026-06-12,2026-06-12,CM,BSE,STK,539098,INE541R01019,FILTRA,M,,,,,Filtra Consultants and Enginee,42.50,51.70,42.00,51.70,51.70,50.53,,51.70,,,24000,1120940.00,12,F1,2000,,,,,
2026-06-12,2026-06-12,CM,BSE,STK,539111,INE193R01019,SHESHAINDS,X,,,,,SHESHADRI INDUSTRIES LIMITED,16.51,16.52,16.51,16.52,16.52,17.01,,16.52,,,392,6474.00,5,F1,1,,,,,
2026-06-12,2026-06-12,CM,BSE,STK,539112,INE137M01017,SAB,X,,,,,SAB INDUSTRIES LIMITED,160.20,160.20,149.25,159.00,159.00,157.05,,159.00,,,522,77971.00,14,F1,1,,,,,
2026-06-12,2026-06-12,CM,BSE,STK,539113,INE291E01019,PML,B,,,,,Paul Merchants Ltd.,512.00,530.00,480.30,495.70,530.00,507.00,,505.25,,,52,25793.00,9,F1,1,,,,,
2026-06-12,2026-06-12,CM,BSE,STK,539115,INE273F01022,ALANSCOTT,X,,,,,ALAN SCOTT ENTERPRISES LIMITED,270.90,270.90,266.00,270.90,270.90,270.65,,270.90,,,2227,602585.00,10,F1,1,,,,,
2026-06-12,2026-06-12,CM,BSE,STK,539117,INE029H01016,SUJALA,X,,,,,Sujala Trading & Holding Ltd.,15.49,15.50,14.35,14.56,14.78,15.06,,14.56,,,32276,476104.00,373,F1,1,,,,,
2026-06-12,2026-06-12,CM,BSE,STK,539118,INE366I01010,VRLLOG,B,,,,,VRL Logistics Limited,229.90,232.15,228.60,230.10,230.00,229.90,,229.90,,,4336,996959.00,431,F1,1,,,,,
2026-06-12,2026-06-12,CM,BSE,STK,539120,INE578R01011,GRAMEVA,XT,,,,,GRAMEVA LIMITED,74.34,74.34,67.93,67.99,67.93,70.80,,67.99,,,101,6867.00,2,F1,1,,,,,
2026-06-12,2026-06-12,CM,BSE,STK,539121,INE239L01013,PALCO,X,,,,,Palco Metals Limited,140.00,146.00,132.00,132.55,135.95,134.95,,132.55,,,2237,303147.00,60,F1,1,,,,,
2026-06-12,2026-06-12,CM,BSE,STK,539122,INE104F01029,BODHTREE,X,,,,,Bodhtree Consulting Limited,17.60,17.60,15.26,17.23,17.24,16.01,,17.23,,,1472,25486.00,24,F1,1,,,,,
2026-06-12,2026-06-12,CM,BSE,STK,539123,INE334E01017,VBIND,X,,,,,V B INDUSTRIES LIMITED,6.50,7.19,6.00,6.45,6.80,6.55,,6.45,,,5860,37932.00,38,F1,1,,,,,
2026-06-12,2026-06-12,CM,BSE,STK,539124,INE822Q01015,SARVOTTAM,X,,,,,Survottam Finvest Ltd.,21.47,21.47,20.46,20.67,21.46,21.53,,20.67,,,23,478.00,4,F1,1,,,,,
2026-06-12,2026-06-12,CM,BSE,STK,539126,INE776I01010,MEP,Z,,,,,MEP Infrastructure Developers,0.84,0.84,0.83,0.83,0.83,0.84,,0.82,,,6884,5713.00,20,F1,1,,,,,
2026-06-12,2026-06-12,CM,BSE,STK,539132,INE761D01021,WARDWIZFBL,X,,,,,Wardwizard Foods and Beverages,9.55,10.34,9.55,10.03,10.09,10.05,,10.03,,,403226,3967575.00,456,F1,1,,,,,
2026-06-12,2026-06-12,CM,BSE,STK,539141,INE527H01019,UFO,B,,,,,UFO Moviez India Limited,71.84,72.09,71.35,71.62,71.35,71.84,,71.73,,,1704,122067.00,25,F1,1,,,,,
2026-06-12,2026-06-12,CM,BSE,STK,539143,INE945O01019,PANTH,XT,,,,,PANTH INFINITY LIMITED,11.10,11.49,10.76,11.01,11.29,11.10,,11.01,,,10176,112006.00,66,F1,1,,,,,
2026-06-12,2026-06-12,CM,BSE,STK,539148,INE788J01021,SHIVALIK,T,,,,,Shivalik Rasayan Ltd.,229.95,230.90,221.15,225.20,223.40,232.75,,226.35,,,4021,910154.00,87,F1,1,,,,,
2026-06-12,2026-06-12,CM,BSE,STK,539149,INE682B01023,ICSL,X,,,,,Integrated Capital Services Lt,4.59,4.59,4.56,4.56,4.56,4.80,,4.56,,,3045,13915.00,12,F1,1,,,,,
2026-06-12,2026-06-12,CM,BSE,STK,539150,INE195J01029,PNCINFRA,A,,,,,PNC Infratech Limited,200.90,206.85,197.45,203.60,203.00,197.90,,201.69,,,34855,7063243.00,649,F1,1,,,,,
2026-06-12,2026-06-12,CM,BSE,STK,539151,INE784R01023,ARFIN,B,,,,,Arfin India Limited,86.00,86.00,83.10,84.82,83.78,83.28,,84.82,,,50259,4242146.00,300,F1,1,,,,,
2026-06-12,2026-06-12,CM,BSE,STK,539167,INE347L01022,VLL,XT,,,,,Virat Leasing Limited,52.50,52.50,52.50,52.50,52.50,52.80,,52.50,,,2,105.00,1,F1,1,,,,,
2026-06-12,2026-06-12,CM,BSE,STK,539174,INE738P01015,HELPAGE,X,,,,,Helpage Finlease Ltd.,21.50,21.87,21.50,21.86,21.86,21.93,,21.86,,,47,1023.00,4,F1,1,,,,,
2026-06-12,2026-06-12,CM,BSE,STK,539176,INE230I01018,HAWAENG,X,,,,,Hawa Engineers ltd.,83.50,83.50,82.00,83.03,82.20,83.90,,83.03,,,874,72394.00,15,F1,1,,,,,
2026-06-12,2026-06-12,CM,BSE,STK,539177,INE206F01022,AIIL,A,,,,,Authum Investment & Infrastruc,469.00,547.40,468.90,528.40,528.40,459.35,,530.10,,,501525,262419319.00,12139,F1,1,,,,,
2026-06-12,2026-06-12,CM,BSE,STK,539189,INE578L01014,ADHBHUTIN,X,,,,,Adhbhut Infrastructure Ltd.,14.00,14.70,14.00,14.58,14.58,14.00,,14.58,,,493,7228.00,4,F1,1,,,,,
2026-06-12,2026-06-12,CM,BSE,STK,539190,INE848N01017,DFL,X,,,,,Decillion Finance Ltd.,43.90,44.50,43.80,43.80,43.80,43.80,,43.80,,,544,23895.00,10,F1,1,,,,,
2026-06-12,2026-06-12,CM,BSE,STK,539195,INE035S01028,POEL,X,,,,,POCL ENTERPRISES LTD,166.00,169.50,161.10,164.35,165.00,162.20,,164.35,,,39329,6431887.00,380,F1,1,,,,,
2026-06-12,2026-06-12,CM,BSE,STK,539196,INE829P01020,AEL,X,,,,,Amba Enterprises Ltd.,109.00,109.00,106.00,108.30,108.40,106.25,,108.30,,,5980,644882.00,87,F1,1,,,,,
2026-06-12,2026-06-12,CM,BSE,STK,539199,INE618R01015,SGFIN,B,,,,,SG FINSERVE LIMITED,581.60,615.25,581.55,611.35,611.35,569.60,,611.70,,,37317,22493945.00,1380,F1,1,,,,,
2026-06-12,2026-06-12,CM,BSE,STK,539200,INE203Q01026,NOBPOL,XT,,,,,NOBLE POLYMERS LIMITED,4.03,4.03,4.03,4.03,4.03,3.96,,4.03,,,6650,26799.00,6,F1,1,,,,,
2026-06-12,2026-06-12,CM,BSE,STK,539201,INE170E01023,SATIA,B,,,,,SATIA INDUSTRIES LIMITED,53.01,54.47,53.01,54.42,54.42,52.85,,54.53,,,5218,281276.00,172,F1,1,,,,,
2026-06-12,2026-06-12,CM,BSE,STK,539206,INE574D01010,GVBL,X,,,,,GENOMIC VALLEY BIOTECH LIMITED,25.95,28.60,25.95,28.60,28.60,27.30,,28.60,,,297,8213.00,8,F1,1,,,,,
2026-06-12,2026-06-12,CM,BSE,STK,539216,INE653S01028,GARMNTMNTR,X,,,,,GARMENT MANTRA LIFESTYLE LIMIT,1.15,1.18,1.13,1.14,1.14,1.15,,1.14,,,1253418,1434304.00,418,F1,1,,,,,
2026-06-12,2026-06-12,CM,BSE,STK,539217,INE606K01049,SRESTHA,X,,,,,Srestha Finvest Limited,0.24,0.25,0.23,0.23,0.23,0.24,,0.23,,,2583422,612473.00,378,F1,1,,,,,
2026-06-12,2026-06-12,CM,BSE,STK,539218,INE563C01015,SAUMYA,X,,,,,Saumya Consultants Ltd.,138.00,139.00,132.05,139.00,139.00,139.00,,139.00,,,72,9523.00,5,F1,1,,,,,
2026-06-12,2026-06-12,CM,BSE,STK,539219,INE150D01027,MUL,X,,,,,MAURIA UDYOG LIMITED,8.50,9.61,8.20,8.94,8.85,8.99,,8.94,,,70383,627692.00,139,F1,1,,,,,
2026-06-12,2026-06-12,CM,BSE,STK,539220,INE540S01019,MISHKA,X,,,,,Mishka Exim Limited,41.01,41.50,41.00,41.00,41.00,41.00,,41.00,,,358,14678.00,7,F1,1,,,,,
2026-06-12,2026-06-12,CM,BSE,STK,539221,INE885H01029,SPORTKING,B,,,,,Sportking India Ltd.,174.30,183.55,174.30,181.95,182.50,173.55,,182.57,,,28306,5122110.00,478,F1,1,,,,,
2026-06-12,2026-06-12,CM,BSE,STK,539222,INE451S01027,GROWINGTON,T,,,,,GROWINGTON VENTURES INDIA LIMI,0.70,0.72,0.69,0.71,0.71,0.72,,0.71,,,5045041,3511137.00,589,F1,1,,,,,
2026-06-12,2026-06-12,CM,BSE,STK,539224,INE345Q01017,HCKKVENTURE,XT,,,,,HCKK Ventures Limited,36.88,38.04,36.88,36.88,36.88,38.82,,36.88,,,35567,1312556.00,33,F1,1,,,,,
2026-06-12,2026-06-12,CM,BSE,STK,539226,INE027T01023,RUDRA,T,,,,,RUDRA GLOBAL INFRA PRODUCTS LI,17.62,17.97,17.40,17.94,17.94,17.62,,17.94,,,6316,112350.00,33,F1,1,,,,,
2026-06-12,2026-06-12,CM,BSE,STK,539227,INE876S01017,LOYAL,X,,,,,Loyal Equipments Limited,156.50,160.00,155.00,157.30,159.80,157.10,,157.30,,,8260,1298209.00,126,F1,1,,,,,
2026-06-12,2026-06-12,CM,BSE,STK,539228,INE480S01026,GGPL,Z,,,,,Gala Global Products Limited,1.50,1.51,1.50,1.51,1.51,1.52,,1.51,,,13437,20165.00,36,F1,1,,,,,
2026-06-12,2026-06-12,CM,BSE,STK,539251,INE875R01011,BALKRISHNA,B,,,,,Balkrishna Paper Mills Ltd.,18.00,18.95,17.82,18.95,18.95,17.61,,18.17,,,125,2354.00,4,F1,1,,,,,
2026-06-12,2026-06-12,CM,BSE,STK,539252,INE979R01011,SHYAMCENT,B,,,,,Shyam Century Ferrous Limited,5.10,5.10,4.70,4.90,4.90,4.86,,4.92,,,30444,147723.00,184,F1,1,,,,,
2026-06-12,2026-06-12,CM,BSE,STK,539254,INE931S01010,ADANIENSOL,A,,,,,Adani Energy Solutions Limited,1500.60,1508.15,1477.05,1487.20,1490.00,1466.50,,1489.50,,,104670,156082933.00,4671,F1,1,,,,,
2026-06-12,2026-06-12,CM,BSE,STK,539255,INE541K01014,STARDELTA,X,,,,,STAR DELTA TRANSFORMERS LIMITE,588.00,598.00,565.50,588.50,588.50,577.55,,588.50,,,2593,1524856.00,112,F1,1,,,,,
2026-06-12,2026-06-12,CM,BSE,STK,539265,INE990S01016,AMRAFIN,MT,,,,,Amrapali Fincap Limited,25.10,25.10,25.10,25.10,25.10,23.91,,25.10,,,1200,30120.00,1,F1,1200,,,,,
2026-06-12,2026-06-12,CM,BSE,STK,539267,INE579N01018,SAMSRITA,X,,,,,SAMSRITA LABS LIMITED,18.20,18.56,16.50,16.80,16.80,16.88,,16.80,,,42013,754325.00,192,F1,1,,,,,
2026-06-12,2026-06-12,CM,BSE,STK,539268,INE398R01022,SYNGENE,A,,,,,Syngene International Limited,457.90,460.00,449.30,458.60,458.80,447.90,,458.55,,,34171,15557318.00,1699,F1,1,,,,,
2026-06-12,2026-06-12,CM,BSE,STK,539275,INE829S01016,MSL,X,,,,,Mangalam Seeds Limited,125.00,125.00,122.00,123.75,124.40,125.45,,123.75,,,207,25510.00,21,F1,1,,,,,
2026-06-12,2026-06-12,CM,BSE,STK,539276,INE587G01015,KAYA,B,,,,,Kaya Limited,240.45,257.65,240.00,253.60,253.50,237.05,,254.97,,,1387,345034.00,61,F1,1,,,,,
2026-06-12,2026-06-12,CM,BSE,STK,539278,INE653R01012,SYMBIOX,X,,,,,Symbiox Investment & Trading C,1.79,1.79,1.71,1.71,1.71,1.68,,1.71,,,4727,8234.00,18,F1,1,,,,,
2026-06-12,2026-06-12,CM,BSE,STK,539287,INE749B01020,ORTINGLOBE,T,,,,,ORTIN GLOBAL LIMITED,16.70,18.38,16.70,17.35,17.25,17.52,,17.42,,,40,681.00,11,F1,1,,,,,
2026-06-12,2026-06-12,CM,BSE,STK,539289,INE898S01029,AURUM,B,,,,,Aurum PropTech Limited,185.80,187.45,179.20,182.65,179.20,181.50,,183.38,,,4623,849053.00,124,F1,1,,,,,
2026-06-12,2026-06-12,CM,BSE,STK,539290,INE143A01010,OSWALGREEN,B,,,,,Oswal Greentech Limited,23.00,23.50,22.84,23.01,23.00,22.81,,23.17,,,26425,609851.00,210,F1,1,,,,,
2026-06-12,2026-06-12,CM,BSE,STK,539300,INE671K01027,SUNRAKSHAK,X,,,,,SUNRAKSHAKK INDUSTRIES INDIA L,325.00,327.80,320.00,326.25,327.55,321.80,,326.25,,,6245,2029197.00,159,F1,1,,,,,
2026-06-12,2026-06-12,CM,BSE,STK,539301,INE034S01021,ARVSMART,B,,,,,Arvind SmartSpaces Limited,561.90,574.90,561.90,574.75,574.80,562.20,,573.90,,,354,202037.00,45,F1,1,,,,,
2026-06-12,2026-06-12,CM,BSE,STK,539302,INE211R01019,POWERMECH,A,,,,,Power Mech Projects Limited,2630.00,2809.80,2629.95,2789.95,2790.90,2599.40,,2789.50,,,39524,108554453.00,3550,F1,1,,,,,
2026-06-12,2026-06-12,CM,BSE,STK,539309,INE230R01035,RAMASTEEL,B,,,,,Rama Steel Tubes Limited,5.21,5.29,5.16,5.23,5.25,5.16,,5.22,,,408965,2134383.00,724,F1,1,,,,,
2026-06-12,2026-06-12,CM,BSE,STK,539310,INE365S01045,THINKINK,XT,,,,,THINKINK PICTUREZ LIMITED,0.20,0.20,0.19,0.19,0.20,0.19,,0.19,,,1732735,332472.00,261,F1,1,,,,,
2026-06-12,2026-06-12,CM,BSE,STK,539312,INF789FB1X58,SENSEXBETA,A,,,,,UTI BSE Sensex ETF,939.00,939.00,835.00,887.00,835.00,813.37,,832.46,,,2,1774.00,2,F1,1,,,,,
2026-06-12,2026-06-12,CM,BSE,STK,539313,INF789F1AZC0,NIFTYBETA,B,,,,,UTI Mutual Fund,258.00,260.59,257.95,260.59,260.59,256.35,,260.79,,,1798,464812.00,43,F1,1,,,,,
2026-06-12,2026-06-12,CM,BSE,STK,539314,INE203T01012,UNIAUTO,B,,,,,Universal Autofoundry Limited,55.95,55.95,51.12,52.10,52.96,52.42,,52.10,,,4230,221182.00,59,F1,1,,,,,
2026-06-12,2026-06-12,CM,BSE,STK,539331,INE918N01018,VETO,B,,,,,VETO SWITCHGEARS AND CABLES LI,145.55,148.00,143.85,145.50,145.50,144.50,,144.58,,,6287,916526.00,126,F1,1,,,,,
2026-06-12,2026-06-12,CM,BSE,STK,539332,INE278M01019,NAVKARCORP,B,,,,,Navkar Corporation Limited,97.29,103.01,95.99,102.25,102.63,95.05,,102.05,,,63015,6355797.00,536,F1,1,,,,,
2026-06-12,2026-06-12,CM,BSE,STK,539334,INE712K01011,SHREEPUSHK,B,,,,,Shree Pushkar Chemicals & Fert,356.40,358.20,355.00,356.50,356.15,353.10,,357.60,,,625,222623.00,40,F1,1,,,,,
2026-06-12,2026-06-12,CM,BSE,STK,539336,INE844O01030,GUJGASLTD,A,,,,,Gujarat Gas Limited,379.55,391.40,376.70,388.95,384.30,376.65,,388.05,,,24777,9527998.00,942,F1,1,,,,,
2026-06-12,2026-06-12,CM,BSE,STK,539337,INE725P01012,WAAREE,MT,,,,,WAAREE TECHNOLOGIES LIMITED,239.95,252.00,239.95,252.00,252.00,240.00,,252.00,,,11725,2941653.00,53,F1,175,,,,,
2026-06-12,2026-06-12,CM,BSE,STK,539346,INE764L01010,SADBHIN,T,,,,,Sadbhav Infrastructure Project,2.97,3.10,2.97,3.02,3.02,3.03,,3.02,,,21767,65076.00,28,F1,1,,,,,
2026-06-12,2026-06-12,CM,BSE,STK,539353,INE724G01014,SALAUTO,X,,,,,SAL AUTOMOTIVE LIMITED,189.00,194.90,189.00,193.85,193.85,189.15,,193.85,,,17,3301.00,3,F1,1,,,,,
2026-06-12,2026-06-12,CM,BSE,STK,539354,INE914G01029,POLYSPIN,X,,,,,Polyspin Exports Ltd.,30.82,30.82,29.06,30.50,30.50,30.07,,30.50,,,291,8796.00,10,F1,1,,,,,
2026-06-12,2026-06-12,CM,BSE,STK,539359,INE583R01029,PRITIKAUTO,B,,,,,Pritika Auto Industries Limite,13.51,14.89,13.51,14.37,14.43,14.19,,14.38,,,13273,190000.00,123,F1,1,,,,,
2026-06-12,2026-06-12,CM,BSE,STK,539391,INE636B01011,ACME,Z,,,,,Acme Resources Limited,30.69,30.69,30.49,30.49,30.49,29.26,,30.49,,,65,1984.00,7,F1,1,,,,,
2026-06-12,2026-06-12,CM,BSE,STK,539398,INE060T01024,VISHALBL,B,,,,,Vishal Bearings Limited,60.95,61.00,60.70,60.80,60.80,60.99,,60.80,,,79,4812.00,8,F1,1,,,,,
2026-06-12,2026-06-12,CM,BSE,STK,539399,INE344T01014,BELLACASA,B,,,,,Bella Casa Fashion & Retail Li,229.25,234.00,224.25,226.05,226.50,226.10,,229.13,,,279,63271.00,33,F1,1,,,,,
2026-06-12,2026-06-12,CM,BSE,STK,539400,INE389C01015,MALLCOM,B,,,,,MALLCOM (INDIA) LTD.,969.90,1032.00,964.25,1018.20,1015.30,969.90,,1021.95,,,336,337404.00,97,F1,1,,,,,
2026-06-12,2026-06-12,CM,BSE,STK,539402,INE256S01012,NAKSH,T,,,,,Naksh Precious Metals Limited,3.90,4.09,3.90,4.07,4.07,3.90,,4.07,,,879,3575.00,13,F1,1,,,,,
2026-06-12,2026-06-12,CM,BSE,STK,539404,INE836B01017,SATIN,B,,,,,SATIN CREDITCARE NETWORK LIMIT,222.60,228.20,220.70,224.10,228.20,220.00,,226.27,,,18331,4093673.00,393,F1,1,,,,,
2026-06-12,2026-06-12,CM,BSE,STK,539405,INE183R01010,DITCO,X,,,,,Decorous Investment and Tradin,14.10,14.15,13.42,13.47,13.47,14.10,,13.47,,,257,3493.00,7,F1,1,,,,,
2026-06-12,2026-06-12,CM,BSE,STK,539406,INE150R01019,SWAGTAM,X,,,,,Swagatam Trading & Services Li,62.75,62.75,62.75,62.75,62.75,66.01,,62.75,,,163,10228.00,3,F1,1,,,,,
2026-06-12,2026-06-12,CM,BSE,STK,539407,INE854S01022,GENCON,B,,,,,Generic Engineering Constructi,38.10,38.99,38.10,38.95,38.99,37.37,,39.22,,,3507,135598.00,93,F1,1,,,,,
2026-06-12,2026-06-12,CM,BSE,STK,539408,INE594R01018,KUBERJI,XT,,,,,Kuber Udyog Limited,23.62,23.62,23.62,23.62,23.62,24.10,,23.62,,,5447,128658.00,5,F1,1,,,,,
2026-06-12,2026-06-12,CM,BSE,STK,539428,INE030T01027,TEJNAKSH,X,,,,,Tejnaksh Healthcare Limited,14.20,14.90,13.55,14.18,14.90,13.78,,14.18,,,8222,116356.00,29,F1,1,,,,,
2026-06-12,2026-06-12,CM,BSE,STK,539435,INE201C01012,RFSL,X,,,,,Richfield Financial Services L,27.95,27.95,26.00,26.00,26.00,27.80,,26.00,,,110,3055.00,4,F1,1,,,,,
2026-06-12,2026-06-12,CM,BSE,STK,539436,INE335K01011,COFFEEDAY,T,,,,,Coffee Day Enterprises Limited,34.70,34.85,33.50,34.01,34.01,34.96,,33.93,,,116774,3966287.00,557,F1,1,,,,,
2026-06-12,2026-06-12,CM,BSE,STK,539437,INE092T01019,IDFCFIRSTB,A,,,,,IDFC FIRST BANK LIMITED,73.17,77.48,73.17,76.51,76.51,72.95,,76.50,,,4997361,377214401.00,17849,F1,1,,,,,
2026-06-12,2026-06-12,CM,BSE,STK,539448,INE646L01027,INDIGO,A,,,,,InterGlobe Aviation Limited,4599.85,4727.40,4565.20,4708.65,4708.65,4501.90,,4709.70,,,69510,324591952.00,7873,F1,1,,,,,
2026-06-12,2026-06-12,CM,BSE,STK,539449,INE099S01016,IGCIL,X,,,,,IGC Industries Limited,2.31,2.31,2.22,2.25,2.25,2.30,,2.25,,,50160,113333.00,126,F1,1,,,,,
2026-06-12,2026-06-12,CM,BSE,STK,539450,INE500L01026,SHK,B,,,,,S H Kelkar and Company Limited,124.10,128.85,123.35,128.20,128.20,122.10,,128.02,,,18257,2308291.00,350,F1,1,,,,,
2026-06-12,2026-06-12,CM,BSE,STK,539455,INE360S01012,ARYAVAN,X,,,,,ARYAVAN ENTERPRISE LIMITED,51.00,51.00,47.28,48.93,48.94,49.45,,48.93,,,4598,223554.00,17,F1,1,,,,,
2026-06-12,2026-06-12,CM,BSE,STK,539468,INE761R01013,TFSL,XT,,,,,Typhoon Financial Services Lim,42.00,42.00,42.00,42.00,42.00,41.33,,42.00,,,1251,52542.00,4,F1,1,,,,,
2026-06-12,2026-06-12,CM,BSE,STK,539469,INE258R01028,PANORAMA,B,,,,,PANORAMA STUDIOS INTERNATIONAL,47.79,48.50,45.54,48.02,48.00,47.11,,48.02,,,268290,12791114.00,653,F1,1,,,,,
2026-06-12,2026-06-12,CM,BSE,STK,539470,INE051N01026,SHREEGANES,X,,,,,Shree Ganesh Biotech (India) L,0.57,0.59,0.56,0.58,0.58,0.57,,0.58,,,825758,471918.00,344,F1,1,,,,,
2026-06-12,2026-06-12,CM,BSE,STK,539479,INE910R01024,GTV,X,,,,,GTV Engineering Limited,75.95,77.49,74.00,74.77,74.77,74.82,,74.77,,,35370,2673476.00,256,F1,1,,,,,
2026-06-12,2026-06-12,CM,BSE,STK,539487,INF767K01OT5,LICNETFSEN,A,,,,,LIC MF EXCHNG TRADED FUND-SENS,838.08,838.08,838.08,838.08,838.08,838.08,,847.11,,,1,838.00,1,F1,1,,,,,
2026-06-12,2026-06-12,CM,BSE,STK,539492,INE721C01019,GARBIFIN,X,,,,,Garbi Finvest Limited,10.40,10.40,9.87,9.88,10.30,10.40,,9.88,,,2223,22027.00,19,F1,1,,,,,
2026-06-12,2026-06-12,CM,BSE,STK,539494,INE766D01020,SMARTFIN,X,,,,,Smart Finsec Limited,8.00,8.29,7.65,8.13,8.14,7.90,,8.13,,,4300,34248.00,76,F1,1,,,,,
2026-06-12,2026-06-12,CM,BSE,STK,539495,INE176R01014,RAJKOTINV,X,,,,,Rajkot Investment Trust Limite,41.00,44.00,41.00,44.00,44.00,40.20,,44.00,,,192,8122.00,8,F1,1,,,,,
2026-06-12,2026-06-12,CM,BSE,STK,539506,INE805Q01028,ADCON,X,,,,,Adcon Capital Services Limited,0.50,0.50,0.48,0.49,0.49,0.50,,0.49,,,243645,119799.00,146,F1,1,,,,,
2026-06-12,2026-06-12,CM,BSE,STK,539515,INE641R01017,QUINT,B,,,,,Quint Digital Limited,41.00,43.49,41.00,42.55,41.61,43.54,,42.85,,,452,19140.00,10,F1,1,,,,,
2026-06-12,2026-06-12,CM,BSE,STK,539516,INF179KC1965,HDFCNIFTY,B,,,,,HDFC Mutual Fund,263.09,265.37,261.60,264.82,264.76,260.22,,264.86,,,1839,483301.00,86,F1,1,,,,,
2026-06-12,2026-06-12,CM,BSE,STK,539517,INF179KC1HX2,HDFCSENSEX,A,,,,,HDFC Mutual Fund,84.49,85.34,83.80,84.95,85.34,84.10,,85.10,,,9896,834854.00,104,F1,1,,,,,
2026-06-12,2026-06-12,CM,BSE,STK,539518,INE551B01012,UDAYJEW,X,,,,,Uday Jewellery Industries Limi,159.95,159.95,146.00,149.10,149.10,150.00,,149.10,,,700,104184.00,30,F1,1,,,,,
2026-06-12,2026-06-12,CM,BSE,STK,539519,INE280E01038,SATTVASUKU,X,,,,,SATTVA SUKUN LIFECARE LIMITED,0.75,0.77,0.75,0.75,0.75,0.75,,0.75,,,193659,146565.00,103,F1,1,,,,,
2026-06-12,2026-06-12,CM,BSE,STK,539522,INE343C01012,GROVY,X,,,,,Grovy India Limited,45.34,45.34,44.95,44.96,44.97,44.09,,44.96,,,342,15424.00,15,F1,1,,,,,
2026-06-12,2026-06-12,CM,BSE,STK,539523,INE540L01014,ALKEM,A,,,,,Alkem Laboratories Limited,5319.80,5358.00,5282.25,5296.05,5288.00,5301.55,,5298.00,,,3014,16020067.00,629,F1,1,,,,,
2026-06-12,2026-06-12,CM,BSE,STK,539524,INE600L01024,LALPATHLAB,A,,,,,Dr. Lal Pathlabs Limited,1590.05,1634.00,1585.25,1600.50,1601.20,1593.75,,1601.30,,,13247,21206853.00,1213,F1,1,,,,,
2026-06-12,2026-06-12,CM,BSE,STK,539526,INE452S01025,SCTL,X,,,,,Suncare Traders Limited,0.45,0.46,0.44,0.46,0.46,0.45,,0.46,,,324344,144668.00,192,F1,1,,,,,
2026-06-12,2026-06-12,CM,BSE,STK,539527,INE146E01015,CREATIVE,X,,,,,Creative Castings Limited,535.00,535.00,529.90,530.65,534.80,545.00,,530.65,,,71,37688.00,8,F1,1,,,,,
2026-06-12,2026-06-12,CM,BSE,STK,539528,INE430R01023,AAYUSH,X,,,,,AAYUSH WELLNESS LIMITED,29.49,29.50,28.35,28.98,29.00,28.32,,28.98,,,118725,3429089.00,756,F1,1,,,,,
2026-06-12,2026-06-12,CM,BSE,STK,539533,INE669R01026,ELITECON,B,,,,,ELITECON INTERNATIONAL LIMITED,30.51,31.69,29.68,29.97,29.97,30.38,,29.99,,,734308,22364811.00,3183,F1,1,,,,,
2026-06-12,2026-06-12,CM,BSE,STK,539542,INE150G01020,LUXIND,B,,,,,LUX Industries Limited,1270.00,1297.75,1256.65,1266.80,1272.00,1258.35,,1266.50,,,1762,2247129.00,134,F1,1,,,,,
2026-06-12,2026-06-12,CM,BSE,STK,539544,INE281P01016,ABHIINFRA,X,,,,,Abhishek Infraventures Limited,8.67,8.67,8.45,8.45,8.45,8.26,,8.45,,,5,42.00,3,F1,1,,,,,
2026-06-12,2026-06-12,CM,BSE,STK,539545,INE217S01014,APOORVA,X,,,,,Apoorva Leasing Finance & Inve,32.70,34.44,32.00,34.44,34.44,34.90,,34.44,,,405,12967.00,7,F1,1,,,,,
2026-06-12,2026-06-12,CM,BSE,STK,539546,INE679E01015,AGRIBIO,X,,,,,AGRIBIO SPIRITS LIMITED,291.95,297.80,288.05,292.00,292.25,288.05,,292.00,,,6056,1790312.00,47,F1,1,,,,,
2026-06-12,2026-06-12,CM,BSE,STK,539551,INE410P01011,NH,A,,,,,Narayana Hrudayalaya Limited,1883.25,1907.25,1874.05,1893.25,1897.00,1861.80,,1893.90,,,17435,32997174.00,1929,F1,1,,,,,
2026-06-12,2026-06-12,CM,BSE,STK,539552,INE108T01021,FMEC,X,,,,,F MEC INTERNATIONAL FINANCIAL,17.80,17.80,17.80,17.80,17.80,18.73,,17.80,,,26620,473836.00,124,F1,1,,,,,
2026-06-12,2026-06-12,CM,BSE,STK,539559,INE005G01026,DEEPAI,X,,,,,Deep Health AI India Limited,2.12,2.12,2.01,2.06,2.08,2.03,,2.06,,,409156,841307.00,588,F1,1,,,,,
2026-06-12,2026-06-12,CM,BSE,STK,539561,INE549S01036,SUPHA,XT,,,,,SUPHA PHARMACHEM LIMITED,0.28,0.28,0.28,0.28,0.28,0.29,,0.28,,,2851929,798540.00,811,F1,1,,,,,
2026-06-12,2026-06-12,CM,BSE,STK,539562,INE750R01016,AARNAV,B,,,,,AARNAV FASHIONS LIMITED,24.73,24.73,24.71,24.71,24.71,24.73,,24.96,,,257,6350.00,3,F1,1,,,,,
2026-06-12,2026-06-12,CM,BSE,STK,539593,INE728Q01014,SHIVA,XT,,,,,Shivansh Finserv Limited,10.82,10.82,10.82,10.82,10.82,10.31,,10.82,,,49267,533068.00,24,F1,1,,,,,
2026-06-12,2026-06-12,CM,BSE,STK,539594,INE094S01041,MISHTANN,X,,,,,Mishtann Foods Limited,3.89,4.09,3.83,3.92,3.92,3.88,,3.92,,,1917118,7558833.00,2026,F1,1,,,,,
2026-06-12,2026-06-12,CM,BSE,STK,539596,INE681Q01015,DELTA,X,,,,,Delta Industrial Resources Lim,12.80,12.80,12.80,12.80,12.80,12.80,,12.80,,,10,128.00,2,F1,1,,,,,
2026-06-12,2026-06-12,CM,BSE,STK,539598,INE727C01024,CGFL,X,,,,,CREDENT GLOBAL FINANCE LIMITED,28.40,30.00,27.15,29.24,29.34,28.28,,29.24,,,798318,23850981.00,290,F1,1,,,,,
2026-06-12,2026-06-12,CM,BSE,STK,539599,INE079C01012,KEL,X,,,,,Kotia Enterprises Limited,26.73,26.73,26.50,26.73,26.73,26.73,,26.73,,,178,4757.00,4,F1,1,,,,,
2026-06-12,2026-06-12,CM,BSE,STK,539607,INE373T01047,BLUECLOUDS,B,,,,,Blue Cloud Softech Solutions L,17.93,18.24,17.93,18.07,18.09,17.81,,18.07,,,489272,8843979.00,1156,F1,1,,,,,
2026-06-12,2026-06-12,CM,BSE,STK,539620,INE534E01020,KEIL,X,,,,,KANORIA ENERGY & INFRASTRUCTUR,16.11,16.99,16.11,16.24,16.21,16.42,,16.24,,,1119,18206.00,37,F1,1,,,,,
2026-06-12,2026-06-12,CM,BSE,STK,539621,INE368E01023,BCLENTERPR,XT,,,,,BCL Enterprises Limited,0.56,0.59,0.56,0.59,0.59,0.58,,0.59,,,41290,24030.00,28,F1,1,,,,,
2026-06-12,2026-06-12,CM,BSE,STK,539636,INE484I01029,PRECAM,B,,,,,Precision Camshafts Limited,140.00,144.55,139.45,143.70,143.95,136.75,,144.02,,,9140,1298824.00,260,F1,1,,,,,
2026-06-12,2026-06-12,CM,BSE,STK,539658,INE985S01024,TEAMLEASE,B,,,,,TeamLease Services Limited,1440.00,1440.00,1401.80,1406.10,1402.75,1408.05,,1405.10,,,682,960351.00,89,F1,1,,,,,
2026-06-12,2026-06-12,CM,BSE,STK,539659,INE564S01019,KAMATS,B,,,,,VIKRAM KAMATS HOSPITALITY LIMI,38.11,41.78,38.11,40.37,40.37,39.09,,40.37,,,2130,85819.00,19,F1,1,,,,,
2026-06-12,2026-06-12,CM,BSE,STK,539660,INE052T01021,BESTAGRO,B,,,,,BEST AGROLIFE LIMITED,15.45,15.98,15.41,15.78,15.78,15.45,,15.80,,,82212,1295615.00,222,F1,1,,,,,
2026-06-12,2026-06-12,CM,BSE,STK,539661,INE023R01018,ACEMEN,X,,,,,ACE MEN ENGG WORKS LIMITED,97.50,97.50,92.00,97.01,96.80,96.00,,97.01,,,323,30523.00,41,F1,1,,,,,
2026-06-12,2026-06-12,CM,BSE,STK,539662,INE948Q01018,BFLAFL,X,,,,,BFL Asset Finvest Limited,6.64,7.10,6.64,6.90,6.90,6.64,,6.90,,,4241,29970.00,23,F1,1,,,,,
2026-06-12,2026-06-12,CM,BSE,STK,539669,INE684D01025,RGF,XT,,,,,RGF Capital Markets Limited,2.32,2.34,2.12,2.12,2.12,2.23,,2.12,,,603799,1347179.00,312,F1,1,,,,,
2026-06-12,2026-06-12,CM,BSE,STK,539673,INE792P01020,RCL,Z,,,,,Radhagobind Commercial Limited,2.90,2.99,2.75,2.98,2.98,2.85,,2.98,,,47378,134169.00,16,F1,1,,,,,
2026-06-12,2026-06-12,CM,BSE,STK,539678,INE306L01010,QUICKHEAL,T,,,,,Quick Heal Technologies Limite,167.00,172.00,165.15,168.70,170.80,166.85,,169.80,,,18209,3069424.00,228,F1,1,,,,,
2026-06-12,2026-06-12,CM,BSE,STK,539679,INE332Q01023,KAPILRAJ,X,,,,,Kapil Raj Finance Ltd.,2.67,2.67,2.67,2.67,2.67,2.81,,2.67,,,233415,623218.00,230,F1,1,,,,,
2026-06-12,2026-06-12,CM,BSE,STK,539682,INE622Q01027,MOBAVENUE,B,,,,,Mobavenue AI Tech Limited,287.70,309.25,286.00,309.20,308.75,1405.85,,309.20,,,198650,60089756.00,2384,F1,1,,,,,
2026-06-12,2026-06-12,CM,BSE,STK,539686,INE127T01021,KPEL,B,,,,,K.P. Energy Limited,335.00,346.25,331.70,344.50,345.40,328.40,,344.20,,,14253,4819833.00,466,F1,1,,,,,
2026-06-12,2026-06-12,CM,BSE,STK,539692,INE064T01018,IFINSER,X,,,,,INTERACTIVE FINANCIAL SERVICES,14.00,14.00,13.03,13.61,13.73,13.67,,13.61,,,1185,15636.00,28,F1,1,,,,,
2026-06-12,2026-06-12,CM,BSE,STK,539697,INE966Q01010,HILIKS,X,,,,,HILIKS TECHNOLOGIES LIMITED,60.80,62.89,55.01,55.78,58.00,58.16,,55.78,,,56193,3240107.00,226,F1,1,,,,,
2026-06-12,2026-06-12,CM,BSE,STK,539724,INE039D01014,HYPERSOFT,XT,,,,,HYPERSOFT TECHNOLOGIES LIMITED,205.85,209.00,205.85,208.00,208.00,205.85,,208.00,,,10763,2217118.00,35,F1,1,,,,,
2026-06-12,2026-06-12,CM,BSE,STK,539725,INE314T01033,GOKULAGRO,B,,,,,Gokul Agro Resources Ltd,230.75,236.00,230.60,232.90,232.60,230.65,,233.05,,,34795,8108676.00,427,F1,1,,,,,
2026-06-12,2026-06-12,CM,BSE,STK,539730,INE194R01017,FREDUN,X,,,,,Fredun Pharmaceuticals Limited,2289.70,2327.00,2289.65,2310.75,2300.00,2249.55,,2310.75,,,9047,20888985.00,344,F1,1,,,,,
2026-06-12,2026-06-12,CM,BSE,STK,539742,INE748T01016,SIMBHALS,Z,,,,,Simbhaoli Sugars Ltd,6.89,7.05,6.85,6.94,6.94,6.78,,6.90,,,682,4740.00,14,F1,1,,,,,
2026-06-12,2026-06-12,CM,BSE,STK,539760,INE773T01014,RELICAB,B,,,,,Relicab Cable Manufacturing Li,37.25,38.99,35.50,36.73,36.73,37.25,,36.73,,,11795,428880.00,52,F1,1,,,,,
2026-06-12,2026-06-12,CM,BSE,STK,539761,INE427T01025,VKAL,XT,,,,,Vantage Knowledge Academy Limi,1.05,1.06,0.98,1.04,1.04,1.03,,1.04,,,262724,268964.00,228,F1,1,,,,,
2026-06-12,2026-06-12,CM,BSE,STK,539762,INE250S01015,MEAPL,X,,,,,MODERN ENGINEERING AND PROJECT,29.48,30.50,29.11,29.42,29.75,29.36,,29.42,,,22595,670650.00,143,F1,1,,,,,
2026-06-12,2026-06-12,CM,BSE,STK,539767,INE216Q01010,MNIL,X,,,,,Mega Nirman & Industries Limit,49.75,49.75,40.63,41.33,41.33,44.99,,41.33,,,4089,171524.00,37,F1,1,,,,,
2026-06-12,2026-06-12,CM,BSE,STK,539770,INE830S01014,DARJEELING,XT,,,,,DARJEELING INDUSTRIIES LIMITED,34.94,35.90,32.54,32.54,32.54,34.25,,32.54,,,49,1701.00,7,F1,1,,,,,
2026-06-12,2026-06-12,CM,BSE,STK,539773,INE178T01024,ADVIKCA,X,,,,,Advik Capital Limited,1.28,1.33,1.28,1.31,1.33,1.31,,1.31,,,632682,822266.00,351,F1,1,,,,,
2026-06-12,2026-06-12,CM,BSE,STK,539785,INE865T01018,PDMJEPAPER,B,,,,,Pudumjee Paper Products Limite,80.40,82.09,78.90,80.96,80.96,79.32,,81.13,,,4460,357599.00,81,F1,1,,,,,
2026-06-12,2026-06-12,CM,BSE,STK,539787,INE075I01017,HCG,A,,,,,HealthCare Global Enterprises,641.60,641.60,626.00,630.75,628.00,628.95,,630.50,,,5080,3206948.00,230,F1,1,,,,,
2026-06-12,2026-06-12,CM,BSE,STK,539798,INE173U01015,UMIYA,X,,,,,Umiya Tubes Limited,38.92,38.98,37.00,37.49,38.90,38.55,,37.49,,,11602,436093.00,58,F1,1,,,,,
2026-06-12,2026-06-12,CM,BSE,STK,539799,INE316L01019,BHARATWIRE,B,,,,,Bharat Wire Ropes Limited,202.20,210.00,199.90,209.20,209.30,197.35,,209.00,,,12465,2565195.00,266,F1,1,,,,,
2026-06-12,2026-06-12,CM,BSE,STK,539800,INE043U01010,CHDCHEM,X,,,,,CHD Chemicals Limited,5.80,5.81,5.80,5.81,5.81,5.80,,5.81,,,1340,7775.00,6,F1,1,,,,,
2026-06-12,2026-06-12,CM,BSE,STK,539807,INE483S01020,CCAVENUE,A,,,,,AvenuesAI Limited,13.30,13.58,13.30,13.51,13.51,13.26,,13.50,,,374510,5039771.00,1802,F1,1,,,,,
2026-06-12,2026-06-12,CM,BSE,STK,539814,INE204S01012,LELAVOIR,X,,,,,LE LAVOIR LIMITED,152.00,157.05,145.30,154.40,157.05,150.00,,154.40,,,3513,528972.00,65,F1,1,,,,,
2026-06-12,2026-06-12,CM,BSE,STK,539834,INE119R01014,BALGOPAL,X,,,,,Balgopal Commercial limited,164.95,170.00,153.05,156.00,156.00,158.50,,156.00,,,1891,311580.00,19,F1,1,,,,,
2026-06-12,2026-06-12,CM,BSE,STK,539835,INE574R01028,SUPERIOR,X,,,,,Superior Finlease Limited,1.89,1.89,1.81,1.81,1.81,1.80,,1.81,,,15349,27861.00,19,F1,1,,,,,
2026-06-12,2026-06-12,CM,BSE,STK,539837,INE912T01018,RPEL,B,,,,,RAGHAV PRODUCTIVITY ENHANCERS,1172.25,1201.00,1160.50,1186.55,1192.45,1162.85,,1188.90,,,6785,8033219.00,533,F1,1,,,,,
2026-06-12,2026-06-12,CM,BSE,STK,539841,INE359U01028,LANCER,X,,,,,Lancer Container Lines Limited,10.28,10.34,10.00,10.10,10.14,10.07,,10.10,,,173992,1762617.00,443,F1,1,,,,,
2026-06-12,2026-06-12,CM,BSE,STK,539843,INE395U01014,NINSYS,T,,,,,NINtec Systems Limited,680.00,699.95,670.45,689.75,697.00,685.20,,689.55,,,419,285836.00,19,F1,1,,,,,
2026-06-12,2026-06-12,CM,BSE,STK,539854,INE115S01010,HALDER,B,,,,,Halder Venture Limited,260.25,260.25,242.20,243.25,243.10,258.95,,243.51,,,723,184069.00,69,F1,1,,,,,
2026-06-12,2026-06-12,CM,BSE,STK,539871,INE594H01019,THYROCARE,B,,,,,Thyrocare Technologies Limited,522.60,538.25,522.60,528.65,531.00,519.90,,528.90,,,40192,21170480.00,1059,F1,1,,,,,
2026-06-12,2026-06-12,CM,BSE,STK,539872,INE411U01027,BAJAJHCARE,B,,,,,Bajaj Healthcare Limited,288.35,304.80,286.35,303.20,304.80,282.50,,303.80,,,12690,3783694.00,532,F1,1,,,,,
2026-06-12,2026-06-12,CM,BSE,STK,539875,INE616F01022,RSDFIN,B,,,,,RSD Finance Limited,82.97,82.97,82.97,82.97,82.97,83.00,,82.97,,,8,663.00,1,F1,1,,,,,
2026-06-12,2026-06-12,CM,BSE,STK,539876,INE299U01018,CROMPTON,A,,,,,Crompton Greaves Consumer Elec,256.10,258.90,252.25,256.05,256.05,253.50,,256.10,,,2385647,608092742.00,4152,F1,1,,,,,
2026-06-12,2026-06-12,CM,BSE,STK,539883,INE417C01014,PILANIINVS,B,,,,,Pilani Investment And Industri,4211.00,4301.30,4211.00,4286.15,4300.00,4210.75,,4287.90,,,86,367341.00,26,F1,1,,,,,
2026-06-12,2026-06-12,CM,BSE,STK,539884,INE671T01028,DARSHANORNA,X,,,,,Darshan Orna Limited,2.33,2.33,2.28,2.32,2.32,2.29,,2.32,,,30832,70739.00,54,F1,1,,,,,
2026-06-12,2026-06-12,CM,BSE,STK,539889,INE883N01014,PARAGMILK,B,,,,,Parag Milk Foods Limited,230.85,236.50,230.85,233.45,233.35,230.20,,233.50,,,17755,4156366.00,322,F1,1,,,,,
2026-06-12,2026-06-12,CM,BSE,STK,539894,INE631R01026,MADHAVIPL,B,,,,,Madhav Infra Projects Limited,8.50,8.98,8.50,8.63,8.60,8.69,,8.65,,,29809,258185.00,172,F1,1,,,,,
2026-06-12,2026-06-12,CM,BSE,STK,539895,INE631E01024,SPICELOUNG,B,,,,,SPICE LOUNGE FOOD WORKS LIMITE,24.70,25.73,24.47,24.69,24.62,24.54,,24.69,,,96215,2374416.00,253,F1,1,,,,,
2026-06-12,2026-06-12,CM,BSE,STK,539900,INE642P01019,DIDL,X,,,,,DALMIA INDUSTRIAL DEVELOPMENT,9.50,10.40,9.00,9.89,9.92,9.98,,9.89,,,1002,9247.00,23,F1,1,,,,,
2026-06-12,2026-06-12,CM,BSE,STK,539911,INE730R01042,SNIM,X,,,,,Svarnim Trade Udyog Limited,10.19,10.19,10.19,10.19,10.19,9.71,,10.19,,,1,10.00,1,F1,1,,,,,
2026-06-12,2026-06-12,CM,BSE,STK,539921,INE440T01028,SEIL,B,,,,,Shanti Educational Initiatives,194.00,199.35,191.25,197.30,199.00,192.45,,197.11,,,176753,34349427.00,2224,F1,1,,,,,
2026-06-12,2026-06-12,CM,BSE,STK,539922,INE364S01014,RGIL,XT,,,,,Rotographics (India) Limited,198.90,198.90,198.90,198.90,198.90,198.95,,198.90,,,107,21282.00,7,F1,1,,,,,
2026-06-12,2026-06-12,CM,BSE,STK,539938,INE858Q01019,MIL,X,,,,,Medico Intercontinental Limite,29.73,29.73,24.00,24.89,24.80,24.78,,24.89,,,8007,205188.00,54,F1,1,,,,,
2026-06-12,2026-06-12,CM,BSE,STK,539939,INE571U01010,YASHCHEM,X,,,,,Yash Chemex Limited,49.00,49.00,47.85,47.87,47.85,47.08,,47.87,,,901,43359.00,30,F1,1,,,,,
2026-06-12,2026-06-12,CM,BSE,STK,539945,INF109KC11V0,NV20IETF,B,,,,,ICICI Prudential NV20 ETF,13.85,14.10,13.66,14.06,13.94,13.63,,13.83,,,11303,156124.00,218,F1,1,,,,,
2026-06-12,2026-06-12,CM,BSE,STK,539946,INE217E01014,BAZELINTER,X,,,,,Bazel International Limited,19.20,20.00,19.00,19.72,20.00,19.19,,19.72,,,1279,25031.00,25,F1,1,,,,,
2026-06-12,2026-06-12,CM,BSE,STK,539956,INE524T01011,TAALTECH,B,,,,,TAAL TECH LIMITED,3399.00,3399.00,3313.65,3354.90,3366.00,3399.50,,3347.20,,,214,717495.00,58,F1,1,,,,,
2026-06-12,2026-06-12,CM,BSE,STK,539957,INE002S01010,MGL,A,,,,,Mahanagar Gas Limited,1066.45,1104.00,1065.95,1094.25,1093.00,1062.20,,1094.90,,,32619,35435239.00,1228,F1,1,,,,,
2026-06-12,2026-06-12,CM,BSE,STK,539963,INE819S01025,ZEAL,XT,,,,,Zeal Aqua Limited,11.63,11.80,11.05,11.39,11.39,11.63,,11.39,,,287751,3266253.00,360,F1,1,,,,,
2026-06-12,2026-06-12,CM,BSE,STK,539978,INE615P01015,QUESS,A,,,,,Quess Corp Limited,244.05,246.15,239.45,244.05,243.55,242.25,,244.02,,,35151,8532823.00,598,F1,1,,,,,
2026-06-12,2026-06-12,CM,BSE,STK,539979,INE731U01028,DIGJAMLMTD,B,,,,,DIGJAM LIMITED,45.49,47.00,45.22,46.95,46.95,44.99,,45.90,,,2449,111791.00,26,F1,1,,,,,
2026-06-12,2026-06-12,CM,BSE,STK,539980,INF109KC10W0,MIDSELIETF,B,,,,,ICICI Prudential BSE Midcap Se,18.18,18.44,17.98,18.34,18.25,17.84,,18.32,,,26882,491987.00,88,F1,1,,,,,
2026-06-12,2026-06-12,CM,BSE,STK,539985,INE120V01014,TITAANIUM,MT,,,,,Titaanium Ten Enterprise Limit,24.50,24.50,23.12,23.12,23.12,24.25,,23.12,,,5000,116990.00,5,F1,1000,,,,,
2026-06-12,2026-06-12,CM,BSE,STK,539986,INE073V01015,COMSYN,B,,,,,Commercial Syn Bags Limited,169.35,170.50,167.40,170.30,170.50,169.70,,169.90,,,1139,192948.00,74,F1,1,,,,,
2026-06-12,2026-06-12,CM,BSE,STK,539991,INE700F01024,CFEL,X,,,,,CONFIDENCE FUTURISTIC ENERGETE,38.70,39.30,38.00,38.38,38.38,38.65,,38.38,,,5582,215940.00,68,F1,1,,,,,
2026-06-12,2026-06-12,CM,BSE,STK,539992,INE093R01011,LLOYDSENGG,A,,,,,LLOYDS ENGINEERING WORKS LIMIT,68.39,71.19,68.39,70.87,70.87,66.70,,70.94,,,691400,48423355.00,2514,F1,1,,,,,
2026-06-12,2026-06-12,CM,BSE,STK,539997,INE552U01010,KPL,B,,,,,Kwality Pharmaceuticals Limite,2380.20,2547.85,2372.80,2497.00,2475.70,2372.75,,2493.40,,,10821,26840396.00,1543,F1,1,,,,,
2026-06-12,2026-06-12,CM,BSE,STK,540005,INE214T01019,LTM,A,,,,,LTM LIMITED,3886.30,3886.30,3805.60,3840.00,3855.50,3821.50,,3844.60,,,6322,24273905.00,1082,F1,1,,,,,
2026-06-12,2026-06-12,CM,BSE,STK,540006,INE595R01023,EASTWEST,XT,,,,,EAST WEST FREIGHT CARRIERS LTD,2.71,2.74,2.66,2.69,2.72,2.71,,2.69,,,19529,52454.00,82,F1,1,,,,,
2026-06-12,2026-06-12,CM,BSE,STK,540008,INF209KB10E8,BSLSENETFG,A,,,,,Aditya Birla Sun Life BSE Sens,74.22,75.46,74.01,75.46,75.46,76.00,,75.66,,,167,12517.00,13,F1,1,,,,,
2026-06-12,2026-06-12,CM,BSE,STK,540023,INE621I01042,COLORCHIPS,X,,,,,COLORCHIPS NEW MEDIA LIMITED,12.89,12.89,12.10,12.17,12.78,12.19,,12.17,,,4953,62108.00,43,F1,1,,,,,
2026-06-12,2026-06-12,CM,BSE,STK,540025,INE837H01020,ADVENZYMES,B,,,,,Advanced Enzyme Technologies L,368.90,371.55,365.20,369.85,370.15,361.70,,368.95,,,2066,761048.00,131,F1,1,,,,,
2026-06-12,2026-06-12,CM,BSE,STK,540026,INE213U01019,LAHL,X,,,,,Ladam Affortable Housing Limit,7.63,7.63,7.20,7.20,7.20,7.14,,7.20,,,698,5090.00,22,F1,1,,,,,
2026-06-12,2026-06-12,CM,BSE,STK,540047,INE917M01012,DBL,A,,,,,Dilip Buildcon Limited,433.10,433.10,423.30,430.25,431.75,424.75,,430.50,,,2904,1242234.00,415,F1,1,,,,,
2026-06-12,2026-06-12,CM,BSE,STK,540048,INE212I01016,SPAL,B,,,,,S.P. Apparels Limited,796.45,802.80,787.15,793.95,793.95,793.55,,796.05,,,112,88945.00,29,F1,1,,,,,
2026-06-12,2026-06-12,CM,BSE,STK,540061,INE412U01025,BIGBLOC,B,,,,,Bigbloc Construction Limited,48.25,49.58,47.93,49.36,49.58,47.89,,49.22,,,9844,478748.00,454,F1,1,,,,,
2026-06-12,2026-06-12,CM,BSE,STK,540062,INE222U01010,GOLDENCREST,X,,,,,Golden Crest Education & Servi,368.00,368.00,366.15,366.15,366.15,350.85,,366.15,,,10,3670.00,3,F1,1,,,,,
2026-06-12,2026-06-12,CM,BSE,STK,540065,INE976G01028,RBLBANK,A,,,,,RBL Bank Limited,362.05,368.35,353.85,365.70,365.70,359.30,,365.85,,,1296387,470281688.00,11050,F1,1,,,,,
2026-06-12,2026-06-12,CM,BSE,STK,540066,INE345U01019,AMS,XT,,,,,AMS POLYMERS LIMITED,60.00,60.00,60.00,60.00,60.00,60.00,,60.00,,,139,8340.00,7,F1,1,,,,,
2026-06-12,2026-06-12,CM,BSE,STK,540073,INE153T01027,BLS,A,,,,,BLS International Services Ltd,255.20,263.60,253.25,262.15,260.90,251.35,,262.10,,,164697,42626416.00,2677,F1,1,,,,,
2026-06-12,2026-06-12,CM,BSE,STK,540078,INE317V01016,MITSU,XT,,,,,Mitsu Chem Plast Limited,150.00,152.20,145.00,146.35,146.35,145.05,,146.35,,,100955,14938707.00,171,F1,1,,,,,
2026-06-12,2026-06-12,CM,BSE,STK,540079,INE537U01037,SPRAYKING,B,,,,,Sprayking Limited,1.17,1.21,1.15,1.15,1.17,1.20,,1.15,,,553634,644339.00,360,F1,1,,,,,
2026-06-12,2026-06-12,CM,BSE,STK,540080,INE715T01031,DHATRE,X,,,,,Dhatre Udyog Limited,4.76,4.80,4.69,4.77,4.80,4.75,,4.77,,,21805,103763.00,143,F1,1,,,,,
2026-06-12,2026-06-12,CM,BSE,STK,540081,INE860T01019,SABEVENTS,T,,,,,Sab Events & Governance Now Me,7.21,7.21,7.21,7.21,7.21,7.18,,7.28,,,4,28.00,1,F1,1,,,,,
2026-06-12,2026-06-12,CM,BSE,STK,540083,INE871L01013,TVVISION,B,,,,,TV VISION LIMITED,4.80,5.34,4.80,5.27,5.27,5.16,,5.38,,,13661,66785.00,39,F1,1,,,,,
2026-06-12,2026-06-12,CM,BSE,STK,540097,INE890S01026,GAMCO,X,,,,,GAMCO LIMITED,44.00,44.00,42.22,43.39,43.50,43.36,,43.39,,,128704,5570226.00,202,F1,1,,,,,
2026-06-12,2026-06-12,CM,BSE,STK,540115,INE010V01017,LTTS,A,,,,,L&T Technology Services Limite,3353.90,3368.40,3290.15,3349.25,3345.70,3287.85,,3351.00,,,3257,10847201.00,488,F1,1,,,,,
2026-06-12,2026-06-12,CM,BSE,STK,540124,INE934S01014,GNA,B,,,,,G N A Axles Limited,361.35,372.00,359.00,370.80,371.35,353.90,,371.25,,,4565,1663814.00,164,F1,1,,,,,
2026-06-12,2026-06-12,CM,BSE,STK,540125,INE583V01021,RADHIKAJWE,B,,,,,Radhika Jeweltech Limited,55.33,56.77,55.32,56.62,56.77,55.34,,56.55,,,11738,656033.00,142,F1,1,,,,,
2026-06-12,2026-06-12,CM,BSE,STK,540132,INE400R01018,SIIL,X,,,,,Sabrimala Industries India Lim,13.99,13.99,13.89,13.90,13.90,13.00,,13.90,,,856,11921.00,13,F1,1,,,,,
2026-06-12,2026-06-12,CM,BSE,STK,540133,INE726G01019,ICICIPRULI,A,,,,,ICICI Prudential Life Insuranc,465.00,469.50,462.40,468.25,468.30,460.50,,468.15,,,39930,18650617.00,2367,F1,1,,,,,
2026-06-12,2026-06-12,CM,BSE,STK,540134,INE818R01011,IISL,XT,,,,,ISHAAN INFRASTRUCTURE AND SHEL,15.00,15.00,15.00,15.00,15.00,15.00,,15.00,,,45,675.00,5,F1,1,,,,,
2026-06-12,2026-06-12,CM,BSE,STK,540135,INE202R01026,ARCFIN,X,,,,,ARC Finance Limited,0.54,0.58,0.54,0.55,0.55,0.55,,0.55,,,1450803,797943.00,571,F1,1,,,,,
2026-06-12,2026-06-12,CM,BSE,STK,540136,INE495S01016,HPL,B,,,,,HPL Electric & Power Limited,349.30,360.00,347.05,358.30,355.30,340.95,,358.50,,,13523,4781978.00,473,F1,1,,,,,
2026-06-12,2026-06-12,CM,BSE,STK,540143,INE184B01012,SAGARSOFT,X,,,,,Sagarsoft (India) Limited,66.00,66.00,64.00,64.76,64.77,60.02,,64.76,,,1069,69271.00,23,F1,1,,,,,
2026-06-12,2026-06-12,CM,BSE,STK,540145,INE565V01010,VALIANTORG,B,,,,,Valiant Organics Limited,267.05,281.90,267.05,278.65,281.60,266.50,,280.10,,,1377,375393.00,111,F1,1,,,,,
2026-06-12,2026-06-12,CM,BSE,STK,540147,INE700V01021,SHASHIJIT,X,,,,,Shashijit Infraprojects Limite,2.52,2.52,2.43,2.45,2.45,2.51,,2.45,,,1061,2652.00,13,F1,1,,,,,
2026-06-12,2026-06-12,CM,BSE,STK,540150,INE957U01011,MHEL,MT,,,,,Mewar Hi-Tech Engineering Limi,65.20,65.20,65.20,65.20,65.20,62.40,,65.20,,,750,48900.00,1,F1,750,,,,,
2026-06-12,2026-06-12,CM,BSE,STK,540153,INE913H01037,ENDURANCE,A,,,,,Endurance Technologies Limited,2478.80,2545.35,2470.00,2511.25,2514.10,2476.85,,2502.60,,,4510,11243192.00,1408,F1,1,,,,,
2026-06-12,2026-06-12,CM,BSE,STK,540154,INF194KA1T91,IDFSENSEXE,A,,,,,Bandhan Mutual Fund,795.77,816.22,795.77,816.22,816.22,803.81,,816.22,,,7,5693.00,2,F1,1,,,,,
2026-06-12,2026-06-12,CM,BSE,STK,540159,INE905R01016,PURPLE,X,,,,,PURPLE AGROTECH INDUSTRIES LIM,6.49,6.50,6.48,6.50,6.50,6.57,,6.50,,,6250,40607.00,7,F1,1,,,,,
2026-06-12,2026-06-12,CM,BSE,STK,540168,INE268T01015,SUPRAPFSL,X,,,,,Supra Pacific Financial Servic,31.49,32.10,31.02,31.61,31.92,32.30,,31.61,,,21037,668236.00,184,F1,1,,,,,
2026-06-12,2026-06-12,CM,BSE,STK,540173,INE572E01012,PNBHOUSING,A,,,,,PNB Housing Finance Limited,969.95,992.80,966.00,989.80,985.10,955.30,,989.90,,,53853,53084850.00,2171,F1,1,,,,,
2026-06-12,2026-06-12,CM,BSE,STK,540174,INE298B01010,SOUTHERNIN,X,,,,,SOUTHERN INFOCONSULTANTS LIMIT,22.11,22.11,21.51,22.11,22.11,22.12,,22.11,,,734,15982.00,10,F1,1,,,,,
2026-06-12,2026-06-12,CM,BSE,STK,540175,INE964R01013,REGENCY,X,,,,,REGENCY FINCORP LIMITED,35.89,37.00,34.80,35.34,35.25,36.07,,35.34,,,232152,8263050.00,541,F1,1,,,,,
2026-06-12,2026-06-12,CM,BSE,STK,540180,INE200M01039,VBL,A,,,,,Varun Beverages Limited,529.05,529.40,517.90,522.10,522.10,519.75,,522.20,,,50212,26212573.00,1813,F1,1,,,,,
2026-06-12,2026-06-12,CM,BSE,STK,540181,INE894E01028,SALEM,X,,,,,Salem Erode Investments Ltd.,33.01,37.60,31.05,35.00,35.00,33.42,,35.00,,,1226,42406.00,22,F1,1,,,,,
2026-06-12,2026-06-12,CM,BSE,STK,540189,INE448F01012,UPROTECH,XT,,,,,Unipro Technologies Limited,22.20,22.20,20.33,22.00,22.00,21.39,,22.00,,,2394,48845.00,18,F1,1,,,,,
2026-06-12,2026-06-12,CM,BSE,STK,540190,INE789R01022,FRANKLININD,XT,,,,,Franklin Industries Limited,0.39,0.39,0.38,0.38,0.38,0.39,,0.38,,,2312485,884665.00,527,F1,1,,,,,
2026-06-12,2026-06-12,CM,BSE,STK,540192,INE341H01023,LKPSEC,XT,,,,,LKP Securities Limited,16.40,17.24,16.40,17.17,17.17,16.85,,17.17,,,6136,103772.00,47,F1,1,,,,,
2026-06-12,2026-06-12,CM,BSE,STK,540198,INE186R01013,OSIAJEE,X,,,,,OSIAJEE TEXFAB LIMITED,407.05,457.90,404.05,438.95,438.95,413.10,,438.95,,,215492,90847994.00,387,F1,1,,,,,
2026-06-12,2026-06-12,CM,BSE,STK,540203,INE916U01025,SFL,A,,,,,Sheela Foam Limited,690.00,707.10,673.80,703.25,705.30,678.95,,703.55,,,12522,8687191.00,599,F1,1,,,,,
2026-06-12,2026-06-12,CM,BSE,STK,540204,INE666Q01016,EIKO,X,,,,,EIKO LIFESCIENCES LIMITED,52.00,53.00,50.51,51.59,51.59,51.79,,51.59,,,12842,663486.00,108,F1,1,,,,,
2026-06-12,2026-06-12,CM,BSE,STK,540205,INE679V01027,AVL,A,,,,,Aditya Vision Limited,530.00,551.90,523.90,539.15,551.90,521.60,,537.00,,,9041,4824064.00,599,F1,1,,,,,
2026-06-12,2026-06-12,CM,BSE,STK,540210,INE759V01019,HEADSUP,B,,,,,Heads UP Ventures Limited,6.70,7.33,6.70,7.26,6.90,7.50,,7.14,,,1421,9763.00,17,F1,1,,,,,
2026-06-12,2026-06-12,CM,BSE,STK,540212,INE586V01016,TCIEXP,B,,,,,TCI Express Limited,504.75,519.80,499.50,516.75,519.10,505.60,,513.40,,,1094,558562.00,101,F1,1,,,,,
2026-06-12,2026-06-12,CM,BSE,STK,540222,INE947Q01028,LAURUSLABS,A,,,,,Laurus Labs Limited,1413.85,1413.85,1374.60,1394.10,1393.50,1390.50,,1394.30,,,44269,61778615.00,3433,F1,1,,,,,
2026-06-12,2026-06-12,CM,BSE,STK,540243,INE835U01027,NEWLIGHT,X,,,,,NEW LIGHT INDUSTRIES LIMITED,1.35,1.35,1.26,1.29,1.32,1.23,,1.29,,,75714,98504.00,152,F1,1,,,,,
2026-06-12,2026-06-12,CM,BSE,STK,540252,INE607V01028,VSL,B,,,,,Viram Suvarn Limited,10.22,10.80,9.90,10.41,10.50,9.87,,10.41,,,259521,2680492.00,280,F1,1,,,,,
2026-06-12,2026-06-12,CM,BSE,STK,540254,INE245H01018,MTPL,XT,,,,,MARG TECHNO PROJECTS LIMITED,37.51,37.51,35.73,35.92,37.50,35.73,,35.92,,,2249,80723.00,29,F1,1,,,,,
2026-06-12,2026-06-12,CM,BSE,STK,540259,INE118R01032,SHANGAR,X,,,,,SHANGAR DECOR LIMITED,0.23,0.24,0.22,0.23,0.24,0.23,,0.23,,,754568,170616.00,158,F1,1,,,,,
2026-06-12,2026-06-12,CM,BSE,STK,540266,INE804Q01013,GLCL,XT,,,,,Globe Commercials Limited,19.92,20.65,19.92,20.01,20.00,19.92,,20.01,,,7266,145985.00,58,F1,1,,,,,
2026-06-12,2026-06-12,CM,BSE,STK,540268,INE615R01029,TRU,B,,,,,TruCap Finance Limited,6.00,6.00,5.60,5.70,5.70,5.85,,5.67,,,14910,85945.00,58,F1,1,,,,,
2026-06-12,2026-06-12,CM,BSE,STK,540293,INE726V01018,PRICOLLTD,A,,,,,Pricol Limited,551.05,555.70,547.50,550.70,551.40,550.70,,550.50,,,20119,11103788.00,823,F1,1,,,,,
2026-06-12,2026-06-12,CM,BSE,STK,540311,INE863T01013,JITFINFRA,B,,,,,JITF INFRALOGISTICS LIMITED,293.15,297.85,293.00,297.85,297.85,293.25,,296.25,,,217,63664.00,5,F1,1,,,,,
2026-06-12,2026-06-12,CM,BSE,STK,540358,INE655V01019,RMC,T,,,,,RMC SWITCHGEARS LIMITED,298.80,302.40,298.80,299.60,299.00,288.00,,299.75,,,10562,3170968.00,108,F1,1,,,,,
2026-06-12,2026-06-12,CM,BSE,STK,540359,INE240T01014,PARMAX,XT,,,,,Parmax Pharma Limited,59.32,59.32,59.32,59.32,59.32,56.50,,59.32,,,9545,566209.00,34,F1,1,,,,,
2026-06-12,2026-06-12,CM,BSE,STK,540360,INE715Q01029,LLFICL,B,,,,,LEADING LEASING FINANCE AND IN,1.34,1.35,1.25,1.27,1.28,1.31,,1.27,,,6419271,8227156.00,1228,F1,1,,,,,
2026-06-12,2026-06-12,CM,BSE,STK,540361,INE575D01041,DANUBE,X,,,,,DANUBE INDUSTRIES LIMITED,4.74,4.79,4.42,4.66,4.77,4.76,,4.66,,,43637,206469.00,94,F1,1,,,,,
2026-06-12,2026-06-12,CM,BSE,STK,540366,INE919I01024,RADIOCITY,B,,,,,Music Broadcast Limited,6.20,6.20,6.00,6.08,6.11,6.06,,6.08,,,269,1645.00,23,F1,1,,,,,
2026-06-12,2026-06-12,CM,BSE,STK,540376,INE192R01011,DMART,A,,,,,Avenue Supermarts Limited,4081.30,4081.30,3957.00,3992.45,4001.30,3986.40,,3993.60,,,35499,141118920.00,3739,F1,1,,,,,
2026-06-12,2026-06-12,CM,BSE,STK,540377,INE714U01024,IFL,B,,,,,IFL ENTERPRISES LIMITED,0.38,0.39,0.38,0.39,0.39,0.37,,0.39,,,1383964,533042.00,557,F1,1,,,,,
2026-06-12,2026-06-12,CM,BSE,STK,540386,INE989S01042,ONTIC,X,,,,,Ontic Finserve Limited,1.34,1.34,1.24,1.26,1.26,1.25,,1.26,,,211802,267253.00,83,F1,1,,,,,
2026-06-12,2026-06-12,CM,BSE,STK,540393,INE017W01010,SMLT,B,,,,,Sarthak Metals Limited,70.95,70.95,70.80,70.80,70.80,68.51,,69.81,,,5,354.00,2,F1,1,,,,,
2026-06-12,2026-06-12,CM,BSE,STK,540395,INE298W01016,CHEMCRUX,B,,,,,Chemcrux Enterprises Limited,90.60,90.60,87.30,89.76,89.78,90.09,,89.76,,,6618,590280.00,156,F1,1,,,,,
2026-06-12,2026-06-12,CM,BSE,STK,540396,INE784W01015,MANOMAY,B,,,,,Manomay Tex India Limited,193.00,196.00,191.30,194.10,196.00,191.15,,193.37,,,345,66087.00,74,F1,1,,,,,
2026-06-12,2026-06-12,CM,BSE,STK,540401,INE544W01021,MAXIMUS,X,,,,,Maximus International Limited,10.65,11.00,10.65,10.97,11.00,10.75,,10.97,,,81093,883495.00,104,F1,1,,,,,
2026-06-12,2026-06-12,CM,BSE,STK,540403,INE201M01029,CLEDUCATE,T,,,,,CL Educate Limited,54.01,54.01,53.80,53.80,53.80,54.88,,53.80,,,4722,254983.00,23,F1,1,,,,,
2026-06-12,2026-06-12,CM,BSE,STK,540404,INE442V01012,PRIMEFRESH,B,,,,,PRIME FRESH LIMITED,227.95,238.00,220.65,222.45,221.55,224.45,,222.45,,,3351,751995.00,109,F1,1,,,,,
2026-06-12,2026-06-12,CM,BSE,STK,540405,INE711V01010,OCEANIC,X,,,,,Oceanic Foods Limited,57.00,57.00,57.00,57.00,57.00,58.00,,57.00,,,2,114.00,2,F1,1,,,,,
2026-06-12,2026-06-12,CM,BSE,STK,540425,INE274V01019,SHANKARA,T,,,,,Shankara Building Products Lim,110.80,110.80,109.10,110.40,110.40,110.80,,110.40,,,1206,132687.00,13,F1,1,,,,,
2026-06-12,2026-06-12,CM,BSE,STK,540455,INE953W01016,ESCORP,B,,,,,Escorp Asset Management Limite,97.10,104.00,97.05,104.00,104.00,100.00,,104.00,,,3575,359263.00,22,F1,1,,,,,
2026-06-12,2026-06-12,CM,BSE,STK,540481,INE949C01016,CLFL,X,,,,,Classic Leasing & Finance Ltd.,55.65,55.65,54.00,54.00,54.00,53.00,,54.00,,,1905,105992.00,9,F1,1,,,,,
2026-06-12,2026-06-12,CM,BSE,STK,540492,INE594W01042,STARLENT,T,,,,,STARLINEPS ENTERPRISES LIMITED,10.84,11.09,10.51,10.67,10.67,10.75,,10.67,,,229956,2475271.00,291,F1,1,,,,,
2026-06-12,2026-06-12,CM,BSE,STK,540497,INE807K01035,SCHAND,B,,,,,S Chand And Company Limited,143.15,146.60,142.00,145.65,145.65,142.90,,145.30,,,5002,722002.00,94,F1,1,,,,,
2026-06-12,2026-06-12,CM,BSE,STK,540515,INE453S01015,KANUNGO,X,,,,,KANUNGO FINANCIERS LIMITED,10.05,10.05,10.05,10.05,10.05,9.58,,10.05,,,29001,291460.00,11,F1,1,,,,,
2026-06-12,2026-06-12,CM,BSE,STK,540519,INE343X01026,MEERA,T,,,,,Meera Industries Limited,46.85,46.94,46.00,46.94,46.94,44.71,,46.94,,,16465,771571.00,76,F1,1,,,,,
2026-06-12,2026-06-12,CM,BSE,STK,540526,INE183W23014,IRBINVIT,IF,,,,,IRB InvIT Fund,60.61,60.61,60.11,60.43,60.43,60.11,,60.39,,,32220,1946339.00,540,F1,1,,,,,
2026-06-12,2026-06-12,CM,BSE,STK,540530,INE031A01017,HUDCO,A,,,,,Housing &Urban Development Cor,205.05,208.00,202.25,205.35,205.35,203.00,,205.67,,,171281,35087651.00,1721,F1,1,,,,,
2026-06-12,2026-06-12,CM,BSE,STK,540544,INE488V01015,PSPPROJECT,B,,,,,PSP Projects Limited,897.80,922.10,890.75,914.50,916.00,877.90,,917.15,,,5349,4859602.00,679,F1,1,,,,,
2026-06-12,2026-06-12,CM,BSE,STK,540545,INE986W01016,GKL,X,,,,,GURU KRUPA GEMS AND JEWELLERY,38.39,38.39,36.30,37.45,37.47,37.01,,37.45,,,24487,913355.00,54,F1,1,,,,,
2026-06-12,2026-06-12,CM,BSE,STK,540550,INE796W01019,YUG,MT,,,,,Yug Decor Limited,23.70,23.70,23.70,23.70,23.70,22.75,,23.70,,,15525,367942.00,2,F1,5175,,,,,
2026-06-12,2026-06-12,CM,BSE,STK,540565,INE219X23014,INDIGRID,IF,,,,,IndiGrid Infrastructure Trust,171.99,171.99,170.50,171.07,171.36,170.93,,171.06,,,169687,28944095.00,341,F1,1,,,,,
2026-06-12,2026-06-12,CM,BSE,STK,540570,INE717F01028,VARIMAN,XT,,,,,VARIMAN GLOBAL ENTERPRISES LIM,3.89,4.05,3.89,3.90,3.98,3.89,,3.90,,,64123,254061.00,85,F1,1,,,,,
2026-06-12,2026-06-12,CM,BSE,STK,540575,INE460H01021,STARCEMENT,A,,,,,Star Cement Limited,207.95,221.00,207.95,218.45,218.70,208.15,,218.57,,,36631,7965071.00,871,F1,1,,,,,
2026-06-12,2026-06-12,CM,BSE,STK,540590,INE325X01015,RIDDHICORP,X,,,,,Riddhi Corporate Services Limi,62.00,62.00,62.00,62.00,62.00,61.99,,62.00,,,568,35216.00,2,F1,1,,,,,
2026-06-12,2026-06-12,CM,BSE,STK,540595,INE010J01012,TEJASNET,A,,,,,Tejas Networks Limited,582.75,602.60,575.00,598.85,598.85,573.30,,598.85,,,639261,377516803.00,11281,F1,1,,,,,
2026-06-12,2026-06-12,CM,BSE,STK,540596,INE406M01024,ERIS,A,,,,,Eris Lifesciences Limited,1368.05,1410.00,1368.00,1402.90,1398.80,1366.75,,1404.50,,,4426,6164741.00,486,F1,1,,,,,
2026-06-12,2026-06-12,CM,BSE,STK,540597,INE319U01022,CONTAINER,X,,,,,Containerway International Lim,18.00,18.30,17.06,17.06,17.06,18.42,,17.06,,,8794,150364.00,16,F1,1,,,,,
2026-06-12,2026-06-12,CM,BSE,STK,540602,INE869I01013,GTPL,B,,,,,GTPL Hathway Limited,64.09,69.00,64.09,67.09,67.09,63.34,,65.11,,,165,10614.00,4,F1,1,,,,,
2026-06-12,2026-06-12,CM,BSE,STK,540611,INE949L01017,AUBANK,A,,,,,AU Small Finance Bank Limited,969.45,1019.20,960.00,1015.85,1014.20,964.40,,1015.50,,,246603,244159632.00,5129,F1,1,,,,,
2026-06-12,2026-06-12,CM,BSE,STK,540612,INF109KC19U5,LOWVOLIETF,B,,,,,ICICI Prudential Nifty Low Vol,21.32,21.46,21.30,21.45,21.45,21.13,,21.45,,,3042,65134.00,594,F1,1,,,,,
2026-06-12,2026-06-12,CM,BSE,STK,540613,INE721X01023,GEL,M,,,,,Gautam Exim Limited,40.50,40.50,36.40,36.40,36.40,45.50,,36.40,,,180000,6745500.00,50,F1,3000,,,,,
2026-06-12,2026-06-12,CM,BSE,STK,540615,INE413X01035,7NR,XT,,,,,7NR Retail Limited,5.55,5.74,5.55,5.64,5.63,5.64,,5.64,,,26059,146788.00,92,F1,1,,,,,
2026-06-12,2026-06-12,CM,BSE,STK,540642,INE170V01027,SALASAR,B,,,,,Salasar Techno Engineering Lim,6.59,7.08,6.53,6.98,6.98,6.45,,6.96,,,535667,3641134.00,941,F1,1,,,,,
2026-06-12,2026-06-12,CM,BSE,STK,540647,INE335W01016,GANGESSECU,B,,,,,Ganges Securities Ltd.,122.90,126.40,122.90,126.40,126.40,117.15,,123.53,,,1222,150966.00,20,F1,1,,,,,
2026-06-12,2026-06-12,CM,BSE,STK,540648,INE471W01019,PALASHSECU,B,,,,,Palash Securities Limited,95.50,99.00,95.00,98.93,99.00,93.00,,97.91,,,102,10090.00,3,F1,1,,,,,
2026-06-12,2026-06-12,CM,BSE,STK,540649,INE349W01017,AVADHSUGAR,T,,,,,AVADH SUGAR & ENERGY LIMITED,456.40,456.40,447.80,453.85,451.25,456.30,,452.25,,,302,136589.00,20,F1,1,,,,,
2026-06-12,2026-06-12,CM,BSE,STK,540650,INE347W01011,MAGADSUGAR,B,,,,,Magadh Sugar & Energy Limited,455.65,455.65,440.55,449.70,449.70,454.15,,449.00,,,424,189318.00,45,F1,1,,,,,
2026-06-12,2026-06-12,CM,BSE,STK,540652,INE931X01010,CTCL,M,,,,,Captain Technocast Limited,186.00,219.00,186.00,210.00,210.00,230.00,,210.00,,,2250,461250.00,3,F1,750,,,,,
2026-06-12,2026-06-12,CM,BSE,STK,540654,INE632W01016,GSTL,XT,,,,,GlobalSpace Technologies Limit,24.15,24.20,22.80,23.99,23.99,23.20,,23.99,,,15307,364265.00,58,F1,1,,,,,
2026-06-12,2026-06-12,CM,BSE,STK,540669,INF789F1AUW9,NEXT50BETA,B,,,,,UTI Mutual Fund,75.21,75.21,74.51,75.03,75.03,73.74,,75.33,,,2719,203539.00,19,F1,1,,,,,
2026-06-12,2026-06-12,CM,BSE,STK,540673,INE285J01028,SIS,B,,,,,SIS LIMITED,436.80,437.20,419.00,420.70,425.00,428.20,,421.15,,,7797,3318272.00,358,F1,1,,,,,
2026-06-12,2026-06-12,CM,BSE,STK,540678,INE704P01025,COCHINSHIP,A,,,,,Cochin Shipyard Limited,1400.90,1428.00,1395.60,1423.85,1423.85,1387.70,,1424.30,,,65754,92869779.00,3288,F1,1,,,,,
2026-06-12,2026-06-12,CM,BSE,STK,540679,INE320X01016,HALEOSLABS,B,,,,,HALEOS LABS LIMITED,1352.05,1499.00,1352.05,1356.00,1356.00,1350.60,,1406.20,,,68,92272.00,5,F1,1,,,,,
2026-06-12,2026-06-12,CM,BSE,STK,540680,INE880L01014,KIOCL,A,,,,,KIOCL Limited,394.15,402.60,390.35,399.10,398.00,386.35,,398.65,,,17959,7130232.00,533,F1,1,,,,,
2026-06-12,2026-06-12,CM,BSE,STK,540686,INE172E01011,SMRUTHIORG,X,,,,,Smruthi Organics Limited,119.50,120.25,114.15,115.70,115.70,119.50,,115.70,,,3658,423958.00,58,F1,1,,,,,
2026-06-12,2026-06-12,CM,BSE,STK,540691,INE674K01013,ABCAPITAL,A,,,,,Aditya Birla Capital Ltd,341.10,359.40,341.10,357.95,356.60,336.55,,358.10,,,65173,22892963.00,1518,F1,1,,,,,
2026-06-12,2026-06-12,CM,BSE,STK,540692,INE346W01013,APEX,B,,,,,Apex Frozen Foods Limited,406.55,422.40,404.75,419.45,419.00,400.55,,419.15,,,24989,10390969.00,684,F1,1,,,,,
2026-06-12,2026-06-12,CM,BSE,STK,540693,INE145Y01023,SHISHIND,B,,,,,Shish Industries Limited,11.26,11.88,11.20,11.42,11.42,11.42,,11.42,,,548624,6291937.00,419,F1,1,,,,,
2026-06-12,2026-06-12,CM,BSE,STK,540694,INE236W01016,ANG,B,,,,,ANG Lifesciences India Limited,29.90,31.10,29.51,30.87,30.90,29.92,,30.87,,,8159,245865.00,70,F1,1,,,,,
2026-06-12,2026-06-12,CM,BSE,STK,540696,INE185U01035,KCDGROUP,X,,,,,KCD INDUSTRIES INDIA LIMITED,4.04,4.26,4.04,4.19,4.09,4.02,,4.19,,,12398,51974.00,30,F1,1,,,,,
2026-06-12,2026-06-12,CM,BSE,STK,540699,INE935N01020,DIXON,A,,,,,Dixon Technologies (India) Lim,11583.85,11583.85,11385.45,11544.60,11560.00,11358.25,,11546.00,,,23926,274850508.00,4838,F1,1,,,,,
2026-06-12,2026-06-12,CM,BSE,STK,540700,INE727S01012,BRNL,B,,,,,Bharat Road Network Limited,19.14,19.50,18.75,19.08,19.10,18.96,,19.03,,,4049,77255.00,76,F1,1,,,,,
2026-06-12,2026-06-12,CM,BSE,STK,540701,INE385W01011,DCAL,B,,,,,Dishman Carbogen Amcis Limited,180.55,187.00,179.55,184.45,184.70,176.85,,184.63,,,14491,2655651.00,311,F1,1,,,,,
2026-06-12,2026-06-12,CM,BSE,STK,540702,INE670X01014,LASA,B,,,,,Lasa Supergenerics Limited,7.98,7.98,7.03,7.16,7.15,7.26,,7.15,,,7187,51527.00,70,F1,1,,,,,
2026-06-12,2026-06-12,CM,BSE,STK,540703,INE438C01010,PROCLB,X,,,,,PRO CLB GLOBAL LIMITED,26.54,26.54,26.54,26.54,26.54,27.93,,26.54,,,12307,326627.00,24,F1,1,,,,,
2026-06-12,2026-06-12,CM,BSE,STK,540704,INE866R01028,MATRIMONY,B,,,,,Matrimony.com Limited,387.30,399.00,387.10,389.80,391.50,387.10,,390.00,,,573,224376.00,119,F1,1,,,,,
2026-06-12,2026-06-12,CM,BSE,STK,540709,INE217K01011,RHFL,Z,,,,,Reliance Home Finance Limited,2.12,2.23,2.12,2.20,2.20,2.16,,2.19,,,309620,677550.00,230,F1,1,,,,,
2026-06-12,2026-06-12,CM,BSE,STK,540710,INE264T01014,CAPACITE,B,,,,,Capacit'e Infraprojects Limite,214.10,221.75,214.10,221.40,221.00,211.60,,220.98,,,7856,1714605.00,261,F1,1,,,,,
2026-06-12,2026-06-12,CM,BSE,STK,540716,INE765G01017,ICICIGI,A,,,,,ICICI Lombard General Insuranc,1720.50,1720.55,1672.45,1699.75,1694.30,1712.00,,1696.80,,,178156,301655871.00,2233,F1,1,,,,,
2026-06-12,2026-06-12,CM,BSE,STK,540717,INE689M01025,PQIF,B,,,,,Polo Queen Industrial and Fint,16.00,16.00,15.06,15.74,15.63,15.26,,15.74,,,83861,1305751.00,471,F1,1,,,,,
2026-06-12,2026-06-12,CM,BSE,STK,540718,INE777X01017,AAYUSHBULL,M,,,,,AAYUSH ART AND BULLION LIMITED,1178.00,1189.30,1177.50,1184.50,1186.00,1180.45,,1184.50,,,109375,129423581.00,670,F1,125,,,,,
2026-06-12,2026-06-12,CM,BSE,STK,540719,INE123W01016,SBILIFE,A,,,,,SBI Life Insurance Company Lim,1749.30,1749.30,1701.05,1706.90,1706.90,1723.20,,1706.00,,,130807,224520080.00,2808,F1,1,,,,,
2026-06-12,2026-06-12,CM,BSE,STK,540724,INE393P01035,DIAMONDYD,B,,,,,Prataap Snacks Limited,1135.00,1146.20,1108.25,1125.75,1120.00,1125.10,,1129.30,,,946,1065567.00,79,F1,1,,,,,
2026-06-12,2026-06-12,CM,BSE,STK,540725,INE932X01026,SHAREINDIA,B,,,,,Share India Securities Limited,130.35,137.35,129.95,136.60,137.35,127.55,,136.38,,,22655,3026669.00,304,F1,1,,,,,
2026-06-12,2026-06-12,CM,BSE,STK,540726,INE071Y01013,TTFL,B,,,,,Trident Texofab Limited,40.55,40.55,38.40,40.48,40.55,38.62,,40.48,,,48837,1956016.00,252,F1,1,,,,,
2026-06-12,2026-06-12,CM,BSE,STK,540727,INE973X01012,POOJA,B,,,,,Poojawestern Metaliks Limited,15.45,15.99,15.09,15.74,15.74,15.09,,15.74,,,121492,1903313.00,346,F1,1,,,,,
2026-06-12,2026-06-12,CM,BSE,STK,540728,INE327G01032,SAYAJIIND,X,,,,,Sayaji Industries Limited,137.10,137.10,134.25,134.45,135.90,132.50,,134.45,,,542,73765.00,24,F1,1,,,,,
2026-06-12,2026-06-12,CM,BSE,STK,540729,INE695X01011,VANTABIO,MT,,,,,Vanta Bioscience Limited,22.26,23.12,22.26,23.12,23.12,22.02,,23.12,,,2250,51375.00,3,F1,750,,,,,
2026-06-12,2026-06-12,CM,BSE,STK,540730,INE062Y01020,MEHAI,XT,,,,,Mehai Technology  Limited,1.21,1.26,1.20,1.25,1.24,1.20,,1.25,,,938126,1157529.00,368,F1,1,,,,,
2026-06-12,2026-06-12,CM,BSE,STK,540735,INE864K01010,IRIS,B,,,,,IRIS RegTech Solutions Limited,246.85,247.75,231.95,235.95,235.95,227.50,,238.15,,,2550,610142.00,110,F1,1,,,,,
2026-06-12,2026-06-12,CM,BSE,STK,540737,INE414Y01015,SGRL,X,,,,,Shree Ganesh Remedies Limited,599.90,620.05,585.05,600.45,599.95,592.75,,600.45,,,6579,3999685.00,155,F1,1,,,,,
2026-06-12,2026-06-12,CM,BSE,STK,540738,INE402Y01028,STL,B,,,,,Shreeji Translogistics Limited,8.25,8.73,8.07,8.44,8.64,8.46,,8.44,,,27066,225809.00,248,F1,1,,,,,
2026-06-12,2026-06-12,CM,BSE,STK,540743,INE850D01014,GODREJAGRO,A,,,,,Godrej Agrovet Limited,563.80,568.15,560.55,565.25,566.00,557.85,,564.95,,,3447,1944991.00,285,F1,1,,,,,
2026-06-12,2026-06-12,CM,BSE,STK,540749,INE348L01012,MASFIN,B,,,,,MAS Financial Services Limited,293.50,302.45,291.20,301.35,295.35,291.65,,300.40,,,9456,2775435.00,163,F1,1,,,,,
2026-06-12,2026-06-12,CM,BSE,STK,540750,INE022Q01020,IEX,A,,,,,Indian Energy Exchange Limited,117.90,121.20,117.90,120.85,120.85,117.10,,120.84,,,375581,44919319.00,4237,F1,1,,,,,
2026-06-12,2026-06-12,CM,BSE,STK,540755,INE481Y01014,GICRE,A,,,,,General Insurance Corporation,373.30,380.35,371.90,378.70,378.70,370.75,,379.20,,,22757,8536430.00,1013,F1,1,,,,,
2026-06-12,2026-06-12,CM,BSE,STK,540757,INE501Y01019,SCPL,T,,,,,SHEETAL COOL PRODUCTS LIMITED,479.15,485.00,451.25,455.55,453.00,474.40,,451.80,,,10869,5216959.00,155,F1,1,,,,,
2026-06-12,2026-06-12,CM,BSE,STK,540762,INE974X01010,TIINDIA,A,,,,,Tube Investments of India Ltd,2980.60,3169.90,2980.60,3139.55,3139.55,2975.30,,3141.80,,,6974,21489584.00,1134,F1,1,,,,,
2026-06-12,2026-06-12,CM,BSE,STK,540767,INE298J01013,NAM-INDIA,A,,,,,NIPPON LIFE INDIA ASSET MANAGE,1050.90,1094.65,1050.00,1087.55,1087.55,1041.75,,1089.00,,,140277,149558309.00,2186,F1,1,,,,,
2026-06-12,2026-06-12,CM,BSE,STK,540768,INE766P01016,MAHLOG,B,,,,,Mahindra Logistics Limited,326.10,341.70,326.10,337.50,340.00,334.50,,337.70,,,4344,1463602.00,540,F1,1,,,,,
2026-06-12,2026-06-12,CM,BSE,STK,540769,INE470Y01017,NIACL,A,,,,,The New India Assurance Compan,147.30,153.60,147.30,152.80,152.70,147.00,,152.80,,,62532,9462150.00,837,F1,1,,,,,
2026-06-12,2026-06-12,CM,BSE,STK,540774,INE133Y01011,IFGLEXPOR,B,,,,,IFGL Refractories Limited,186.80,190.60,185.10,187.00,187.00,184.35,,187.69,,,2379,445280.00,88,F1,1,,,,,
2026-06-12,2026-06-12,CM,BSE,STK,540775,INE834I01025,KHADIM,B,,,,,Khadim India Limited,97.15,104.50,96.70,102.40,102.00,95.35,,103.31,,,13448,1332616.00,225,F1,1,,,,,
2026-06-12,2026-06-12,CM,BSE,STK,540776,INE618L01018,5PAISA,B,,,,,5paisa Capital Limited,307.40,310.55,305.30,309.85,310.00,303.25,,309.75,,,3230,998888.00,105,F1,1,,,,,
2026-06-12,2026-06-12,CM,BSE,STK,540777,INE795G01014,HDFCLIFE,A,,,,,HDFC LIFE INSURANCE COMPANY LI,551.00,557.90,545.95,555.40,555.40,545.60,,555.35,,,102223,56342945.00,3889,F1,1,,,,,
2026-06-12,2026-06-12,CM,BSE,STK,540782,INE204Y01010,SBRANDS,MT,,,,,Sanghvi Brands Limited,11.52,11.52,11.52,11.52,11.52,12.12,,11.52,,,31000,357120.00,2,F1,1000,,,,,
2026-06-12,2026-06-12,CM,BSE,STK,540786,INE669Y01022,SHARIKA,B,,,,,SHARIKA ENTERPRISES LIMITED,14.19,14.23,13.27,14.23,14.23,13.56,,14.23,,,77533,1082112.00,182,F1,1,,,,,
2026-06-12,2026-06-12,CM,BSE,STK,540787,INF109KB15Y7,ICICIB22,A,,,,,ICICI Prudential Mutual Fund,116.65,118.69,116.65,118.46,118.45,116.66,,118.46,,,26712,3140702.00,305,F1,1,,,,,
2026-06-12,2026-06-12,CM,BSE,STK,540788,INE500C01017,ASPIRA,XT,,,,,Aspira Pathlab & Diagnostics L,115.85,120.00,115.85,120.00,120.00,118.20,,120.00,,,7061,846643.00,21,F1,1,,,,,
2026-06-12,2026-06-12,CM,BSE,STK,540789,INE016M01021,DNAMEDIA,B,,,,,Diligent Media Corporation Lim,2.85,3.11,2.85,2.92,2.92,2.85,,2.93,,,905,2643.00,9,F1,1,,,,,
2026-06-12,2026-06-12,CM,BSE,STK,540795,INE600Y01019,DYCL,B,,,,,Dynamic Cables Limited,313.60,320.35,308.35,318.55,318.55,303.35,,318.05,,,14208,4499467.00,414,F1,1,,,,,
2026-06-12,2026-06-12,CM,BSE,STK,540796,INE821Y01011,RATNABHUMI,B,,,,,Ratnabhumi Developers Limited,255.00,255.00,254.60,254.60,254.60,268.00,,254.60,,,3,764.00,2,F1,1,,,,,
2026-06-12,2026-06-12,CM,BSE,STK,540797,INE597J01018,SHALBY,B,,,,,Shalby Limited,168.30,170.00,166.35,169.10,169.10,164.70,,168.93,,,1681,283155.00,83,F1,1,,,,,
2026-06-12,2026-06-12,CM,BSE,STK,540809,INE333Y01017,MRCAGRO,B,,,,,MRC AGROTECH LIMITED,35.60,36.20,34.20,34.87,34.87,34.48,,34.87,,,59755,2104854.00,350,F1,1,,,,,
2026-06-12,2026-06-12,CM,BSE,STK,540821,INE994R01028,CRYSTAL,XT,,,,,CRYSTAL BUSINESS SYSTEM LIMITE,1.98,2.07,1.98,2.07,2.07,1.98,,2.07,,,30839,63752.00,45,F1,1,,,,,
2026-06-12,2026-06-12,CM,BSE,STK,540824,INE646X01014,ASTRON,T,,,,,Astron Paper & Board Mill Limi,3.92,3.95,3.82,3.95,3.95,3.92,,3.90,,,691,2701.00,10,F1,1,,,,,
2026-06-12,2026-06-12,CM,BSE,STK,540829,INE371F01024,CHANDRIMA,X,,,,,Chandrima Mercantiles limited,6.35,6.48,6.20,6.20,6.20,6.35,,6.20,,,51503,320895.00,99,F1,1,,,,,
2026-06-12,2026-06-12,CM,BSE,STK,540874,INE454F01010,7SEASL,X,,,,,7SEAS ENTERTAINMENT LIMITED,73.75,79.00,73.75,78.09,78.49,74.05,,78.09,,,14597,1135505.00,103,F1,1,,,,,
2026-06-12,2026-06-12,CM,BSE,STK,540879,INE713T01028,APOLLO,A,,,,,Apollo Micro Systems Limited,389.80,410.75,387.50,409.25,409.25,381.70,,409.40,,,1276114,508040224.00,13182,F1,1,,,,,
2026-06-12,2026-06-12,CM,BSE,STK,540900,INE619B01017,NEWGEN,A,,,,,Newgen Software Technologies L,459.25,469.20,458.40,464.50,466.00,455.40,,464.25,,,61707,28582803.00,1882,F1,1,,,,,
2026-06-12,2026-06-12,CM,BSE,STK,540901,INE546Y01022,PRAXIS,T,,,,,Praxis Home Retail Limited,7.49,7.49,7.13,7.15,7.15,7.50,,7.13,,,2242,16411.00,9,F1,1,,,,,
2026-06-12,2026-06-12,CM,BSE,STK,540902,INE371P01015,AMBER,A,,,,,Amber Enterprises India Limite,7469.95,7475.95,7125.00,7420.70,7467.00,7283.50,,7420.00,,,19462,142166667.00,4232,F1,1,,,,,
2026-06-12,2026-06-12,CM,BSE,STK,540904,INE115G01015,TIRUFOAM,X,,,,,TIRUPATI FOAM LIMITED,62.50,67.99,62.50,67.99,67.99,65.32,,67.99,,,3600,225549.00,23,F1,1,,,,,
2026-06-12,2026-06-12,CM,BSE,STK,540914,INE425C01017,SRUSTEELS,XT,,,,,SRU Steels Limited,1.97,1.99,1.85,1.91,1.95,1.91,,1.91,,,47236,91393.00,132,F1,1,,,,,
2026-06-12,2026-06-12,CM,BSE,STK,540923,INE760Y01011,ASHOKAMET,B,,,,,Ashoka Metcast Limited,16.30,16.30,14.81,15.02,14.92,15.15,,15.11,,,1210,18217.00,26,F1,1,,,,,
2026-06-12,2026-06-12,CM,BSE,STK,540935,INE600K01018,GALAXYSURF,A,,,,,Galaxy Surfactants Limited,1692.15,1714.00,1645.00,1699.95,1707.00,1675.00,,1703.90,,,2284,3817858.00,210,F1,1,,,,,
2026-06-12,2026-06-12,CM,BSE,STK,540936,INE063Z01017,GGL,X,,,,,Gautam Gems Limited,3.28,3.32,3.18,3.26,3.28,3.25,,3.26,,,4649,15025.00,56,F1,1,,,,,
2026-06-12,2026-06-12,CM,BSE,STK,540937,INE630Y01024,MEDICO,B,,,,,MEDICO REMEDIES LIMITED,42.38,43.00,41.20,42.90,42.30,41.31,,42.77,,,10126,424189.00,101,F1,1,,,,,
2026-06-12,2026-06-12,CM,BSE,STK,540952,INE740X01023,LAL,B,,,,,LORENZINI APPARELS LIMITED,7.05,7.40,7.05,7.38,7.40,7.23,,7.34,,,7722,56364.00,46,F1,1,,,,,
2026-06-12,2026-06-12,CM,BSE,STK,540953,INE923Y01023,KENVI,B,,,,,Kenvi Jewels Limited,2.25,2.25,2.17,2.21,2.25,2.17,,2.21,,,48273,106955.00,130,F1,1,,,,,
2026-06-12,2026-06-12,CM,BSE,STK,540954,INE586E01020,IWP,B,,,,,The Indian Wood Products Co. L,34.99,35.00,33.40,33.57,33.50,35.80,,33.74,,,2590,88874.00,62,F1,1,,,,,
2026-06-12,2026-06-12,CM,BSE,STK,540955,INE773Y01014,TDSL,XT,,,,,Tasty Dairy Specialities Limit,4.16,4.16,4.14,4.16,4.16,3.97,,4.16,,,7848,32641.00,29,F1,1,,,,,
2026-06-12,2026-06-12,CM,BSE,STK,540956,INE341Z01025,BHATIA,X,,,,,Bhatia Communications & Retail,25.52,26.18,25.28,25.60,25.56,25.44,,25.60,,,17198,443651.00,102,F1,1,,,,,
2026-06-12,2026-06-12,CM,BSE,STK,540961,INE644Y01017,SHIVAMILLS,T,,,,,Shiva Mills Limited,61.19,63.58,61.19,63.58,63.58,64.41,,62.56,,,352,21562.00,6,F1,1,,,,,
2026-06-12,2026-06-12,CM,BSE,STK,540975,INE914M01019,ASTERDM,A,,,,,Aster DM Healthcare Limited,847.95,847.95,806.35,814.95,814.95,814.20,,814.95,,,78309,64320773.00,4052,F1,1,,,,,
2026-06-12,2026-06-12,CM,BSE,STK,540980,INE868X01014,YSL,X,,,,,The Yamuna Syndicate Ltd,28564.95,28568.00,27725.05,27799.95,27799.95,27211.00,,27799.95,,,5,141225.00,5,F1,1,,,,,
2026-06-12,2026-06-12,CM,BSE,STK,541005,INE398L01017,KANCOTEA,X,,,,,KANCO TEA & INDUSTRIES LIMITED,55.00,56.01,54.55,55.60,55.98,54.00,,55.60,,,518,28834.00,22,F1,1,,,,,
2026-06-12,2026-06-12,CM,BSE,STK,541019,INE926X01010,HGINFRA,B,,,,,H.G. Infra Engineering Limited,546.80,564.65,546.80,563.15,562.00,545.10,,562.90,,,10100,5598000.00,1395,F1,1,,,,,
2026-06-12,2026-06-12,CM,BSE,STK,541083,INE464Z01017,INFLAME,M,,,,,Inflame Appliances Limited,234.80,250.00,217.10,224.35,224.35,222.35,,224.35,,,15750,3559312.00,57,F1,250,,,,,
2026-06-12,2026-06-12,CM,BSE,STK,541096,INE365Y01019,BPLPHARMA,X,,,,,Bharat Parenterals Limited,1321.05,1348.00,1321.00,1331.85,1344.50,1324.20,,1331.85,,,103,137347.00,17,F1,1,,,,,
2026-06-12,2026-06-12,CM,BSE,STK,541097,INF740KA1EU7,LIQUIDETF,F,,,,,DSP BlackRock Mutual Fund,999.99,1000.01,999.99,1000.00,1000.00,1000.00,,1000.00,,,8879,8878998.00,15,F1,1,,,,,
2026-06-12,2026-06-12,CM,BSE,STK,541143,INE171Z01026,BDL,A,,,,,Bharat Dynamics Limited,1179.45,1203.95,1168.15,1199.65,1199.65,1160.75,,1200.10,,,89522,106058493.00,4522,F1,1,,,,,
2026-06-12,2026-06-12,CM,BSE,STK,541144,INE380Z01015,ACTIVE,B,,,,,Active Clothing Co  Limited,132.45,133.50,127.65,128.45,127.65,127.65,,128.45,,,2843,372068.00,54,F1,1,,,,,
2026-06-12,2026-06-12,CM,BSE,STK,541152,INE705X01026,GOYALALUM,B,,,,,GOYAL ALUMINIUMS LIMITED,6.67,7.05,6.67,6.89,6.90,6.66,,6.87,,,38030,261389.00,166,F1,1,,,,,
2026-06-12,2026-06-12,CM,BSE,STK,541153,INE545U01014,BANDHANBNK,A,,,,,Bandhan Bank Limited,198.20,205.95,194.35,204.50,204.50,193.95,,204.59,,,916904,185376058.00,6937,F1,1,,,,,
2026-06-12,2026-06-12,CM,BSE,STK,541154,INE066F01020,HAL,A,,,,,Hindustan Aeronautics Limited,4224.95,4224.95,4165.75,4193.25,4193.25,4171.50,,4192.30,,,27015,113318744.00,3265,F1,1,,,,,
2026-06-12,2026-06-12,CM,BSE,STK,541161,INE278R01034,DHARAN,Z,,,,,DHARAN INFRA-EPC LIMITED,0.19,0.19,0.19,0.19,0.19,0.19,,0.15,,,240023,45604.00,64,F1,1,,,,,
2026-06-12,2026-06-12,CM,BSE,STK,541163,INE278H01035,SANDHAR,B,,,,,Sandhar Technologies Limited,749.80,764.10,706.50,712.50,711.00,734.25,,712.00,,,37932,27792208.00,1326,F1,1,,,,,
2026-06-12,2026-06-12,CM,BSE,STK,541167,INE616Z01012,YASHO,B,,,,,YASHO INDUSTRIES LIMITED,2579.00,2936.85,2579.00,2887.55,2886.00,2553.20,,2871.30,,,6901,19416148.00,958,F1,1,,,,,
2026-06-12,2026-06-12,CM,BSE,STK,541195,INE099Z01011,MIDHANI,A,,,,,Mishra Dhatu Nigam Limited,426.25,441.90,426.25,435.35,434.00,422.65,,435.10,,,118785,51832880.00,2787,F1,1,,,,,
2026-06-12,2026-06-12,CM,BSE,STK,541206,INE426Z01016,OBCL,B,,,,,Orissa Bengal Carrier Limited,58.51,61.08,58.51,59.60,59.60,60.03,,59.89,,,1066,63959.00,21,F1,1,,,,,
2026-06-12,2026-06-12,CM,BSE,STK,541228,INE459Z01017,TRL,B,,,,,Taylormade Renewables Limited,94.69,94.69,87.99,89.69,89.69,88.47,,89.69,,,7692,691455.00,238,F1,1,,,,,
2026-06-12,2026-06-12,CM,BSE,STK,541233,INE970X01018,LEMONTREE,A,,,,,Lemon Tree Hotels Limited,104.15,108.20,104.15,107.30,107.30,103.70,,107.24,,,560694,59608468.00,5320,F1,1,,,,,
2026-06-12,2026-06-12,CM,BSE,STK,541269,INE783X01023,CHEMFAB,T,,,,,Chemfab Alkalis Ltd,378.00,378.00,373.60,375.00,375.00,393.20,,391.55,,,226,84679.00,14,F1,1,,,,,
2026-06-12,2026-06-12,CM,BSE,STK,541276,INE626Z01029,HARDWYN,B,,,,,HARDWYN INDIA LIMITED,24.36,24.90,23.65,23.80,23.65,24.15,,23.83,,,328804,7984622.00,515,F1,1,,,,,
2026-06-12,2026-06-12,CM,BSE,STK,541299,INE871Z01013,DLCL,M,,,,,DR LALCHANDANI LABS LIMITED,9.00,9.38,9.00,9.38,9.38,9.55,,9.38,,,8000,73520.00,2,F1,4000,,,,,
2026-06-12,2026-06-12,CM,BSE,STK,541301,INE142Z01019,ORIENTELEC,B,,,,,Orient Electric Limited,177.70,177.70,174.15,175.55,175.45,173.95,,175.85,,,7111,1249403.00,155,F1,1,,,,,
2026-06-12,2026-06-12,CM,BSE,STK,541302,INE506Z01015,DHRUV,T,,,,,Dhruv Consultancy Services Lim,28.15,28.15,27.60,27.60,27.60,27.60,,27.68,,,426,11909.00,6,F1,1,,,,,
2026-06-12,2026-06-12,CM,BSE,STK,541303,INE256Z01025,AKSHAR,B,,,,,Akshar Spintex Limited,0.44,0.46,0.44,0.46,0.46,0.45,,0.45,,,50752,23133.00,57,F1,1,,,,,
2026-06-12,2026-06-12,CM,BSE,STK,541304,INE250Z01010,INDOUS,B,,,,,Indo US Bio-Tech Limited,94.00,95.10,88.00,89.35,88.00,88.85,,89.17,,,515,47075.00,62,F1,1,,,,,
2026-06-12,2026-06-12,CM,BSE,STK,541313,INF109KC1V59,BSE500IETF,A,,,,,ICICI Prudential BSE 500 ETF,37.41,38.23,37.41,37.91,37.99,37.41,,38.03,,,4935,186591.00,67,F1,1,,,,,
2026-06-12,2026-06-12,CM,BSE,STK,541336,INE896L01010,INDOSTAR,B,,,,,IndoStar Capital Finance Limit,240.25,246.40,235.60,241.95,242.50,233.40,,242.43,,,6585,1593593.00,155,F1,1,,,,,
2026-06-12,2026-06-12,CM,BSE,STK,541337,INE424Z01011,MILEFUR,MT,,,,,Milestone Furniture Limited,25.95,25.95,25.75,25.85,25.75,25.55,,25.85,,,12000,310200.00,3,F1,3000,,,,,
2026-06-12,2026-06-12,CM,BSE,STK,541338,INE556Z01010,UHZAVERI,B,,,,,U. H. ZAVERI LIMITED,12.31,13.50,12.31,13.00,13.06,12.90,,13.00,,,19064,242922.00,43,F1,1,,,,,
2026-06-12,2026-06-12,CM,BSE,STK,541347,INE295Z01015,PARVATI,X,,,,,Parvati Sweetners and Power Lt,6.80,7.09,6.66,6.94,6.98,6.80,,6.94,,,1437265,9784469.00,79,F1,1,,,,,
2026-06-12,2026-06-12,CM,BSE,STK,541352,INE00EM01016,MEGASTAR,B,,,,,Megastar Foods Limited,314.95,327.50,300.00,321.30,319.80,309.35,,321.70,,,1920,603509.00,87,F1,1,,,,,
2026-06-12,2026-06-12,CM,BSE,STK,541353,INE870Z01015,INNOVATORS,M,,,,,Innovators Facade Systems Limi,127.50,131.50,127.00,131.00,131.00,121.80,,131.00,,,20000,2563520.00,21,F1,800,,,,,
2026-06-12,2026-06-12,CM,BSE,STK,541358,INE926R01012,UCIL,X,,,,,UNIFINZ CAPITAL INDIA LIMITED,89.50,89.50,89.49,89.50,89.50,85.24,,89.50,,,332732,29779513.00,61,F1,1,,,,,
2026-06-12,2026-06-12,CM,BSE,STK,541400,INE518E01015,ZIMLAB,T,,,,,ZIM Laboratories Limited,112.00,115.95,109.00,112.95,112.95,113.60,,114.28,,,6502,741247.00,57,F1,1,,,,,
2026-06-12,2026-06-12,CM,BSE,STK,541402,INE692Z01013,AFFORDABLE,T,,,,,Affordable Robotic & Automatio,177.00,178.55,172.60,178.50,178.50,177.20,,176.83,,,3230,571135.00,23,F1,1,,,,,
2026-06-12,2026-06-12,CM,BSE,STK,541403,INE325C01035,DOLLAR,B,,,,,Dollar Industries Limited,246.50,249.50,244.80,248.95,248.80,244.00,,248.45,,,4536,1121336.00,124,F1,1,,,,,
2026-06-12,2026-06-12,CM,BSE,STK,541418,INE236Y01012,NGIL,T,,,,,NAKODA GROUP OF INDUSTRIES LIM,37.63,39.40,37.63,39.39,39.39,38.02,,37.95,,,253,9964.00,4,F1,1,,,,,
2026-06-12,2026-06-12,CM,BSE,STK,541444,INE838Z01012,PALMJEWELS,B,,,,,Palm Jewels Limited,14.85,15.20,14.25,15.03,15.00,14.70,,15.03,,,15638,231457.00,62,F1,1,,,,,
2026-06-12,2026-06-12,CM,BSE,STK,541450,INE364U01010,ADANIGREEN,A,,,,,Adani Green Energy Limited,1483.15,1493.45,1456.00,1485.10,1480.05,1454.10,,1485.60,,,217662,321310732.00,6982,F1,1,,,,,
2026-06-12,2026-06-12,CM,BSE,STK,541540,INE624Z01016,SOLARA,B,,,,,SOLARA ACTIVE PHARMA SCIENCES,579.70,619.00,579.70,607.90,608.05,581.30,,608.50,,,25649,15582503.00,816,F1,1,,,,,
2026-06-12,2026-06-12,CM,BSE,STK,541546,INE287Z01012,GAYAHWS,B,,,,,GAYATRI HIGHWAYS LTD,2.27,2.27,2.14,2.15,2.15,2.16,,2.16,,,53615,116766.00,102,F1,1,,,,,
2026-06-12,2026-06-12,CM,BSE,STK,541556,INE320J01015,RITES,A,,,,,RITES Limited,202.00,206.75,202.00,206.10,206.15,200.45,,206.06,,,43665,8913371.00,884,F1,1,,,,,
2026-06-12,2026-06-12,CM,BSE,STK,541557,INE686Y01026,FINEORG,A,,,,,Fine Organic Industries Limite,4692.20,4736.00,4675.00,4723.95,4715.95,4665.00,,4724.70,,,207,973693.00,54,F1,1,,,,,
2026-06-12,2026-06-12,CM,BSE,STK,541578,INE665L01035,VARROC,A,,,,,Varroc Engineering Limited,572.45,573.00,565.30,570.35,570.05,560.40,,570.35,,,1523,865485.00,106,F1,1,,,,,
2026-06-12,2026-06-12,CM,BSE,STK,541601,INE685Z01033,RAJNISH,B,,,,,Rajnish Wellness Limited,0.43,0.46,0.43,0.44,0.44,0.43,,0.44,,,9367592,4124319.00,699,F1,1,,,,,
2026-06-12,2026-06-12,CM,BSE,STK,541627,INE173V01013,GUJWIND,X,,,,,Gujarat Winding Systems Limite,7.04,7.37,7.04,7.37,7.37,7.02,,7.37,,,32,231.00,4,F1,1,,,,,
2026-06-12,2026-06-12,CM,BSE,STK,541634,INE960Z01014,RAWEDGE,B,,,,,Raw Edge Industrial Solutions,20.95,20.95,19.92,20.00,20.00,19.92,,20.00,,,570,11443.00,12,F1,1,,,,,
2026-06-12,2026-06-12,CM,BSE,STK,541702,INE694W01024,ASHNI,X,,,,,Ashnisha Industries Limited,3.23,3.28,3.12,3.15,3.15,3.17,,3.15,,,1596736,5059930.00,672,F1,1,,,,,
2026-06-12,2026-06-12,CM,BSE,STK,541703,INE00WY01013,RACONTEUR,M,,,,,RACONTEUR GLOBAL RESOURCES LIM,12.16,13.20,11.26,13.20,13.20,12.16,,13.20,,,11200,133536.00,3,F1,1600,,,,,
2026-06-12,2026-06-12,CM,BSE,STK,541729,INE127D01025,HDFCAMC,A,,,,,HDFC Asset Management Company,2406.30,2462.20,2380.65,2457.15,2457.15,2390.65,,2455.90,,,282340,676026602.00,3188,F1,1,,,,,
2026-06-12,2026-06-12,CM,BSE,STK,541735,INE299W01022,VIVANTA,X,,,,,Vivanta Industries Limited,1.78,1.83,1.76,1.81,1.83,1.77,,1.81,,,73185,131747.00,186,F1,1,,,,,
2026-06-12,2026-06-12,CM,BSE,STK,541741,INE401Z01019,FRATELLI,X,,,,,Fratelli Vineyards Limited,102.00,102.00,97.00,99.19,99.20,95.47,,99.19,,,14910,1475872.00,111,F1,1,,,,,
2026-06-12,2026-06-12,CM,BSE,STK,541770,INE741K01010,CREDITACC,A,,,,,CreditAccess Grameen Ltd.,1272.40,1315.00,1266.25,1307.55,1307.40,1265.20,,1310.20,,,6785,8779625.00,416,F1,1,,,,,
2026-06-12,2026-06-12,CM,BSE,STK,541771,INE572Z01017,AMINTAN,XT,,,,,AMIN TANNERY LIMITED,1.69,1.69,1.60,1.66,1.66,1.64,,1.66,,,23907,39750.00,103,F1,1,,,,,
2026-06-12,2026-06-12,CM,BSE,STK,541778,INE00IY01012,DEEP,B,,,,,Deep Polymers Limited,39.50,40.48,38.69,40.37,40.40,39.51,,40.37,,,4557,182128.00,54,F1,1,,,,,
2026-06-12,2026-06-12,CM,BSE,STK,541809,INF109KC1NS5,NEXT50IETF,B,,,,,ICICI Prudential Mutual Fund,73.24,74.14,72.76,73.88,74.14,72.12,,73.82,,,20552,1507607.00,303,F1,1,,,,,
2026-06-12,2026-06-12,CM,BSE,STK,541865,INE01B501018,ASRL,B,,,,,Add-Shop E-Retail Limited,7.11,7.25,7.11,7.19,7.20,7.11,,7.19,,,8234,59182.00,88,F1,1,,,,,
2026-06-12,2026-06-12,CM,BSE,STK,541890,INE797Z01028,SPACEINCUBA,X,,,,,Space Incubatrics Technologies,0.20,0.20,0.19,0.20,0.20,0.19,,0.20,,,846110,164627.00,164,F1,1,,,,,
2026-06-12,2026-06-12,CM,BSE,STK,541929,INE00QT01015,SGIL,B,,,,,Synergy Green Industries Limit,552.90,556.30,546.00,550.00,550.00,551.30,,550.90,,,600,330790.00,41,F1,1,,,,,
2026-06-12,2026-06-12,CM,BSE,STK,541946,INF109KC1KT9,LIQUIDIETF,F,,,,,ICICI Prudential BSE Liquid Ra,1000.00,1000.00,1000.00,1000.00,1000.00,1000.00,,999.99,,,317309,317309000.00,46,F1,1,,,,,
2026-06-12,2026-06-12,CM,BSE,STK,541956,INE962Y01021,IRCON,A,,,,,IRCON International Ltd,132.10,135.95,131.80,135.30,135.00,130.30,,135.34,,,269573,36061461.00,3139,F1,1,,,,,
2026-06-12,2026-06-12,CM,BSE,STK,541967,INE01IU01018,SKYGOLD,A,,,,,Sky Gold And Diamonds Limited,493.00,512.00,493.00,509.25,509.25,490.70,,508.95,,,45192,22886164.00,1459,F1,1,,,,,
2026-06-12,2026-06-12,CM,BSE,STK,541972,INF200KA1VQ2,SETFSN50,A,,,,,SBI Mutual Fund,895.41,903.12,895.41,903.10,903.10,886.55,,903.10,,,111,100196.00,9,F1,1,,,,,
2026-06-12,2026-06-12,CM,BSE,STK,541973,INE004Z01011,MACH,M,,,,,Mac Hotels Limited,76.00,85.00,76.00,85.00,85.00,86.00,,85.00,,,3000,241500.00,2,F1,1500,,,,,
2026-06-12,2026-06-12,CM,BSE,STK,541974,INE00VM01036,MANORAMA,A,,,,,Manorama Industries Limited,1561.45,1585.80,1549.95,1563.05,1556.40,1531.55,,1564.20,,,9082,14219437.00,643,F1,1,,,,,
2026-06-12,2026-06-12,CM,BSE,STK,541988,INE216P01012,AAVAS,A,,,,,AAVAS Financiers Limited,1367.80,1443.35,1349.65,1403.50,1397.95,1320.10,,1405.60,,,113318,158190083.00,3786,F1,1,,,,,
2026-06-12,2026-06-12,CM,BSE,STK,542011,INE382Z01011,GRSE,A,,,,,Garden Reach Shipbuilders & En,2578.85,2656.00,2573.75,2648.05,2647.50,2536.05,,2648.70,,,47044,123167595.00,3481,F1,1,,,,,
2026-06-12,2026-06-12,CM,BSE,STK,542012,INE911Z01025,A1L,B,,,,,A-1 LIMITED,8.50,8.50,8.49,8.50,8.50,8.10,,8.50,,,2626865,22320991.00,1855,F1,1,,,,,
2026-06-12,2026-06-12,CM,BSE,STK,542013,INE666Y01010,DOLFIN,B,,,,,Dolfin Rubbers Limited,169.00,175.00,169.00,169.05,169.05,168.95,,169.05,,,1073,184835.00,35,F1,1,,,,,
2026-06-12,2026-06-12,CM,BSE,STK,542019,INE01J501010,SHUBHAM,X,,,,,Shubham Polyspin Limited,38.40,39.00,38.40,38.40,38.40,40.42,,38.40,,,19733,757838.00,73,F1,1,,,,,
2026-06-12,2026-06-12,CM,BSE,STK,542020,INE642Z01026,AKI,B,,,,,AKI India Limited,4.98,4.98,4.70,4.88,4.89,4.74,,4.86,,,5645,27181.00,35,F1,1,,,,,
2026-06-12,2026-06-12,CM,BSE,STK,542025,INE206Z01020,SUNRETAIL,M,,,,,Sun Retail Limited,0.33,0.33,0.32,0.32,0.32,0.32,,0.32,,,384000,124800.00,8,F1,48000,,,,,
2026-06-12,2026-06-12,CM,BSE,STK,542034,INE00Q901014,SMGOLD,B,,,,,S. M. Gold Limited,12.58,12.58,11.96,12.18,12.17,12.38,,12.18,,,11230,136819.00,89,F1,1,,,,,
2026-06-12,2026-06-12,CM,BSE,STK,542046,INE647Z01025,VIVIDM,B,,,,,VIVID MERCANTILE LIMITED,6.79,7.09,6.61,6.70,6.75,6.78,,6.70,,,54986,372908.00,98,F1,1,,,,,
2026-06-12,2026-06-12,CM,BSE,STK,542057,INE00SW01015,BCPL,B,,,,,BCPL Railway Infrastructure Li,81.55,81.55,76.26,76.97,76.99,75.60,,77.03,,,749,57743.00,172,F1,1,,,,,
2026-06-12,2026-06-12,CM,BSE,STK,542066,INE399L01023,ATGL,A,,,,,ADANI TOTAL GAS LIMITED,728.20,735.80,718.30,728.25,728.25,716.00,,728.50,,,277798,201819631.00,5637,F1,1,,,,,
2026-06-12,2026-06-12,CM,BSE,STK,542131,INF769K01EG9,NIFTYETF,B,,,,,Mirae Asset Mutual Fund,253.82,256.22,252.51,255.53,256.22,250.83,,255.70,,,13798,3503490.00,261,F1,1,,,,,
2026-06-12,2026-06-12,CM,BSE,STK,542141,INE285K01026,TECHNOE,A,,,,,Techno Electric & Engineering,1015.30,1045.60,1015.30,1038.95,1038.95,1009.75,,1038.70,,,29020,29959722.00,1948,F1,1,,,,,
2026-06-12,2026-06-12,CM,BSE,STK,542145,INE02AP01013,RONI,M,,,,,Roni Households Limited,43.50,43.50,43.50,43.50,43.50,42.00,,43.50,,,1800,78300.00,1,F1,1800,,,,,
2026-06-12,2026-06-12,CM,BSE,STK,542155,INE01GR01018,DGL,MT,,,,,Diksha Greens Limited,1.12,1.12,1.10,1.10,1.10,1.12,,1.10,,,58000,64320.00,4,F1,2000,,,,,
2026-06-12,2026-06-12,CM,BSE,STK,542206,INE139E01028,NIVAKA,X,,,,,NIVAKA FASHIONS LIMITED,0.84,0.84,0.79,0.84,0.84,0.80,,0.84,,,18021,15089.00,24,F1,1,,,,,
2026-06-12,2026-06-12,CM,BSE,STK,542216,INE00R701025,DALBHARAT,A,,,,,DALMIA BHARAT LIMITED,1626.00,1663.00,1616.00,1657.90,1657.90,1610.50,,1659.20,,,5016,8267543.00,786,F1,1,,,,,
2026-06-12,2026-06-12,CM,BSE,STK,542230,INF209KB16D7,ABSLNN50ET,B,,,,,Aditya Birla Sun Life Mutual F,73.18,73.56,72.57,73.50,73.50,71.40,,73.32,,,440,32089.00,8,F1,1,,,,,
2026-06-12,2026-06-12,CM,BSE,STK,542231,INE00S901012,NILASPACES,B,,,,,Nila Spaces Ltd,11.91,12.19,11.88,12.11,12.12,11.91,,12.07,,,21386,257570.00,143,F1,1,,,,,
2026-06-12,2026-06-12,CM,BSE,STK,542232,INE01NE01012,SRD,B,,,,,Shankar Lal Rampal Dye-Chem Li,41.50,41.50,38.65,39.42,39.46,39.42,,39.05,,,6043,235908.00,66,F1,1,,,,,
2026-06-12,2026-06-12,CM,BSE,STK,542233,INE00CA01015,TREJHARA,B,,,,,Trejhara Solutions Limited,138.05,142.55,136.70,141.80,142.00,136.65,,140.96,,,2505,352030.00,116,F1,1,,,,,
2026-06-12,2026-06-12,CM,BSE,STK,542248,INE452W01019,DECCAN,B,,,,,Deccan Health Care Limited,13.40,13.40,12.00,13.08,13.08,12.46,,13.08,,,9982,125518.00,57,F1,1,,,,,
2026-06-12,2026-06-12,CM,BSE,STK,542285,INE02EZ01022,AXITA,B,,,,,Axita Cotton Limited,7.81,7.82,7.64,7.66,7.64,7.62,,7.65,,,68125,525575.00,309,F1,1,,,,,
2026-06-12,2026-06-12,CM,BSE,STK,542323,INE542W01025,KPIGREEN,A,,,,,KPI Green Energy Limited,387.45,404.00,387.45,401.40,403.95,381.60,,401.40,,,49638,19515368.00,983,F1,1,,,,,
2026-06-12,2026-06-12,CM,BSE,STK,542332,INE302R01024,HIKLASS,XT,,,,,Hi-Klass Trading and Investmen,85.47,85.47,85.47,85.47,85.47,85.47,,85.47,,,10,854.00,1,F1,1,,,,,
2026-06-12,2026-06-12,CM,BSE,STK,542333,INE425Y01011,RPSGVENT,B,,,,,RPSG VENTURES LIMITED,865.00,883.60,863.20,872.10,872.10,871.90,,872.35,,,2491,2170759.00,139,F1,1,,,,,
2026-06-12,2026-06-12,CM,BSE,STK,542337,INE020801028,SPENCERS,B,,,,,Spencer's Retail Limited,35.65,36.70,34.34,36.62,36.60,34.66,,36.62,,,10487,378674.00,239,F1,1,,,,,
2026-06-12,2026-06-12,CM,BSE,STK,542351,INE350Z01018,GLOSTERLTD,B,,,,,Gloster Ltd,673.70,673.70,655.00,664.40,664.40,667.80,,668.80,,,1953,1294579.00,19,F1,1,,,,,
2026-06-12,2026-06-12,CM,BSE,STK,542367,INE01P501012,XELPMOC,B,,,,,Xelpmoc Design and Tech Limite,90.00,91.40,86.00,86.75,87.15,88.95,,86.22,,,3767,328775.00,146,F1,1,,,,,
2026-06-12,2026-06-12,CM,BSE,STK,542383,INE01EG01016,RITCO,B,,,,,Ritco Logistics Limited,246.95,250.95,244.00,250.55,250.55,246.65,,251.75,,,1434,356345.00,72,F1,1,,,,,
2026-06-12,2026-06-12,CM,BSE,STK,542399,INE427F01016,CHALET,A,,,,,Chalet Hotels Limited,722.70,745.50,720.60,736.10,732.20,725.75,,730.75,,,60095,43610932.00,767,F1,1,,,,,
2026-06-12,2026-06-12,CM,BSE,STK,542437,INE02AR01019,ANMOL,B,,,,,Anmol India Limited,11.50,11.50,10.78,11.06,11.12,10.92,,11.08,,,1151,12697.00,33,F1,1,,,,,
2026-06-12,2026-06-12,CM,BSE,STK,542446,INE793Z01027,JONJUA,MT,,,,,Jonjua Overseas Limited,3.51,3.51,3.34,3.37,3.34,3.51,,3.37,,,62673,213570.00,13,F1,4821,,,,,
2026-06-12,2026-06-12,CM,BSE,STK,542459,INE911T01010,KRANTI,B,,,,,Kranti Industries Limited,58.43,59.50,58.43,59.05,58.44,57.37,,59.05,,,813,47692.00,21,F1,1,,,,,
2026-06-12,2026-06-12,CM,BSE,STK,542460,INE294Z01018,ANUP,A,,,,,The Anup Engineering Ltd,1807.30,1912.05,1807.30,1899.10,1900.95,1799.95,,1901.00,,,1572,2940927.00,380,F1,1,,,,,
2026-06-12,2026-06-12,CM,BSE,STK,542484,INE955V01021,ARVINDFASN,A,,,,,Arvind Fashions Limited,443.45,453.40,443.45,450.45,450.00,447.55,,450.20,,,4392,1974575.00,293,F1,1,,,,,
2026-06-12,2026-06-12,CM,BSE,STK,542513,INF789F1AUU3,SNXT50BETA,A,,,,,UTI BSE  Sensex Next 50 ETF,89.84,89.84,88.01,89.50,89.50,88.90,,90.11,,,22,1972.00,11,F1,1,,,,,
2026-06-12,2026-06-12,CM,BSE,STK,542524,INE342U01016,AIHL,X,,,,,AMBASSADOR INTRA HOLDINGS LIMI,37.06,37.06,37.06,37.06,37.06,39.01,,37.06,,,10,370.00,1,F1,1,,,,,
2026-06-12,2026-06-12,CM,BSE,STK,542543,INE05KD23015,ENERGYINF,IF,,,,,Energy Infrastructure Trust,77.00,77.68,76.90,77.04,77.68,77.00,,77.04,,,1925000,148239500.00,41,F1,25000,,,,,
2026-06-12,2026-06-12,CM,BSE,STK,542579,INE05FR01029,AGOL,B,,,,,Ashapuri Gold Ornament Limited,4.00,4.10,4.00,4.07,4.07,4.02,,4.07,,,458191,1850396.00,594,F1,1,,,,,
2026-06-12,2026-06-12,CM,BSE,STK,542580,INE01C001026,AARTECH,B,,,,,Aartech Solonics Limited,41.01,42.06,41.00,41.63,41.40,41.39,,41.65,,,2205,91513.00,229,F1,1,,,,,
2026-06-12,2026-06-12,CM,BSE,STK,542597,INE255X01014,MSTCLTD,B,,,,,MSTC Limited,565.00,574.60,560.10,568.00,568.00,562.80,,568.50,,,46162,26212107.00,985,F1,1,,,,,
2026-06-12,2026-06-12,CM,BSE,STK,542602,INE041025011,EMBASSY,IF,,,,,Embassy Office Parks REIT,433.97,433.97,428.23,429.49,429.98,431.38,,429.10,,,4763,2047509.00,252,F1,1,,,,,
2026-06-12,2026-06-12,CM,BSE,STK,542627,INE01GZ01011,CHANDNIMACH,X,,,,,Chandni Machines Limited,76.90,76.90,68.00,69.00,68.00,71.99,,69.00,,,10016,706262.00,209,F1,1,,,,,
2026-06-12,2026-06-12,CM,BSE,STK,542628,INE01BL01012,NSL,B,,,,,Northern Spirits Limited,124.00,124.00,119.50,120.70,120.70,120.95,,120.70,,,11305,1367294.00,149,F1,1,,,,,
2026-06-12,2026-06-12,CM,BSE,STK,542649,INE415G01027,RVNL,A,,,,,Rail Vikas Nigam Limited,226.25,234.00,225.00,233.25,233.25,222.20,,233.26,,,1051419,240456008.00,9247,F1,1,,,,,
2026-06-12,2026-06-12,CM,BSE,STK,542650,INE112L01020,METROPOLIS,A,,,,,Metropolis Healthcare Limited,520.80,532.40,520.80,530.95,531.00,519.70,,530.70,,,4012,2106581.00,503,F1,1,,,,,
2026-06-12,2026-06-12,CM,BSE,STK,542651,INE04I401011,KPITTECH,A,,,,,KPIT Technologies Ltd,744.90,752.70,736.50,750.15,751.00,736.40,,749.05,,,24181,18002573.00,1076,F1,1,,,,,
2026-06-12,2026-06-12,CM,BSE,STK,542652,INE455K01017,POLYCAB,A,,,,,Polycab India Limited,9490.00,9575.00,9385.00,9552.65,9552.65,9369.90,,9554.00,,,8297,78737017.00,2067,F1,1,,,,,
2026-06-12,2026-06-12,CM,BSE,STK,542654,INE06LG01010,VRFILMS,B,,,,,V R FILMS & STUDIOS LIMITED,14.25,15.00,14.20,14.90,14.90,15.35,,14.90,,,1768,26150.00,23,F1,1,,,,,
2026-06-12,2026-06-12,CM,BSE,STK,542655,INE161L01027,VIKASLIFE,B,,,,,VIKAS LIFECARE LIMITED,1.43,1.47,1.43,1.46,1.47,1.44,,1.45,,,352311,510092.00,6820,F1,1,,,,,
2026-06-12,2026-06-12,CM,BSE,STK,542665,INE136S01016,NEOGEN,B,,,,,Neogen Chemicals Limited,2050.05,2082.75,1929.80,2037.45,2045.00,2026.80,,2033.80,,,9936,19976932.00,1087,F1,1,,,,,
2026-06-12,2026-06-12,CM,BSE,STK,542666,INE05QJ01015,GKP,B,,,,,G. K. P. Printing & Packaging,6.24,6.24,5.90,5.97,5.99,6.10,,5.97,,,7161,42935.00,75,F1,1,,,,,
2026-06-12,2026-06-12,CM,BSE,STK,542669,INE374E01021,BMW,B,,,,,BMW INDUSTRIES LIMITED,62.21,63.80,59.80,60.69,60.86,62.21,,60.69,,,572483,35139425.00,2843,F1,1,,,,,
2026-06-12,2026-06-12,CM,BSE,STK,542670,INE757T01025,AEPL,B,,,,,Artemis Electricals and Projec,16.00,16.32,15.85,16.17,16.17,15.85,,16.00,,,182,2898.00,8,F1,1,,,,,
2026-06-12,2026-06-12,CM,BSE,STK,542679,INE413F01016,DEL,X,,,,,Dhanashree Electronics Limited,170.00,180.00,170.00,180.00,180.00,171.20,,180.00,,,182,32610.00,6,F1,1,,,,,
2026-06-12,2026-06-12,CM,BSE,STK,542682,INE01K301012,HARISH,X,,,,,Harish Textile Engineers Limit,63.36,65.15,63.36,65.15,65.15,63.36,,65.15,,,120,7782.00,5,F1,1,,,,,
2026-06-12,2026-06-12,CM,BSE,STK,542684,INE050001010,PPL,B,,,,,Prakash Pipes Limited,240.80,245.00,237.75,242.00,239.70,236.05,,241.35,,,8984,2169045.00,303,F1,1,,,,,
2026-06-12,2026-06-12,CM,BSE,STK,542685,INE03JI01017,DGCONTENT,B,,,,,Digicontent Limited,24.61,24.61,24.61,24.61,24.61,24.36,,25.65,,,25,615.00,1,F1,1,,,,,
2026-06-12,2026-06-12,CM,BSE,STK,542721,INE02GA01012,ARL,B,,,,,Anand Rayons Limited,49.56,49.56,49.56,49.56,49.56,47.20,,49.56,,,12080,598684.00,64,F1,1,,,,,
2026-06-12,2026-06-12,CM,BSE,STK,542725,INE04AK01028,SBC,B,,,,,SBC EXPORTS LIMITED,37.20,37.87,36.76,37.32,37.32,36.98,,37.18,,,1043907,38970470.00,948,F1,1,,,,,
2026-06-12,2026-06-12,CM,BSE,STK,542726,INE933S01016,INDIAMART,A,,,,,IndiaMART InterMESH Limited,1981.00,2019.00,1981.00,2017.20,2013.65,1967.35,,2016.40,,,3394,6817942.00,331,F1,1,,,,,
2026-06-12,2026-06-12,CM,BSE,STK,542727,INE056001014,CPML,M,,,,,CITY PULSE MULTIVENTURES LIMIT,2210.00,2230.00,2101.10,2194.85,2227.00,2240.00,,2194.85,,,1600,3478312.00,31,F1,50,,,,,
2026-06-12,2026-06-12,CM,BSE,STK,542729,INE08KP01019,DCMNVL,T,,,,,DCM NOUVELLE LIMITED,163.50,163.50,158.30,160.10,158.30,159.35,,161.36,,,145,23554.00,3,F1,1,,,,,
2026-06-12,2026-06-12,CM,BSE,STK,542730,INF109KC15I8,BANKIETF,B,,,,,ICICI Prudential Mutual Fund,57.25,58.13,57.01,58.05,58.03,56.40,,58.04,,,24395,1399652.00,129,F1,1,,,,,
2026-06-12,2026-06-12,CM,BSE,STK,542747,INF204KB15D0,SNXT50BEES,A,,,,,NIPPON INDIA ETF SENSEX NEXT 5,87.05,88.82,86.66,88.70,88.77,86.67,,88.70,,,6029,526791.00,106,F1,1,,,,,
2026-06-12,2026-06-12,CM,BSE,STK,542752,INE00WC01027,AFFLE,A,,,,,AFFLE 3I LIMITED,1454.50,1469.85,1401.20,1447.15,1448.00,1437.35,,1446.30,,,18511,26439840.00,2401,F1,1,,,,,
2026-06-12,2026-06-12,CM,BSE,STK,542758,INF109KC18U7,PVTBANIETF,B,,,,,ICICI Prudential Mutual Fund,27.44,27.87,27.34,27.83,27.85,27.08,,27.85,,,136975,3803455.00,189,F1,1,,,,,
2026-06-12,2026-06-12,CM,BSE,STK,542759,INE572J01011,SPANDANA,B,,,,,Spandana Sphoorty Financial Li,228.00,231.60,223.50,226.80,226.80,226.45,,226.50,,,27083,6163259.00,563,F1,1,,,,,
2026-06-12,2026-06-12,CM,BSE,STK,542760,INE00M201021,SWSOLAR,A,,,,,STERLING AND WILSON RENEWABLE,195.65,211.35,195.35,208.00,208.00,193.15,,208.21,,,317558,64884267.00,3580,F1,1,,,,,
2026-06-12,2026-06-12,CM,BSE,STK,542765,INE06YD01010,TRANSPACT,TS,,,,,Transpact Enterprises Limited,200.35,200.35,200.35,200.35,200.35,200.50,,200.35,,,6500,1302275.00,3,F1,500,,,,,
2026-06-12,2026-06-12,CM,BSE,STK,542770,INE08E401029,ALPHALOGIC,T,,,,,Alphalogic Techsys Limited,47.95,49.33,45.23,49.31,49.31,47.01,,49.31,,,2491,121046.00,48,F1,1,,,,,
2026-06-12,2026-06-12,CM,BSE,STK,542772,INE466L01038,360ONE,A,,,,,360 ONE WAM LIMITED,1068.55,1098.95,1058.85,1095.60,1095.40,1063.15,,1096.80,,,16219,17445327.00,1838,F1,1,,,,,
2026-06-12,2026-06-12,CM,BSE,STK,542773,INE489L01022,IIFLCAPS,A,,,,,IIFL CAPITAL SERVICES LIMITED,347.45,347.45,339.20,342.20,342.20,342.25,,342.00,,,45442,15497520.00,1075,F1,1,,,,,
2026-06-12,2026-06-12,CM,BSE,STK,542774,INE08KJ01020,MUFIN,B,,,,,MUFIN GREEN FINANCE LIMITED,120.90,122.80,119.80,122.60,121.70,118.95,,122.47,,,40743,4960154.00,265,F1,1,,,,,
2026-06-12,2026-06-12,CM,BSE,STK,542802,INE906Y01028,GALACTICO,B,,,,,Galactico Corporate Services L,1.98,2.03,1.96,1.98,2.00,1.98,,1.98,,,74612,148376.00,184,F1,1,,,,,
2026-06-12,2026-06-12,CM,BSE,STK,542803,INE560T01015,VEL,X,,,,,Vaxfab Enterprises Limited,67.50,67.50,61.10,61.16,61.16,63.07,,61.16,,,16099,1008799.00,121,F1,1,,,,,
2026-06-12,2026-06-12,CM,BSE,STK,542812,INE09N301011,FLUOROCHEM,A,,,,,Gujarat Fluorochemicals Limite,3724.15,3724.15,3619.05,3657.00,3658.00,3680.65,,3655.40,,,2640,9670213.00,396,F1,1,,,,,
2026-06-12,2026-06-12,CM,BSE,STK,542830,INE335Y01020,IRCTC,A,,,,,Indian Railway Catering and To,522.15,525.55,520.30,521.15,521.15,521.30,,521.35,,,104045,54298579.00,4536,F1,1,,,,,
2026-06-12,2026-06-12,CM,BSE,STK,542850,INE492Z01018,GOBLIN,MT,,,,,GOBLIN INDIA LIMITED,8.63,8.63,8.62,8.62,8.62,9.03,,8.62,,,4000,34500.00,2,F1,2000,,,,,
2026-06-12,2026-06-12,CM,BSE,STK,542852,INE430N01022,VISHWARAJ,B,,,,,Vishwaraj Sugar Industries Lim,5.33,5.92,5.33,5.85,5.85,5.55,,5.81,,,52776,300979.00,223,F1,1,,,,,
2026-06-12,2026-06-12,CM,BSE,STK,542857,INE08ZM01014,GREENPANEL,B,,,,,Greenpanel Industries Limited,192.65,194.95,190.45,194.00,194.00,190.25,,193.70,,,8229,1589007.00,206,F1,1,,,,,
2026-06-12,2026-06-12,CM,BSE,STK,542862,INE052001026,SHAHLON,X,,,,,Shahlon Silk Industries Limite,24.75,24.75,23.10,23.60,23.60,23.98,,23.60,,,17102,403731.00,65,F1,1,,,,,
2026-06-12,2026-06-12,CM,BSE,STK,542863,INF209KB17D5,ABSLBANETF,B,,,,,Aditya Birla Sun Life Mutual F,57.02,58.16,56.93,57.97,57.94,56.60,,57.89,,,1236,70975.00,29,F1,1,,,,,
2026-06-12,2026-06-12,CM,BSE,STK,542865,INE490Z01012,ANUROOP,B,,,,,Anuroop Packaging Limited,14.49,14.49,13.76,13.79,14.00,13.85,,13.79,,,2264,31765.00,54,F1,1,,,,,
2026-06-12,2026-06-12,CM,BSE,STK,542867,INE679A01013,CSBBANK,A,,,,,CSB Bank Limited,357.75,367.75,355.90,366.20,365.60,354.20,,366.35,,,9007,3241077.00,296,F1,1,,,,,
2026-06-12,2026-06-12,CM,BSE,STK,542904,INE551W01018,UJJIVANSFB,A,,,,,Ujjivan Small Finance Bank Lim,53.92,55.00,53.75,54.84,54.90,53.22,,54.76,,,347983,18957490.00,2887,F1,1,,,,,
2026-06-12,2026-06-12,CM,BSE,STK,542905,INE05AN01011,HINDWAREAP,B,,,,,Hindware Home Innovation Limit,222.00,257.45,220.40,255.00,255.00,214.55,,251.90,,,259015,63774324.00,4001,F1,1,,,,,
2026-06-12,2026-06-12,CM,BSE,STK,542907,INE689W01016,PRINCEPIPE,B,,,,,Prince Pipes and Fittings Limi,273.90,278.55,272.15,277.00,278.00,270.60,,276.90,,,19059,5239689.00,442,F1,1,,,,,
2026-06-12,2026-06-12,CM,BSE,STK,542909,INF754K01KO2,EBBETF0430,F,,,,,Edelweiss Mutual Fund,1590.00,1590.70,1587.64,1589.10,1587.65,1591.75,,1588.89,,,3115,4949336.00,68,F1,1,,,,,
2026-06-12,2026-06-12,CM,BSE,STK,542910,INE08RT01016,VALENCIA,MS,,,,,Valencia Nutrition Limited,60.99,60.99,60.97,60.98,60.98,58.00,,60.98,,,6000,365880.00,4,F1,1500,,,,,
2026-06-12,2026-06-12,CM,BSE,STK,542918,INE063601012,GIANLIFE,Z,,,,,Gian Life Care Limited,5.39,5.65,5.37,5.37,5.60,5.65,,5.37,,,13200,71583.00,42,F1,1,,,,,
2026-06-12,2026-06-12,CM,BSE,STK,542919,INE025R01021,ARTEMISMED,B,,,,,Artemis Medicare Services Limi,262.95,264.65,258.30,263.35,263.50,254.55,,262.70,,,9249,2434619.00,207,F1,1,,,,,
2026-06-12,2026-06-12,CM,BSE,STK,542920,INE258G01013,SUMICHEM,A,,,,,SUMITOMO CHEMICAL INDIA LIMITE,452.25,463.95,452.10,461.45,462.25,447.20,,461.85,,,5617,2573035.00,221,F1,1,,,,,
2026-06-12,2026-06-12,CM,BSE,STK,542921,INF109KC11W8,MIDCAPIETF,B,,,,,ICICI Prudential Mutual Fund,22.85,23.16,22.68,23.08,23.16,22.54,,23.03,,,40334,925494.00,192,F1,1,,,,,
2026-06-12,2026-06-12,CM,BSE,STK,542922,INF769K01FN2,NEXT50,B,,,,,Mirae Asset Mutual Fund,711.67,722.33,709.51,720.62,719.89,705.68,,720.33,,,1017,728743.00,119,F1,1,,,,,
2026-06-12,2026-06-12,CM,BSE,STK,542938,INE117S01016,OCTAVIUSPL,X,,,,,Octavius Plantations Limited,49.00,49.00,48.00,48.00,48.00,50.19,,48.00,,,1013,48637.00,2,F1,1,,,,,
2026-06-12,2026-06-12,CM,BSE,STK,543064,INE03QK01018,COHANCE,A,,,,,Cohance Lifesciences Limited,432.05,433.00,422.95,426.80,426.80,423.30,,426.95,,,32124,13718118.00,1161,F1,1,,,,,
2026-06-12,2026-06-12,CM,BSE,STK,543066,INE018E01016,SBICARD,A,,,,,SBI CARDS AND PAYMENT SERVICES,575.80,590.75,571.40,589.45,589.45,567.70,,589.45,,,17967,10436630.00,886,F1,1,,,,,
2026-06-12,2026-06-12,CM,BSE,STK,543071,INF204KB10R1,07AGG,F,,,,,Nippon India Mutual Fund,13.12,13.12,10.76,12.79,12.79,11.94,,12.79,,,1983,24148.00,21,F1,1,,,,,
2026-06-12,2026-06-12,CM,BSE,STK,543079,INF204KB16R8,07GPG,F,,,,,Nippon India Mutual Fund,4.30,4.40,3.96,4.32,4.32,4.14,,4.32,,,869,3454.00,8,F1,1,,,,,
2026-06-12,2026-06-12,CM,BSE,STK,543083,INF204KB10P5,09MPD,F,,,,,Nippon India Mutual Fund,0.06,0.06,0.06,0.06,0.06,0.05,,0.06,,,3709,222.00,5,F1,1,,,,,
2026-06-12,2026-06-12,CM,BSE,STK,543087,INF204KB14O0,09AGG,F,,,,,Nippon India Mutual Fund,155.00,165.00,136.84,144.28,148.00,152.04,,144.28,,,19,2997.00,6,F1,1,,,,,
2026-06-12,2026-06-12,CM,BSE,STK,543092,INF204KB19O9,09GPG,F,,,,,Nippon India Mutual Fund,9.99,9.99,9.89,9.89,9.89,9.10,,9.89,,,2,19.00,2,F1,1,,,,,
2026-06-12,2026-06-12,CM,BSE,STK,543099,INF789F1ARF0,UTCRFS2DGR,F,,,,,UTI Mutual Fund,52.56,58.40,52.56,54.31,52.56,58.40,,54.31,,,10,543.00,4,F1,1,,,,,
2026-06-12,2026-06-12,CM,BSE,STK,543110,INF789F1ARQ7,UTCRFS2RGR,F,,,,,UTI Mutual Fund,9.90,9.90,9.90,9.90,9.90,9.00,,9.90,,,2,19.00,2,F1,1,,,,,
2026-06-12,2026-06-12,CM,BSE,STK,543144,INF204KB11T5,08MPD,B,,,,,Nippon India Mutual Fund,5.45,5.45,4.78,5.09,5.09,4.99,,5.09,,,66,323.00,7,F1,1,,,,,
2026-06-12,2026-06-12,CM,BSE,STK,543150,INF204KB16S6,08GPG,B,,,,,Nippon India Mutual Fund,2.15,2.15,1.88,2.08,2.08,2.01,,2.08,,,2746,5669.00,19,F1,1,,,,,
2026-06-12,2026-06-12,CM,BSE,STK,543161,INF204KB14P7,10AGG,F,,,,,Nippon India Mutual Fund,98.76,99.65,98.76,99.00,98.95,98.76,,99.00,,,182,18017.00,9,F1,1,,,,,
2026-06-12,2026-06-12,CM,BSE,STK,543165,INF204KB17P0,10ARD,F,,,,,Nippon India Mutual Fund,116.90,116.90,116.90,116.90,116.90,129.80,,116.90,,,101,11806.00,7,F1,1,,,,,
2026-06-12,2026-06-12,CM,BSE,STK,543167,INF204KB19P6,10GPG,F,,,,,Nippon India Mutual Fund,1.83,1.99,1.83,1.95,1.95,2.01,,1.95,,,1405,2652.00,11,F1,1,,,,,
2026-06-12,2026-06-12,CM,BSE,STK,543171,INE0BDU01028,ROJL,B,,,,,RO Jewels Limited,1.70,1.70,1.64,1.64,1.64,1.68,,1.64,,,22573,37126.00,32,F1,1,,,,,
2026-06-12,2026-06-12,CM,BSE,STK,543172,INE0CQB01010,COSPOWER,MT,,,,,Cospower Engineering Limited,1710.00,1750.00,1702.00,1750.00,1750.00,1772.10,,1750.00,,,625,1082750.00,5,F1,125,,,,,
2026-06-12,2026-06-12,CM,BSE,STK,543173,INF204KB14U7,11DPR,B,,,,,Nippon India Mutual Fund,15.41,15.41,12.61,12.66,12.61,14.01,,12.66,,,22,283.00,5,F1,1,,,,,
2026-06-12,2026-06-12,CM,BSE,STK,543174,INF204KB10U5,11GPG,B,,,,,Nippon India Mutual Fund,2.03,2.07,1.86,1.90,1.87,1.90,,1.90,,,3692,7233.00,33,F1,1,,,,,
2026-06-12,2026-06-12,CM,BSE,STK,543175,INF204KB15U4,11MPD,B,,,,,Nippon India Mutual Fund,2.95,2.95,2.92,2.92,2.92,2.95,,2.92,,,439,1284.00,5,F1,1,,,,,
2026-06-12,2026-06-12,CM,BSE,STK,543176,INF204KB16U2,11MPR,B,,,,,Nippon India Mutual Fund,51.30,51.75,48.02,49.52,49.52,47.05,,49.52,,,271,13571.00,10,F1,1,,,,,
2026-06-12,2026-06-12,CM,BSE,STK,543177,INF204KB11U3,11QPD,B,,,,,Nippon India Mutual Fund,7.07,7.07,6.50,6.60,6.59,7.07,,6.60,,,2288,15136.00,36,F1,1,,,,,
2026-06-12,2026-06-12,CM,BSE,STK,543178,INF204KB12U1,11QPR,B,,,,,Nippon India Mutual Fund,41.05,41.05,41.05,41.05,41.05,37.32,,41.05,,,373,15311.00,3,F1,1,,,,,
2026-06-12,2026-06-12,CM,BSE,STK,543181,INF204KB13T1,11AGG,B,,,,,Nippon India Mutual Fund,28.56,28.56,26.20,27.23,27.27,28.71,,27.23,,,878,24727.00,20,F1,1,,,,,
2026-06-12,2026-06-12,CM,BSE,STK,543182,INF204KB18T0,11AMD,B,,,,,Nippon India Mutual Fund,35.45,35.45,30.70,33.59,34.83,32.26,,33.59,,,514,16508.00,29,F1,1,,,,,
2026-06-12,2026-06-12,CM,BSE,STK,543184,INF204KB14T9,11AQD,B,,,,,Nippon India Mutual Fund,26.88,26.88,23.97,23.97,23.97,24.48,,23.97,,,52,1280.00,3,F1,1,,,,,
2026-06-12,2026-06-12,CM,BSE,STK,543186,INF204KB13U9,11DPD,B,,,,,Nippon India Mutual Fund,4.50,4.50,4.10,4.10,4.33,4.21,,4.10,,,1608,6718.00,11,F1,1,,,,,
2026-06-12,2026-06-12,CM,BSE,STK,543187,INE07Y701011,POWERINDIA,A,,,,,HITACHI ENERGY INDIA LIMITED,33875.00,34434.35,33750.00,34337.15,34350.00,33238.75,,34325.00,,,9602,327848459.00,2860,F1,1,,,,,
2026-06-12,2026-06-12,CM,BSE,STK,543193,INE0B1K01014,DJML,B,,,,,DJ Mediaprint & Logistics Limi,111.00,114.90,107.25,114.30,113.95,108.35,,113.58,,,97699,10905616.00,1289,F1,1,,,,,
2026-06-12,2026-06-12,CM,BSE,STK,543207,INE06MM01016,NATURAL,XT,,,,,Natural Biocon (India) Limited,3.45,3.49,3.26,3.44,3.40,3.36,,3.44,,,22799,77294.00,63,F1,1,,,,,
2026-06-12,2026-06-12,CM,BSE,STK,543208,INE745R01024,REGIS,X,,,,,REGIS INDUSTRIES LIMITED,2.30,2.30,2.25,2.27,2.27,2.26,,2.27,,,35512,80629.00,60,F1,1,,,,,
2026-06-12,2026-06-12,CM,BSE,STK,543209,INE0CRS01012,BILLWIN,M,,,,,Billwin Industries Limited,23.50,23.50,20.85,21.66,21.94,24.25,,21.66,,,36000,775260.00,12,F1,3000,,,,,
2026-06-12,2026-06-12,CM,BSE,STK,543210,INE09EO01013,AARTISURF,B,,,,,Aarti Surfactants Limited,366.25,370.85,357.95,370.85,370.85,359.45,,374.75,,,172,63225.00,28,F1,1,,,,,
2026-06-12,2026-06-12,CM,BSE,STK,543211,INE0B9A01018,BONLON,B,,,,,BONLON INDUSTRIES LIMITED,41.10,42.81,41.10,42.81,42.81,40.78,,42.82,,,7981,335362.00,42,F1,1,,,,,
2026-06-12,2026-06-12,CM,BSE,STK,543212,INE02PY01013,BOROLTD,B,,,,,Borosil Limited,222.10,222.50,218.40,221.65,222.00,217.80,,220.92,,,5453,1201453.00,160,F1,1,,,,,
2026-06-12,2026-06-12,CM,BSE,STK,543213,INE02A801020,ROSSARI,B,,,,,ROSSARI BIOTECH LIMITED,496.95,508.40,492.55,503.45,502.35,488.90,,503.95,,,24492,12323288.00,356,F1,1,,,,,
2026-06-12,2026-06-12,CM,BSE,STK,543214,INE07OG01012,NDRAUTO,B,,,,,NDR Auto Components Limited,797.95,797.95,778.20,785.70,789.70,782.45,,788.00,,,3179,2495244.00,230,F1,1,,,,,
2026-06-12,2026-06-12,CM,BSE,STK,543216,INF754K01LE1,EBBETF0431,F,,,,,Edelweiss Mutual Fund,1417.32,1428.91,1417.32,1418.09,1418.09,1417.73,,1418.47,,,2045,2898685.00,67,F1,1,,,,,
2026-06-12,2026-06-12,CM,BSE,STK,543217,INE0CCU25019,MINDSPACE,IF,,,,,Mindspace Business Parks REIT,463.00,463.00,459.26,460.44,460.43,459.74,,460.38,,,5869,2703685.00,495,F1,1,,,,,
2026-06-12,2026-06-12,CM,BSE,STK,543218,INE05ST01028,SBGLP,B,,,,,SURATWWALA BUSINESS GROUP LIMI,26.00,26.00,24.20,25.88,25.90,25.86,,25.85,,,3818,98689.00,84,F1,1,,,,,
2026-06-12,2026-06-12,CM,BSE,STK,543219,INF109KC17V7,ALPL30IETF,B,,,,,ICICI Prudential Mutual Fund,26.50,26.62,26.37,26.61,26.49,26.16,,26.52,,,8194,216523.00,11,F1,1,,,,,
2026-06-12,2026-06-12,CM,BSE,STK,543220,INE027H01010,MAXHEALTH,A,,,,,Max Healthcare Institute Limit,1020.60,1020.60,1008.60,1012.20,1012.20,1008.95,,1012.45,,,38430,38865011.00,1466,F1,1,,,,,
2026-06-12,2026-06-12,CM,BSE,STK,543221,INF109KC16I6,ITIETF,B,,,,,ICICI Prudential Mutual Fund,31.01,31.10,30.75,30.91,30.93,30.95,,30.86,,,21402,661740.00,169,F1,1,,,,,
2026-06-12,2026-06-12,CM,BSE,STK,543223,INE0CG601016,MAXIND,B,,,,,Max India Limited,152.00,160.35,152.00,157.85,157.60,154.75,,158.41,,,692,109342.00,34,F1,1,,,,,
2026-06-12,2026-06-12,CM,BSE,STK,543224,INF179KC1HY0,HDFCNIFBAN,B,,,,,HDFC Mutual Fund,57.28,58.25,57.15,58.20,58.25,56.75,,58.21,,,40389,2320077.00,74,F1,1,,,,,
2026-06-12,2026-06-12,CM,BSE,STK,543226,INF789F1AUV1,BANKBETA,B,,,,,UTI Mutual Fund,58.34,58.78,57.17,58.76,58.74,56.81,,58.83,,,107597,6316353.00,176,F1,1,,,,,
2026-06-12,2026-06-12,CM,BSE,STK,543227,INE419U01012,HAPPSTMNDS,A,,,,,Happiest Minds Technologies Li,358.05,359.40,347.05,349.60,350.20,345.05,,349.95,,,77057,27004227.00,1882,F1,1,,,,,
2026-06-12,2026-06-12,CM,BSE,STK,543228,INE450U01017,ROUTE,B,,,,,Route Mobile Limited,517.00,522.00,512.15,520.85,522.00,509.55,,521.80,,,7946,4110557.00,265,F1,1,,,,,
2026-06-12,2026-06-12,CM,BSE,STK,543229,INE412J01010,SAMRATFORG,X,,,,,Samrat Forgings Limited,239.95,239.95,239.00,239.00,239.00,247.95,,239.00,,,62,14856.00,3,F1,1,,,,,
2026-06-12,2026-06-12,CM,BSE,STK,543230,INE0ALI01010,ADVAIT,B,,,,,ADVAIT ENERGY TRANSITIONS LIMI,2275.30,2365.00,2273.75,2307.15,2311.80,2217.20,,2305.80,,,10199,23708629.00,1058,F1,1,,,,,
2026-06-12,2026-06-12,CM,BSE,STK,543231,INE0CHO01012,ADL,B,,,,,Archidply Decor Limited,70.00,70.00,68.22,68.22,68.22,69.00,,71.02,,,31,2129.00,6,F1,1,,,,,
2026-06-12,2026-06-12,CM,BSE,STK,543232,INE596I01020,CAMS,A,,,,,Computer Age Management Servic,732.80,760.00,732.75,757.45,757.45,723.00,,757.55,,,91421,68093123.00,3377,F1,1,,,,,
2026-06-12,2026-06-12,CM,BSE,STK,543233,INE03YM01018,CHEMCON,B,,,,,Chemcon Speciality Chemicals L,193.95,196.00,192.80,194.95,196.00,189.90,,194.92,,,12725,2471823.00,580,F1,1,,,,,
2026-06-12,2026-06-12,CM,BSE,STK,543234,INE0BTM01013,SECMARK,B,,,,,Secmark Consultancy Limited,127.00,127.00,127.00,127.00,127.00,132.45,,128.09,,,22,2794.00,2,F1,1,,,,,
2026-06-12,2026-06-12,CM,BSE,STK,543235,INE732I01021,ANGELONE,A,,,,,ANGEL ONE LIMITED,329.85,340.45,325.10,339.45,338.75,323.50,,339.50,,,283154,94406915.00,4038,F1,1,,,,,
2026-06-12,2026-06-12,CM,BSE,STK,543236,INE09KD01013,ATAM,B,,,,,Atam Valves Limited,70.02,73.95,70.02,72.08,72.08,70.43,,71.54,,,173,12212.00,20,F1,1,,,,,
2026-06-12,2026-06-12,CM,BSE,STK,543237,INE249Z01020,MAZDOCK,A,,,,,Mazagon Dock Shipbuilders Limi,2388.80,2416.00,2365.55,2408.95,2408.95,2347.95,,2410.00,,,74365,177839014.00,4712,F1,1,,,,,
2026-06-12,2026-06-12,CM,BSE,STK,543238,INE094J01016,UTIAMC,A,,,,,UTI Asset Management Company L,919.35,931.60,915.05,924.60,930.00,915.70,,923.60,,,4428,4077856.00,428,F1,1,,,,,
2026-06-12,2026-06-12,CM,BSE,STK,543240,INE060901027,LIKHITHA,T,,,,,Likhitha Infrastructure Limite,233.95,233.95,228.60,230.10,230.00,224.45,,231.54,,,2541,589062.00,32,F1,1,,,,,
2026-06-12,2026-06-12,CM,BSE,STK,543241,INE244W01010,VGIL,T,,,,,Veer Global Infraconstruction,144.15,144.15,142.50,143.10,143.00,144.00,,143.10,,,1963,281355.00,21,F1,1,,,,,
2026-06-12,2026-06-12,CM,BSE,STK,543242,INE0AJG01018,HEMIPROP,B,,,,,Hemisphere Properties India Li,137.95,140.65,137.75,140.30,140.65,135.65,,140.37,,,22314,3101298.00,305,F1,1,,,,,
2026-06-12,2026-06-12,CM,BSE,STK,543243,INE063P01018,EQUITASBNK,A,,,,,Equitas Small Finance Bank Lim,72.00,76.15,72.00,75.53,75.53,71.40,,75.54,,,654332,49082239.00,4121,F1,1,,,,,
2026-06-12,2026-06-12,CM,BSE,STK,543244,INE0BLY01023,SHINEFASH,MT,,,,,Shine Fashions (India) Limited,24.96,24.96,24.96,24.96,24.96,23.83,,24.96,,,4000,99840.00,1,F1,4000,,,,,
2026-06-12,2026-06-12,CM,BSE,STK,543245,INE068V01023,GLAND,A,,,,,Gland Pharma Limited,2328.35,2350.50,2250.00,2261.10,2255.15,2305.50,,2262.20,,,34029,77881055.00,3396,F1,1,,,,,
2026-06-12,2026-06-12,CM,BSE,STK,543246,INF769K01GS9,ESG,B,,,,,Mirae Asset Mutual Fund,39.81,40.20,39.70,40.20,40.20,39.62,,40.22,,,87,3467.00,3,F1,1,,,,,
2026-06-12,2026-06-12,CM,BSE,STK,543248,INE07T201019,RBA,A,,,,,Restaurant Brands Asia Limited,68.06,69.11,68.06,68.76,68.76,68.08,,68.85,,,35243,2421065.00,298,F1,1,,,,,
2026-06-12,2026-06-12,CM,BSE,STK,543249,INE0EK901012,TARC,B,,,,,TARC LIMITED,122.00,126.20,122.00,124.95,126.15,121.25,,125.32,,,23102,2870534.00,207,F1,1,,,,,
2026-06-12,2026-06-12,CM,BSE,STK,543250,INF247L01AK4,MOGSEC,F,,,,,Motilal Oswal Mutual Fund,64.48,64.49,64.16,64.16,64.16,64.14,,64.16,,,164,10563.00,12,F1,1,,,,,
2026-06-12,2026-06-12,CM,BSE,STK,543251,INE09E501017,RVHL,B,,,,,Ravinder Heights Limited,46.72,50.81,45.61,50.40,49.76,47.02,,50.38,,,2223,110253.00,46,F1,1,,,,,
2026-06-12,2026-06-12,CM,BSE,STK,543253,INE495P01020,BECTORFOOD,A,,,,,Mrs. Bectors Food Specialities,181.05,183.40,177.30,181.85,182.00,177.25,,181.66,,,33169,5986349.00,761,F1,1,,,,,
2026-06-12,2026-06-12,CM,BSE,STK,543254,INE01BK01022,AWHCL,B,,,,,Antony Waste Handling Cell Lim,440.00,449.85,437.70,445.80,444.35,434.50,,444.95,,,5446,2421734.00,199,F1,1,,,,,
2026-06-12,2026-06-12,CM,BSE,STK,543255,INF732E01268,INFRABEES,B,,,,,Nippon India Mutual Fund,938.99,955.09,938.00,953.60,954.49,931.52,,952.81,,,781,738866.00,95,F1,1,,,,,
2026-06-12,2026-06-12,CM,BSE,STK,543256,INE018S01016,RFLL,X,,,,,RITA FINANCE AND LEASING LIMIT,15.16,16.24,14.02,15.91,15.99,15.16,,15.91,,,1181,18077.00,14,F1,1,,,,,
2026-06-12,2026-06-12,CM,BSE,STK,543257,INE053F01010,IRFC,A,,,,,Indian Railway Finance Corpora,94.50,96.14,93.95,95.88,95.88,93.31,,95.89,,,517742,49136467.00,3846,F1,1,,,,,
2026-06-12,2026-06-12,CM,BSE,STK,543258,INE09VQ01012,INDIGOPNTS,B,,,,,Indigo Paints Limited,964.60,1003.60,960.00,994.00,1001.95,949.90,,995.10,,,7235,7114089.00,1174,F1,1,,,,,
2026-06-12,2026-06-12,CM,BSE,STK,543259,INE481N01025,HOMEFIRST,A,,,,,Home First Finance Company Ind,1032.40,1113.50,1032.40,1109.75,1109.75,1030.05,,1109.30,,,51580,56218181.00,7625,F1,1,,,,,
2026-06-12,2026-06-12,CM,BSE,STK,543260,INE00IN01015,STOVEKRAFT,B,,,,,STOVE KRAFT LIMITED,659.90,666.40,643.10,655.55,655.70,650.50,,655.95,,,3317,2170030.00,226,F1,1,,,,,
2026-06-12,2026-06-12,CM,BSE,STK,543261,INE0FDU25010,BIRET,IF,,,,,Brookfield India Real Estate T,321.00,321.00,319.32,319.46,319.50,319.30,,319.36,,,7160,2289300.00,479,F1,1,,,,,
2026-06-12,2026-06-12,CM,BSE,STK,543262,INE0D7801012,MRP,M,,,,,MRP Agro Limited,89.88,90.00,89.88,90.00,90.00,90.00,,90.00,,,3000,269770.00,3,F1,1000,,,,,
2026-06-12,2026-06-12,CM,BSE,STK,543263,INE103C01036,SMCGLOBAL,B,,,,,SMC Global Securities Limited,73.00,73.55,71.43,71.99,72.06,71.15,,72.21,,,58282,4212104.00,321,F1,1,,,,,
2026-06-12,2026-06-12,CM,BSE,STK,543264,INE0DSF01015,NURECA,B,,,,,Nureca Limited,230.95,233.65,230.50,233.00,233.15,229.90,,232.20,,,490,113508.00,40,F1,1,,,,,
2026-06-12,2026-06-12,CM,BSE,STK,543265,INE0DD101019,RAILTEL,A,,,,,RailTel Corporation of India L,298.05,310.60,297.00,308.75,308.75,294.50,,308.75,,,119074,36035032.00,2500,F1,1,,,,,
2026-06-12,2026-06-12,CM,BSE,STK,543266,INE694N01015,HERANBA,B,,,,,Heranba Industries Limited,182.45,190.00,182.45,187.80,190.00,181.00,,188.87,,,1561,289835.00,74,F1,1,,,,,
2026-06-12,2026-06-12,CM,BSE,STK,543267,INE179G01029,DAVANGERE,B,,,,,Davangere Sugar Company Limite,3.63,3.72,3.58,3.62,3.62,3.61,,3.61,,,637444,2308704.00,343,F1,1,,,,,
2026-06-12,2026-06-12,CM,BSE,STK,543268,INE03RS01027,DRCSYSTEMS,B,,,,,DRC Systems India Limited,14.40,14.89,14.00,14.09,14.28,14.22,,14.14,,,8231,116255.00,75,F1,1,,,,,
2026-06-12,2026-06-12,CM,BSE,STK,543270,INE864I01014,MTARTECH,A,,,,,MTAR Technologies Limited,6687.35,7245.00,6625.10,7160.70,7160.70,6295.60,,7159.50,,,567080,3981086542.00,44139,F1,1,,,,,
2026-06-12,2026-06-12,CM,BSE,STK,543271,INE0BY001018,JUBLINGREA,A,,,,,Jubilant Ingrevia Limited,618.90,630.00,618.90,623.35,624.00,618.90,,623.40,,,8202,5119723.00,613,F1,1,,,,,
2026-06-12,2026-06-12,CM,BSE,STK,543272,INE07O001026,EASEMYTRIP,A,,,,,Easy Trip Planners Limited,8.33,8.56,8.22,8.35,8.35,8.33,,8.34,,,2221043,18613137.00,1919,F1,1,,,,,
2026-06-12,2026-06-12,CM,BSE,STK,543273,INE0CJD01029,KMEW,B,,,,,Knowledge Marine & Engineering,1860.05,1929.10,1831.00,1924.55,1925.00,1862.50,,1923.00,,,14635,27521143.00,544,F1,1,,,,,
2026-06-12,2026-06-12,CM,BSE,STK,543275,INE930P01018,ANURAS,A,,,,,Anupam Rasayan India Limited,1305.00,1305.05,1210.85,1247.80,1238.95,1256.60,,1250.30,,,11941,14800697.00,761,F1,1,,,,,
2026-06-12,2026-06-12,CM,BSE,STK,543276,INE00LO01017,CRAFTSMAN,A,,,,,Craftsman Automation Limited,8900.25,9006.10,8750.50,8887.35,8890.75,8803.35,,8904.00,,,23827,211090367.00,1276,F1,1,,,,,
2026-06-12,2026-06-12,CM,BSE,STK,543277,INE576O01020,LXCHEM,A,,,,,Laxmi Organic Industries Limit,148.00,154.25,148.00,153.75,153.50,148.00,,153.87,,,38791,5921746.00,522,F1,1,,,,,
2026-06-12,2026-06-12,CM,BSE,STK,543278,INE303R01014,KALYANKJIL,A,,,,,Kalyan Jewellers India Limited,337.75,345.75,335.05,344.65,344.65,330.90,,344.75,,,597757,203180219.00,9825,F1,1,,,,,
2026-06-12,2026-06-12,CM,BSE,STK,543279,INE428Q01011,SURYODAY,B,,,,,Suryoday Small Finance Bank Li,167.80,169.80,165.70,169.65,169.80,165.05,,169.65,,,21845,3663490.00,276,F1,1,,,,,
2026-06-12,2026-06-12,CM,BSE,STK,543280,INE418L01047,NAZARA,A,,,,,Nazara Technologies Limited,284.90,287.75,283.30,285.90,285.90,281.45,,285.85,,,37661,10749863.00,2200,F1,1,,,,,
2026-06-12,2026-06-12,CM,BSE,STK,543281,INE018401013,SUVIDHAA,B,,,,,Suvidhaa Infoserve Limited,2.56,2.74,2.56,2.66,2.69,2.69,,2.67,,,31914,85145.00,63,F1,1,,,,,
2026-06-12,2026-06-12,CM,BSE,STK,543282,INE0GX601011,NIKSTECH,TS,,,,,Niks Technology Limited,340.25,340.25,340.25,340.25,340.25,358.15,,340.25,,,300,102075.00,1,F1,300,,,,,
2026-06-12,2026-06-12,CM,BSE,STK,543283,INE382M01027,UFBL,B,,,,,UNITED FOODBRANDS LIMITED,568.30,600.60,558.80,594.50,594.50,555.00,,593.65,,,18643,10940050.00,714,F1,1,,,,,
2026-06-12,2026-06-12,CM,BSE,STK,543284,INE0CPR01018,EKI,B,,,,,EKI Energy Services Limited,87.00,87.00,83.56,85.68,86.35,83.20,,85.68,,,20792,1763435.00,430,F1,1,,,,,
2026-06-12,2026-06-12,CM,BSE,STK,543285,INE0CQ101015,RCAN,M,,,,,Rajeshwari Cans Limited,17.97,18.05,17.50,18.00,18.00,18.02,,18.00,,,6800,121928.00,8,F1,400,,,,,
2026-06-12,2026-06-12,CM,BSE,STK,543287,INE670K01029,LODHA,A,,,,,Lodha Developers Limited,888.80,901.00,876.00,899.95,899.95,867.75,,899.30,,,65685,58379718.00,2690,F1,1,,,,,
2026-06-12,2026-06-12,CM,BSE,STK,543288,INE0FHS01024,DEEPINDS,B,,,,,Deep Industries Limited,504.05,513.55,486.05,495.25,496.75,503.05,,495.40,,,12776,6302864.00,620,F1,1,,,,,
2026-06-12,2026-06-12,CM,BSE,STK,543290,INE0GGX23010,PGINVIT,IF,,,,,POWERGRID Infrastructure Inves,93.93,93.93,93.75,93.81,93.81,93.76,,93.77,,,68014,6381157.00,444,F1,1,,,,,
2026-06-12,2026-06-12,CM,BSE,STK,543291,INF769K01HF4,MAFANG,B,,,,,Mirae Asset Mutual Fund,185.96,185.96,185.96,185.96,185.96,191.72,,185.96,,,24676,4588748.00,60,F1,1,,,,,
2026-06-12,2026-06-12,CM,BSE,STK,543292,INF109KC1Q72,HEALTHIETF,B,,,,,ICICI Prudential Mutual Fund,159.72,160.33,159.00,159.55,159.82,158.55,,159.49,,,2916,464791.00,165,F1,1,,,,,
2026-06-12,2026-06-12,CM,BSE,STK,543298,INE505Y01010,VINEETLAB,T,,,,,Vineet Laboratories Limited,34.89,34.89,33.15,33.22,33.22,34.89,,33.96,,,5251,175317.00,37,F1,1,,,,,
2026-06-12,2026-06-12,CM,BSE,STK,543299,INE810G01011,SHYAMMETL,A,,,,,Shyam Metalics and Energy Limi,974.95,992.05,974.95,983.40,976.00,967.65,,983.75,,,13767,13560121.00,613,F1,1,,,,,
2026-06-12,2026-06-12,CM,BSE,STK,543300,INE073K01018,SONACOMS,A,,,,,Sona BLW Precision Forgings Li,591.00,597.35,584.25,593.25,591.60,585.25,,593.05,,,63834,37645478.00,3108,F1,1,,,,,
2026-06-12,2026-06-12,CM,BSE,STK,543306,INE021O01019,DODLA,A,,,,,Dodla Dairy Limited,1078.95,1092.80,1075.00,1085.30,1083.50,1064.35,,1084.80,,,459,496851.00,73,F1,1,,,,,
2026-06-12,2026-06-12,CM,BSE,STK,543308,INE967H01025,KIMS,A,,,,,Krishna Institute of Medical S,780.35,790.65,773.80,787.10,787.10,765.05,,785.35,,,44798,35153872.00,895,F1,1,,,,,
2026-06-12,2026-06-12,CM,BSE,STK,543310,INE0B6101012,TIMESGREEN,M,,,,,Times Green Energy (India) Lim,50.00,51.50,49.99,51.10,51.10,50.00,,51.10,,,112000,5742480.00,10,F1,4000,,,,,
2026-06-12,2026-06-12,CM,BSE,STK,543311,INE0D6701023,IPL,B,,,,,India Pesticides Limited,160.15,161.25,157.85,161.05,161.00,157.00,,160.90,,,7234,1153260.00,157,F1,1,,,,,
2026-06-12,2026-06-12,CM,BSE,STK,543312,INE0DXR01010,FOCUS,M,,,,,Focus Business Solution Limite,152.00,170.00,152.00,170.00,170.00,175.00,,170.00,,,4266,686826.00,2,F1,2133,,,,,
2026-06-12,2026-06-12,CM,BSE,STK,543317,INE201P01022,GRINFRA,A,,,,,G R Infraprojects Limited,842.55,863.00,832.55,855.55,863.00,841.15,,857.70,,,1754,1480342.00,213,F1,1,,,,,
2026-06-12,2026-06-12,CM,BSE,STK,543318,INE227W01023,CLEAN,A,,,,,Clean Science and Technology L,743.85,773.80,743.85,771.20,771.20,741.10,,769.80,,,11933,9116442.00,1132,F1,1,,,,,
2026-06-12,2026-06-12,CM,BSE,STK,543320,INE758T01015,ETERNAL,A,,,,,Eternal Limited,239.70,244.35,237.70,243.80,243.80,235.25,,243.80,,,1904645,459128409.00,12999,F1,1,,,,,
2026-06-12,2026-06-12,CM,BSE,STK,543321,INE0GK401011,TATVA,B,,,,,Tatva Chintan Pharma Chem Limi,1164.65,1214.00,1164.30,1204.25,1213.50,1153.55,,1208.20,,,3377,4035630.00,361,F1,1,,,,,
2026-06-12,2026-06-12,CM,BSE,STK,543322,INE03Q201024,ALIVUS,A,,,,,ALIVUS LIFE SCIENCES LIMITED,1025.00,1079.15,1024.95,1046.95,1051.55,1021.95,,1045.80,,,20799,21944343.00,1376,F1,1,,,,,
2026-06-12,2026-06-12,CM,BSE,STK,543323,INF769K01HI8,BFSI,B,,,,,Mirae Asset Mutual Fund,26.45,27.20,26.28,26.88,26.88,26.02,,27.00,,,52160,1394942.00,86,F1,1,,,,,
2026-06-12,2026-06-12,CM,BSE,STK,543324,INE199P01028,GCSL,B,,,,,Gretex Corporate Services Limi,429.90,436.35,428.20,433.20,433.10,427.55,,431.70,,,2357,1021140.00,112,F1,1,,,,,
2026-06-12,2026-06-12,CM,BSE,STK,543325,INE645S01024,ROLEXRINGS,B,,,,,Rolex Rings Limited,137.45,140.20,137.10,139.30,139.30,136.90,,139.42,,,42102,5844103.00,559,F1,1,,,,,
2026-06-12,2026-06-12,CM,BSE,STK,543326,INF109KC19V3,FMCGIETF,B,,,,,ICICI Prudential Mutual Fund,52.39,52.48,52.10,52.34,52.45,52.02,,52.35,,,69155,3609677.00,353,F1,1,,,,,
2026-06-12,2026-06-12,CM,BSE,STK,543327,INE0GFE01026,EXXARO,B,,,,,Exxaro Tiles Limited,6.63,7.71,6.63,7.69,7.69,6.43,,7.67,,,1022865,7842081.00,928,F1,1,,,,,
2026-06-12,2026-06-12,CM,BSE,STK,543328,INE08LI01020,KRSNAA,B,,,,,Krsnaa Diagnostics Limited,539.85,540.00,533.00,535.40,535.40,531.90,,534.30,,,2678,1435122.00,133,F1,1,,,,,
2026-06-12,2026-06-12,CM,BSE,STK,543329,INE0H5O01029,WINDLAS,B,,,,,Windlas Biotech Limited,821.30,828.10,808.00,821.10,823.80,811.50,,823.90,,,5030,4117459.00,399,F1,1,,,,,
2026-06-12,2026-06-12,CM,BSE,STK,543330,INE872J01023,DEVYANI,A,,,,,Devyani International Limited,107.05,110.10,107.05,109.55,110.10,106.35,,109.43,,,78630,8572974.00,928,F1,1,,,,,
2026-06-12,2026-06-12,CM,BSE,STK,543331,INE0CT101020,MOL,B,,,,,Meghmani Organics Limited,46.26,48.10,46.26,47.91,48.02,46.16,,47.87,,,39680,1877198.00,377,F1,1,,,,,
2026-06-12,2026-06-12,CM,BSE,STK,543332,INE071N01016,EPIGRAL,A,,,,,Epigral Limited,1075.00,1117.40,1075.00,1114.90,1115.00,1063.65,,1115.20,,,2986,3295651.00,290,F1,1,,,,,
2026-06-12,2026-06-12,CM,BSE,STK,543333,INE290S01011,CARTRADE,A,,,,,CarTrade Tech Limited,2402.90,2419.55,2311.10,2349.05,2340.00,2385.55,,2345.50,,,214069,505432605.00,5631,F1,1,,,,,
2026-06-12,2026-06-12,CM,BSE,STK,543334,INE118D01016,NUVOCO,A,,,,,Nuvoco Vistas Corporation Limi,307.55,317.40,305.00,311.15,310.25,301.35,,310.60,,,33877,10541005.00,973,F1,1,,,,,
2026-06-12,2026-06-12,CM,BSE,STK,543335,INE852O01025,APTUS,A,,,,,Aptus Value Housing Finance In,259.00,274.55,259.00,272.15,272.15,258.60,,271.75,,,296746,79236802.00,6571,F1,1,,,,,
2026-06-12,2026-06-12,CM,BSE,STK,543336,INE488A01050,CHEMPLASTS,B,,,,,Chemplast Sanmar Limited,196.55,210.20,196.55,202.95,202.60,197.25,,202.94,,,41029,8378921.00,703,F1,1,,,,,
2026-06-12,2026-06-12,CM,BSE,STK,543341,INE647W01014,SHARPLINE,X,,,,,SHARPLINE BROADCAST LIMITED,10.68,11.99,9.66,10.35,10.35,10.65,,10.35,,,23960,255628.00,88,F1,1,,,,,
2026-06-12,2026-06-12,CM,BSE,STK,543347,INF846K01Y96,AXISTECETF,B,,,,,Axis Mutual Fund,306.42,307.54,305.00,307.54,307.54,308.34,,306.23,,,61,18629.00,8,F1,1,,,,,
2026-06-12,2026-06-12,CM,BSE,STK,543348,INF846K01Z12,AXISHCETF,B,,,,,Axis Mutual Fund,157.79,158.57,157.79,158.57,158.57,157.01,,158.37,,,100,15856.00,2,F1,1,,,,,
2026-06-12,2026-06-12,CM,BSE,STK,543349,INE00FF01025,ACUTAAS,A,,,,,ACUTAAS CHEMICALS LIMITED,3180.20,3191.00,3074.75,3146.45,3146.45,3129.00,,3145.40,,,27278,85360083.00,2852,F1,1,,,,,
2026-06-12,2026-06-12,CM,BSE,STK,543350,INE043W01024,VIJAYA,A,,,,,Vijaya Diagnostic Centre Limit,1304.30,1304.30,1252.00,1286.90,1288.20,1278.75,,1287.20,,,5210,6623318.00,928,F1,1,,,,,
2026-06-12,2026-06-12,CM,BSE,STK,543351,INE0GOA01018,NBL,MS,,,,,Naapbooks Limited,70.09,73.94,70.09,73.00,73.00,70.01,,73.00,,,4800,344544.00,3,F1,1200,,,,,
2026-06-12,2026-06-12,CM,BSE,STK,543357,INF846K016C7,AXISCETF,B,,,,,Axis Mutual Fund,115.50,115.50,115.50,115.50,115.50,115.84,,115.77,,,1,115.00,1,F1,1,,,,,
2026-06-12,2026-06-12,CM,BSE,STK,543358,INE953O01021,SANSERA,A,,,,,Sansera Engineering Limited,2900.05,2950.40,2877.95,2913.75,2913.75,2858.25,,2914.20,,,7064,20560433.00,865,F1,1,,,,,
2026-06-12,2026-06-12,CM,BSE,STK,543363,INE0GAO01018,PREVEST,M,,,,,Prevest Denpro Limited,362.25,383.95,361.00,383.50,383.50,368.00,,383.50,,,13400,4993590.00,42,F1,200,,,,,
2026-06-12,2026-06-12,CM,BSE,STK,543364,INE0FW001016,MARKOLINES,B,,,,,Markolines Pavement Technologi,164.60,169.95,164.60,166.20,167.05,164.95,,166.24,,,42819,7162013.00,668,F1,1,,,,,
2026-06-12,2026-06-12,CM,BSE,STK,543365,INF769K01HP3,MASPTOP50,B,,,,,Mirae Asset Mutual Fund,77.61,77.61,77.61,77.61,77.61,79.36,,77.61,,,5087,394802.00,32,F1,1,,,,,
2026-06-12,2026-06-12,CM,BSE,STK,543367,INE045601023,PARAS,A,,,,,Paras Defence and Space Techno,1008.80,1104.45,1008.80,1097.05,1097.05,989.20,,1097.15,,,425249,451163543.00,12989,F1,1,,,,,
2026-06-12,2026-06-12,CM,BSE,STK,543373,INE0HLJ01013,SVRL,MT,,,,,Shri Venkatesh Refineries Limi,255.00,256.00,255.00,256.00,255.95,254.95,,256.00,,,3500,893475.00,5,F1,500,,,,,
2026-06-12,2026-06-12,CM,BSE,STK,543374,INE404A01024,ABSLAMC,A,,,,,Aditya Birla Sun Life AMC Limi,1069.70,1118.80,1069.70,1100.25,1099.00,1067.90,,1101.20,,,48766,53802673.00,2591,F1,1,,,,,
2026-06-12,2026-06-12,CM,BSE,STK,543376,INE0GD201014,SAMOR,B,,,,,Samor Reality Limited,96.00,96.00,92.00,95.00,95.00,91.80,,95.00,,,5004,460383.00,7,F1,1,,,,,
2026-06-12,2026-06-12,CM,BSE,STK,543377,INE0CWK01019,ADISHAKTI,M,,,,,Adishakti Loha and Ispat Limit,13.30,13.50,12.99,13.33,13.50,12.50,,13.33,,,250000,3325900.00,16,F1,10000,,,,,
2026-06-12,2026-06-12,CM,BSE,STK,543378,INE0H8H01019,CWD,MS,,,,,CWD Limited,305.00,305.00,298.00,298.60,299.15,295.00,,298.60,,,9000,2701025.00,13,F1,500,,,,,
2026-06-12,2026-06-12,CM,BSE,STK,543383,INF109KC1V42,CONSUMIETF,B,,,,,ICICI Prudential Mutual Fund,115.69,115.69,114.80,115.38,115.38,114.91,,115.78,,,56,6449.00,10,F1,1,,,,,
2026-06-12,2026-06-12,CM,BSE,STK,543384,INE388Y01029,NYKAA,A,,,,,FSN E-Commerce Ventures Limite,264.00,275.50,262.80,273.25,273.25,260.35,,273.50,,,335446,90466322.00,5521,F1,1,,,,,
2026-06-12,2026-06-12,CM,BSE,STK,543386,INE02NC01014,FINOPB,B,,,,,Fino Payments Bank Limited,134.05,137.45,133.95,136.00,135.95,131.25,,136.19,,,19862,2695450.00,395,F1,1,,,,,
2026-06-12,2026-06-12,CM,BSE,STK,543387,INE284S01014,SJS,A,,,,,S.J.S. Enterprises Limited,2111.05,2149.05,2066.70,2112.95,2116.20,2082.20,,2115.10,,,8238,17359467.00,675,F1,1,,,,,
2026-06-12,2026-06-12,CM,BSE,STK,543388,INF740KA1QK2,EQUAL50ADD,B,,,,,DSP Mutual Fund,329.69,333.72,328.95,333.66,333.68,329.04,,333.56,,,1892,629281.00,16,F1,1,,,,,
2026-06-12,2026-06-12,CM,BSE,STK,543389,INE0D0K01022,SIGACHI,T,,,,,Sigachi Industries Limited,20.91,21.00,20.50,20.78,20.94,20.50,,20.66,,,41596,863281.00,113,F1,1,,,,,
2026-06-12,2026-06-12,CM,BSE,STK,543390,INE417T01026,POLICYBZR,A,,,,,PB Fintech Limited,1530.95,1551.60,1495.00,1547.15,1544.15,1504.00,,1547.80,,,406816,612881256.00,2420,F1,1,,,,,
2026-06-12,2026-06-12,CM,BSE,STK,543396,INE982J01020,PAYTM,A,,,,,One 97 Communications Limited,1031.75,1077.00,1031.75,1073.55,1067.35,1022.80,,1073.90,,,86381,90856237.00,3812,F1,1,,,,,
2026-06-12,2026-06-12,CM,BSE,STK,543397,INE806T01020,SAPPHIRE,A,,,,,Sapphire Foods India Limited,165.15,171.00,165.15,169.15,168.05,166.95,,169.24,,,62731,10572237.00,2026,F1,1,,,,,
2026-06-12,2026-06-12,CM,BSE,STK,543398,INE0I7C01011,LATENTVIEW,A,,,,,Latent View Analytics Limited,289.00,303.50,287.50,301.15,300.60,285.30,,301.25,,,31556,9291408.00,799,F1,1,,,,,
2026-06-12,2026-06-12,CM,BSE,STK,543399,INE144Z01023,TARSONS,B,,,,,Tarsons Products Limited,205.55,208.35,202.15,205.30,204.65,201.95,,205.35,,,1246,255990.00,82,F1,1,,,,,
2026-06-12,2026-06-12,CM,BSE,STK,543401,INE0BJS01011,GOCOLORS,B,,,,,Go Fashion (India) Limited,350.20,363.00,347.00,358.30,358.15,343.70,,358.65,,,69529,24743300.00,2060,F1,1,,,,,
2026-06-12,2026-06-12,CM,BSE,STK,543410,INE07L501010,DMR,M,,,,,DMR ENGINEERING LIMITED,31.21,32.00,31.21,32.00,32.00,34.00,,32.00,,,9750,310459.00,3,F1,1950,,,,,
2026-06-12,2026-06-12,CM,BSE,STK,543411,INE106T01025,HITECH,B,,,,,HI-TECH PIPES LIMITED,86.70,89.90,86.70,89.31,89.16,85.00,,89.61,,,92668,8191859.00,691,F1,1,,,,,
2026-06-12,2026-06-12,CM,BSE,STK,543412,INE575P01011,STARHEALTH,A,,,,,Star Health and Allied Insuran,520.85,528.00,517.90,519.35,519.35,520.00,,519.60,,,20429,10629860.00,713,F1,1,,,,,
2026-06-12,2026-06-12,CM,BSE,STK,543413,INE011K01018,TEGA,A,,,,,Tega Industries Limited,1739.90,1764.65,1704.00,1760.25,1760.45,1683.95,,1756.60,,,1972,3419458.00,203,F1,1,,,,,
2026-06-12,2026-06-12,CM,BSE,STK,543414,INF769K01HS7,MAHKTECH,B,,,,,Mirae Asset Mutual Fund,23.11,23.11,23.11,23.11,23.11,23.34,,23.11,,,2114,48854.00,18,F1,1,,,,,
2026-06-12,2026-06-12,CM,BSE,STK,543415,INE463V01026,ANANDRATHI,A,,,,,Anand Rathi Wealth Limited,1766.40,1769.70,1741.00,1764.35,1764.35,1742.80,,1765.30,,,10374,18180823.00,1283,F1,1,,,,,
2026-06-12,2026-06-12,CM,BSE,STK,543416,INE761Y01019,ZODIAC,T,,,,,Zodiac Energy Limited,269.70,277.85,269.70,277.30,277.25,265.95,,276.40,,,893,246077.00,25,F1,1,,,,,
2026-06-12,2026-06-12,CM,BSE,STK,543417,INE0CLI01024,RATEGAIN,A,,,,,RateGain Travel Technologies L,789.35,796.55,775.30,783.65,780.65,773.00,,783.05,,,10373,8159075.00,517,F1,1,,,,,
2026-06-12,2026-06-12,CM,BSE,STK,543418,INF754K01OB1,BBETF0432,F,,,,,Edelweiss Mutual Fund,1330.39,1330.39,1327.24,1327.30,1327.30,1331.99,,1330.03,,,288,382267.00,11,F1,1,,,,,
2026-06-12,2026-06-12,CM,BSE,STK,543419,INE217L01019,SHRIRAMPPS,B,,,,,Shriram Properties Limited,83.00,86.49,82.93,85.92,85.60,81.92,,85.97,,,47970,4034833.00,308,F1,1,,,,,
2026-06-12,2026-06-12,CM,BSE,STK,543420,INE982V01025,JETFREIGHT,B,,,,,Jet Freight Logistics Limited,22.99,22.99,21.61,21.69,21.99,21.72,,21.98,,,26359,580897.00,68,F1,1,,,,,
2026-06-12,2026-06-12,CM,BSE,STK,543425,INE0BV301023,MAPMYINDIA,A,,,,,C.E. Info Systems Limited,858.45,861.95,836.60,844.00,844.20,842.30,,842.30,,,12544,10597064.00,1454,F1,1,,,,,
2026-06-12,2026-06-12,CM,BSE,STK,543426,INE317I01021,METROBRAND,A,,,,,Metro Brands Limited,979.00,1004.45,979.00,1000.05,1001.00,978.75,,1000.50,,,16740,16597644.00,291,F1,1,,,,,
2026-06-12,2026-06-12,CM,BSE,STK,543427,INE804L01022,MEDPLUS,A,,,,,Medplus Health Services Limite,880.80,887.60,862.85,882.05,882.85,876.10,,881.95,,,3708,3237846.00,313,F1,1,,,,,
2026-06-12,2026-06-12,CM,BSE,STK,543428,INE0IX101010,DATAPATTNS,A,,,,,Data Patterns (India) Limited,4289.95,4568.00,4252.55,4545.30,4545.30,4206.75,,4545.70,,,188513,839913591.00,16023,F1,1,,,,,
2026-06-12,2026-06-12,CM,BSE,STK,543433,INE0GSL01024,HPAL,B,,,,,HP Adhesives Limited,34.20,35.85,34.20,35.63,35.78,35.06,,35.85,,,5677,200620.00,155,F1,1,,,,,
2026-06-12,2026-06-12,CM,BSE,STK,543434,INE07RO01027,SUPRIYA,A,,,,,Supriya Lifescience Limited,959.00,995.00,958.15,978.65,973.50,936.15,,977.25,,,26878,26369461.00,1112,F1,1,,,,,
2026-06-12,2026-06-12,CM,BSE,STK,543435,INE0JJS01014,CLARA,M,,,,,CLARA INDUSTRIES LIMITED,35.00,35.00,35.00,35.00,35.00,34.80,,35.00,,,4150,145250.00,1,F1,4150,,,,,
2026-06-12,2026-06-12,CM,BSE,STK,543437,INF247L01AU3,MONQ50,B,,,,,Motilal Oswal Mutual Fund,137.28,137.28,137.28,137.28,137.28,140.60,,137.28,,,1185,162676.00,21,F1,1,,,,,
2026-06-12,2026-06-12,CM,BSE,STK,543438,INF740KA1QL0,MIDQ50ADD,B,,,,,DSP Mutual Fund,240.52,243.17,240.52,242.58,242.58,239.35,,242.86,,,140,33938.00,4,F1,1,,,,,
2026-06-12,2026-06-12,CM,BSE,STK,543440,INF740KA1CL0,NIFTYADD,B,,,,,DSP Mutual Fund,245.42,247.56,245.20,247.56,247.56,242.31,,247.75,,,80,19667.00,10,F1,1,,,,,
2026-06-12,2026-06-12,CM,BSE,STK,543441,INE925R01014,CMSINFO,A,,,,,CMS Info Systems Limited,291.00,298.50,291.00,296.90,297.85,288.85,,296.75,,,11758,3473884.00,648,F1,1,,,,,
2026-06-12,2026-06-12,CM,BSE,STK,543442,INE977Y01011,BCONCEPTS,B,,,,,Brand Concepts Limited,188.90,188.90,176.60,177.45,179.70,182.30,,178.35,,,3474,619714.00,108,F1,1,,,,,
2026-06-12,2026-06-12,CM,BSE,STK,543443,INE0E4I01027,ASCENSIVE,MS,,,,,Ascensive Educare Limited,20.25,20.25,20.25,20.25,20.25,19.17,,20.25,,,20000,405000.00,2,F1,10000,,,,,
2026-06-12,2026-06-12,CM,BSE,STK,543449,INE02WG01024,WEL,B,,,,,WONDER ELECTRICALS LIMITED,92.07,94.78,92.07,92.67,93.37,92.07,,92.66,,,5916,552981.00,68,F1,1,,,,,
2026-06-12,2026-06-12,CM,BSE,STK,543450,INF109KC10V2,AUTOIETF,B,,,,,ICICI Prudential Mutual Fund,26.98,27.23,26.64,27.12,27.15,26.56,,27.10,,,33836,911381.00,342,F1,1,,,,,
2026-06-12,2026-06-12,CM,BSE,STK,543452,INF109KC1Y56,SILVERIETF,E,,,,,ICICI Prudential Mutual Fund,237.83,240.22,236.32,239.89,239.51,231.07,,239.79,,,227757,54312419.00,2445,F1,1,,,,,
2026-06-12,2026-06-12,CM,BSE,STK,543453,INE0KA601012,ALKOSIGN,M,,,,,ALKOSIGN LIMITED,57.00,57.00,57.00,57.00,57.00,58.00,,57.00,,,1125,64125.00,1,F1,1125,,,,,
2026-06-12,2026-06-12,CM,BSE,STK,543454,INF769K01IB1,MAKEINDIA,B,,,,,Mirae Asset Mutual Fund,158.27,158.67,157.52,158.27,158.27,156.48,,159.12,,,1593,251543.00,25,F1,1,,,,,
2026-06-12,2026-06-12,CM,BSE,STK,543458,INE699H01024,AWL,A,,,,,AWL AGRI BUSINESS LIMITED,187.05,191.70,186.65,190.60,190.60,185.40,,190.82,,,73773,13944687.00,918,F1,1,,,,,
2026-06-12,2026-06-12,CM,BSE,STK,543462,INE060X01034,DEVIT,B,,,,,DEV INFORMATION TECHNOLOGY LIM,27.75,28.69,26.93,27.24,27.24,28.13,,27.26,,,7834,216456.00,140,F1,1,,,,,
2026-06-12,2026-06-12,CM,BSE,STK,543463,INE825V01034,MANYAVAR,A,,,,,Vedant Fashions Limited,401.05,408.50,400.00,407.10,408.50,395.45,,407.40,,,6181,2495184.00,296,F1,1,,,,,
2026-06-12,2026-06-12,CM,BSE,STK,543464,INE0JSJ01014,SPITZE,MT,,,,,Maruti Interior Products Limit,70.90,71.68,67.80,70.60,70.60,68.29,,70.60,,,13000,902340.00,12,F1,1000,,,,,
2026-06-12,2026-06-12,CM,BSE,STK,543465,INF247L01BK2,MOMOMENTUM,B,,,,,Motilal Oswal Mutual Fund,58.25,61.75,58.25,61.54,61.46,59.75,,61.53,,,2126,129088.00,34,F1,1,,,,,
2026-06-12,2026-06-12,CM,BSE,STK,543471,INF209KB19F6,SILVER,E,,,,,Aditya Birla Sun Life Mutual F,238.23,239.95,236.07,239.16,239.50,230.96,,239.41,,,85220,20331163.00,1297,F1,1,,,,,
2026-06-12,2026-06-12,CM,BSE,STK,543472,INF209KB11D8,TECH,B,,,,,Aditya Birla Sun Life Mutual F,30.54,30.62,30.19,30.58,30.44,32.94,,30.44,,,7347,224094.00,66,F1,1,,,,,
2026-06-12,2026-06-12,CM,BSE,STK,543473,INF209KB10C2,HEALTHY,B,,,,,Aditya Birla Sun Life Mutual F,16.36,16.36,15.97,16.01,16.02,15.97,,16.00,,,2979,47741.00,73,F1,1,,,,,
2026-06-12,2026-06-12,CM,BSE,STK,543474,INF209KB19D1,BSLNIFTY,B,,,,,Aditya Birla Sun Life Mutual F,27.29,27.56,27.17,27.50,27.51,27.05,,27.51,,,51583,1411588.00,331,F1,1,,,,,
2026-06-12,2026-06-12,CM,BSE,STK,543480,INF109KC14A8,GSEC5IETF,F,,,,,ICICI Prudential Mutual Fund,65.65,65.65,65.65,65.65,65.65,65.79,,65.71,,,10,656.00,1,F1,1,,,,,
2026-06-12,2026-06-12,CM,BSE,STK,543481,INF769K01IC9,MIDCAPETF,B,,,,,Mirae Asset Mutual Fund,22.39,22.78,22.39,22.75,22.77,22.22,,22.75,,,416628,9419747.00,2275,F1,1,,,,,
2026-06-12,2026-06-12,CM,BSE,STK,543482,INE0KCE01017,EUREKAFORB,A,,,,,Eureka Forbes Limited,439.90,443.95,433.35,438.90,439.85,436.90,,438.30,,,5395,2367150.00,323,F1,1,,,,,
2026-06-12,2026-06-12,CM,BSE,STK,543489,INE079J01017,GATEWAY,B,,,,,Gateway Distriparks Limited,57.06,58.96,57.06,58.21,58.07,56.86,,58.09,,,39824,2320784.00,679,F1,1,,,,,
2026-06-12,2026-06-12,CM,BSE,STK,543490,INE0CU601026,GMRP&UI,A,,,,,GMR Power and Urban Infra Limi,102.65,105.95,102.05,105.35,105.35,101.85,,105.56,,,64169,6644594.00,637,F1,1,,,,,
2026-06-12,2026-06-12,CM,BSE,STK,543497,INE0KQ001017,BCCL,M,,,,,Bhatia Colour Chem Limited,47.98,47.98,44.00,46.50,46.50,43.99,,46.50,,,11200,517748.00,24,F1,400,,,,,
2026-06-12,2026-06-12,CM,BSE,STK,543498,INE0FS801015,MSUMI,A,,,,,Motherson Sumi Wiring India Li,36.59,37.53,36.45,36.86,36.86,36.40,,36.84,,,3692204,135653856.00,6436,F1,1,,,,,
2026-06-12,2026-06-12,CM,BSE,STK,543499,INE0K1401020,ACHYUT,B,,,,,Achyut Healthcare Limited,6.69,6.75,6.03,6.50,6.50,6.61,,6.50,,,193607,1248287.00,330,F1,1,,,,,
2026-06-12,2026-06-12,CM,BSE,STK,543500,INE0JVD01011,EVOQ,M,,,,,Evoq Remedies Limited,2.73,2.83,2.60,2.76,2.72,2.73,,2.76,,,60000,165160.00,13,F1,4000,,,,,
2026-06-12,2026-06-12,CM,BSE,STK,543501,INF247L01BL0,MOLOWVOL,B,,,,,Motilal Oswal Mutual Fund,35.90,36.11,35.90,36.11,36.11,35.56,,36.01,,,11,397.00,2,F1,1,,,,,
2026-06-12,2026-06-12,CM,BSE,STK,543512,INE652Z01025,AVROIND,B,,,,,Avro India Limited,11.70,11.70,10.54,11.11,11.11,10.55,,11.06,,,141038,1556099.00,380,F1,1,,,,,
2026-06-12,2026-06-12,CM,BSE,STK,543513,INE0GIU01018,UMAEXPORTS,T,,,,,Uma Exports Limited,22.25,23.10,22.00,23.09,23.09,22.00,,23.08,,,2439,54956.00,26,F1,1,,,,,
2026-06-12,2026-06-12,CM,BSE,STK,543514,INE0IQ001011,VERANDA,B,,,,,Veranda Learning Solutions Lim,212.60,239.20,212.60,226.85,227.55,217.60,,226.92,,,19724,4539639.00,466,F1,1,,,,,
2026-06-12,2026-06-12,CM,BSE,STK,543515,INE0KPY01017,SEML,M,,,,,Sunrise Efficient Marketing Li,50.77,50.77,46.25,50.76,50.76,46.16,,50.76,,,37500,1868868.00,70,F1,375,,,,,
2026-06-12,2026-06-12,CM,BSE,STK,543516,INE0K5F01014,DHYAANITR,M,,,,,DHYAANI TRADEVENTTURES LIMITED,4.54,4.55,4.46,4.55,4.55,4.34,,4.55,,,462000,2095296.00,79,F1,2800,,,,,
2026-06-12,2026-06-12,CM,BSE,STK,543517,INE00EV01017,HARIOMPIPE,B,,,,,Hariom Pipe Industries Limited,389.85,411.55,389.85,408.55,410.00,379.70,,408.20,,,38306,15484306.00,916,F1,1,,,,,
2026-06-12,2026-06-12,CM,BSE,STK,543518,INE0KSN01014,EIGHTY,MT,,,,,Eighty Jewellers Limited,40.00,40.00,39.99,39.99,39.99,42.00,,39.99,,,6000,239970.00,2,F1,3000,,,,,
2026-06-12,2026-06-12,CM,BSE,STK,543520,INE0J2K01014,GLHRL,MT,,,,,Global Longlife Hospital and R,11.35,11.35,10.83,10.83,10.83,11.39,,10.83,,,23000,249690.00,19,F1,1000,,,,,
2026-06-12,2026-06-12,CM,BSE,STK,543521,INE0L3H01014,FONE4,M,,,,,Fone4 Communications (India) L,4.00,4.14,4.00,4.07,4.14,3.79,,4.07,,,20000,81400.00,2,F1,10000,,,,,
2026-06-12,2026-06-12,CM,BSE,STK,543522,INE0E5R01017,NVENTURES,M,,,,,Nanavati Ventures Limited,104.30,109.00,104.30,109.00,109.00,104.20,,109.00,,,30000,3147375.00,6,F1,750,,,,,
2026-06-12,2026-06-12,CM,BSE,STK,543523,INE278Y01022,CAMPUS,A,,,,,Campus Activewear Limited,233.00,240.15,230.95,238.30,238.60,231.85,,238.40,,,12364,2905695.00,519,F1,1,,,,,
2026-06-12,2026-06-12,CM,BSE,STK,543524,INE961O01016,RAINBOW,A,,,,,Rainbow Children's Medicare Li,1340.10,1367.10,1340.10,1363.65,1364.00,1340.05,,1364.90,,,6752,9147882.00,551,F1,1,,,,,
2026-06-12,2026-06-12,CM,BSE,STK,543525,INE625X01026,SILVERTUC,B,,,,,Silver Touch Technologies Limi,190.00,199.00,189.80,198.95,198.95,189.55,,198.85,,,186989,36932014.00,1471,F1,1,,,,,
2026-06-12,2026-06-12,CM,BSE,STK,543526,INE0J1Y01017,LICI,A,,,,,LIFE INSURANCE CORPORATION OF,397.45,400.00,393.15,399.25,399.95,393.00,,399.35,,,68694,27245853.00,2285,F1,1,,,,,
2026-06-12,2026-06-12,CM,BSE,STK,543527,INE00F201020,PRUDENT,A,,,,,Prudent Corporate Advisory Ser,2888.80,2913.30,2819.40,2904.70,2905.10,2809.25,,2908.90,,,2140,6125857.00,249,F1,1,,,,,
2026-06-12,2026-06-12,CM,BSE,STK,543528,INE0JA001018,VENUSPIPES,B,,,,,Venus Pipes & Tubes Limited,1386.25,1417.95,1369.25,1411.10,1414.50,1344.55,,1414.20,,,1055,1467855.00,134,F1,1,,,,,
2026-06-12,2026-06-12,CM,BSE,STK,543529,INE148O01028,DELHIVERY,A,,,,,Delhivery Limited,434.40,442.70,434.35,440.05,437.50,432.05,,440.50,,,66703,29269288.00,873,F1,1,,,,,
2026-06-12,2026-06-12,CM,BSE,STK,543530,INE088F01024,PARADEEP,A,,,,,Paradeep Phosphates Limited,122.85,127.00,122.80,126.25,126.25,121.55,,126.25,,,370240,46386799.00,2227,F1,1,,,,,
2026-06-12,2026-06-12,CM,BSE,STK,543531,INE05CY01014,TIERRA,X,,,,,Tierra Agrotech Limited,40.99,41.12,39.10,40.37,40.66,40.72,,40.37,,,809,31990.00,27,F1,1,,,,,
2026-06-12,2026-06-12,CM,BSE,STK,543532,INE04TZ01018,ETHOSLTD,A,,,,,ETHOS LIMITED,2380.60,2398.30,2360.55,2376.90,2380.50,2358.15,,2390.90,,,237,563660.00,59,F1,1,,,,,
2026-06-12,2026-06-12,CM,BSE,STK,543533,INE01QM01018,EMUDHRA,B,,,,,eMudhra Limited,473.10,477.95,465.35,468.45,467.10,469.20,,468.40,,,5388,2527699.00,407,F1,1,,,,,
2026-06-12,2026-06-12,CM,BSE,STK,543534,INE0BWX01014,AETHER,A,,,,,Aether Industries Limited,1131.95,1160.00,1131.95,1143.85,1144.90,1127.75,,1142.90,,,4704,5409051.00,288,F1,1,,,,,
2026-06-12,2026-06-12,CM,BSE,STK,543535,INE082W01014,WEWIN,T,,,,,We Win Limited,50.02,52.88,50.02,50.41,50.33,52.50,,50.02,,,4360,221067.00,25,F1,1,,,,,
2026-06-12,2026-06-12,CM,BSE,STK,543538,INE0K6L01010,GOEL,MT,,,,,Goel Food Products Limited,12.76,12.76,12.14,12.50,12.50,12.76,,12.50,,,14000,173900.00,7,F1,2000,,,,,
2026-06-12,2026-06-12,CM,BSE,STK,543539,INE0L0L01012,MODIS,B,,,,,MODI'S NAVNIRMAN LIMITED,347.00,347.00,345.00,345.00,345.00,340.30,,347.95,,,160,55394.00,26,F1,1,,,,,
2026-06-12,2026-06-12,CM,BSE,STK,543540,INE0GTX01019,PGCRL,M,,,,,Pearl Green Clubs and Resorts,131.95,131.95,114.10,128.00,129.00,134.00,,128.00,,,4800,607200.00,5,F1,600,,,,,
2026-06-12,2026-06-12,CM,BSE,STK,543542,INE0L1C01019,KESAR,M,,,,,KESAR INDIA LIMITED,1235.50,1237.40,1175.00,1223.10,1223.50,1244.40,,1223.10,,,10600,12973935.00,19,F1,100,,,,,
2026-06-12,2026-06-12,CM,BSE,STK,543543,INE0IZQ01016,BRRL,M,,,,,B-RIGHT REALESTATE LIMITED,943.00,943.00,839.05,897.00,917.00,888.00,,897.00,,,1000,906210.00,4,F1,200,,,,,
2026-06-12,2026-06-12,CM,BSE,STK,543544,INE0KR801019,JAYANT,M,,,,,JAYANT INFRATECH LIMITED,65.30,82.00,64.00,79.84,81.00,69.09,,79.84,,,186750,14226285.00,172,F1,750,,,,,
2026-06-12,2026-06-12,CM,BSE,STK,543546,INE0L3501015,HEALTHYLIFE,M,,,,,HEALTHY LIFE AGRITEC LIMITED,7.01,7.05,6.78,6.83,6.83,7.12,,6.83,,,62000,424260.00,20,F1,2000,,,,,
2026-06-12,2026-06-12,CM,BSE,STK,543547,INE0HR601026,DDEVPLSTIK,B,,,,,DDEV PLASTIKS INDUSTRIES LIMIT,250.80,258.00,250.80,256.30,257.60,247.65,,255.41,,,10022,2565901.00,315,F1,1,,,,,
2026-06-12,2026-06-12,CM,BSE,STK,543563,INF247L01BB1,MOHEALTH,B,,,,,Motilal Oswal Mutual Fund,48.40,48.40,47.53,47.96,47.97,47.86,,47.89,,,8730,417519.00,176,F1,1,,,,,
2026-06-12,2026-06-12,CM,BSE,STK,543568,INF109KC17C7,MOM30IETF,B,,,,,ICICI Prudential Mutual Fund,30.56,31.03,30.34,31.02,31.01,30.01,,30.97,,,26016,803033.00,250,F1,1,,,,,
2026-06-12,2026-06-12,CM,BSE,STK,543569,INF179KC1HR4,HDFCNIF100,B,,,,,HDFC Mutual Fund,24.67,25.53,24.67,25.32,25.20,24.92,,25.35,,,8278,208469.00,45,F1,1,,,,,
2026-06-12,2026-06-12,CM,BSE,STK,543570,INF179KC1HS2,HDFCNEXT50,B,,,,,HDFC Mutual Fund,70.38,71.94,70.38,71.34,71.94,69.97,,71.42,,,2730,193484.00,65,F1,1,,,,,
2026-06-12,2026-06-12,CM,BSE,STK,543571,INF109KC16E5,INFRAIETF,B,,,,,ICICI Prudential Mutual Fund,94.49,95.31,93.56,94.67,94.61,92.80,,95.12,,,1717,161793.00,73,F1,1,,,,,
2026-06-12,2026-06-12,CM,BSE,STK,543572,INF740KA1RE3,SILVERADD,E,,,,,DSP Mutual Fund,230.93,232.00,228.38,231.54,231.53,223.35,,231.31,,,10514,2418414.00,227,F1,1,,,,,
2026-06-12,2026-06-12,CM,BSE,STK,543573,INE0DYJ01015,SYRMA,A,,,,,Syrma SGS Technology Limited,1267.00,1279.80,1250.55,1267.75,1267.75,1236.40,,1266.80,,,114913,145274546.00,4436,F1,1,,,,,
2026-06-12,2026-06-12,CM,BSE,STK,543574,INF209KB15K4,NIFTYQLITY,B,,,,,Aditya Birla Sun Life Mutual F,20.44,20.73,20.33,20.52,20.62,20.45,,20.56,,,1659,34090.00,37,F1,1,,,,,
2026-06-12,2026-06-12,CM,BSE,STK,543575,INF209KB14K7,MOMENTUM,B,,,,,Aditya Birla Sun Life Mutual F,29.19,30.67,29.19,30.66,30.67,29.94,,30.73,,,2982,90498.00,26,F1,1,,,,,
2026-06-12,2026-06-12,CM,BSE,STK,543576,INF247L01BE5,MOVALUE,B,,,,,Motilal Oswal Mutual Fund,114.74,116.70,114.08,116.36,116.70,113.68,,116.23,,,3967,457752.00,134,F1,1,,,,,
2026-06-12,2026-06-12,CM,BSE,STK,543578,INE0M3901015,OLATECH,M,,,,,Olatech Solutions Limited,92.10,96.89,89.00,93.56,94.00,97.61,,93.56,,,15725,1468076.00,17,F1,925,,,,,
2026-06-12,2026-06-12,CM,BSE,STK,543590,INE0KKN01029,RHETAN,B,,,,,Rhetan TMT Limited,31.46,32.34,29.58,29.92,29.75,31.48,,29.96,,,1008225,30864759.00,1674,F1,1,,,,,
2026-06-12,2026-06-12,CM,BSE,STK,543591,INE0JS101016,DREAMFOLKS,B,,,,,DREAMFOLKS SERVICES LIMITED,67.16,70.23,67.16,69.78,69.97,66.83,,69.85,,,16134,1120242.00,395,F1,1,,,,,
2026-06-12,2026-06-12,CM,BSE,STK,543592,INF179KC1DI2,HDFCSILVER,E,,,,,HDFC Mutual Fund,228.51,230.55,226.62,229.97,230.00,221.51,,230.10,,,142692,32659793.00,1638,F1,1,,,,,
2026-06-12,2026-06-12,CM,BSE,STK,543593,INE0I3401014,DBOL,T,,,,,Dhampur Bio Organics Limited,113.95,118.55,112.15,114.40,114.40,112.95,,115.01,,,17104,1989523.00,118,F1,1,,,,,
2026-06-12,2026-06-12,CM,BSE,STK,543594,INE0MC401013,DPL,M,,,,,DIPNA PHARMACHEM LIMITED,7.06,7.20,6.90,7.00,7.00,7.02,,7.00,,,54000,379740.00,16,F1,3000,,,,,
2026-06-12,2026-06-12,CM,BSE,STK,543595,INE0D2I01014,EPBIO,M,,,,,EP BIOCOMPOSITES LIMITED,103.50,103.50,103.50,103.50,103.50,94.00,,103.50,,,500,51750.00,1,F1,500,,,,,
2026-06-12,2026-06-12,CM,BSE,STK,543596,INE668A01016,TMB,A,,,,,Tamilnad Mercantile Bank Limit,769.00,777.60,758.40,767.85,771.95,767.35,,767.10,,,7846,6014402.00,436,F1,1,,,,,
2026-06-12,2026-06-12,CM,BSE,STK,543597,INE0I0T01010,VOEPL,M,,,,,Virtuoso Optoelectronics Limit,343.00,389.00,320.00,369.80,369.80,329.30,,369.80,,,174000,61176187.00,440,F1,250,,,,,
2026-06-12,2026-06-12,CM,BSE,STK,543599,INE0D6I01023,KSOLVES,B,,,,,Ksolves India Limited,279.00,287.75,279.00,285.30,286.00,278.15,,284.90,,,4024,1144886.00,150,F1,1,,,,,
2026-06-12,2026-06-12,CM,BSE,STK,543600,INE0JUS01029,HARSHA,B,,,,,Harsha Engineers International,403.55,408.50,397.95,403.00,402.10,394.70,,402.50,,,15054,6067775.00,509,F1,1,,,,,
2026-06-12,2026-06-12,CM,BSE,STK,543606,INE0M8901010,CONTAINE,MT,,,,,CONTAINE TECHNOLOGIES LIMITED,20.14,21.80,20.14,20.18,20.18,21.20,,20.18,,,11000,223680.00,9,F1,1000,,,,,
2026-06-12,2026-06-12,CM,BSE,STK,543607,INF179KC1DJ0,HDFCGROWTH,B,,,,,HDFC Mutual Fund,111.17,111.73,110.91,111.73,111.73,110.62,,111.69,,,204,22668.00,9,F1,1,,,,,
2026-06-12,2026-06-12,CM,BSE,STK,543613,INE0KQQ01011,MAFIA,M,,,,,MAFIA TRENDS LIMITED,8.15,8.27,6.00,6.49,6.49,7.02,,6.49,,,164000,1082560.00,32,F1,4000,,,,,
2026-06-12,2026-06-12,CM,BSE,STK,543614,INE0LQS01015,TIPSFILMS,B,,,,,Tips Films Limited,351.00,351.00,344.95,347.15,347.15,341.70,,350.40,,,55,19114.00,11,F1,1,,,,,
2026-06-12,2026-06-12,CM,BSE,STK,543615,INE0MNV01014,SRSOLTD,MT,,,,,SILICON RENTAL SOLUTIONS LIMIT,71.00,71.00,70.98,71.00,71.00,71.00,,71.00,,,3200,227176.00,4,F1,800,,,,,
2026-06-12,2026-06-12,CM,BSE,STK,543616,INE0MKA01014,TLL,M,,,,,Trident Lifeline Limited,259.95,259.95,245.00,248.60,245.00,241.15,,248.60,,,53400,13375710.00,55,F1,600,,,,,
2026-06-12,2026-06-12,CM,BSE,STK,543618,INE0M4L01013,CARGOTRANS,M,,,,,Cargotrans Maritime Limited,92.15,92.15,92.15,92.15,92.15,92.15,,92.15,,,750,69112.00,1,F1,750,,,,,
2026-06-12,2026-06-12,CM,BSE,STK,543619,INE0N0J01014,CNCRD,M,,,,,Concord Control Systems Limite,2749.95,2950.00,2713.00,2917.20,2949.00,2718.55,,2917.20,,,7850,22259560.00,111,F1,50,,,,,
2026-06-12,2026-06-12,CM,BSE,STK,543620,INE0LGX01024,INA,B,,,,,INSOLATION ENERGY LIMITED,116.60,122.75,116.10,117.00,117.00,113.90,,116.90,,,158657,18835672.00,1158,F1,1,,,,,
2026-06-12,2026-06-12,CM,BSE,STK,543622,INE0MSK01016,STML,M,,,,,STEELMAN TELECOM LIMITED,66.95,66.95,66.95,66.95,66.95,68.25,,66.95,,,1200,80340.00,1,F1,1200,,,,,
2026-06-12,2026-06-12,CM,BSE,STK,543623,INE0NC801013,VEDANTASSET,MT,,,,,VEDANT ASSET LIMITED,45.50,45.50,45.50,45.50,45.50,44.10,,45.50,,,6000,273000.00,4,F1,1500,,,,,
2026-06-12,2026-06-12,CM,BSE,STK,543626,INE02YR01019,EMIL,A,,,,,Electronics Mart India Limited,102.70,106.05,101.95,105.50,105.50,101.55,,105.50,,,1542044,158930092.00,738,F1,1,,,,,
2026-06-12,2026-06-12,CM,BSE,STK,543628,INF179KC1HV6,HDFCMOMENT,B,,,,,HDFC Mutual Fund,30.10,30.74,30.01,30.67,30.58,29.73,,30.65,,,31878,960942.00,134,F1,1,,,,,
2026-06-12,2026-06-12,CM,BSE,STK,543635,INE0DK501011,PPLPHARMA,A,,,,,PIRAMAL PHARMA LIMITED,162.15,166.20,162.15,163.85,163.85,161.30,,163.85,,,137282,22511356.00,2455,F1,1,,,,,
2026-06-12,2026-06-12,CM,BSE,STK,543636,INE0A1101019,DCI,T,,,,,Dc Infotech and Communication,268.00,271.40,265.20,268.00,267.20,262.10,,270.00,,,48711,13146394.00,15,F1,1,,,,,
2026-06-12,2026-06-12,CM,BSE,STK,543637,INE0N1L01018,PACE,MT,,,,,PACE E-COMMERCE VENTURES LIMIT,17.06,17.10,17.05,17.09,17.10,17.07,,17.09,,,39600,675984.00,24,F1,1200,,,,,
2026-06-12,2026-06-12,CM,BSE,STK,543638,INE0HMF01019,TRACXN,B,,,,,Tracxn Technologies Limited,34.49,34.49,30.80,31.39,31.40,30.80,,31.26,,,7009,218711.00,134,F1,1,,,,,
2026-06-12,2026-06-12,CM,BSE,STK,543643,INE117Z01011,NARMADA,B,,,,,Narmada Agrobase Limited,36.27,39.04,36.27,37.06,37.02,35.22,,37.05,,,133811,5046779.00,717,F1,1,,,,,
2026-06-12,2026-06-12,CM,BSE,STK,543644,INE344S01016,INFOBEAN,B,,,,,InfoBeans Technologies Limited,167.85,170.05,165.00,169.70,170.05,165.05,,169.42,,,38428,6439543.00,530,F1,1,,,,,
2026-06-12,2026-06-12,CM,BSE,STK,543645,INE05X901010,HPIL,B,,,,,HINDPRAKASH INDUSTRIES LIMITED,123.10,123.10,123.10,123.10,123.10,123.10,,127.00,,,180,22158.00,9,F1,1,,,,,
2026-06-12,2026-06-12,CM,BSE,STK,543650,INE0KL801015,DCXINDIA,B,,,,,DCX Systems Limited,178.75,185.80,177.50,183.95,185.80,174.35,,184.24,,,89256,16227939.00,1048,F1,1,,,,,
2026-06-12,2026-06-12,CM,BSE,STK,543652,INE139R01012,FUSION,B,,,,,FUSION FINANCE LIMITED,169.60,175.90,166.65,174.95,175.90,163.05,,174.76,,,19170,3272156.00,372,F1,1,,,,,
2026-06-12,2026-06-12,CM,BSE,STK,543653,INE00E101023,BIKAJI,A,,,,,Bikaji Foods International Lim,671.80,679.25,667.35,672.45,676.40,671.80,,673.80,,,8673,5837832.00,442,F1,1,,,,,
2026-06-12,2026-06-12,CM,BSE,STK,543654,INE474Q01031,MEDANTA,A,,,,,Global Health Limited,1244.95,1244.95,1217.00,1235.15,1233.35,1228.60,,1235.10,,,6692,8227996.00,761,F1,1,,,,,
2026-06-12,2026-06-12,CM,BSE,STK,543656,INE0MXP01015,TECHNOPACK,M,,,,,Technopack Polymers Limited,11.70,12.99,11.70,12.99,12.99,11.70,,12.99,,,12000,148360.00,3,F1,4000,,,,,
2026-06-12,2026-06-12,CM,BSE,STK,543657,INE128X01021,ACI,A,,,,,Archean Chemical Industries Li,535.00,553.20,529.85,542.95,538.00,532.95,,543.00,,,13711,7499955.00,675,F1,1,,,,,
2026-06-12,2026-06-12,CM,BSE,STK,543663,INE128S01021,FIVESTAR,A,,,,,Five-Star Business Finance Ltd,428.80,441.20,423.60,439.80,439.60,423.95,,439.15,,,53169,23094082.00,2754,F1,1,,,,,
2026-06-12,2026-06-12,CM,BSE,STK,543664,INE918Z01012,KAYNES,A,,,,,KAYNES TECHNOLOGY INDIA LIMITE,3085.05,3105.00,3025.75,3076.05,3081.00,3027.20,,3076.80,,,113209,346768171.00,10446,F1,1,,,,,
2026-06-12,2026-06-12,CM,BSE,STK,543665,INF179KC1IA8,HDFCNIFIT,B,,,,,HDFC Mutual Fund,29.74,29.86,29.53,29.73,29.73,29.62,,29.77,,,3273,97247.00,15,F1,1,,,,,
2026-06-12,2026-06-12,CM,BSE,STK,543666,INF179KC1HZ7,HDFCPVTBAN,B,,,,,HDFC Mutual Fund,27.98,28.18,27.04,28.05,28.06,27.30,,28.05,,,22787,634232.00,81,F1,1,,,,,
2026-06-12,2026-06-12,CM,BSE,STK,543667,INE510W01014,INOXGREEN,A,,,,,INOX GREEN ENERGY SERVICES LIM,181.00,192.45,180.95,190.10,190.30,179.10,,189.91,,,156036,29532503.00,2489,F1,1,,,,,
2026-06-12,2026-06-12,CM,BSE,STK,543668,INE01EE01011,BBTCL,B,,,,,B&B Triplewall Containers Limi,224.90,226.45,219.10,221.00,221.00,226.00,,221.78,,,211,47029.00,29,F1,1,,,,,
2026-06-12,2026-06-12,CM,BSE,STK,543669,INE263M01029,RUSTOMJEE,B,,,,,Keystone Realtors Limited,384.00,390.45,381.80,388.90,389.00,382.45,,388.50,,,721,278910.00,117,F1,1,,,,,
2026-06-12,2026-06-12,CM,BSE,STK,543670,INE01KI01027,VINNY,B,,,,,VINNY OVERSEAS LIMITED,1.08,1.09,1.07,1.08,1.08,1.07,,1.07,,,57711,62021.00,45,F1,1,,,,,
2026-06-12,2026-06-12,CM,BSE,STK,543671,INE0D0U01013,AAATECH,B,,,,,AAA TECHNOLOGIES LIMITED,98.72,98.98,96.95,98.59,98.59,98.09,,97.30,,,865,84332.00,98,F1,1,,,,,
2026-06-12,2026-06-12,CM,BSE,STK,543677,INF109KC17L8,FINIETF,B,,,,,ICICI Prudential Mutual Fund,30.38,31.00,30.20,30.96,31.00,29.83,,30.92,,,2425,74523.00,44,F1,1,,,,,
2026-06-12,2026-06-12,CM,BSE,STK,543678,INE0N6V01016,AMBOAGRI,M,,,,,AMBO AGRITEC LIMITED,14.10,14.10,14.06,14.06,14.06,14.35,,14.06,,,11000,154740.00,7,F1,1000,,,,,
2026-06-12,2026-06-12,CM,BSE,STK,543686,INE792Z01011,SIRCA,B,,,,,Sirca Paints India Limited,420.05,420.50,416.50,418.80,418.80,416.00,,418.15,,,3388,1419153.00,166,F1,1,,,,,
2026-06-12,2026-06-12,CM,BSE,STK,543687,INE00OQ01016,DHARMAJ,B,,,,,Dharmaj Crop Guard Limited,277.90,278.95,274.85,277.85,275.75,276.20,,277.60,,,1301,359336.00,52,F1,1,,,,,
2026-06-12,2026-06-12,CM,BSE,STK,543688,INE324X01026,SARVESHWAR,T,,,,,Sarveshwar Foods Limited,3.43,3.54,3.39,3.45,3.45,3.43,,3.43,,,166526,571566.00,290,F1,1,,,,,
2026-06-12,2026-06-12,CM,BSE,STK,543689,INE244O01017,UNIPARTS,B,,,,,Uniparts India Limited,659.75,662.95,640.10,659.00,659.00,637.10,,659.70,,,8185,5374934.00,483,F1,1,,,,,
2026-06-12,2026-06-12,CM,BSE,STK,543699,INF754K01QX0,EBBETF0433,F,,,,,Edelweiss Mutual Fund,1290.79,1290.79,1284.34,1284.34,1284.34,1297.27,,1288.47,,,19,24512.00,3,F1,1,,,,,
2026-06-12,2026-06-12,CM,BSE,STK,543700,INF109KC18O0,GSEC10IETF,F,,,,,ICICI Prudential Mutual Fund,261.20,261.20,261.20,261.20,261.20,258.96,,258.88,,,35,9142.00,5,F1,1,,,,,
2026-06-12,2026-06-12,CM,BSE,STK,543709,INE0NT601018,GARGI,M,,,,,PNGS GARGI FASHION JEWELLERY L,807.00,868.00,805.95,859.25,860.00,805.95,,859.25,,,14375,12019825.00,88,F1,125,,,,,
2026-06-12,2026-06-12,CM,BSE,STK,543710,INF109KC19O8,COMMOIETF,B,,,,,ICICI Prudential Mutual Fund,100.30,101.08,99.40,100.94,101.08,98.96,,100.81,,,1309,131266.00,24,F1,1,,,,,
2026-06-12,2026-06-12,CM,BSE,STK,543711,INE142Q01026,SULA,A,,,,,Sula Vineyards Limited,154.20,158.50,153.75,157.00,157.00,151.15,,157.14,,,25151,3917291.00,408,F1,1,,,,,
2026-06-12,2026-06-12,CM,BSE,STK,543712,INE00ZE01026,AFSL,B,,,,,ABANS FINANCIAL SERVICES LIMIT,201.90,201.90,201.00,201.00,201.00,201.00,,201.01,,,332,66757.00,14,F1,1,,,,,
2026-06-12,2026-06-12,CM,BSE,STK,543713,INE0MQD01015,DRONACHRYA,M,,,,,Droneacharya Aerial Innovation,42.05,42.75,41.30,41.93,41.90,41.61,,41.93,,,39000,1637160.00,28,F1,1000,,,,,
2026-06-12,2026-06-12,CM,BSE,STK,543714,INE559R01029,LANDMARK,B,,,,,LANDMARK CARS LIMITED,423.10,426.40,415.50,422.60,422.25,417.50,,422.95,,,3603,1517517.00,198,F1,1,,,,,
2026-06-12,2026-06-12,CM,BSE,STK,543720,INE138Y01010,KFINTECH,A,,,,,KFin Technologies Limited,819.55,828.00,808.50,826.90,828.00,803.70,,826.70,,,25732,21061197.00,1365,F1,1,,,,,
2026-06-12,2026-06-12,CM,BSE,STK,543725,INE050401020,ELIN,B,,,,,Elin Electronics Limited,101.55,109.90,101.50,106.50,109.90,101.80,,105.89,,,7605,790403.00,210,F1,1,,,,,
2026-06-12,2026-06-12,CM,BSE,STK,543732,INE855R01021,RADIANTCMS,B,,,,,Radiant Cash Management Servic,39.79,40.73,38.90,39.40,40.50,39.01,,40.05,,,11964,470273.00,197,F1,1,,,,,
2026-06-12,2026-06-12,CM,BSE,STK,543738,INF740KA1RX3,BANKADD,B,,,,,DSP Mutual Fund,57.20,58.15,56.76,57.92,57.84,56.18,,57.88,,,10423,594278.00,75,F1,1,,,,,
2026-06-12,2026-06-12,CM,BSE,STK,543743,INE035801013,AERONEU,B,,,,,Aeroflex Neu Limited,86.00,86.46,84.58,85.21,85.21,86.00,,86.20,,,477,40934.00,66,F1,1,,,,,
2026-06-12,2026-06-12,CM,BSE,STK,543744,INE0MFT01014,REXSEAL,M,,,,,Rex Sealing and Packing Indust,135.00,149.95,135.00,145.00,145.00,145.00,,145.00,,,115500,15648050.00,7,F1,500,,,,,
2026-06-12,2026-06-12,CM,BSE,STK,543745,INE0MID01012,SVS,M,,,,,SVS VENTURES LIMITED,5.66,5.87,5.66,5.66,5.66,5.70,,5.66,,,72000,408780.00,4,F1,6000,,,,,
2026-06-12,2026-06-12,CM,BSE,STK,543746,INE0BSU01018,LOGICA,M,,,,,LOGICA INFOWAY LIMITED,160.00,166.00,158.00,163.95,163.95,160.00,,163.95,,,21600,3496230.00,30,F1,600,,,,,
2026-06-12,2026-06-12,CM,BSE,STK,543747,INE0BTI01037,KAMOPAINTS,B,,,,,Kamdhenu Ventures Limited,5.21,5.31,5.06,5.14,5.15,5.11,,5.14,,,14404,74090.00,82,F1,1,,,,,
2026-06-12,2026-06-12,CM,BSE,STK,543748,INE0LRU01027,AARTIPHARM,A,,,,,Aarti Pharmalabs Limited,627.65,643.45,626.15,641.25,640.00,621.75,,641.15,,,6710,4274761.00,278,F1,1,,,,,
2026-06-12,2026-06-12,CM,BSE,STK,543766,INE094B01013,ASHIKA,B,,,,,Ashika Credit Capital Ltd.,372.25,382.00,369.00,379.60,370.00,369.00,,378.55,,,61018,22837979.00,1555,F1,1,,,,,
2026-06-12,2026-06-12,CM,BSE,STK,543767,INE0EEJ01023,BTML,B,,,,,BODHI TREE MULTIMEDIA LIMITED,6.61,6.61,6.49,6.57,6.57,6.61,,6.50,,,17850,116053.00,38,F1,1,,,,,
2026-06-12,2026-06-12,CM,BSE,STK,543768,INE0NNS01018,NSLNISP,A,,,,,NMDC Steel Limited,46.47,47.40,46.15,47.23,47.30,45.45,,47.24,,,256490,11994814.00,2019,F1,1,,,,,
2026-06-12,2026-06-12,CM,BSE,STK,543774,INF179KC1EZ4,HDFCBSE500,B,,,,,HDFC Mutual Fund,36.00,36.31,35.77,36.27,36.31,37.22,,36.23,,,2995,107967.00,43,F1,1,,,,,
2026-06-12,2026-06-12,CM,BSE,STK,543775,INF179KC1FB2,HDFCSML250,B,,,,,HDFC Mutual Fund,167.55,172.44,167.55,172.15,172.15,167.53,,172.20,,,103379,17656912.00,891,F1,1,,,,,
2026-06-12,2026-06-12,CM,BSE,STK,543776,INF179KC1HT0,HDFCMID150,B,,,,,HDFC Mutual Fund,22.19,22.60,22.09,22.50,22.50,22.02,,22.55,,,50334,1123525.00,267,F1,1,,,,,
2026-06-12,2026-06-12,CM,BSE,STK,543781,INF769K01JP9,GOLDETF,E,,,,,Mirae Asset Mutual Fund,142.05,143.23,142.00,143.07,143.19,140.39,,143.04,,,64147,9139904.00,1170,F1,1,,,,,
2026-06-12,2026-06-12,CM,BSE,STK,543782,INE0O4601016,SEALMATIC,M,,,,,Sealmatic India Limited,359.00,359.90,337.80,345.20,346.50,341.30,,345.20,,,30420,10482957.00,124,F1,180,,,,,
2026-06-12,2026-06-12,CM,BSE,STK,543787,INE0OLH01013,ROBU,M,,,,,Macfos Limited,1115.05,1199.50,1115.00,1159.40,1160.05,1144.75,,1159.40,,,4290,4954232.00,23,F1,165,,,,,
2026-06-12,2026-06-12,CM,BSE,STK,543798,INE0NPA01011,PATRON,MT,,,,,Patron Exim Limited,2.37,2.44,2.37,2.44,2.44,2.49,,2.44,,,28000,66640.00,7,F1,4000,,,,,
2026-06-12,2026-06-12,CM,BSE,STK,543799,INE0JZS01010,SVJ,M,,,,,S. V. J. Enterprises Limited,382.50,382.50,382.50,382.50,382.50,370.00,,382.50,,,250,95625.00,1,F1,250,,,,,
2026-06-12,2026-06-12,CM,BSE,STK,543805,INE0NYN01016,RESGEN,M,,,,,RESGEN LIMITED,52.00,52.50,50.50,50.50,50.50,50.09,,50.50,,,29250,1504950.00,29,F1,750,,,,,
2026-06-12,2026-06-12,CM,BSE,STK,543806,INE0O6A01019,ITCONS,MT,,,,,ITCONS E-Solutions Limited,337.50,337.50,312.50,330.15,331.60,328.90,,330.15,,,34600,11259420.00,86,F1,200,,,,,
2026-06-12,2026-06-12,CM,BSE,STK,543811,INE645W01026,AIRAN,B,,,,,AIRAN LIMITED,15.46,16.85,15.46,16.15,16.15,16.06,,16.16,,,3341,54141.00,41,F1,1,,,,,
2026-06-12,2026-06-12,CM,BSE,STK,543812,INE753U01022,DIVGIITTS,B,,,,,DIVGI TORQTRANSFER SYSTEMS LIM,809.95,829.95,807.65,817.60,814.90,803.80,,818.65,,,5836,4771024.00,436,F1,1,,,,,
2026-06-12,2026-06-12,CM,BSE,STK,543813,INF209KB18T9,ABSLLIQUID,F,,,,,Aditya Birla Sun Life Mutual F,999.99,1000.01,999.99,1000.01,1000.01,999.99,,1000.00,,,349,349003.00,2,F1,1,,,,,
2026-06-12,2026-06-12,CM,BSE,STK,543814,INE0OKG01017,PCL,M,,,,,PROSPECT CONSUMER PRODUCTS LIM,38.60,45.00,38.60,45.00,45.00,44.00,,45.00,,,4000,172600.00,3,F1,1000,,,,,
2026-06-12,2026-06-12,CM,BSE,STK,543819,INF109KC10S8,PSUBNKIETF,B,,,,,ICICI Prudential Mutual Fund,85.92,86.75,85.11,86.50,86.75,84.27,,86.46,,,18299,1579735.00,218,F1,1,,,,,
2026-06-12,2026-06-12,CM,BSE,STK,543828,INE00TV01023,SUDARSHAN,MT,,,,,SUDARSHAN PHARMA INDUSTRIES LI,35.00,35.90,34.90,35.70,35.00,35.07,,35.70,,,236000,8295800.00,21,F1,4000,,,,,
2026-06-12,2026-06-12,CM,BSE,STK,543829,INE0JSX01015,GSLSU,B,,,,,Global Surfaces Limited,49.00,49.97,48.10,48.68,48.10,49.13,,48.88,,,6081,297198.00,172,F1,1,,,,,
2026-06-12,2026-06-12,CM,BSE,STK,543831,INE0OMI01019,BRIGHT,M,,,,,Bright Outdoor Media Limited,375.00,375.00,374.10,375.00,375.00,374.00,,375.00,,,14625,5484018.00,34,F1,375,,,,,
2026-06-12,2026-06-12,CM,BSE,STK,543848,INE0NIJ01025,DEVLAB,MT,,,,,Dev Labtech Venture Limited,24.01,24.01,24.01,24.01,24.01,24.50,,24.01,,,24000,576240.00,4,F1,4000,,,,,
2026-06-12,2026-06-12,CM,BSE,STK,543853,INF846K010Q0,AXSENSEX,B,,,,,Axis Mutual Fund,77.93,77.93,76.73,77.22,77.22,76.03,,78.21,,,518,39755.00,8,F1,1,,,,,
2026-06-12,2026-06-12,CM,BSE,STK,543858,INF769K01JU9,LOWVOL,B,,,,,Mirae Asset Mutual Fund,199.06,199.06,198.14,198.14,198.14,197.40,,198.61,,,260,51616.00,36,F1,1,,,,,
2026-06-12,2026-06-12,CM,BSE,STK,543861,INE0N0Y01013,USK,B,,,,,Udayshivakumar infra limited,24.01,24.48,23.77,24.39,24.40,23.88,,24.50,,,2493,60105.00,18,F1,1,,,,,
2026-06-12,2026-06-12,CM,BSE,STK,543874,INE0O1T01010,MAIDEN,M,,,,,Maiden Forgings Limited,74.50,77.75,74.00,76.50,76.50,74.50,,76.50,,,13000,982560.00,13,F1,1000,,,,,
2026-06-12,2026-06-12,CM,BSE,STK,543875,INF769K01KF8,GSEC10YEAR,F,,,,,Mirae Asset Mutual Fund,30.19,30.28,30.10,30.19,30.28,29.93,,30.25,,,45,1355.00,5,F1,1,,,,,
2026-06-12,2026-06-12,CM,BSE,STK,543895,INE0O8901016,EXHICON,M,,,,,Exhicon Events Media Solutions,434.40,472.00,432.45,462.70,468.00,436.55,,462.70,,,54000,24696150.00,155,F1,250,,,,,
2026-06-12,2026-06-12,CM,BSE,STK,543896,INE0LCL01028,AVALON,A,,,,,Avalon Technologies Limited,1586.00,1694.00,1567.15,1684.45,1684.45,1578.50,,1686.90,,,18529,30495225.00,1488,F1,1,,,,,
2026-06-12,2026-06-12,CM,BSE,STK,543897,INE0P7001013,SANCODE,MT,,,,,Sancode Technologies Limited,229.60,229.60,229.60,229.60,229.60,234.25,,229.60,,,500,114800.00,1,F1,500,,,,,
2026-06-12,2026-06-12,CM,BSE,STK,543898,INE0N7W01012,BLAL,B,,,,,BEML Land Assets Limited,179.35,186.95,179.35,183.25,183.00,182.10,,182.81,,,2945,542432.00,196,F1,1,,,,,
2026-06-12,2026-06-12,CM,BSE,STK,543899,INE0NR623014,CUBEINVIT,IF,,,,,Cube Highways Trust,148.25,148.25,148.25,148.25,148.25,148.25,,148.63,,,25000,3706250.00,1,F1,25000,,,,,
2026-06-12,2026-06-12,CM,BSE,STK,543900,INF789F1AYK6,SILVERBETA,E,,,,,UTI Mutual Fund,229.93,232.48,228.62,231.91,231.91,223.61,,231.79,,,84686,19527907.00,743,F1,1,,,,,
2026-06-12,2026-06-12,CM,BSE,STK,543901,INE508K01013,RHL,B,,,,,ROBUST HOTELS LIMITED,176.05,176.80,175.80,175.95,176.80,175.00,,176.93,,,309,54367.00,7,F1,1,,,,,
2026-06-12,2026-06-12,CM,BSE,STK,543902,INE0NTC01019,RETINA,M,,,,,Retina Paints Limited,47.49,47.49,45.00,46.27,47.30,49.70,,46.27,,,26000,1200880.00,13,F1,2000,,,,,
2026-06-12,2026-06-12,CM,BSE,STK,543903,INF740KA1SW3,GOLDADD,E,,,,,DSP Mutual Fund,142.72,143.47,142.14,143.34,142.50,140.23,,142.88,,,22297,3185804.00,178,F1,1,,,,,
2026-06-12,2026-06-12,CM,BSE,STK,543904,INE634S01028,MANKIND,A,,,,,Mankind Pharma Limited,2400.35,2413.60,2368.55,2379.45,2390.40,2371.65,,2381.10,,,6362,15208045.00,787,F1,1,,,,,
2026-06-12,2026-06-12,CM,BSE,STK,543905,INE0LDI01022,INNOKAIZ,MT,,,,,INNOKAIZ INDIA LIMITED,14.80,14.80,14.80,14.80,14.80,15.57,,14.80,,,800,11840.00,1,F1,800,,,,,
2026-06-12,2026-06-12,CM,BSE,STK,543910,INE680Z01018,AVG,B,,,,,AVG Logistics Limited,167.30,189.65,167.25,177.75,177.75,167.95,,178.18,,,77042,13782673.00,1333,F1,1,,,,,
2026-06-12,2026-06-12,CM,BSE,STK,543911,INE0ALR01029,ATALREAL,B,,,,,Atal Realtech Limited,28.60,29.79,28.10,29.48,29.52,28.87,,29.46,,,225801,6580267.00,523,F1,1,,,,,
2026-06-12,2026-06-12,CM,BSE,STK,543912,INE557Z01018,PIGL,B,,,,,Power & Instrumentation (Gujar,104.40,104.40,100.45,103.90,104.05,100.85,,104.56,,,5495,560055.00,136,F1,1,,,,,
2026-06-12,2026-06-12,CM,BSE,STK,543913,INE0NDH25011,NXST,IF,,,,,Nexus Select Trust,155.60,155.60,153.29,154.59,154.84,155.12,,154.49,,,17309,2671268.00,298,F1,1,,,,,
2026-06-12,2026-06-12,CM,BSE,STK,543914,INE210F01016,SWATIPRO,X,,,,,Swati Projects Limited,34.43,34.43,32.00,32.71,33.86,32.43,,32.71,,,1842,60593.00,39,F1,1,,,,,
2026-06-12,2026-06-12,CM,BSE,STK,543915,INE07S101038,PAVNAIND,T,,,,,Pavna Industries Limited,16.48,16.80,16.43,16.43,16.43,16.00,,16.62,,,8177,136258.00,17,F1,1,,,,,
2026-06-12,2026-06-12,CM,BSE,STK,543916,INE0GYI01028,HSIL,MT,,,,,Hemant Surgical Industries Lim,380.00,380.00,361.00,374.35,378.00,380.00,,374.35,,,30800,11283480.00,67,F1,400,,,,,
2026-06-12,2026-06-12,CM,BSE,STK,543917,INE0A0S01028,SIGMA,B,,,,,SIGMA SOLVE LIMITED,40.07,41.00,39.92,41.00,41.00,40.00,,40.64,,,407,16456.00,12,F1,1,,,,,
2026-06-12,2026-06-12,CM,BSE,STK,543918,INE0PA801013,GHCLTEXTIL,B,,,,,GHCL Textiles Limited,93.20,93.56,90.00,92.53,91.55,91.63,,91.74,,,26812,2456880.00,262,F1,1,,,,,
2026-06-12,2026-06-12,CM,BSE,STK,543919,INE964W01021,MKPL,B,,,,,M.K.Proteins Limited,4.71,4.76,4.62,4.72,4.76,4.71,,4.73,,,18104,85162.00,110,F1,1,,,,,
2026-06-12,2026-06-12,CM,BSE,STK,543920,INE0NJ001013,CFF,M,,,,,CFF FLUID CONTROL LIMITED,733.00,755.00,727.00,741.75,740.10,708.65,,741.75,,,20800,15398280.00,93,F1,200,,,,,
2026-06-12,2026-06-12,CM,BSE,STK,543922,INF769K01KG6,SILVERAG,E,,,,,Mirae Asset Mutual Fund,232.39,234.52,230.78,233.90,234.17,226.21,,234.02,,,10801,2514167.00,296,F1,1,,,,,
2026-06-12,2026-06-12,CM,BSE,STK,543923,INE0LOJ01019,IKIO,B,,,,,IKIO Technologies Limited,153.15,157.40,151.45,155.20,155.75,150.35,,155.67,,,5659,869415.00,116,F1,1,,,,,
2026-06-12,2026-06-12,CM,BSE,STK,543924,INE0N5O01013,SONALIS,M,,,,,Sonalis Consumer Products Limi,50.03,50.03,50.00,50.00,50.00,52.99,,50.00,,,12000,600100.00,6,F1,2000,,,,,
2026-06-12,2026-06-12,CM,BSE,STK,543926,INE0OJ401014,BIZOTIC,MT,,,,,Bizotic Commercial Limited,702.00,748.70,700.85,728.10,748.70,737.70,,728.10,,,2600,1887890.00,12,F1,200,,,,,
2026-06-12,2026-06-12,CM,BSE,STK,543927,INE04Z101016,ASIAN,X,,,,,Asian Warehousing Limited,36.90,36.90,34.26,36.40,36.40,35.30,,36.40,,,29,1056.00,12,F1,1,,,,,
2026-06-12,2026-06-12,CM,BSE,STK,543928,INE0ORA01015,COSMICCRF,MT,,,,,Cosmic CRF Limited,1030.00,1040.00,985.60,1023.85,1020.00,995.50,,1023.85,,,4600,4682380.00,39,F1,100,,,,,
2026-06-12,2026-06-12,CM,BSE,STK,543929,INE0ECP01024,HMAAGRO,B,,,,,HMA Agro Industries Limited,21.89,22.96,21.89,22.63,22.80,22.12,,22.62,,,48848,1103174.00,270,F1,1,,,,,
2026-06-12,2026-06-12,CM,BSE,STK,543930,INE568Z01015,URAVIDEF,B,,,,,Uravi Defence and Technology L,118.50,119.15,112.00,114.40,114.85,113.80,,113.76,,,484,55295.00,46,F1,1,,,,,
2026-06-12,2026-06-12,CM,BSE,STK,543931,INE0Q0M01015,VEEFIN,M,,,,,VEEFIN SOLUTIONS LIMITED,310.00,315.00,303.00,306.05,307.00,303.80,,306.05,,,31800,9784120.00,86,F1,200,,,,,
2026-06-12,2026-06-12,CM,BSE,STK,543932,INE349Y01013,IDEAFORGE,T,,,,,IDEAFORGE TECHNOLOGY LIMITED,879.95,904.95,855.00,872.15,872.15,869.70,,869.35,,,25422,22263978.00,1000,F1,1,,,,,
2026-06-12,2026-06-12,CM,BSE,STK,543933,INE055S01018,CYIENTDLM,B,,,,,Cyient DLM Limited,441.05,455.30,440.50,450.50,449.80,431.55,,449.75,,,17723,7954978.00,658,F1,1,,,,,
2026-06-12,2026-06-12,CM,BSE,STK,543934,INE01BT01015,MACIND,X,,,,,Machhar Industries Limited,375.35,388.90,375.35,384.00,384.00,372.90,,384.00,,,7,2695.00,5,F1,1,,,,,
2026-06-12,2026-06-12,CM,BSE,STK,543935,INF740KA1SX1,ITADD,B,,,,,DSP Mutual Fund,29.56,29.56,29.35,29.35,29.36,29.30,,29.44,,,2457,72359.00,17,F1,1,,,,,
2026-06-12,2026-06-12,CM,BSE,STK,543936,INE602W01027,SENCO,A,,,,,Senco Gold Limited,335.00,339.80,329.25,338.30,338.00,328.25,,338.35,,,24717,8278190.00,867,F1,1,,,,,
2026-06-12,2026-06-12,CM,BSE,STK,543937,INE0NZF01019,ALPHAIND,M,,,,,ALPHALOGIC INDUSTRIES LIMITED,147.10,147.10,147.10,147.10,147.10,163.00,,147.10,,,600,88260.00,1,F1,600,,,,,
2026-06-12,2026-06-12,CM,BSE,STK,543938,INE0POP01017,ACCELERATE,M,,,,,ACCELERATEBS INDIA LIMITED,102.00,102.00,102.00,102.00,102.00,103.60,,102.00,,,640,65280.00,1,F1,640,,,,,
2026-06-12,2026-06-12,CM,BSE,STK,543939,INE0P3N01018,KAKA,M,,,,,Kaka Industries Limited,176.50,178.00,176.00,176.80,176.80,175.00,,176.80,,,6500,1151300.00,12,F1,500,,,,,
2026-06-12,2026-06-12,CM,BSE,STK,543940,INE758E01017,JIOFIN,A,,,,,Jio Financial Services Limited,230.60,236.45,230.10,236.05,236.05,228.00,,235.90,,,712844,166378927.00,5911,F1,1,,,,,
2026-06-12,2026-06-12,CM,BSE,STK,543942,INE735W01017,UTKARSHBNK,B,,,,,UTKARSH SMALL FINANCE BANK LIM,12.41,13.14,12.41,13.10,13.10,12.39,,13.08,,,453847,5841969.00,751,F1,1,,,,,
2026-06-12,2026-06-12,CM,BSE,STK,543943,INE0DN001027,ASARFI,M,,,,,ASARFI HOSPITAL LIMITED,228.00,235.00,220.00,229.20,229.00,228.05,,229.20,,,73000,16651800.00,66,F1,1000,,,,,
2026-06-12,2026-06-12,CM,BSE,STK,543944,INF769K01KR3,BANKETF,B,,,,,Mirae Asset Mutual Fund,566.90,577.79,566.23,576.97,577.79,561.54,,576.84,,,1825,1043992.00,116,F1,1,,,,,
2026-06-12,2026-06-12,CM,BSE,STK,543945,INE0NT901020,NETWEB,A,,,,,NETWEB TECHNOLOGIES INDIA LIMI,4300.00,4609.00,4299.95,4586.75,4586.75,4194.05,,4587.30,,,306918,1383649703.00,22327,F1,1,,,,,
2026-06-12,2026-06-12,CM,BSE,STK,543946,INF769K01KS1,LIQUID,F,,,,,Mirae Asset Mutual Fund,1000.01,1000.01,999.99,1000.01,1000.01,1000.01,,999.99,,,333787,333786390.00,150,F1,1,,,,,
2026-06-12,2026-06-12,CM,BSE,STK,543947,INF740KA1SZ6,SENSEXADD,A,,,,,DSP BSE Sensex ETF,76.80,77.42,76.75,77.42,77.41,76.10,,77.38,,,212,16391.00,8,F1,1,,,,,
2026-06-12,2026-06-12,CM,BSE,STK,543948,INF740KA1SY9,PSUBANKADD,B,,,,,DSP Mutual Fund,85.00,86.50,84.90,86.36,86.40,84.26,,85.83,,,3073,262434.00,56,F1,1,,,,,
2026-06-12,2026-06-12,CM,BSE,STK,543949,INF740KA1TA7,PVTBANKADD,B,,,,,DSP Mutual Fund,27.64,27.95,27.41,27.90,27.90,27.10,,27.90,,,6984,191891.00,11,F1,1,,,,,
2026-06-12,2026-06-12,CM,BSE,STK,543950,INE0JO301016,YATHARTH,A,,,,,YATHARTH HOSPITAL & TRAUMA CAR,829.15,845.00,829.15,839.70,842.10,826.15,,839.75,,,15413,12922746.00,852,F1,1,,,,,
2026-06-12,2026-06-12,CM,BSE,STK,543952,INE342G01023,NIITMTS,A,,,,,NIIT Learning Systems Limited,216.65,216.65,210.55,212.75,213.50,211.85,,212.92,,,21677,4620734.00,1232,F1,1,,,,,
2026-06-12,2026-06-12,CM,BSE,STK,543953,INE0OWC01011,KHAZANCHI,M,,,,,Khazanchi Jewellers Limited,619.00,633.00,618.05,625.45,629.00,616.00,,625.45,,,21250,13204150.00,58,F1,250,,,,,
2026-06-12,2026-06-12,CM,BSE,STK,543954,INE0NN701020,ATL,B,,,,,Allcargo Terminals Limited,23.30,24.46,23.30,23.96,23.85,23.76,,23.97,,,5955,142847.00,102,F1,1,,,,,
2026-06-12,2026-06-12,CM,BSE,STK,543955,INE0O3901029,TREL,B,,,,,Transindia Real Estate Limited,25.90,25.90,25.00,25.34,25.90,25.90,,25.51,,,18332,464174.00,218,F1,1,,,,,
2026-06-12,2026-06-12,CM,BSE,STK,543956,INF109KC18V5,QUAL30IETF,B,,,,,ICICI Prudential Mutual Fund,20.35,20.43,20.25,20.42,20.43,20.17,,20.36,,,696,14179.00,14,F1,1,,,,,
2026-06-12,2026-06-12,CM,BSE,STK,543957,INE0LXT01019,REDTAPE,B,,,,,REDTAPE Limited,134.75,134.75,130.70,133.95,133.95,131.75,,133.87,,,17149,2273833.00,465,F1,1,,,,,
2026-06-12,2026-06-12,CM,BSE,STK,543958,INE03HW01020,VLEGOV,T,,,,,VL E-Governance & IT Solutions,13.05,13.95,13.05,13.60,13.55,13.53,,13.53,,,11085,150887.00,80,F1,1,,,,,
2026-06-12,2026-06-12,CM,BSE,STK,543959,INE423Y01016,SBFC,A,,,,,SBFC Finance Limited,90.23,91.66,90.23,90.62,90.90,89.89,,90.59,,,90242,8182826.00,1036,F1,1,,,,,
2026-06-12,2026-06-12,CM,BSE,STK,543960,INE338H01029,CONCORDBIO,A,,,,,Concord Biotech Limited,1343.50,1366.80,1337.60,1353.85,1351.90,1345.30,,1353.80,,,37363,50370067.00,2176,F1,1,,,,,
2026-06-12,2026-06-12,CM,BSE,STK,543962,INE864X01013,DPWIRES,B,,,,,D.P. WIRES LIMITED,172.50,180.00,172.50,178.85,180.00,172.25,,177.03,,,1291,228758.00,105,F1,1,,,,,
2026-06-12,2026-06-12,CM,BSE,STK,543963,INE013V01011,SHELTER,M,,,,,SHELTER PHARMA LIMITED,29.05,29.99,29.00,29.20,29.20,30.10,,29.20,,,51000,1497630.00,14,F1,3000,,,,,
2026-06-12,2026-06-12,CM,BSE,STK,543965,INE395N01027,TVSSCS,A,,,,,TVS Supply Chain Solutions Lim,122.00,131.55,121.50,131.55,131.55,119.60,,132.24,,,68627,8822674.00,630,F1,1,,,,,
2026-06-12,2026-06-12,CM,BSE,STK,543969,INE0MIS01010,PYRAMID,B,,,,,Pyramid Technoplast Limited,160.05,169.65,160.05,168.25,168.00,163.25,,168.06,,,2534,421597.00,78,F1,1,,,,,
2026-06-12,2026-06-12,CM,BSE,STK,543970,INE0OJZ01019,SHOORA,MT,,,,,Shoora Designs Limited,76.19,76.19,76.19,76.19,76.19,74.70,,76.19,,,1500,114285.00,1,F1,1500,,,,,
2026-06-12,2026-06-12,CM,BSE,STK,543971,INE0Q8P01029,BONDADA,M,,,,,Bondada Engineering Limited,320.00,324.00,315.20,321.70,324.00,314.10,,321.70,,,68200,21843530.00,262,F1,200,,,,,
2026-06-12,2026-06-12,CM,BSE,STK,543972,INE024001021,AEROFLEX,B,,,,,Aeroflex Industries Limited,419.00,449.70,419.00,448.50,449.70,408.85,,448.15,,,272168,119271711.00,3862,F1,1,,,,,
2026-06-12,2026-06-12,CM,BSE,STK,543974,INE0AE001013,VPRPL,T,,,,,VISHNU PRAKASH R PUNGLIA LIMIT,23.99,26.51,23.99,26.51,26.51,25.25,,26.47,,,183996,4631381.00,814,F1,1,,,,,
2026-06-12,2026-06-12,CM,BSE,STK,543976,INE489B01031,SHRAAITECH,X,,,,,Shradha AI Technologies Limite,26.92,27.48,26.57,27.20,27.35,26.91,,27.20,,,14539,394725.00,142,F1,1,,,,,
2026-06-12,2026-06-12,CM,BSE,STK,543977,INE0N2P01017,RISHABH,B,,,,,Rishabh Instruments Limited,543.00,559.35,537.45,556.60,553.80,535.60,,556.45,,,15298,8452685.00,745,F1,1,,,,,
2026-06-12,2026-06-12,CM,BSE,STK,543978,INE05CZ01011,RATNAVEER,B,,,,,Ratnaveer Precision Engineerin,162.30,166.15,160.50,164.05,163.80,160.95,,164.29,,,54576,8902589.00,646,F1,1,,,,,
2026-06-12,2026-06-12,CM,BSE,STK,543979,INE04T901017,KAHAN,M,,,,,Kahan Packaging Limited,40.00,40.00,40.00,40.00,40.00,40.00,,40.00,,,4800,192000.00,2,F1,1600,,,,,
2026-06-12,2026-06-12,CM,BSE,STK,543980,INE682M01012,JLHL,A,,,,,Jupiter Life Line Hospitals Li,1321.60,1335.90,1308.00,1316.35,1317.00,1316.05,,1315.80,,,999,1321182.00,167,F1,1,,,,,
2026-06-12,2026-06-12,CM,BSE,STK,543981,INE777K01022,RRKABEL,A,,,,,R R KABEL LIMITED,2136.95,2216.75,2136.95,2168.65,2166.00,2125.70,,2168.20,,,14947,32576236.00,1014,F1,1,,,,,
2026-06-12,2026-06-12,CM,BSE,STK,543982,INE0OYE01013,QUESTFLOW,MT,,,,,QUEST FLOW CONTROLS LIMITED,208.85,208.85,208.55,208.55,208.55,212.80,,208.55,,,6200,1293520.00,18,F1,200,,,,,
2026-06-12,2026-06-12,CM,BSE,STK,543983,INE0OV601013,EMSLIMITED,B,,,,,EMS LIMITED,297.55,305.95,297.55,304.00,305.30,298.50,,304.15,,,11450,3469056.00,421,F1,1,,,,,
2026-06-12,2026-06-12,CM,BSE,STK,543984,INE08U801020,SAMHI,A,,,,,Samhi Hotels Limited,162.95,164.20,160.40,163.85,163.85,159.90,,163.50,,,33400,5410552.00,458,F1,1,,,,,
2026-06-12,2026-06-12,CM,BSE,STK,543985,INE07K301024,ZAGGLE,A,,,,,ZAGGLE PREPAID OCEAN SERVICES,198.25,210.60,197.90,209.15,209.15,195.05,,208.81,,,119198,24391601.00,1524,F1,1,,,,,
2026-06-12,2026-06-12,CM,BSE,STK,543986,INE980Y01015,SOUTHWEST,B,,,,,South West Pinnacle Exploratio,248.00,250.25,231.50,242.50,243.00,241.95,,242.50,,,47327,11338228.00,812,F1,1,,,,,
2026-06-12,2026-06-12,CM,BSE,STK,543988,INE531F01023,NUVAMA,A,,,,,Nuvama Wealth Management Limit,1567.10,1598.45,1528.00,1586.90,1585.85,1509.65,,1588.10,,,11386,17771154.00,1278,F1,1,,,,,
2026-06-12,2026-06-12,CM,BSE,STK,543989,INE438K01021,KALAMANDIR,B,,,,,Sai Silks (Kalamandir) Limited,105.55,107.25,102.90,106.75,106.55,103.35,,106.25,,,69767,7362924.00,542,F1,1,,,,,
2026-06-12,2026-06-12,CM,BSE,STK,543990,INE903U01023,SIGNATURE,A,,,,,SIGNATUREGLOBAL (INDIA) LIMITE,778.55,787.00,754.15,774.90,775.85,778.15,,776.25,,,28261,21704165.00,1135,F1,1,,,,,
2026-06-12,2026-06-12,CM,BSE,STK,543991,INE0P4P01011,TECHKGREEN,M,,,,,TECHKNOWGREEN SOLUTIONS LIMITE,140.20,142.90,140.00,141.05,142.90,142.90,,141.05,,,1200,169240.00,3,F1,400,,,,,
2026-06-12,2026-06-12,CM,BSE,STK,543992,INE0JR601024,YATRA,B,,,,,YATRA ONLINE LIMITED,98.15,103.80,98.10,103.10,102.95,96.60,,103.14,,,214811,21891406.00,1627,F1,1,,,,,
2026-06-12,2026-06-12,CM,BSE,STK,543993,INE372M01010,ARCL,X,,,,,ARCL Organics Ltd,176.70,182.05,175.00,182.00,182.00,177.05,,182.00,,,760,135258.00,21,F1,1,,,,,
2026-06-12,2026-06-12,CM,BSE,STK,543994,INE880J01026,JSWINFRA,A,,,,,JSW Infrastructure Limited,277.25,294.60,277.25,290.80,290.80,275.65,,291.00,,,516296,148917356.00,5761,F1,1,,,,,
2026-06-12,2026-06-12,CM,BSE,STK,543995,INE0KNT01012,MVGJL,B,,,,,MANOJ VAIBHAV GEMS 'N' JEWELLE,149.00,154.80,144.30,146.65,146.75,143.85,,146.20,,,2155,314950.00,75,F1,1,,,,,
2026-06-12,2026-06-12,CM,BSE,STK,543996,INE851I01011,UDS,B,,,,,Updater Services Limited,186.85,191.20,181.15,182.50,183.00,183.90,,182.55,,,36030,6676414.00,473,F1,1,,,,,
2026-06-12,2026-06-12,CM,BSE,STK,543997,INE0MIO01019,ORGANICREC,M,,,,,ORGANIC RECYCLING SYSTEMS LIMI,231.05,231.55,229.50,229.85,229.75,230.80,,229.85,,,63600,14641680.00,76,F1,600,,,,,
2026-06-12,2026-06-12,CM,BSE,STK,543998,INE0JWS01017,VALIANTLAB,T,,,,,Valiant Laboratories Limited,67.20,69.90,67.20,69.80,69.05,67.18,,68.19,,,1468,101586.00,20,F1,1,,,,,
2026-06-12,2026-06-12,CM,BSE,STK,543999,INF769K01KT9,SENSEXETF,A,,,,,Mirae Asset Mutual Fund,76.69,77.73,76.43,77.70,77.73,75.93,,77.55,,,20724,1597231.00,56,F1,1,,,,,
2026-06-12,2026-06-12,CM,BSE,STK,544000,INE0M7501019,CCAL,MT,,,,,CITY CROPS AGRO LIMITED,26.62,26.62,26.62,26.62,26.62,25.36,,26.62,,,18000,479160.00,3,F1,6000,,,,,
2026-06-12,2026-06-12,CM,BSE,STK,544001,INE0Q1S01010,SUNITATOOL,MT,,,,,Sunita Tools Limited,693.20,718.00,693.20,710.35,717.00,696.35,,710.35,,,19375,13539331.00,79,F1,125,,,,,
2026-06-12,2026-06-12,CM,BSE,STK,544002,INE0PA601017,VIVAA,MT,,,,,Vivaa Tradecom Limited,52.00,52.00,52.00,52.00,52.00,52.00,,52.00,,,2000,104000.00,1,F1,2000,,,,,
2026-06-12,2026-06-12,CM,BSE,STK,544003,INE0INJ01017,PLAZACABLE,T,,,,,Plaza Wires Limited,46.50,47.45,46.00,47.00,47.00,46.95,,46.79,,,6342,293149.00,46,F1,1,,,,,
2026-06-12,2026-06-12,CM,BSE,STK,544004,INE07U701015,IRMENERGY,B,,,,,IRM ENERGY LIMITED,249.85,255.80,246.35,255.30,255.45,244.35,,255.40,,,12171,3047930.00,157,F1,1,,,,,
2026-06-12,2026-06-12,CM,BSE,STK,544006,INF769K01KV5,ITETF,B,,,,,Mirae Asset Mutual Fund,30.00,30.00,29.29,29.41,29.41,29.46,,29.41,,,24082,709334.00,193,F1,1,,,,,
2026-06-12,2026-06-12,CM,BSE,STK,544007,INF769K01KU7,ALPHAETF,B,,,,,Mirae Asset Mutual Fund,25.36,25.58,25.20,25.57,25.57,24.88,,25.61,,,10046,254120.00,28,F1,1,,,,,
2026-06-12,2026-06-12,CM,BSE,STK,544008,INE03EI01018,MAXESTATES,B,,,,,Max Estates Limited,437.10,437.10,425.95,432.15,433.00,429.10,,431.75,,,3675,1586950.00,100,F1,1,,,,,
2026-06-12,2026-06-12,CM,BSE,STK,544009,INE0KBH01020,BLUEJET,A,,,,,Blue Jet Healthcare Limited,504.45,520.00,495.50,512.65,512.65,498.45,,512.50,,,61050,31237674.00,2598,F1,1,,,,,
2026-06-12,2026-06-12,CM,BSE,STK,544012,INE0LMW01024,CELLO,A,,,,,Cello World Limited,377.05,380.00,371.00,377.15,377.15,371.45,,377.30,,,14682,5498787.00,1557,F1,1,,,,,
2026-06-12,2026-06-12,CM,BSE,STK,544014,INE0J5401028,HONASA,A,,,,,Honasa Consumer Limited,424.50,426.10,411.80,413.40,413.30,417.80,,413.65,,,603085,255321325.00,2447,F1,1,,,,,
2026-06-12,2026-06-12,CM,BSE,STK,544015,INE0QI101019,MISHDESIGN,M,,,,,Mish Designs Limited,34.81,34.81,34.20,34.20,34.20,33.16,,34.20,,,1500,51905.00,3,F1,500,,,,,
2026-06-12,2026-06-12,CM,BSE,STK,544020,INE818W01011,ESAFSFB,B,,,,,ESAF Small Finance Bank Ltd,26.70,28.63,26.70,28.52,28.50,26.58,,28.48,,,37662,1052037.00,371,F1,1,,,,,
2026-06-12,2026-06-12,CM,BSE,STK,544021,INE004A01022,PROTEAN,A,,,,,Protean eGov Technologies Limi,600.75,626.00,592.85,617.20,617.20,588.35,,617.40,,,19555,11938256.00,962,F1,1,,,,,
2026-06-12,2026-06-12,CM,BSE,STK,544022,INE491J01022,ASKAUTOLTD,B,,,,,ASK Automotive Limited,427.05,434.50,425.00,428.65,428.65,422.80,,429.35,,,2891,1239009.00,195,F1,1,,,,,
2026-06-12,2026-06-12,CM,BSE,STK,544023,INE0N6U01018,KALYANI,MT,,,,,Kalyani Cast-Tech Limited,553.50,553.50,531.00,545.20,545.10,530.00,,545.20,,,9750,5265450.00,39,F1,250,,,,,
2026-06-12,2026-06-12,CM,BSE,STK,544025,INE0PP401015,ARROWHEAD,M,,,,,Arrowhead Seperation Engineeri,70.00,70.00,70.00,70.00,70.00,70.00,,70.00,,,600,42000.00,1,F1,600,,,,,
2026-06-12,2026-06-12,CM,BSE,STK,544026,INE202E01016,IREDA,A,,,,,Indian Renewable Energy Develo,120.00,122.95,119.90,122.10,122.10,118.30,,122.13,,,492615,59581077.00,4435,F1,1,,,,,
2026-06-12,2026-06-12,CM,BSE,STK,544027,INE007N01010,FEDFINA,B,,,,,Fedbank Financial Services Lim,150.50,153.40,148.60,152.40,152.40,149.45,,152.75,,,68564,10387160.00,2413,F1,1,,,,,
2026-06-12,2026-06-12,CM,BSE,STK,544028,INE142M01025,TATATECH,A,,,,,Tata Technologies Limited,744.50,763.25,737.80,760.90,760.90,730.35,,761.00,,,551090,411140055.00,3616,F1,1,,,,,
2026-06-12,2026-06-12,CM,BSE,STK,544029,INE717W01049,GANDHAR,B,,,,,Gandhar Oil Refinery (India) L,158.00,160.95,156.25,159.90,159.90,155.55,,159.50,,,27427,4337813.00,410,F1,1,,,,,
2026-06-12,2026-06-12,CM,BSE,STK,544030,INE00Y201027,FLAIR,B,,,,,Flair Writing Industries Limit,275.90,276.60,261.70,270.50,273.10,267.75,,270.45,,,92980,25329398.00,533,F1,1,,,,,
2026-06-12,2026-06-12,CM,BSE,STK,544035,INE0RDR01012,SPL,M,,,,,Swashthik Plascon Limited,22.00,22.00,22.00,22.00,22.00,22.00,,22.00,,,8000,176000.00,5,F1,1600,,,,,
2026-06-12,2026-06-12,CM,BSE,STK,544036,INE0RDM01013,DEEPAKCHEM,M,,,,,DEEPAK CHEMTEX LIMITED,75.60,77.10,73.01,75.80,76.20,79.59,,75.80,,,26400,1979064.00,28,F1,800,,,,,
2026-06-12,2026-06-12,CM,BSE,STK,544037,INE0P9J01013,AMIC,M,,,,,Amic Forging Limited,1650.00,1674.95,1643.00,1646.35,1651.00,1630.15,,1646.35,,,18900,31328600.00,111,F1,100,,,,,
2026-06-12,2026-06-12,CM,BSE,STK,544042,INE0KQN01018,BAJEL,B,,,,,Bajel Projects Limited,193.60,199.05,193.60,198.45,199.00,194.55,,198.49,,,16843,3308072.00,372,F1,1,,,,,
2026-06-12,2026-06-12,CM,BSE,STK,544043,INF251K01SU9,BBNPPGOLD,E,,,,,BARODA BNP PARIBAS MUTUAL FUND,142.75,143.05,142.00,142.98,142.98,140.08,,143.40,,,471,67122.00,12,F1,1,,,,,
2026-06-12,2026-06-12,CM,BSE,STK,544044,INE922K01024,INDIASHLTR,A,,,,,India Shelter Finance Corporat,738.30,828.90,734.00,798.75,786.70,728.65,,793.55,,,511653,376089307.00,854,F1,1,,,,,
2026-06-12,2026-06-12,CM,BSE,STK,544045,INE321T01012,DOMS,A,,,,,DOMS Industries Limited,2289.80,2321.05,2251.10,2288.35,2282.00,2255.30,,2290.80,,,9862,22498491.00,946,F1,1,,,,,
2026-06-12,2026-06-12,CM,BSE,STK,544046,INE616N01034,INOXINDIA,A,,,,,INOX India Limited,1876.00,1927.50,1797.85,1807.70,1807.00,1849.90,,1808.20,,,48371,89713458.00,3206,F1,1,,,,,
2026-06-12,2026-06-12,CM,BSE,STK,544047,INE0QSK01017,SIYARAM,MT,,,,,Siyaram Recycling Industries L,34.15,34.50,33.03,33.64,33.36,34.16,,33.64,,,55500,1876065.00,30,F1,1500,,,,,
2026-06-12,2026-06-12,CM,BSE,STK,544052,INE0Q2Z01013,BENCHMARK,MT,,,,,Benchmark Computer Solutions L,33.50,35.50,33.50,35.45,35.40,34.39,,35.45,,,28000,945800.00,3,F1,2000,,,,,
2026-06-12,2026-06-12,CM,BSE,STK,544053,INE0FRK01020,MOTISONS,B,,,,,Motisons Jewellers Limited,13.68,15.22,13.29,14.80,14.80,13.21,,14.79,,,3541129,50845869.00,5293,F1,1,,,,,
2026-06-12,2026-06-12,CM,BSE,STK,544054,INE843S01025,SURAJEST,B,,,,,Suraj Estate Developers Limite,190.00,191.00,186.20,189.00,188.10,186.60,,189.60,,,3530,665199.00,98,F1,1,,,,,
2026-06-12,2026-06-12,CM,BSE,STK,544055,INE046W01019,MUTHOOTMF,B,,,,,Muthoot Microfin Limited,182.80,188.60,180.50,187.25,188.55,180.45,,187.60,,,5509,1013939.00,253,F1,1,,,,,
2026-06-12,2026-06-12,CM,BSE,STK,544057,INE330T01021,HAPPYFORGE,B,,,,,Happy Forgings Limited,1370.00,1370.00,1324.10,1330.95,1330.60,1351.00,,1331.80,,,6899,9244572.00,701,F1,1,,,,,
2026-06-12,2026-06-12,CM,BSE,STK,544058,INE220Q01020,MUFTI,B,,,,,Credo Brands Marketing Limited,85.86,88.98,85.86,87.61,87.62,84.09,,88.10,,,7924,695357.00,168,F1,1,,,,,
2026-06-12,2026-06-12,CM,BSE,STK,544059,INE0QZQ01019,SHANTIDENM,M,,,,,SHANTI SPINTEX LIMITED,40.55,40.55,40.00,40.00,40.00,40.55,,40.00,,,6000,241100.00,3,F1,2000,,,,,
2026-06-12,2026-06-12,CM,BSE,STK,544060,INE0PEQ01016,RBZJEWEL,B,,,,,RBZ Jewellers Limited,130.15,135.00,129.50,134.00,134.75,129.50,,134.50,,,4180,551899.00,99,F1,1,,,,,
2026-06-12,2026-06-12,CM,BSE,STK,544061,INE02IJ01035,AZAD,A,,,,,Azad Engineering Limited,2151.75,2177.00,2108.90,2146.10,2127.00,2105.35,,2149.90,,,25164,53679212.00,2115,F1,1,,,,,
2026-06-12,2026-06-12,CM,BSE,STK,544066,INE0Q3R01026,SUNCLAY,B,,,,,SUNDARAM-CLAYTON LIMITED,1335.00,1384.50,1332.20,1359.55,1365.00,1318.65,,1366.30,,,478,643928.00,173,F1,1,,,,,
2026-06-12,2026-06-12,CM,BSE,STK,544067,INE0DUT01020,INNOVACAP,B,,,,,INNOVA CAPTAB LIMITED,957.00,974.00,939.10,941.00,941.00,951.25,,942.30,,,8372,8010204.00,585,F1,1,,,,,
2026-06-12,2026-06-12,CM,BSE,STK,544072,INE0QFT01015,AIKPIPES,MT,,,,,AIK Pipes and Polymers Limited,21.86,23.50,21.85,23.50,23.50,23.00,,23.50,,,6400,141192.00,6,F1,800,,,,,
2026-06-12,2026-06-12,CM,BSE,STK,544073,INE0A6N01026,MCPL,MT,,,,,Manoj Ceramic Limited,103.90,105.72,103.90,105.59,105.00,100.69,,105.59,,,39000,4112030.00,17,F1,1000,,,,,
2026-06-12,2026-06-12,CM,BSE,STK,544074,INE0RNZ01014,SBVCL,M,,,,,Shri Balaji Valve Components L,104.75,110.00,104.75,105.50,105.50,107.95,,105.50,,,4800,512310.00,8,F1,600,,,,,
2026-06-12,2026-06-12,CM,BSE,STK,544079,INE0PSC01024,DIGIDRIVE,B,,,,,DIGIDRIVE DISTRIBUTORS LIMITED,18.50,18.50,17.40,18.08,18.09,17.76,,17.98,,,7260,126696.00,33,F1,1,,,,,
2026-06-12,2026-06-12,CM,BSE,STK,544081,INE980O01024,JYOTICNC,A,,,,,Jyoti CNC Automation Limited,643.95,687.00,639.60,678.55,678.55,633.60,,681.45,,,233231,155402969.00,5520,F1,1,,,,,
2026-06-12,2026-06-12,CM,BSE,STK,544082,INE0GEN01012,SWANAGRO,M,,,,,New Swan Multitech Limited,41.49,41.49,41.49,41.49,41.49,41.50,,41.49,,,2000,82980.00,1,F1,2000,,,,,
2026-06-12,2026-06-12,CM,BSE,STK,544088,INE456Z01021,MEDIASSIST,A,,,,,Medi Assist Healthcare Service,353.00,385.15,351.65,373.35,369.80,346.80,,373.00,,,12515,4687894.00,518,F1,1,,,,,
2026-06-12,2026-06-12,CM,BSE,STK,544089,INF0R8F01034,LIQUIDCASE,F,,,,,Zerodha Mutual Fund,115.00,115.00,114.51,114.52,114.52,114.48,,114.51,,,465977,53363532.00,391,F1,1,,,,,
2026-06-12,2026-06-12,CM,BSE,STK,544090,INE07G501017,SHPLPUNE,X,,,,,Sayaji Hotels (Pune) Limited,930.00,930.00,820.00,832.95,840.00,795.55,,832.95,,,200,168276.00,20,F1,1,,,,,
2026-06-12,2026-06-12,CM,BSE,STK,544091,INE0Q1R01012,QLL,M,,,,,Qualitek Labs Limited,395.00,412.00,390.00,410.05,412.00,397.00,,410.05,,,15600,6252780.00,26,F1,400,,,,,
2026-06-12,2026-06-12,CM,BSE,STK,544093,INF0QA701714,BANKBETF,B,,,,,Bajaj Finserv Mutual Fund,56.68,57.40,56.37,56.73,56.67,56.00,,57.31,,,3886,219884.00,37,F1,1,,,,,
2026-06-12,2026-06-12,CM,BSE,STK,544095,INE0G5901015,EPACK,A,,,,,EPACK Durable Limited,222.45,230.00,222.45,226.95,227.75,222.45,,227.39,,,59917,13632328.00,737,F1,1,,,,,
2026-06-12,2026-06-12,CM,BSE,STK,544100,INE02H701025,NOVAAGRI,T,,,,,Nova Agritech Limited,28.19,28.33,26.46,26.90,27.00,27.31,,27.09,,,3163,85487.00,46,F1,1,,,,,
2026-06-12,2026-06-12,CM,BSE,STK,544102,INF789F1AZD8,ITBETA,B,,,,,UTI Mutual Fund,291.03,294.63,291.03,294.63,294.63,295.72,,292.16,,,48,14113.00,9,F1,1,,,,,
2026-06-12,2026-06-12,CM,BSE,STK,544103,INF789F1AZE6,GILT5BETA,F,,,,,UTI Mutual Fund,65.84,65.84,64.92,64.92,64.92,65.85,,64.92,,,44,2857.00,3,F1,1,,,,,
2026-06-12,2026-06-12,CM,BSE,STK,544105,INE0OLZ01015,HARSHDEEP,M,,,,,HARSHDEEP HORTICO LIMITED,79.50,81.00,79.50,81.00,81.00,80.28,,81.00,,,4500,360750.00,3,F1,1500,,,,,
2026-06-12,2026-06-12,CM,BSE,STK,544106,INE0R5Z01015,MCFL,M,,,,,Mayank Cattle Food Limited,201.15,201.15,199.30,199.65,199.50,200.95,,199.65,,,36000,7206300.00,25,F1,600,,,,,
2026-06-12,2026-06-12,CM,BSE,STK,544107,INE0NLT01010,BLSE,B,,,,,BLS E-Services Limited,223.60,231.00,223.60,227.90,227.50,225.40,,228.37,,,11021,2510814.00,263,F1,1,,,,,
2026-06-12,2026-06-12,CM,BSE,STK,544108,INE0QZF01012,GPSL,M,,,,,Gabriel Pet Straps Limited,86.70,93.50,86.70,89.05,90.95,91.25,,89.05,,,107400,9542790.00,146,F1,600,,,,,
2026-06-12,2026-06-12,CM,BSE,STK,544109,INF740KA1UF4,HEALTHADD,B,,,,,DSP Mutual Fund,156.45,156.45,156.45,156.45,156.45,155.68,,156.56,,,100,15645.00,1,F1,1,,,,,
2026-06-12,2026-06-12,CM,BSE,STK,544110,INF179KC1HW4,HDFCPSUBK,B,,,,,HDFC Mutual Fund,85.51,86.73,85.00,86.25,86.20,83.98,,86.46,,,2810,240948.00,95,F1,1,,,,,
2026-06-12,2026-06-12,CM,BSE,STK,544111,INE988S01028,PARKHOTELS,B,,,,,Apeejay Surrendra Park Hotels,114.90,116.90,113.45,116.10,116.90,112.95,,116.23,,,9043,1039283.00,185,F1,1,,,,,
2026-06-12,2026-06-12,CM,BSE,STK,544112,INE0QXV01014,JGTL,X,,,,,JASCH GAUGING TECHNOLOGIES LIM,529.00,529.00,495.10,501.45,495.10,492.30,,501.45,,,348,178483.00,35,F1,1,,,,,
2026-06-12,2026-06-12,CM,BSE,STK,544117,INE0KGZ01021,SIGNPOST,B,,,,,Signpost India Limited,283.05,283.05,257.90,260.80,262.90,278.75,,260.70,,,12791,3417533.00,349,F1,1,,,,,
2026-06-12,2026-06-12,CM,BSE,STK,544118,INE953L01027,JSFB,A,,,,,JANA SMALL FINANCE BANK LIMITE,467.00,483.00,463.85,479.60,474.05,461.80,,479.75,,,8841,4196244.00,243,F1,1,,,,,
2026-06-12,2026-06-12,CM,BSE,STK,544119,INE0J1F01024,RPTECH,B,,,,,Rashi Peripherals Limited,545.50,559.50,541.60,558.60,558.50,529.75,,558.40,,,8390,4624812.00,298,F1,1,,,,,
2026-06-12,2026-06-12,CM,BSE,STK,544120,INE646H01017,CAPITALSFB,B,,,,,Capital Small Finance Bank Ltd,286.00,286.00,278.00,282.05,280.55,276.95,,281.80,,,2385,671892.00,343,F1,1,,,,,
2026-06-12,2026-06-12,CM,BSE,STK,544121,INE0OYK01010,RUDRAGAS,M,,,,,Rudra Gas Enterprise Limited,73.00,73.50,73.00,73.01,73.01,73.13,,73.01,,,3000,219510.00,3,F1,1000,,,,,
2026-06-12,2026-06-12,CM,BSE,STK,544122,INE010601016,ENTERO,B,,,,,Entero Healthcare Solutions Li,1134.25,1143.15,1124.75,1135.75,1126.00,1118.35,,1136.70,,,1835,2080640.00,139,F1,1,,,,,
2026-06-12,2026-06-12,CM,BSE,STK,544123,INF767K01RN1,LICNMID100,B,,,,,LIC Mutual Fund,60.18,60.77,60.12,60.77,60.77,59.94,,60.91,,,336,20347.00,10,F1,1,,,,,
2026-06-12,2026-06-12,CM,BSE,STK,544124,INE0QTF01015,VSTL,B,,,,,VIBHOR STEEL TUBES LIMITED,119.80,121.00,117.85,120.30,121.00,120.80,,120.37,,,676,80000.00,29,F1,1,,,,,
2026-06-12,2026-06-12,CM,BSE,STK,544129,INE696F01016,JUNIPER,B,,,,,Juniper Hotels Limited,196.50,197.85,192.55,195.30,195.00,193.05,,195.25,,,7805,1527630.00,167,F1,1,,,,,
2026-06-12,2026-06-12,CM,BSE,STK,544130,INF769K01LC3,SMALLCAP,B,,,,,Mirae Asset Mutual Fund,44.10,44.99,44.10,44.93,44.93,43.77,,44.93,,,127784,5692538.00,394,F1,1,,,,,
2026-06-12,2026-06-12,CM,BSE,STK,544131,INE486R01017,GPTHEALTH,B,,,,,GPT Healthcare Limited,147.70,149.60,146.00,148.10,148.90,144.45,,148.16,,,5992,885887.00,114,F1,1,,,,,
2026-06-12,2026-06-12,CM,BSE,STK,544132,INF0R8F01042,GOLDCASE,E,,,,,Zerodha Mutual Fund,23.13,23.30,22.99,23.21,23.30,22.68,,23.20,,,334210,7726393.00,1192,F1,1,,,,,
2026-06-12,2026-06-12,CM,BSE,STK,544133,INE777F01014,EXICOM,B,,,,,EXICOM TELE-SYSTEMS LIMITED,138.40,144.30,137.60,141.90,141.90,136.15,,141.78,,,210679,29827557.00,1782,F1,1,,,,,
2026-06-12,2026-06-12,CM,BSE,STK,544134,INE0PT501018,PLATIND,B,,,,,Platinum Industries Limited,220.50,225.00,216.60,223.75,223.15,215.20,,224.85,,,4272,933422.00,94,F1,1,,,,,
2026-06-12,2026-06-12,CM,BSE,STK,544135,INE0CG401037,MUKKA,B,,,,,Mukka Proteins Limited,21.12,23.20,21.12,22.75,22.75,21.12,,22.80,,,128896,2935209.00,517,F1,1,,,,,
2026-06-12,2026-06-12,CM,BSE,STK,544136,INE0NQ801033,RKSWAMY,B,,,,,R K Swamy Limited,98.50,99.81,97.76,98.92,98.51,97.98,,99.54,,,2388,236390.00,207,F1,1,,,,,
2026-06-12,2026-06-12,CM,BSE,STK,544137,INE0NHL23019,INDUSINVIT,IF,,,,,Indus Infra Trust,126.90,126.90,125.00,125.17,125.28,125.36,,125.34,,,12394,1555701.00,368,F1,1,,,,,
2026-06-12,2026-06-12,CM,BSE,STK,544138,INE0MB501011,JGCHEM,B,,,,,J.G.Chemicals Limited,436.80,438.05,426.65,432.65,427.85,425.15,,429.40,,,7619,3296858.00,284,F1,1,,,,,
2026-06-12,2026-06-12,CM,BSE,STK,544139,INE0M8R01011,KOURA,M,,,,,KOURA FINE DIAMOND JEWELRY LIM,35.35,35.35,35.35,35.35,35.35,35.00,,35.35,,,2000,70700.00,1,F1,2000,,,,,
2026-06-12,2026-06-12,CM,BSE,STK,544140,INE0L9R01028,GOPAL,B,,,,,Gopal Snacks Limited,295.00,295.00,281.00,283.35,285.05,279.55,,283.25,,,9015,2549399.00,91,F1,1,,,,,
2026-06-12,2026-06-12,CM,BSE,STK,544141,INE510U01018,PESB,MT,,,,,Pune E - Stock Broking Limited,271.00,279.00,271.00,278.70,278.70,272.00,,278.70,,,3200,880560.00,4,F1,800,,,,,
2026-06-12,2026-06-12,CM,BSE,STK,544142,INE0PB301013,SCILAL,B,,,,,Shipping Corporation of India,43.94,45.45,43.89,44.79,44.80,43.42,,44.92,,,26796,1189233.00,158,F1,1,,,,,
2026-06-12,2026-06-12,CM,BSE,STK,544143,INE0QQG01019,ROYAL,M,,,,,Royal Sense Limited,106.00,106.00,102.00,102.00,102.00,105.00,,102.00,,,7500,785000.00,11,F1,500,,,,,
2026-06-12,2026-06-12,CM,BSE,STK,544144,INE772T01024,PVSL,B,,,,,Popular Vehicles and Services,95.00,95.00,93.37,94.24,93.90,93.06,,94.60,,,582,54645.00,61,F1,1,,,,,
2026-06-12,2026-06-12,CM,BSE,STK,544149,INE0QN801017,KRYSTAL,B,,,,,KRYSTAL INTEGRATED SERVICES LI,581.65,581.70,575.00,575.20,575.50,575.20,,576.30,,,1753,1009571.00,94,F1,1,,,,,
2026-06-12,2026-06-12,CM,BSE,STK,544150,INE0QVH01025,KPGEL,M,,,,,KP GREEN ENGINEERING LIMITED,359.00,368.00,358.50,365.20,365.90,353.20,,365.20,,,35500,12874500.00,111,F1,250,,,,,
2026-06-12,2026-06-12,CM,BSE,STK,544151,INE0AH901011,CHATHA,M,,,,,CHATHA FOODS LIMITED,78.00,78.00,72.00,75.00,75.00,72.00,,75.00,,,19000,1434470.00,19,F1,1000,,,,,
2026-06-12,2026-06-12,CM,BSE,STK,544156,INE0QHY01011,GCONNECT,M,,,,,Gconnect Logitech and Supply C,10.80,12.90,10.80,12.90,12.90,12.00,,12.90,,,7500,84150.00,5,F1,1500,,,,,
2026-06-12,2026-06-12,CM,BSE,STK,544157,INE0OMZ01013,VRUDDHI,M,,,,,Vruddhi Engineering Works Limi,230.00,230.00,225.00,225.00,225.00,245.00,,225.00,,,1000,227500.00,2,F1,500,,,,,
2026-06-12,2026-06-12,CM,BSE,STK,544158,INE0R6Z01013,SRM,B,,,,,SRM CONTRACTORS LIMITED,475.95,485.60,470.70,484.10,485.60,465.50,,480.95,,,5811,2775159.00,232,F1,1,,,,,
2026-06-12,2026-06-12,CM,BSE,STK,544159,INF740KA1UM0,LIQUIDADD,F,,,,,DSP BSE Liquid Rate ETF,1130.96,1130.98,1130.96,1130.96,1130.96,1130.51,,1130.96,,,26380,29834747.00,24,F1,1,,,,,
2026-06-12,2026-06-12,CM,BSE,STK,544160,INE0MSS01019,JAYKAILASH,MT,,,,,Jay Kailash Namkeen Limited,44.22,44.23,43.83,43.83,43.83,46.13,,43.83,,,81600,3583088.00,49,F1,1600,,,,,
2026-06-12,2026-06-12,CM,BSE,STK,544161,INE266Y01019,DPABHUSHAN,B,,,,,D P ABHUSHAN LIMITED,902.90,902.90,872.00,898.20,895.60,882.80,,897.40,,,953,846742.00,157,F1,1,,,,,
2026-06-12,2026-06-12,CM,BSE,STK,544162,INE343G01021,BHARTIHEXA,A,,,,,Bharti Hexacom Limited,1480.55,1484.70,1453.45,1479.95,1479.00,1471.65,,1478.40,,,53208,78711049.00,351,F1,1,,,,,
2026-06-12,2026-06-12,CM,BSE,STK,544163,INE0S0701019,GVL,M,,,,,Greenhitech Ventures Limited,47.90,47.90,47.90,47.90,47.90,47.90,,47.90,,,1000,47900.00,1,F1,1000,,,,,
2026-06-12,2026-06-12,CM,BSE,STK,544164,INE0Q9W01015,FAALCON,M,,,,,Faalcon Concepts Limited,34.01,34.89,34.01,34.45,34.45,34.68,,34.45,,,6000,206700.00,3,F1,2000,,,,,
2026-06-12,2026-06-12,CM,BSE,STK,544165,INE0SGR01013,SHIVAM,M,,,,,SHIVAM CHEMICALS LIMITED,109.90,110.00,106.00,109.03,110.00,108.50,,109.03,,,18000,1943910.00,11,F1,1500,,,,,
2026-06-12,2026-06-12,CM,BSE,STK,544166,INE0SDC01012,EMMFORCE,M,,,,,EMMFORCE AUTOTECH LIMITED,113.70,120.00,112.00,114.00,114.00,111.50,,114.00,,,22800,2659380.00,18,F1,1200,,,,,
2026-06-12,2026-06-12,CM,BSE,STK,544167,INE0OAF01028,JNKINDIA,B,,,,,JNK India Limited,474.90,508.00,474.90,504.35,508.00,470.20,,504.05,,,125173,62286997.00,2623,F1,1,,,,,
2026-06-12,2026-06-12,CM,BSE,STK,544168,INE0R6801013,VARYAA,M,,,,,VARYAA CREATIONS LIMITED,27.21,27.70,27.21,27.70,27.70,30.00,,27.70,,,2000,54910.00,2,F1,1000,,,,,
2026-06-12,2026-06-12,CM,BSE,STK,544170,INE0QXT01018,DKUAL,M,,,,,Dolphin Kitchen Utensils and A,9.35,9.35,9.29,9.32,9.29,9.77,,9.32,,,10000,93180.00,5,F1,2000,,,,,
2026-06-12,2026-06-12,CM,BSE,STK,544171,INE0RGM01016,STAL,M,,,,,Storage Technologies and Autom,28.60,30.20,28.60,30.14,30.14,28.60,,30.14,,,13600,403912.00,17,F1,800,,,,,
2026-06-12,2026-06-12,CM,BSE,STK,544172,INE065X01017,INDGN,A,,,,,Indegene Limited,510.05,516.85,508.20,511.20,510.00,507.85,,510.40,,,38945,19881113.00,629,F1,1,,,,,
2026-06-12,2026-06-12,CM,BSE,STK,544174,INE673O01025,TBOTEK,A,,,,,TBO TEK LIMITED,1256.10,1370.00,1256.10,1361.20,1361.00,1255.25,,1353.30,,,14598,19130600.00,1208,F1,1,,,,,
2026-06-12,2026-06-12,CM,BSE,STK,544175,INE0SMU01015,TGIF,M,,,,,TGIF AGRIBUSINESS LIMITED,94.95,95.00,94.95,95.00,95.00,90.50,,95.00,,,3600,341940.00,3,F1,1200,,,,,
2026-06-12,2026-06-12,CM,BSE,STK,544176,INE883F01010,AADHARHFC,A,,,,,Aadhar Housing Finance Limited,460.95,476.00,459.00,473.90,473.00,454.00,,473.65,,,37198,17424688.00,2077,F1,1,,,,,
2026-06-12,2026-06-12,CM,BSE,STK,544177,INE0SCB01016,AZTEC,M,,,,,Aztec Fluids & Machinery Limit,85.01,86.00,85.01,86.00,86.00,86.80,,86.00,,,7000,597350.00,7,F1,1000,,,,,
2026-06-12,2026-06-12,CM,BSE,STK,544179,INE03JT01014,GODIGIT,A,,,,,Go Digit General Insurance Lim,297.10,302.40,293.95,300.55,299.70,297.10,,301.00,,,23402,6983839.00,614,F1,1,,,,,
2026-06-12,2026-06-12,CM,BSE,STK,544180,INF769K01LJ8,MIDSMALL,B,,,,,Mirae Asset Mutual Fund,49.79,50.29,49.39,50.23,50.27,49.08,,50.25,,,17105,850758.00,61,F1,1,,,,,
2026-06-12,2026-06-12,CM,BSE,STK,544181,INE108V01019,AWFIS,A,,,,,Awfis Space Solutions Limited,288.65,306.45,288.65,304.05,303.00,288.95,,303.10,,,17302,5156115.00,365,F1,1,,,,,
2026-06-12,2026-06-12,CM,BSE,STK,544182,INF0QA701854,LIQUIDBETF,F,,,,,Bajaj Finserv Mutual Fund,1085.78,1085.78,1085.77,1085.77,1085.77,1085.34,,1085.78,,,900,977194.00,2,F1,1,,,,,
2026-06-12,2026-06-12,CM,BSE,STK,544183,INE0RIQ01013,ASSOCIATED,M,,,,,Associated Coaters Limited,75.00,86.00,75.00,86.00,86.00,72.00,,86.00,,,5500,467440.00,8,F1,500,,,,,
2026-06-12,2026-06-12,CM,BSE,STK,544184,INE02L001032,BOROSCI,B,,,,,Borosil Scientific Limited,155.00,156.35,152.55,153.05,153.00,152.10,,152.99,,,8666,1336522.00,228,F1,1,,,,,
2026-06-12,2026-06-12,CM,BSE,STK,544185,INE257C01014,ADTECH,X,,,,,ADTECH SYSTEMS LIMITED,57.93,61.91,55.05,60.96,60.96,57.72,,60.96,,,4597,267029.00,42,F1,1,,,,,
2026-06-12,2026-06-12,CM,BSE,STK,544186,INE0TT901016,TOTEM,X,,,,,Forbes Precision Tools and Mac,148.95,148.95,143.10,146.05,146.05,143.95,,146.05,,,11912,1730606.00,220,F1,1,,,,,
2026-06-12,2026-06-12,CM,BSE,STK,544187,INE0ATZ01017,KRONOX,B,,,,,KRONOX LAB SCIENCES LIMITED,135.80,135.80,132.10,134.95,133.35,131.65,,134.60,,,3366,450461.00,196,F1,1,,,,,
2026-06-12,2026-06-12,CM,BSE,STK,544188,INE0QZ901011,MAGENTA,M,,,,,Magenta Lifecare Limited,9.50,9.50,8.70,8.70,8.70,9.10,,8.70,,,8000,72800.00,2,F1,4000,,,,,
2026-06-12,2026-06-12,CM,BSE,STK,544189,INE0QUV01010,SATTRIX,M,,,,,SATTRIX INFORMATION SECURITY L,365.00,374.00,365.00,374.00,374.00,363.90,,374.00,,,6500,2393000.00,9,F1,500,,,,,
2026-06-12,2026-06-12,CM,BSE,STK,544191,INE0CYK01015,PURPLEFIN,X,,,,,Purple Finance Limited,68.99,68.99,66.10,67.77,66.78,67.09,,67.77,,,99828,6730681.00,156,F1,1,,,,,
2026-06-12,2026-06-12,CM,BSE,STK,544192,INE0HV901016,IXIGO,A,,,,,Le Travenues Technology Limite,161.15,180.00,161.10,178.30,178.30,158.35,,178.22,,,374246,65253080.00,3803,F1,1,,,,,
2026-06-12,2026-06-12,CM,BSE,STK,544193,INF0R8F01059,MID150CASE,B,,,,,Zerodha Mutual Fund,10.95,11.18,10.95,11.15,11.18,10.94,,11.15,,,74585,826472.00,410,F1,1,,,,,
2026-06-12,2026-06-12,CM,BSE,STK,544194,INF0R8F01067,TOP100CASE,B,,,,,Zerodha Mutual Fund,10.17,10.32,10.15,10.32,10.32,10.14,,10.29,,,12203,124670.00,159,F1,1,,,,,
2026-06-12,2026-06-12,CM,BSE,STK,544195,INE0S0I01011,COTFAB,M,,,,,United Cotfab Limited,16.21,16.35,16.04,16.20,16.04,16.21,,16.20,,,8000,129280.00,4,F1,2000,,,,,
2026-06-12,2026-06-12,CM,BSE,STK,544197,INE03DD01011,RETAIL,B,,,,,JHS SVENDGAARD RETAIL VENTURES,18.79,19.45,17.92,18.38,18.38,17.36,,17.98,,,1867,34739.00,66,F1,1,,,,,
2026-06-12,2026-06-12,CM,BSE,STK,544198,INE841L01016,DEEDEV,T,,,,,DEE DEVELOPMENT ENGINEERS LIMI,620.00,661.95,620.00,661.95,661.95,630.45,,660.40,,,19340,12684050.00,386,F1,1,,,,,
2026-06-12,2026-06-12,CM,BSE,STK,544199,INE0RUJ01013,GEMENVIRO,M,,,,,GEM Enviro Management Limited,38.84,40.56,38.00,40.28,40.00,39.63,,40.28,,,5600,221088.00,7,F1,800,,,,,
2026-06-12,2026-06-12,CM,BSE,STK,544200,INE916Y01027,AFIL,T,,,,,Akme Fintrade (India) Limited,9.65,10.24,9.65,10.04,10.12,9.89,,10.13,,,61519,616982.00,76,F1,1,,,,,
2026-06-12,2026-06-12,CM,BSE,STK,544201,INE0S6R01027,DFPL,MT,,,,,DINDIGUL FARM PRODUCT LIMITED,16.61,17.20,16.61,17.20,17.20,16.64,,17.20,,,4000,67620.00,2,F1,2000,,,,,
2026-06-12,2026-06-12,CM,BSE,STK,544202,INE01A001028,STANLEY,B,,,,,STANLEY LIFESTYLES LIMITED,140.05,144.15,139.00,143.35,143.60,137.25,,142.94,,,9672,1370307.00,262,F1,1,,,,,
2026-06-12,2026-06-12,CM,BSE,STK,544203,INE552Z01027,ABDL,A,,,,,Allied Blenders and Distillers,615.00,647.10,609.85,644.75,644.75,608.35,,644.45,,,299334,187540220.00,3828,F1,1,,,,,
2026-06-12,2026-06-12,CM,BSE,STK,544204,INE0S2V01010,VRAJ,B,,,,,VRAJ IRON AND STEEL LIMITED,120.70,123.50,120.00,120.05,120.00,120.30,,120.26,,,1215,148100.00,210,F1,1,,,,,
2026-06-12,2026-06-12,CM,BSE,STK,544205,INE0PO601011,NPL,XT,,,,,National Peroxide Limited,560.00,570.00,548.00,555.00,550.00,551.45,,555.00,,,114,63733.00,18,F1,1,,,,,
2026-06-12,2026-06-12,CM,BSE,STK,544206,INF200KB1217,SBISILVER,E,,,,,SBI Mutual Fund,233.25,237.30,231.83,235.79,237.30,226.90,,235.53,,,130996,30676047.00,1315,F1,1,,,,,
2026-06-12,2026-06-12,CM,BSE,STK,544207,INE375Y01018,RELIABLE,B,,,,,Reliable Data Services Limited,145.05,147.00,143.15,146.65,146.65,144.05,,147.79,,,1139,165875.00,68,F1,1,,,,,
2026-06-12,2026-06-12,CM,BSE,STK,544209,INE0B9K01025,BANSALWIRE,B,,,,,Bansal Wire Industries Limited,294.35,305.00,290.95,303.20,304.40,288.55,,303.85,,,2230,661319.00,83,F1,1,,,,,
2026-06-12,2026-06-12,CM,BSE,STK,544210,INE168P01015,EMCURE,A,,,,,Emcure Pharmaceuticals Limited,1699.80,1745.00,1678.50,1734.25,1734.25,1682.60,,1736.20,,,2813,4803926.00,410,F1,1,,,,,
2026-06-12,2026-06-12,CM,BSE,STK,544212,INF769K01LQ3,EVINDIA,B,,,,,Mirae Asset Mutual Fund,30.49,30.98,30.33,30.83,30.86,30.22,,30.83,,,19462,598034.00,123,F1,1,,,,,
2026-06-12,2026-06-12,CM,BSE,STK,544213,INE0T3401029,ACLD,M,,,,,AELEA COMMODITIES LIMITED,149.10,153.65,149.10,152.35,152.40,148.90,,152.35,,,14400,2193510.00,23,F1,600,,,,,
2026-06-12,2026-06-12,CM,BSE,STK,544214,INE0UK501010,THREEMPAPE,M,,,,,THREE M PAPER BOARDS LIMITED,26.01,26.01,26.00,26.00,26.00,26.10,,26.00,,,48000,1248040.00,5,F1,2000,,,,,
2026-06-12,2026-06-12,CM,BSE,STK,544215,INF200KB1282,SBINEQWETF,B,,,,,SBI Mutual Fund,32.30,32.45,32.03,32.37,32.36,32.05,,32.38,,,897,28852.00,24,F1,1,,,,,
2026-06-12,2026-06-12,CM,BSE,STK,544216,INF109KC18W3,OILIETF,B,,,,,ICICI Prudential Mutual Fund,11.00,11.22,10.85,11.17,11.22,10.94,,11.19,,,34990,386717.00,114,F1,1,,,,,
2026-06-12,2026-06-12,CM,BSE,STK,544217,INE08NE01025,SANSTAR,B,,,,,SANSTAR LIMITED,116.60,117.25,112.00,116.60,116.60,111.55,,116.48,,,23623,2719604.00,736,F1,1,,,,,
2026-06-12,2026-06-12,CM,BSE,STK,544218,INF209KB19Z4,ABSLPSE,B,,,,,Aditya Birla Sun Life Mutual F,10.22,10.39,10.16,10.29,10.39,10.49,,10.29,,,15106,154405.00,155,F1,1,,,,,
2026-06-12,2026-06-12,CM,BSE,STK,544219,INE0MNP01016,VVIPIL,M,,,,,VVIP Infratech Limited,121.55,125.00,121.55,124.70,125.00,121.95,,124.70,,,6000,738810.00,9,F1,600,,,,,
2026-06-12,2026-06-12,CM,BSE,STK,544222,INE09XN01023,AKUMS,B,,,,,Akums Drugs and Pharmaceutical,614.10,633.55,614.10,622.95,623.40,608.65,,622.90,,,38684,24137251.00,1439,F1,1,,,,,
2026-06-12,2026-06-12,CM,BSE,STK,544223,INE0AG901020,CEIGALL,B,,,,,Ceigall India Limited,371.50,382.90,369.05,375.05,375.05,370.00,,375.05,,,47642,17970129.00,1645,F1,1,,,,,
2026-06-12,2026-06-12,CM,BSE,STK,544224,INE0OXY01013,AFCOM,M,,,,,Afcom Holdings Limited,903.20,949.90,888.00,945.60,945.60,892.30,,945.60,,,195000,180443550.00,937,F1,120,,,,,
2026-06-12,2026-06-12,CM,BSE,STK,544225,INE0LXG01040,OLAELEC,A,,,,,Ola Electric Mobility Limited,46.27,47.47,45.34,45.73,45.73,45.53,,45.74,,,7858003,363288507.00,18403,F1,1,,,,,
2026-06-12,2026-06-12,CM,BSE,STK,544226,INE02RE01045,FIRSTCRY,A,,,,,Brainbees Solutions Limited,214.05,217.90,213.60,216.80,217.20,212.55,,216.76,,,93454,20172682.00,1752,F1,1,,,,,
2026-06-12,2026-06-12,CM,BSE,STK,544227,INE00U401027,UNIECOM,B,,,,,UNICOMMERCE ESOLUTIONS LIMITED,91.60,94.50,89.06,90.23,90.23,91.13,,90.17,,,281043,25969006.00,2291,F1,1,,,,,
2026-06-12,2026-06-12,CM,BSE,STK,544229,INF109KC19W1,METALIETF,B,,,,,ICICI Prudential Mutual Fund,13.09,13.09,12.80,12.96,12.96,12.78,,12.95,,,271127,3507099.00,732,F1,1,,,,,
2026-06-12,2026-06-12,CM,BSE,STK,544230,INE0PQ101010,SSDL,B,,,,,SARASWATI SAREE DEPOT LIMITED,55.00,55.35,54.95,55.35,55.25,53.84,,54.98,,,651,35858.00,11,F1,1,,,,,
2026-06-12,2026-06-12,CM,BSE,STK,544232,INE00M901018,INTERARCH,B,,,,,Interarch Building Solutions L,1750.00,1801.20,1724.30,1796.20,1796.20,1719.65,,1792.80,,,5748,10233992.00,637,F1,1,,,,,
2026-06-12,2026-06-12,CM,BSE,STK,544233,INE0US801024,MFML,B,,,,,Mahalaxmi Fabric Mills Limited,23.00,23.00,22.30,22.30,22.30,23.11,,23.10,,,11,246.00,2,F1,1,,,,,
2026-06-12,2026-06-12,CM,BSE,STK,544234,INE0URU01010,GLOBALE,T,,,,,Globale Tessile Limited,11.40,11.97,11.30,11.97,11.97,11.40,,11.99,,,17,197.00,4,F1,1,,,,,
2026-06-12,2026-06-12,CM,BSE,STK,544235,INE0PPK01015,ORIENTTECH,B,,,,,Orient Technologies Limited,248.00,254.20,245.95,252.50,252.50,245.50,,253.20,,,9016,2262575.00,226,F1,1,,,,,
2026-06-12,2026-06-12,CM,BSE,STK,544236,INE0SK201011,RAL,MT,,,,,Resourceful Automobile Limited,43.76,43.76,43.76,43.76,43.76,43.76,,43.76,,,1200,52512.00,1,F1,1200,,,,,
2026-06-12,2026-06-12,CM,BSE,STK,544238,INE0BS701011,PREMIERENE,A,,,,,Premier Energies Limited,1062.30,1084.55,1026.00,1035.30,1035.30,1053.95,,1034.60,,,601589,647184364.00,3056,F1,1,,,,,
2026-06-12,2026-06-12,CM,BSE,STK,544239,INE06HJ01020,ECOSMOBLTY,T,,,,,ECOS (India) Mobility & Hospit,126.45,126.75,123.15,126.10,126.75,122.20,,125.22,,,1397,175057.00,17,F1,1,,,,,
2026-06-12,2026-06-12,CM,BSE,STK,544240,INE02ID01020,RAYMONDLSL,A,,,,,Raymond Lifestyle Limited,787.30,800.00,780.00,792.65,792.65,769.00,,794.30,,,18836,14911076.00,1416,F1,1,,,,,
2026-06-12,2026-06-12,CM,BSE,STK,544241,INF769K01LX9,MULTICAP,B,,,,,Mirae Asset Mutual Fund,16.03,16.11,15.87,16.11,16.10,15.72,,16.05,,,9039,144703.00,40,F1,1,,,,,
2026-06-12,2026-06-12,CM,BSE,STK,544242,INE0SG001011,TRAVELS,MT,,,,,Travels & rentals Limited,12.95,12.95,11.74,11.74,11.74,12.35,,11.74,,,78000,923640.00,26,F1,3000,,,,,
2026-06-12,2026-06-12,CM,BSE,STK,544243,INE01FR01028,STYLEBAAZA,T,,,,,Baazar Style Retail Limited,328.05,337.00,327.00,333.95,335.70,328.10,,333.80,,,7370,2447091.00,186,F1,1,,,,,
2026-06-12,2026-06-12,CM,BSE,STK,544244,INE0RE001014,GALAPREC,B,,,,,Gala Precision Engineering Lim,936.75,943.60,925.95,926.95,925.95,922.95,,928.80,,,3328,3105280.00,252,F1,1,,,,,
2026-06-12,2026-06-12,CM,BSE,STK,544246,INE0DAB01012,RVTH,B,,,,,Revathi Equipment India Limite,732.65,779.45,699.80,700.00,700.00,684.95,,695.35,,,69,49069.00,37,F1,1,,,,,
2026-06-12,2026-06-12,CM,BSE,STK,544247,INF740KA1UR9,TOP10ADD,B,,,,,DSP Mutual Fund,85.37,87.34,85.37,87.17,87.15,85.37,,87.13,,,1904,164428.00,54,F1,1,,,,,
2026-06-12,2026-06-12,CM,BSE,STK,544248,INE0UYT01018,MACHLTD,M,,,,,MACH TRAVEL SOLUTIONS LIMITED,154.00,154.70,149.10,149.95,151.00,146.00,,149.95,,,37800,5729700.00,31,F1,600,,,,,
2026-06-12,2026-06-12,CM,BSE,STK,544249,INE0S2G01011,BALAJEE,B,,,,,SHREE TIRUPATI BALAJEE AGRO TR,29.50,29.58,28.21,28.57,28.90,28.15,,28.74,,,702,20213.00,30,F1,1,,,,,
2026-06-12,2026-06-12,CM,BSE,STK,544250,INE0UOS01011,SANOFICONR,A,,,,,Sanofi Consumer Healthcare Ind,4646.95,4646.95,4600.00,4629.10,4630.00,4586.85,,4617.10,,,114,528348.00,46,F1,1,,,,,
2026-06-12,2026-06-12,CM,BSE,STK,544252,INE377Y01014,BAJAJHFL,A,,,,,Bajaj Housing Finance Limited,83.69,84.85,83.31,84.57,84.57,82.81,,84.59,,,155548,13072809.00,1622,F1,1,,,,,
2026-06-12,2026-06-12,CM,BSE,STK,544253,INE0O6601022,KROSS,B,,,,,Kross Limited,180.00,183.85,179.30,182.65,182.60,176.75,,182.50,,,25135,4571332.00,359,F1,1,,,,,
2026-06-12,2026-06-12,CM,BSE,STK,544254,INE0RWQ01014,TOLINS,B,,,,,Tolins Tyres Limited,100.40,102.70,98.95,102.10,102.65,98.20,,102.29,,,6935,697886.00,324,F1,1,,,,,
2026-06-12,2026-06-12,CM,BSE,STK,544256,INE953R01016,PNGJL,B,,,,,P N GADGIL JEWELLERS LIMITED,549.75,549.75,533.10,546.40,548.45,538.20,,547.50,,,15829,8528179.00,695,F1,1,,,,,
2026-06-12,2026-06-12,CM,BSE,STK,544257,INE0Q3401017,SAFE,M,,,,,Sodhani Academy of Fintech Ena,148.00,159.00,148.00,159.00,159.00,158.00,,159.00,,,12500,1900900.00,15,F1,500,,,,,
2026-06-12,2026-06-12,CM,BSE,STK,544258,INE0CJF01024,WCIL,B,,,,,Western Carriers (India) Limit,93.00,94.27,91.55,93.67,93.10,90.97,,93.75,,,1128,105080.00,164,F1,1,,,,,
2026-06-12,2026-06-12,CM,BSE,STK,544259,INE0PZB01013,PFL,M,,,,,POPULAR FOUNDATIONS LIMITED,29.20,29.20,29.20,29.20,29.20,28.75,,29.20,,,3000,87600.00,1,F1,3000,,,,,
2026-06-12,2026-06-12,CM,BSE,STK,544260,INE850M01015,NORTHARC,A,,,,,Northern Arc Capital Ltd.,278.50,291.00,278.50,290.40,287.85,277.45,,289.60,,,35507,10194610.00,1092,F1,1,,,,,
2026-06-12,2026-06-12,CM,BSE,STK,544261,INE0QRL01017,ARKADE,B,,,,,ARKADE DEVELOPERS LIMITED,111.25,114.50,111.25,114.15,114.30,111.25,,114.30,,,13936,1579375.00,341,F1,1,,,,,
2026-06-12,2026-06-12,CM,BSE,STK,544262,INE939X01013,MANBA,B,,,,,Manba Finance Limited,121.00,125.55,121.00,124.50,125.45,119.25,,124.75,,,14335,1759525.00,296,F1,1,,,,,
2026-06-12,2026-06-12,CM,BSE,STK,544263,INE0Q3J01015,KRN,T,,,,,KRN HEAT EXCHANGER AND REFRIGE,1221.00,1263.35,1200.10,1263.35,1263.35,1203.20,,1261.60,,,17112,21404233.00,758,F1,1,,,,,
2026-06-12,2026-06-12,CM,BSE,STK,544264,INE184O01015,DIFFNKG,B,,,,,Diffusion Engineers Limited,370.55,376.65,358.60,360.85,358.60,362.25,,361.70,,,20658,7600573.00,603,F1,1,,,,,
2026-06-12,2026-06-12,CM,BSE,STK,544265,INE0QUL01011,NEXXUS,M,,,,,Nexxus Petro Industries Limite,73.44,73.44,67.00,69.45,71.89,73.75,,69.45,,,3600,254796.00,3,F1,1200,,,,,
2026-06-12,2026-06-12,CM,BSE,STK,544266,INF769K01LZ4,BANKPSU,B,,,,,Mirae Asset Mutual Fund,85.14,86.27,84.71,86.00,85.99,83.91,,86.09,,,2745,234782.00,23,F1,1,,,,,
2026-06-12,2026-06-12,CM,BSE,STK,544267,INE0U6201010,SUBAM,M,,,,,SUBAM PAPERS LIMITED,217.00,225.95,217.00,225.00,225.00,212.55,,225.00,,,20800,4612040.00,23,F1,800,,,,,
2026-06-12,2026-06-12,CM,BSE,STK,544268,INF769K01LY7,METAL,B,,,,,Mirae Asset Mutual Fund,12.94,13.07,12.82,12.94,12.93,12.81,,12.93,,,146716,1893696.00,933,F1,1,,,,,
2026-06-12,2026-06-12,CM,BSE,STK,544269,INE471R01019,NPFL,M,,,,,NEOPOLITAN PIZZA AND FOODS LIM,8.00,8.25,8.00,8.13,8.25,8.25,,8.13,,,12000,97500.00,2,F1,6000,,,,,
2026-06-12,2026-06-12,CM,BSE,STK,544271,INE0JVO01026,GARUDA,B,,,,,Garuda Construction and Engine,162.40,167.95,161.85,167.50,167.50,159.65,,167.62,,,28991,4780505.00,360,F1,1,,,,,
2026-06-12,2026-06-12,CM,BSE,STK,544272,INE0YRO01015,SHIVTEXCHEM,MT,,,,,SHIV TEXCHEM LIMITED,125.00,127.00,125.00,127.00,127.00,124.00,,127.00,,,2400,302420.00,5,F1,400,,,,,
2026-06-12,2026-06-12,CM,BSE,STK,544273,INE0APB01032,MGEL,T,,,,,MANGALAM GLOBAL ENTERPRISE LIM,16.10,16.72,15.84,16.25,16.25,15.98,,16.42,,,23633,382266.00,67,F1,1,,,,,
2026-06-12,2026-06-12,CM,BSE,STK,544274,INE0V6F01027,HYUNDAI,A,,,,,HYUNDAI MOTOR INDIA LIMITED,1956.30,1996.95,1956.30,1989.85,1989.85,1939.75,,1990.10,,,57885,114707907.00,7557,F1,1,,,,,
2026-06-12,2026-06-12,CM,BSE,STK,544275,INF109KC16X5,VAL30IETF,B,,,,,ICICI Prudential Mutual Fund,15.30,15.61,15.20,15.50,15.61,15.30,,15.52,,,2795,43029.00,40,F1,1,,,,,
2026-06-12,2026-06-12,CM,BSE,STK,544276,INE0OPA01019,DBEIL,T,,,,,Deepak Builders and Engineers,78.60,80.67,77.80,79.82,80.67,78.17,,78.82,,,3248,255775.00,51,F1,1,,,,,
2026-06-12,2026-06-12,CM,BSE,STK,544277,INE377N01017,WAAREEENER,A,,,,,Waaree Energies Limited,3059.40,3075.70,3020.00,3031.40,3031.40,3014.80,,3031.40,,,55629,169206132.00,4645,F1,1,,,,,
2026-06-12,2026-06-12,CM,BSE,STK,544278,INE0PK601023,OCCLLTD,T,,,,,OCCL Limited,123.50,128.40,122.30,128.40,128.40,122.30,,128.46,,,6120,783040.00,34,F1,1,,,,,
2026-06-12,2026-06-12,CM,BSE,STK,544279,INE497S01012,GODAVARIB,B,,,,,Godavari Biorefineries Limited,283.85,283.85,274.10,278.40,277.80,276.35,,278.10,,,2838,788300.00,108,F1,1,,,,,
2026-06-12,2026-06-12,CM,BSE,STK,544280,INE101I01011,AFCONS,A,,,,,Afcons Infrastructure Limited,318.40,327.70,316.95,326.05,326.05,317.65,,326.00,,,110623,35475730.00,2097,F1,1,,,,,
2026-06-12,2026-06-12,CM,BSE,STK,544281,INE00YB01025,ABINFRA,B,,,,,A B INFRABUILD LIMITED,9.10,10.93,9.10,10.89,10.93,9.11,,10.83,,,199283,2018113.00,525,F1,1,,,,,
2026-06-12,2026-06-12,CM,BSE,STK,544282,INE0W2G01015,SAGILITY,A,,,,,Sagility Limited,40.60,40.66,39.70,40.48,40.48,39.24,,40.47,,,665018,26693938.00,2479,F1,1,,,,,
2026-06-12,2026-06-12,CM,BSE,STK,544283,INE622W01025,ACMESOLAR,A,,,,,ACME Solar Holdings Limited,337.10,347.00,334.50,335.60,335.60,334.45,,335.75,,,153226,51829019.00,2664,F1,1,,,,,
2026-06-12,2026-06-12,CM,BSE,STK,544284,INF769K01MY5,LIQUIDPLUS,F,,,,,Mirae Asset Mutual Fund,1089.73,1089.75,1089.73,1089.73,1089.73,1089.31,,1089.73,,,4986,5433396.00,11,F1,1,,,,,
2026-06-12,2026-06-12,CM,BSE,STK,544285,INE00H001014,SWIGGY,A,,,,,SWIGGY LIMITED,244.45,251.00,243.50,249.90,250.20,240.15,,249.90,,,382803,94305548.00,2300,F1,1,,,,,
2026-06-12,2026-06-12,CM,BSE,STK,544286,INE995S01015,NIVABUPA,A,,,,,NIVA BUPA HEALTH INSURANCE COM,83.16,84.80,82.79,84.12,84.52,82.95,,83.96,,,45865,3834195.00,602,F1,1,,,,,
2026-06-12,2026-06-12,CM,BSE,STK,544288,INE0UIZ01018,BLACKBUCK,A,,,,,BlackBuck Limited,543.90,548.00,529.65,546.05,546.05,533.10,,546.35,,,54326,29341855.00,1736,F1,1,,,,,
2026-06-12,2026-06-12,CM,BSE,STK,544289,INE0ONG01011,NTPCGREEN,A,,,,,NTPC GREEN ENERGY LIMITED,97.90,99.15,97.50,98.40,98.40,97.10,,98.33,,,257414,25282088.00,2712,F1,1,,,,,
2026-06-12,2026-06-12,CM,BSE,STK,544290,INE0LLY01014,EIEL,A,,,,,ENVIRO INFRA ENGINEERS LIMITED,178.55,187.05,178.55,185.70,186.80,177.55,,185.55,,,53459,9775119.00,748,F1,1,,,,,
2026-06-12,2026-06-12,CM,BSE,STK,544291,INE0VN801010,RAJESH,M,,,,,RAJESH POWER SERVICES LIMITED,831.20,855.00,831.20,850.05,850.05,825.60,,850.05,,,16900,14356255.00,117,F1,100,,,,,
2026-06-12,2026-06-12,CM,BSE,STK,544292,INE013P01021,ONESOURCE,A,,,,,Onesource Specialty Pharma Lim,1663.80,1668.30,1595.00,1613.40,1617.95,1649.20,,1612.50,,,7777,12649891.00,706,F1,1,,,,,
2026-06-12,2026-06-12,CM,BSE,STK,544293,INE877V01027,SURAKSHA,B,,,,,SURAKSHA DIAGNOSTIC LIMITED,260.00,272.15,260.00,269.25,267.50,266.10,,268.05,,,1030,277669.00,77,F1,1,,,,,
2026-06-12,2026-06-12,CM,BSE,STK,544294,INE0OJW01016,ROSSTECH,B,,,,,Rossell Techsys Limited,999.50,1004.60,985.30,998.80,994.45,970.80,,995.50,,,3278,3272278.00,270,F1,1,,,,,
2026-06-12,2026-06-12,CM,BSE,STK,544296,INE0DQN01013,NISUS,M,,,,,NISUS FINANCE SERVICES CO LIMI,201.30,207.00,199.50,202.80,203.50,197.00,,202.80,,,20000,4046540.00,47,F1,400,,,,,
2026-06-12,2026-06-12,CM,BSE,STK,544301,INE054301028,ODIGMA,B,,,,,Odigma Consultancy Solutions L,20.13,21.71,20.13,21.58,21.48,20.92,,21.54,,,12138,259041.00,232,F1,1,,,,,
2026-06-12,2026-06-12,CM,BSE,STK,544302,INE403Y01018,INNOVANA,B,,,,,Innovana Thinklabs Limited,322.00,331.00,322.00,331.00,331.00,318.25,,322.05,,,26,8381.00,7,F1,1,,,,,
2026-06-12,2026-06-12,CM,BSE,STK,544303,INE0XAY01012,TTC,M,,,,,TOSS THE COIN LIMITED,241.00,251.80,225.55,233.20,233.20,260.00,,233.20,,,15000,3535620.00,21,F1,300,,,,,
2026-06-12,2026-06-12,CM,BSE,STK,544304,INE0WCH01015,JUNGLECAMP,M,,,,,JUNGLE CAMPS INDIA LIMITED,50.00,50.00,50.00,50.00,50.00,51.00,,50.00,,,1600,80000.00,1,F1,1600,,,,,
2026-06-12,2026-06-12,CM,BSE,STK,544305,INE0HLU01028,MOBIKWIK,B,,,,,One Mobikwik Systems Limited,190.75,195.45,190.70,194.20,195.10,189.10,,194.13,,,50841,9838112.00,525,F1,1,,,,,
2026-06-12,2026-06-12,CM,BSE,STK,544306,INE570L01029,SAILIFE,A,,,,,Sai Life Sciences Limited,1184.65,1243.00,1184.65,1218.90,1218.90,1180.30,,1218.10,,,16779,20456363.00,1247,F1,1,,,,,
2026-06-12,2026-06-12,CM,BSE,STK,544307,INE01EA01019,VMM,A,,,,,Vishal Mega Mart Limited,119.15,120.05,117.85,119.70,119.70,117.60,,119.77,,,116168,13845490.00,1057,F1,1,,,,,
2026-06-12,2026-06-12,CM,BSE,STK,544308,INE168C01013,HILLTONE,X,,,,,Hilltone Software and Gases Lt,42.10,45.90,40.25,42.49,42.10,44.93,,42.49,,,3822,164743.00,46,F1,1,,,,,
2026-06-12,2026-06-12,CM,BSE,STK,544309,INE115Q01022,IKS,A,,,,,INVENTURUS KNOWLEDGE SOLUTIONS,1685.00,1694.10,1651.35,1679.70,1670.10,1648.65,,1678.30,,,5520,9209341.00,466,F1,1,,,,,
2026-06-12,2026-06-12,CM,BSE,STK,544310,INE00GK01023,YASHHV,M,,,,,Yash Highvoltage Limited,736.90,743.90,726.05,734.75,734.75,721.20,,734.75,,,79000,58097375.00,236,F1,250,,,,,
2026-06-12,2026-06-12,CM,BSE,STK,544311,INE0Q9301021,IGIL,A,,,,,International Gemological Inst,354.75,367.70,354.75,366.35,366.05,354.00,,366.70,,,40090,14545725.00,1063,F1,1,,,,,
2026-06-12,2026-06-12,CM,BSE,STK,544314,INE0JPD01013,SANATHAN,B,,,,,Sanathan Textiles Limited,405.15,409.50,405.15,407.50,409.00,404.90,,407.35,,,336,136915.00,111,F1,1,,,,,
2026-06-12,2026-06-12,CM,BSE,STK,544315,INE037Z01029,CEWATER,B,,,,,Concord Enviro Systems Limited,256.80,262.00,252.95,259.90,258.10,250.05,,259.30,,,5469,1405346.00,176,F1,1,,,,,
2026-06-12,2026-06-12,CM,BSE,STK,544316,INE284H01025,DAMCAPITAL,B,,,,,DAM Capital Advisors Limited,142.00,148.00,141.60,147.50,147.50,140.15,,147.32,,,28408,4154868.00,475,F1,1,,,,,
2026-06-12,2026-06-12,CM,BSE,STK,544317,INE454P01035,TRANSRAILL,A,,,,,Transrail Lighting Limited,468.80,480.00,468.80,476.95,476.95,466.75,,478.05,,,38161,18075189.00,1260,F1,1,,,,,
2026-06-12,2026-06-12,CM,BSE,STK,544318,INE0TO701015,MAMATA,B,,,,,MAMATA MACHINERY LIMITED,346.85,362.95,346.85,361.05,361.00,346.90,,361.05,,,3765,1341810.00,195,F1,1,,,,,
2026-06-12,2026-06-12,CM,BSE,STK,544319,INE0RB801010,SENORES,B,,,,,SENORES PHARMACEUTICALS LIMITE,1189.50,1295.00,1185.50,1291.25,1290.00,1159.60,,1290.10,,,60079,75019625.00,4014,F1,1,,,,,
2026-06-12,2026-06-12,CM,BSE,STK,544320,INE0V7W01012,CARRARO,B,,,,,CARRARO INDIA LIMITED,513.75,527.15,509.80,525.25,527.15,502.25,,525.85,,,8479,4405900.00,478,F1,1,,,,,
2026-06-12,2026-06-12,CM,BSE,STK,544321,INE781S01027,VENTIVE,B,,,,,Ventive Hospitality Limited,605.45,623.50,605.45,618.65,620.00,604.25,,619.45,,,2508,1545721.00,187,F1,1,,,,,
2026-06-12,2026-06-12,CM,BSE,STK,544322,INE0U3I01011,UNIMECH,B,,,,,Unimech Aerospace and Manufact,1098.45,1187.10,1098.40,1161.25,1161.25,1079.20,,1159.80,,,66351,77756069.00,2574,F1,1,,,,,
2026-06-12,2026-06-12,CM,BSE,STK,544323,INF769K01NS5,CONSUMER,B,,,,,Mirae Asset Mutual Fund,10.83,10.91,10.75,10.91,10.91,10.65,,10.91,,,9439,101944.00,22,F1,1,,,,,
2026-06-12,2026-06-12,CM,BSE,STK,544324,INE0A8401016,CITICHEM,M,,,,,Citichem India Limited,17.00,17.00,17.00,17.00,17.00,17.20,,17.00,,,4000,68000.00,2,F1,2000,,,,,
2026-06-12,2026-06-12,CM,BSE,STK,544325,INE379A01028,ITCHOTELS,A,,,,,ITC Hotels Limited,151.15,154.65,150.55,154.05,154.05,149.30,,154.05,,,234516,35699100.00,4290,F1,1,,,,,
2026-06-12,2026-06-12,CM,BSE,STK,544326,INF754K01TX4,ECAPINSURE,B,,,,,Edelweiss Mutual Fund,23.00,23.31,22.95,23.31,23.31,22.86,,23.25,,,28072,647103.00,15,F1,1,,,,,
2026-06-12,2026-06-12,CM,BSE,STK,544327,INE0ZHT01012,TECHNICHEM,M,,,,,TECHNICHEM ORGANICS LIMITED,36.63,36.64,36.63,36.64,36.64,38.55,,36.64,,,4000,146540.00,2,F1,2000,,,,,
2026-06-12,2026-06-12,CM,BSE,STK,544328,INE622H01018,INDOFARM,B,,,,,INDO FARM EQUIPMENT LIMITED,129.90,131.05,128.65,130.50,130.75,127.65,,130.47,,,2439,317327.00,92,F1,1,,,,,
2026-06-12,2026-06-12,CM,BSE,STK,544329,INE0RH001011,VANDU,M,,,,,LEO DRYFRUITS & SPICES TRADING,52.00,52.00,52.00,52.00,52.00,55.50,,52.00,,,32000,1664000.00,3,F1,2000,,,,,
2026-06-12,2026-06-12,CM,BSE,STK,544330,INE0QQJ01021,PARMESHWAR,MT,,,,,PARMESHWAR METAL LIMITED,195.05,199.00,193.00,199.00,199.00,191.10,,199.00,,,28000,5436750.00,21,F1,1000,,,,,
2026-06-12,2026-06-12,CM,BSE,STK,544331,INE0Q2L01013,DAVIN,M,,,,,Davin Sons Retail Limited,32.56,32.56,32.35,32.40,32.40,38.03,,32.40,,,10000,324320.00,5,F1,2000,,,,,
2026-06-12,2026-06-12,CM,BSE,STK,544332,INE0HSD01011,FABCLEAN,MT,,,,,FABTECH TECHNOLOGIES CLEANROOM,409.50,414.20,405.00,410.00,410.00,394.50,,410.00,,,12800,5277640.00,28,F1,400,,,,,
2026-06-12,2026-06-12,CM,BSE,STK,544333,INE0M4D01010,SETL,B,,,,,STANDARD ENGINEERING TECHNOLOG,154.25,160.45,154.25,159.10,159.20,153.25,,158.91,,,20287,3218312.00,338,F1,1,,,,,
2026-06-12,2026-06-12,CM,BSE,STK,544334,INE0FK501019,INDOBELL,MT,,,,,Indobell Insulations Limited,44.75,48.30,44.75,48.30,48.30,46.00,,48.30,,,4500,214687.00,5,F1,750,,,,,
2026-06-12,2026-06-12,CM,BSE,STK,544336,INE0LRY01011,QUADFUTURE,B,,,,,Quadrant Future Tek Limited,336.25,345.00,334.10,343.90,341.50,333.55,,342.70,,,41187,14104564.00,594,F1,1,,,,,
2026-06-12,2026-06-12,CM,BSE,STK,544337,INE0NQ401024,AVAX,MT,,,,,Avax Apparels and Ornaments Li,51.45,51.45,51.45,51.45,51.45,50.00,,51.45,,,15000,771750.00,4,F1,1000,,,,,
2026-06-12,2026-06-12,CM,BSE,STK,544338,INE0Z8Z23013,CAPINVIT,IF,,,,,Capital Infra Trust,72.40,73.00,71.59,72.98,73.00,71.48,,72.93,,,131520,9523864.00,264,F1,1,,,,,
2026-06-12,2026-06-12,CM,BSE,STK,544339,INE0WO601020,LAXMIDENTL,B,,,,,Laxmi Dental Limited,219.15,242.70,217.70,226.00,225.60,212.65,,226.70,,,85539,19918440.00,2089,F1,1,,,,,
2026-06-12,2026-06-12,CM,BSE,STK,544340,INE0CFH01028,RIKHAV,M,,,,,Rikhav Securities Limited,46.01,46.50,45.70,46.50,46.50,46.50,,46.50,,,65600,3039072.00,14,F1,1600,,,,,
2026-06-12,2026-06-12,CM,BSE,STK,544341,INE12QA01010,LGLL,M,,,,,LANDMARK GLOBAL LEARNING LIMIT,17.90,18.06,17.90,18.06,18.06,17.20,,18.06,,,6400,115152.00,4,F1,1600,,,,,
2026-06-12,2026-06-12,CM,BSE,STK,544342,INE0RYC01010,STALLION,B,,,,,Stallion India Fluorochemicals,175.80,184.30,175.80,183.30,183.30,172.65,,183.54,,,110715,20062624.00,1211,F1,1,,,,,
2026-06-12,2026-06-12,CM,BSE,STK,544343,INE0WXM01011,CNINFOTECH,M,,,,,CAPITALNUMBERS INFOTECH  LIMIT,110.10,112.00,110.00,110.07,110.05,110.05,,110.07,,,26000,2865756.00,27,F1,400,,,,,
2026-06-12,2026-06-12,CM,BSE,STK,544344,INE526E01018,SHRIPISTON,A,,,,,SHRIRAM PISTONS & RINGS LTD,3520.05,3639.00,3512.25,3525.35,3524.00,3509.00,,3524.50,,,6592,23491929.00,981,F1,1,,,,,
2026-06-12,2026-06-12,CM,BSE,STK,544345,INE0R4L01018,DENTA,B,,,,,Denta Water and Infra Solution,244.95,246.00,241.00,245.40,244.00,240.45,,245.10,,,3281,800042.00,156,F1,1,,,,,
2026-06-12,2026-06-12,CM,BSE,STK,544346,INE0AK901016,RRECL,X,,,,,RDB Real Estate Constructions,151.75,154.00,147.20,151.00,151.00,154.85,,151.00,,,1084,162498.00,29,F1,1,,,,,
2026-06-12,2026-06-12,CM,BSE,STK,544347,INE0WDX01010,CLN,M,,,,,CLN ENERGY LIMITED,399.00,399.95,394.00,394.00,394.00,385.10,,394.00,,,600,238590.00,3,F1,200,,,,,
2026-06-12,2026-06-12,CM,BSE,STK,544348,INE0RWU01016,GBLOGISTIC,M,,,,,GB Logistics Commerce Limited,33.49,34.10,33.49,33.85,34.10,31.60,,33.85,,,6000,202644.00,5,F1,1200,,,,,
2026-06-12,2026-06-12,CM,BSE,STK,544350,INE943P01029,AGARWALEYE,A,,,,,Dr. Agarwal's Health Care Limi,446.70,446.70,439.00,440.10,440.60,439.85,,439.75,,,2894,1277046.00,205,F1,1,,,,,
2026-06-12,2026-06-12,CM,BSE,STK,544351,INE0YON01014,MALPANI,M,,,,,MALPANI PIPES AND FITTINGS LIM,68.65,68.65,65.00,67.79,67.79,64.99,,67.79,,,4800,322304.00,3,F1,1600,,,,,
2026-06-12,2026-06-12,CM,BSE,STK,544353,INE0U2L01017,AMWILL,MT,,,,,Amwill Health Care Limited,45.00,45.00,41.80,41.84,41.80,44.00,,41.84,,,38400,1623360.00,32,F1,1200,,,,,
2026-06-12,2026-06-12,CM,BSE,STK,544354,INE0W0H01017,SOLARIUM,M,,,,,SOLARIUM GREEN ENERGY LIMITED,177.05,180.00,175.80,178.35,180.00,174.60,,178.35,,,11700,2084655.00,32,F1,300,,,,,
2026-06-12,2026-06-12,CM,BSE,STK,544355,INE03CC01015,JUBLCPL,B,,,,,Jubilant Agri and Consumer Pro,1846.60,1884.00,1843.40,1884.00,1884.00,1820.00,,1880.60,,,106,198821.00,20,F1,1,,,,,
2026-06-12,2026-06-12,CM,BSE,STK,544356,INE274Y01021,AJAXENGG,B,,,,,AJAX Engineering Limited,571.45,573.60,540.05,550.05,555.80,546.85,,548.40,,,6943,3848307.00,252,F1,1,,,,,
2026-06-12,2026-06-12,CM,BSE,STK,544361,INE0R8101016,COVANCE,XT,,,,,COVANCE SOFTSOL LIMITED,150.15,161.90,149.15,160.30,161.80,156.95,,160.30,,,12229,1857937.00,216,F1,1,,,,,
2026-06-12,2026-06-12,CM,BSE,STK,544362,INE093A01041,HEXT,A,,,,,Hexaware Technologies Limited,519.75,524.30,491.45,498.00,498.00,502.30,,498.10,,,872108,434804629.00,2559,F1,1,,,,,
2026-06-12,2026-06-12,CM,BSE,STK,544364,INE0O9T01021,BAJAJINDEF,B,,,,,Indef Manufacturing Limited,240.90,249.10,238.40,246.20,245.20,235.30,,245.65,,,1179,289739.00,86,F1,1,,,,,
2026-06-12,2026-06-12,CM,BSE,STK,544365,INE0TD301017,SHANMUGA,M,,,,,SHANMUGA HOSPITAL LIMITED,35.65,36.00,35.60,36.00,36.00,36.98,,36.00,,,12000,428620.00,6,F1,2000,,,,,
2026-06-12,2026-06-12,CM,BSE,STK,544367,INE0SII01026,QPOWER,T,,,,,QUALITY POWER ELECTRICAL EQUIP,1174.00,1215.95,1150.00,1215.95,1215.95,1158.05,,1221.00,,,16976,20199232.00,467,F1,1,,,,,
2026-06-12,2026-06-12,CM,BSE,STK,544368,INE0TIR01017,SWASTH,M,,,,,Swasth Foodtech India Limited,17.00,17.00,17.00,17.00,17.00,17.00,,17.00,,,2400,40800.00,2,F1,1200,,,,,
2026-06-12,2026-06-12,CM,BSE,STK,544369,INE13VU01016,BEEZAASAN,M,,,,,Beezaasan Explotech Limited,276.95,289.50,267.00,287.60,289.50,269.10,,287.60,,,79200,21748400.00,88,F1,800,,,,,
2026-06-12,2026-06-12,CM,BSE,STK,544371,INE0NR501012,VIKRAMAR,X,,,,,VIKRAM AROMA LIMITED,63.00,64.30,61.13,63.89,64.25,63.00,,63.89,,,508,31856.00,30,F1,1,,,,,
2026-06-12,2026-06-12,CM,BSE,STK,544372,INE0RXS01018,SHREENATH,M,,,,,SHREENATH PAPER PRODUCTS LIMIT,11.12,12.74,11.06,12.03,11.31,11.96,,12.03,,,18000,205650.00,6,F1,3000,,,,,
2026-06-12,2026-06-12,CM,BSE,STK,544375,INF579M01BB5,GOLD360,E,,,,,360 ONE Mutual Fund,145.38,145.38,142.18,144.77,144.97,141.38,,144.55,,,1176,169259.00,68,F1,1,,,,,
2026-06-12,2026-06-12,CM,BSE,STK,544376,INF769K01ON4,SELECTIPO,B,,,,,Mirae Asset Mutual Fund,42.58,43.20,42.58,43.20,43.20,42.02,,43.09,,,17,731.00,2,F1,1,,,,,
2026-06-12,2026-06-12,CM,BSE,STK,544377,INF769K01OA1,EQUAL200,B,,,,,Mirae Asset Mutual Fund,13.17,13.17,13.15,13.15,13.15,13.00,,13.27,,,116,1527.00,2,F1,1,,,,,
2026-06-12,2026-06-12,CM,BSE,STK,544379,INE0I0M01023,PRABHA,B,,,,,Prabha Energy Limited,157.25,160.85,157.25,160.00,160.00,155.00,,160.65,,,1393,221408.00,29,F1,1,,,,,
2026-06-12,2026-06-12,CM,BSE,STK,544380,INF109K1A021,CASHIETF,F,,,,,ICICI Prudential Mutual Fund,1066.35,1066.35,1066.35,1066.35,1066.35,1065.93,,1066.36,,,328,349762.00,6,F1,1,,,,,
2026-06-12,2026-06-12,CM,BSE,STK,544381,INE16IQ01014,SUPERIRON,MT,,,,,Super Iron Foundry Limited,45.71,46.00,45.71,46.00,46.00,47.25,,46.00,,,4800,220272.00,4,F1,1200,,,,,
2026-06-12,2026-06-12,CM,BSE,STK,544382,INF846KA1119,AXISVALUE,B,,,,,Axis Mutual Fund,33.42,33.42,32.89,33.25,33.19,32.92,,33.21,,,5233,172863.00,39,F1,1,,,,,
2026-06-12,2026-06-12,CM,BSE,STK,544383,INE0SMW01011,PPARIVAH,M,,,,,PARADEEP PARIVAHAN LIMITED,158.85,160.60,155.20,159.45,160.60,155.00,,159.45,,,45600,7268160.00,37,F1,1200,,,,,
2026-06-12,2026-06-12,CM,BSE,STK,544384,INF0R8F01091,SILVERCASE,E,,,,,Zerodha Mutual Fund,24.21,24.40,24.01,24.35,24.35,23.50,,24.37,,,637913,15455060.00,1100,F1,1,,,,,
2026-06-12,2026-06-12,CM,BSE,STK,544385,INF200KB1712,SBIBPB,B,,,,,SBI Mutual Fund,49.29,49.65,48.60,49.45,49.65,48.35,,49.40,,,3880,190353.00,45,F1,1,,,,,
2026-06-12,2026-06-12,CM,BSE,STK,544386,INE01EO01010,SPECTRUM,B,,,,,Spectrum Electrical Industries,1625.00,1633.75,1595.00,1599.75,1599.70,1606.45,,1598.70,,,573,919301.00,74,F1,1,,,,,
2026-06-12,2026-06-12,CM,BSE,STK,544387,INE0TGG01014,DESCO,MT,,,,,Desco Infratech Limited,211.00,211.00,201.00,205.00,206.00,207.50,,205.00,,,33000,6775150.00,61,F1,500,,,,,
2026-06-12,2026-06-12,CM,BSE,STK,544389,INF579M01BC3,SILVER360,E,,,,,360 ONE Mutual Fund,225.72,235.91,225.72,235.25,235.42,228.00,,235.16,,,1304,306267.00,36,F1,1,,,,,
2026-06-12,2026-06-12,CM,BSE,STK,544390,INE1NPP01017,ENRIN,B,,,,,Siemens Energy India Limited,3428.05,3648.40,3428.05,3611.30,3643.20,3409.60,,3607.00,,,36099,128298149.00,3678,F1,1,,,,,
2026-06-12,2026-06-12,CM,BSE,STK,544393,INE12IB01015,INFONATIVE,M,,,,,INFONATIVE SOLUTIONS LIMITED,27.05,27.05,27.05,27.05,27.05,27.05,,27.05,,,1600,43280.00,1,F1,1600,,,,,
2026-06-12,2026-06-12,CM,BSE,STK,544394,INF109K1A153,EVIETF,B,,,,,ICICI Prudential Mutual Fund,30.50,30.96,30.25,30.96,30.96,30.09,,30.75,,,4273,129630.00,24,F1,1,,,,,
2026-06-12,2026-06-12,CM,BSE,STK,544395,INE1VXE01018,STLNETWORK,T,,,,,STL Networks Limited,27.00,27.56,27.00,27.56,27.56,26.25,,27.56,,,86761,2385622.00,245,F1,1,,,,,
2026-06-12,2026-06-12,CM,BSE,STK,544396,INE0FFK01017,NPST,B,,,,,Network People Services Techno,1713.60,1713.60,1617.05,1647.65,1646.00,1531.05,,1647.50,,,5232,8680799.00,479,F1,1,,,,,
2026-06-12,2026-06-12,CM,BSE,STK,544397,INE0LEZ01016,ATHERENERG,B,,,,,Ather Energy Limited,1034.00,1057.85,1020.00,1028.15,1028.15,1027.85,,1028.65,,,314847,326584318.00,7572,F1,1,,,,,
2026-06-12,2026-06-12,CM,BSE,STK,544398,INE0AOG01018,KENRIK,M,,,,,Kenrik Industries Limited,8.28,8.28,8.28,8.28,8.28,8.71,,8.28,,,12000,99360.00,2,F1,6000,,,,,
2026-06-12,2026-06-12,CM,BSE,STK,544399,INE0RJ901010,SRIGEE,M,,,,,SRIGEE DLM LIMITED,88.40,88.40,79.01,82.10,82.10,85.00,,82.10,,,34800,2910276.00,26,F1,1200,,,,,
2026-06-12,2026-06-12,CM,BSE,STK,544400,INE0MV001018,MANOJJEWEL,M,,,,,Manoj Jewellers Limited,42.97,44.49,40.99,41.00,41.00,39.10,,41.00,,,26000,1087880.00,13,F1,2000,,,,,
2026-06-12,2026-06-12,CM,BSE,STK,544401,INF769K01OO2,EQUAL50,B,,,,,Mirae Asset Mutual Fund,319.89,321.50,319.89,321.50,321.50,318.30,,321.50,,,11,3520.00,2,F1,1,,,,,
2026-06-12,2026-06-12,CM,BSE,STK,544402,INE039O01029,JASH,B,,,,,JASH ENGINEERING LIMITED,444.60,468.65,444.45,466.75,466.75,447.90,,466.55,,,9112,4160586.00,352,F1,1,,,,,
2026-06-12,2026-06-12,CM,BSE,STK,544403,INE14LE01019,ABLBL,B,,,,,Aditya Birla Lifestyle Brands,96.75,98.65,96.45,98.30,98.50,95.40,,98.34,,,43109,4193925.00,652,F1,1,,,,,
2026-06-12,2026-06-12,CM,BSE,STK,544404,INE16SF01016,BORANA,B,,,,,BORANA WEAVES LIMITED,323.40,327.35,318.90,321.00,319.50,322.20,,320.05,,,1800,577648.00,49,F1,1,,,,,
2026-06-12,2026-06-12,CM,BSE,STK,544405,INE894V01022,BELRISE,B,,,,,BELRISE INDUSTRIES LIMITED,225.25,228.95,223.50,228.10,228.00,220.15,,228.22,,,182609,41398325.00,2026,F1,1,,,,,
2026-06-12,2026-06-12,CM,BSE,STK,544406,INE1ABX01018,UNIFIED,M,,,,,UNIFIED DATA TECH SOLUTIONS LI,370.00,380.00,361.50,363.65,364.00,361.60,,363.65,,,38400,14142340.00,81,F1,400,,,,,
2026-06-12,2026-06-12,CM,BSE,STK,544407,INE0INX01018,AEGISVOPAK,B,,,,,AEGIS VOPAK TERMINALS LIMITED,209.30,218.75,202.95,218.15,218.75,198.90,,217.86,,,161339,34417032.00,2579,F1,1,,,,,
2026-06-12,2026-06-12,CM,BSE,STK,544408,INE0AQ201015,THELEELA,B,,,,,Leela Palaces Hotels & Resorts,410.95,431.40,409.55,429.80,429.00,407.70,,429.80,,,24063,10262806.00,861,F1,1,,,,,
2026-06-12,2026-06-12,CM,BSE,STK,544409,INE0TG901011,ASTONEALAB,MT,,,,,ASTONEA LABS LIMITED,240.00,243.70,240.00,243.70,243.70,232.10,,243.70,,,3000,727400.00,3,F1,1000,,,,,
2026-06-12,2026-06-12,CM,BSE,STK,544410,INE0BX301013,PROSTARM,B,,,,,PROSTARM INFO SYSTEMS LIMITED,140.00,142.55,138.50,141.75,141.95,137.65,,141.60,,,9640,1348891.00,247,F1,1,,,,,
2026-06-12,2026-06-12,CM,BSE,STK,544411,INE090501011,SCODATUBES,B,,,,,Scoda Tubes Limited,121.35,123.50,120.45,123.20,123.25,118.55,,123.15,,,7095,863409.00,129,F1,1,,,,,
2026-06-12,2026-06-12,CM,BSE,STK,544412,INE0TE101010,3BFILMS,MT,,,,,3B FILMS LIMITED,25.80,25.80,23.70,24.89,24.89,24.67,,24.89,,,453000,11261850.00,63,F1,3000,,,,,
2026-06-12,2026-06-12,CM,BSE,STK,544413,INE0U4701011,DIGITIDE,B,,,,,Digitide Solutions Limited,81.28,83.69,80.51,83.05,83.05,81.22,,83.14,,,26138,2130483.00,170,F1,1,,,,,
2026-06-12,2026-06-12,CM,BSE,STK,544414,INE0U4101014,BLUSPRING,B,,,,,Bluspring Enterprises Limited,86.37,92.97,84.89,88.45,88.65,83.69,,88.36,,,33996,3053567.00,354,F1,1,,,,,
2026-06-12,2026-06-12,CM,BSE,STK,544415,INF204KC1EZ3,SNXT30BEES,B,,,,,Nippon India Mutual Fund,41.23,41.52,40.93,41.52,41.52,41.23,,41.41,,,1668,68753.00,21,F1,1,,,,,
2026-06-12,2026-06-12,CM,BSE,STK,544416,INE0GGO01015,KRISHIVAL,B,,,,,KRISHIVAL FOODS LIMITED,406.50,406.50,403.90,404.45,405.00,405.90,,404.55,,,622,251728.00,113,F1,1,,,,,
2026-06-12,2026-06-12,CM,BSE,STK,544417,INE0XCV01014,ATENPAPERS,MT,,,,,Aten Papers & Foam Limited,24.00,24.40,24.00,24.40,24.40,23.90,,24.40,,,4800,115680.00,3,F1,1200,,,,,
2026-06-12,2026-06-12,CM,BSE,STK,544418,INE0BYP01024,OSWALPUMPS,B,,,,,Oswal Pumps Limited,375.55,399.85,375.55,398.35,397.70,372.95,,398.20,,,58239,22603347.00,1113,F1,1,,,,,
2026-06-12,2026-06-12,CM,BSE,STK,544419,INE0H9P01028,ARIS,B,,,,,ArisInfra Solutions Limited,114.50,122.45,112.65,120.65,120.30,113.00,,120.14,,,70780,8321416.00,860,F1,1,,,,,
2026-06-12,2026-06-12,CM,BSE,STK,544420,INE1SY401010,RAYMONDREL,B,,,,,Raymond Realty Limited,572.80,596.95,572.80,594.00,594.95,562.25,,593.40,,,41893,24620780.00,1058,F1,1,,,,,
2026-06-12,2026-06-12,CM,BSE,STK,544421,INE236E01022,ELLEN,B,,,,,ELLENBARRIE INDUSTRIAL GASES L,265.65,277.55,260.55,275.30,277.55,258.00,,275.85,,,24927,6732756.00,843,F1,1,,,,,
2026-06-12,2026-06-12,CM,BSE,STK,544423,INE227J01012,KALPATARU,B,,,,,Kalpataru Limited,310.40,315.45,310.40,313.45,312.45,308.85,,314.10,,,1136,355605.00,126,F1,1,,,,,
2026-06-12,2026-06-12,CM,BSE,STK,544424,INE0V3U01015,GLOBECIVIL,T,,,,,GLOBE CIVIL PROJECTS LIMITED,39.15,40.96,39.00,40.14,40.96,39.18,,40.35,,,2874,113458.00,38,F1,1,,,,,
2026-06-12,2026-06-12,CM,BSE,STK,544425,INE0XRR01010,AJCJEWEL,M,,,,,AJC Jewel Manufacturers Limite,99.50,103.50,99.00,103.50,103.50,99.00,,103.50,,,4800,481500.00,4,F1,1200,,,,,
2026-06-12,2026-06-12,CM,BSE,STK,544426,INE0Y0E01012,ICON,MT,,,,,Icon Facilitators Limited,69.57,69.57,69.57,69.57,69.57,66.26,,69.57,,,9600,667872.00,8,F1,1200,,,,,
2026-06-12,2026-06-12,CM,BSE,STK,544427,INF109K1A344,TOP15IETF,B,,,,,ICICI Prudential Mutual Fund,9.56,9.74,9.51,9.70,9.74,9.55,,9.67,,,3445,33147.00,44,F1,1,,,,,
2026-06-12,2026-06-12,CM,BSE,STK,544428,INE0SC101013,SEVL,M,,,,,SUPERTECH EV LIMITED,41.35,42.92,41.35,42.92,42.92,40.00,,42.92,,,7200,301236.00,6,F1,1200,,,,,
2026-06-12,2026-06-12,CM,BSE,STK,544429,INE756I01012,HDBFS,B,,,,,HDB FINANCIAL SERVICES LIMITED,634.00,647.00,630.25,640.75,640.75,622.90,,641.00,,,27654,17599651.00,2271,F1,1,,,,,
2026-06-12,2026-06-12,CM,BSE,STK,544430,INE12NJ01018,SAMBHV,B,,,,,SAMBHV STEEL TUBES LIMITED,105.45,108.65,105.30,108.25,108.35,103.80,,108.42,,,78640,8410746.00,385,F1,1,,,,,
2026-06-12,2026-06-12,CM,BSE,STK,544431,INE0S9X01011,ACEALPHA,M,,,,,Ace Alpha Tech Limited,115.05,125.75,115.05,123.40,121.00,119.00,,123.40,,,36000,4384550.00,20,F1,1000,,,,,
2026-06-12,2026-06-12,CM,BSE,STK,544432,INE05J901018,IGCL,B,,,,,Indogulf Cropsciences Limited,57.00,61.99,56.00,60.51,60.51,55.99,,60.61,,,11578,690730.00,198,F1,1,,,,,
2026-06-12,2026-06-12,CM,BSE,STK,544433,INE130701019,VALINDIA,M,,,,,Valencia India Limited,16.01,16.11,16.01,16.09,16.10,16.21,,16.09,,,10800,173460.00,8,F1,1200,,,,,
2026-06-12,2026-06-12,CM,BSE,STK,544434,INE0UZO01024,NEETUYOSHI,MT,,,,,Neetu Yoshi Limited,148.50,148.50,139.05,142.70,144.90,141.45,,142.70,,,61600,8871800.00,62,F1,800,,,,,
2026-06-12,2026-06-12,CM,BSE,STK,544435,INE0W1601012,ADCOUNTY,M,,,,,ADCOUNTY MEDIA INDIA LIMITED,102.00,103.00,100.00,100.90,100.50,100.15,,100.90,,,30400,3072960.00,34,F1,800,,,,,
2026-06-12,2026-06-12,CM,BSE,STK,544436,INE0RDJ01019,VANDAN,M,,,,,VANDAN FOODS LIMITED,30.00,30.02,29.00,29.06,29.49,31.00,,29.06,,,34800,1021872.00,26,F1,1200,,,,,
2026-06-12,2026-06-12,CM,BSE,STK,544437,INE0TBQ01014,MARCLOIRE,M,,,,,MARC LOIRE FASHIONS LIMITED,39.38,39.38,39.38,39.38,39.38,41.21,,39.38,,,1200,47256.00,1,F1,1200,,,,,
2026-06-12,2026-06-12,CM,BSE,STK,544438,INF769K01PB6,INTERNET,B,,,,,Mirae Asset Mutual Fund,11.32,12.00,11.32,11.97,12.00,11.61,,11.97,,,2057,24299.00,25,F1,1,,,,,
2026-06-12,2026-06-12,CM,BSE,STK,544439,INE0S4R01014,CRIZAC,B,,,,,CRIZAC LIMITED,209.05,211.45,203.00,206.40,207.40,206.75,,205.97,,,11027,2277298.00,274,F1,1,,,,,
2026-06-12,2026-06-12,CM,BSE,STK,544440,INE0TL001013,CRYOGENIC,M,,,,,CRYOGENIC OGS LIMITED,269.85,274.60,268.00,274.60,274.60,261.55,,274.60,,,40500,11075850.00,47,F1,750,,,,,
2026-06-12,2026-06-12,CM,BSE,STK,544441,INE162901016,METAINFO,MT,,,,,META INFOTECH LIMITED,69.12,71.30,68.00,68.64,69.50,69.12,,68.64,,,16000,1102488.00,17,F1,800,,,,,
2026-06-12,2026-06-12,CM,BSE,STK,544442,INE0VWL01017,CHEMKART,MT,,,,,Chemkart India Limited,129.00,129.00,127.25,127.25,127.25,127.55,,127.25,,,1800,230100.00,3,F1,600,,,,,
2026-06-12,2026-06-12,CM,BSE,STK,544443,INE103V01028,TRAVELFOOD,B,,,,,TRAVEL FOOD SERVICES LIMITED,1217.00,1255.00,1213.70,1244.70,1250.00,1215.60,,1241.80,,,7116,8804018.00,786,F1,1,,,,,
2026-06-12,2026-06-12,CM,BSE,STK,544444,INE0UMC01019,GLEN,M,,,,,Glen Industries Limited,67.50,70.20,67.50,68.56,68.56,65.60,,68.56,,,15600,1077432.00,13,F1,1200,,,,,
2026-06-12,2026-06-12,CM,BSE,STK,544445,INE0SJX01015,APL,M,,,,,ASSTON PHARMACEUTICALS LIMITED,75.00,83.01,61.02,82.78,83.00,73.67,,82.78,,,296000,20339710.00,163,F1,1000,,,,,
2026-06-12,2026-06-12,CM,BSE,STK,544446,INE28GN01010,ADVENTHTL,B,,,,,Advent Hotels International Li,118.15,130.95,118.10,129.90,130.25,121.15,,129.83,,,27381,3448116.00,848,F1,1,,,,,
2026-06-12,2026-06-12,CM,BSE,STK,544447,INE0NAZ01010,SMARTWORKS,B,,,,,SMARTWORKS COWORKING SPACES LI,447.40,450.05,438.35,448.00,448.00,443.50,,446.35,,,1443,643422.00,81,F1,1,,,,,
2026-06-12,2026-06-12,CM,BSE,STK,544448,INE124Y01028,PASHUPATI,B,,,,,Pashupati Cotspin Limited,91.89,91.89,87.45,88.86,88.70,87.80,,88.37,,,4035,358398.00,146,F1,1,,,,,
2026-06-12,2026-06-12,CM,BSE,STK,544449,INE0CZ201020,ANTHEM,B,,,,,Anthem Biosciences Limited,784.90,795.50,780.00,788.60,786.50,779.90,,788.70,,,43541,34330775.00,2386,F1,1,,,,,
2026-06-12,2026-06-12,CM,BSE,STK,544450,INE0TGX01019,CHEMBONDCH,T,,,,,CHEMBOND CHEMICALS  LIMITED,176.00,176.00,176.00,176.00,176.00,176.35,,172.63,,,13,2288.00,2,F1,1,,,,,
2026-06-12,2026-06-12,CM,BSE,STK,544451,INE0LCG01010,MONIKA,M,,,,,MONIKA ALCOBEV LIMITED,228.10,228.10,218.00,220.30,223.00,227.00,,220.30,,,26000,5726940.00,39,F1,400,,,,,
2026-06-12,2026-06-12,CM,BSE,STK,544452,INE0PTF01017,SWASTIKAAL,M,,,,,Swastika Castal Limited,41.50,41.50,41.50,41.50,41.50,41.87,,41.50,,,10000,415000.00,3,F1,2000,,,,,
2026-06-12,2026-06-12,CM,BSE,STK,544453,INE0V0L01028,MSECL,MT,,,,,Monarch Surveyors and Engineer,214.95,214.95,206.45,207.15,207.15,211.50,,207.15,,,15600,3275010.00,25,F1,600,,,,,
2026-06-12,2026-06-12,CM,BSE,STK,544454,INE06ST01018,INDIQUBE,B,,,,,INDIQUBE SPACES LIMITED,153.80,154.70,151.50,152.50,152.50,150.55,,152.31,,,765,116489.00,38,F1,1,,,,,
2026-06-12,2026-06-12,CM,BSE,STK,544455,INE18JU01028,EBGNG,B,,,,,GNG Electronics Limited,434.80,455.00,425.00,433.45,432.10,418.15,,432.55,,,119560,52740559.00,2124,F1,1,,,,,
2026-06-12,2026-06-12,CM,BSE,STK,544456,INE219Y01026,RMDRIP,B,,,,,R M DRIP AND SPRINKLERS SYSTEM,18.21,18.49,17.86,18.49,18.49,17.61,,18.57,,,138348,2551675.00,293,F1,1,,,,,
2026-06-12,2026-06-12,CM,BSE,STK,544457,INE03NU01014,BRIGHOTEL,B,,,,,Brigade Hotel Ventures Limited,62.55,62.95,61.76,62.14,62.14,62.14,,62.31,,,10071,624097.00,66,F1,1,,,,,
2026-06-12,2026-06-12,CM,BSE,STK,544458,INE0FMZ01045,SHREEREF,M,,,,,SHREE REFRIGERATIONS LIMITED,292.40,309.00,289.80,302.50,302.50,289.80,,302.50,,,202500,61447300.00,347,F1,500,,,,,
2026-06-12,2026-06-12,CM,BSE,STK,544459,INE06ZD01017,SHANTIGOLD,B,,,,,SHANTI GOLD INTERNATIONAL LIMI,221.80,227.25,221.80,225.85,225.60,221.70,,225.58,,,24937,5614623.00,327,F1,1,,,,,
2026-06-12,2026-06-12,CM,BSE,STK,544460,INE161701011,PATELCHEM,M,,,,,PATEL CHEM SPECIALITIES LIMITE,84.50,87.10,84.20,85.73,87.10,84.50,,85.73,,,17600,1501648.00,11,F1,1600,,,,,
2026-06-12,2026-06-12,CM,BSE,STK,544461,INE505V01016,EUROBOND,B,,,,,Euro Panel Products Limited,178.00,178.00,178.00,178.00,178.00,168.10,,178.13,,,28,4984.00,1,F1,1,,,,,
2026-06-12,2026-06-12,CM,BSE,STK,544463,INE15WN01014,REPONO,M,,,,,REPONO LIMITED,63.00,63.98,60.00,62.98,62.20,60.25,,62.98,,,32400,2037408.00,22,F1,1200,,,,,
2026-06-12,2026-06-12,CM,BSE,STK,544464,INE1P1A01018,UML,M,,,,,Umiya Mobile Limited,48.00,50.00,48.00,50.00,50.00,48.00,,50.00,,,14000,683600.00,7,F1,2000,,,,,
2026-06-12,2026-06-12,CM,BSE,STK,544465,INE06WU01026,LAXMIINDIA,T,,,,,LAXMI INDIA FINANCE LIMITED,101.90,104.80,100.60,104.35,104.70,100.65,,104.63,,,6168,630233.00,62,F1,1,,,,,
2026-06-12,2026-06-12,CM,BSE,STK,544466,INE819V01029,CPPLUS,B,,,,,Aditya Infotech Limited,3420.25,3440.65,3295.00,3371.70,3371.70,3345.70,,3375.70,,,19017,64414477.00,2376,F1,1,,,,,
2026-06-12,2026-06-12,CM,BSE,STK,544467,INE301O01023,NSDL,B,,,,,National Securities Depository,818.10,832.50,818.10,828.85,828.85,814.85,,828.85,,,293025,241616054.00,9455,F1,1,,,,,
2026-06-12,2026-06-12,CM,BSE,STK,544469,INE0V9Q01010,LOTUSDEV,B,,,,,Sri Lotus Developers and Realt,134.55,134.90,132.50,134.05,134.90,129.80,,134.04,,,11776,1572704.00,316,F1,1,,,,,
2026-06-12,2026-06-12,CM,BSE,STK,544470,INE08N601015,MBEL,B,,,,,M & B ENGINEERING LIMITED,286.55,291.20,280.05,286.90,284.25,283.30,,287.05,,,5887,1684719.00,259,F1,1,,,,,
2026-06-12,2026-06-12,CM,BSE,STK,544471,INE14OX01013,TAKYON,M,,,,,TAKYON NETWORKS LIMITED,20.25,20.90,20.07,20.07,20.07,21.12,,20.07,,,32000,645160.00,15,F1,2000,,,,,
2026-06-12,2026-06-12,CM,BSE,STK,544473,INF666M01LM6,GROWWPOWER,B,,,,,Groww Mutual Fund,12.03,12.05,11.76,11.96,11.96,11.75,,11.96,,,283646,3374175.00,355,F1,1,,,,,
2026-06-12,2026-06-12,CM,BSE,STK,544474,INE0W4K01013,BLT,M,,,,,BLT Logistics Limited,29.00,29.00,29.00,29.00,29.00,30.00,,29.00,,,3200,92800.00,2,F1,1600,,,,,
2026-06-12,2026-06-12,CM,BSE,STK,544475,INE1IBY01019,ESSEX,MT,,,,,ESSEX MARINE LIMITED,44.78,44.78,43.00,44.12,44.49,43.72,,44.12,,,20000,888000.00,8,F1,2000,,,,,
2026-06-12,2026-06-12,CM,BSE,STK,544476,INE0J5801029,JSLL,B,,,,,Jeena Sikho Lifecare Limited,605.05,617.00,591.80,610.75,617.00,593.10,,612.15,,,41712,25092806.00,1124,F1,1,,,,,
2026-06-12,2026-06-12,CM,BSE,STK,544477,INE00RL01028,HILINFRA,T,,,,,Highway Infrastructure Limited,47.90,48.00,46.50,47.82,48.00,46.58,,47.86,,,2743,129111.00,40,F1,1,,,,,
2026-06-12,2026-06-12,CM,BSE,STK,544478,INF200KB1969,SBILIQETF,F,,,,,SBI Mutual Fund,1043.03,1043.03,1043.03,1043.03,1043.03,1042.45,,1043.03,,,96,100130.00,2,F1,1,,,,,
2026-06-12,2026-06-12,CM,BSE,STK,544479,INE0GV601021,ALLTIME,B,,,,,ALL TIME PLASTICS LIMITED,220.00,236.80,218.30,231.75,231.75,217.85,,233.88,,,8879,2017836.00,259,F1,1,,,,,
2026-06-12,2026-06-12,CM,BSE,STK,544480,INE718I01012,JSWCEMENT,B,,,,,JSW CEMENT LIMITED,125.55,128.00,125.25,127.45,127.45,124.55,,127.37,,,155497,19661396.00,1538,F1,1,,,,,
2026-06-12,2026-06-12,CM,BSE,STK,544481,INE1JAR25012,KRT,IF,,,,,KNOWLEDGE REALTY TRUST,117.99,118.50,115.57,116.64,116.64,117.46,,116.46,,,28310,3341675.00,751,F1,1,,,,,
2026-06-12,2026-06-12,CM,BSE,STK,544482,INE0YG001013,STARIMAGIN,MT,,,,,STAR IMAGING AND PATH LAB LIMI,86.00,87.90,84.65,87.19,87.90,85.50,,87.19,,,52000,4502460.00,29,F1,1000,,,,,
2026-06-12,2026-06-12,CM,BSE,STK,544484,INE304W01038,BLUESTONE,B,,,,,BlueStone Jewellery and Lifest,524.40,525.15,512.50,520.50,523.60,516.20,,520.50,,,116014,60008489.00,498,F1,1,,,,,
2026-06-12,2026-06-12,CM,BSE,STK,544485,INE0MHO01029,REGAAL,T,,,,,REGAAL RESOURCES LIMITED,82.15,82.50,80.70,81.20,82.30,81.12,,80.77,,,3393,275795.00,49,F1,1,,,,,
2026-06-12,2026-06-12,CM,BSE,STK,544486,INF0R8F01133,LTGILTCASE,F,,,,,Zerodha Mutual Fund,30.05,30.09,30.04,30.09,30.09,30.02,,30.07,,,2884,86660.00,14,F1,1,,,,,
2026-06-12,2026-06-12,CM,BSE,STK,544487,INE0R8B01010,PATELRMART,B,,,,,PATEL RETAIL LIMITED,218.00,220.30,211.25,217.15,216.50,208.00,,217.39,,,62799,13618672.00,596,F1,1,,,,,
2026-06-12,2026-06-12,CM,BSE,STK,544488,INE078V01014,VIKRAMSOLR,B,,,,,Vikram Solar Limited,205.65,210.60,204.30,209.85,209.85,202.20,,209.86,,,204789,42408951.00,1949,F1,1,,,,,
2026-06-12,2026-06-12,CM,BSE,STK,544489,INE191201016,LGT,M,,,,,LGT Business Connextions Limit,41.42,41.42,38.00,39.25,39.00,39.45,,39.25,,,44400,1726356.00,37,F1,1200,,,,,
2026-06-12,2026-06-12,CM,BSE,STK,544490,INE1B6101010,SHREEJISPG,B,,,,,Shreeji Shipping Global Limite,452.25,485.05,452.25,481.95,485.00,452.90,,483.10,,,32450,15403961.00,429,F1,1,,,,,
2026-06-12,2026-06-12,CM,BSE,STK,544491,INE06XZ01023,GEMAROMA,T,,,,,Gem Aromatics Limited,166.25,173.90,166.25,172.50,173.70,166.25,,172.35,,,12586,2161806.00,176,F1,1,,,,,
2026-06-12,2026-06-12,CM,BSE,STK,544492,INE0PKD01011,MEIL,T,,,,,MANGAL ELECTRICAL INDUSTRIES L,297.45,315.00,297.45,314.95,314.90,300.50,,312.20,,,540,167627.00,27,F1,1,,,,,
2026-06-12,2026-06-12,CM,BSE,STK,544493,INF204KC1GH6,MANUFGBEES,B,,,,,Nippon India Mutual Fund,156.63,159.47,154.73,156.52,154.73,156.98,,157.08,,,81,12656.00,19,F1,1,,,,,
2026-06-12,2026-06-12,CM,BSE,STK,544494,INE12P601017,GLOBTIER,MT,,,,,Globtier Infotech limited,18.43,18.43,18.43,18.43,18.43,17.56,,18.43,,,3200,58976.00,2,F1,1600,,,,,
2026-06-12,2026-06-12,CM,BSE,STK,544495,INE0M3X01010,NISMGMT,M,,,,,NIS MANAGEMENT LIMITED,48.00,48.20,48.00,48.10,48.10,48.00,,48.10,,,4800,230880.00,4,F1,1200,,,,,
2026-06-12,2026-06-12,CM,BSE,STK,544496,INE01R501028,VIKRAN,B,,,,,Vikran Engineering Limited,66.80,70.00,66.80,69.66,69.66,66.00,,69.69,,,194858,13330109.00,947,F1,1,,,,,
2026-06-12,2026-06-12,CM,BSE,STK,544497,INE0Y8W01025,AHCL,B,,,,,ANLON HEALTHCARE LIMITED,15.28,15.39,14.40,15.08,15.08,14.98,,15.06,,,650556,9692233.00,1045,F1,1,,,,,
2026-06-12,2026-06-12,CM,BSE,STK,544498,INE0RTI01017,OVAL,M,,,,,OVAL PROJECTS ENGINEERING LIMI,62.69,62.69,62.69,62.69,62.69,63.00,,62.69,,,1600,100304.00,1,F1,1600,,,,,
2026-06-12,2026-06-12,CM,BSE,STK,544500,INE15MX01014,ABRIL,M,,,,,ABRIL PAPER TECH LIMITED,35.00,38.50,35.00,38.50,38.50,35.00,,38.50,,,6000,217000.00,3,F1,2000,,,,,
2026-06-12,2026-06-12,CM,BSE,STK,544501,INE0XX801016,SUGSLLOYD,MT,,,,,SUGS LLOYD LIMITED,116.00,117.00,113.70,116.00,116.00,115.70,,116.00,,,44000,5069750.00,40,F1,1000,,,,,
2026-06-12,2026-06-12,CM,BSE,STK,544502,INE084K01015,AMANTA,B,,,,,Amanta Healthcare Limited,152.35,156.70,150.30,151.65,150.85,149.05,,151.80,,,72536,11128547.00,759,F1,1,,,,,
2026-06-12,2026-06-12,CM,BSE,STK,544503,INE0ZN101029,RACHIT,MT,,,,,Rachit Prints Limited,221.00,222.10,209.00,209.25,209.25,212.40,,209.25,,,12000,2595700.00,12,F1,1000,,,,,
2026-06-12,2026-06-12,CM,BSE,STK,544504,INE0ZOM01013,GOELCONS,MT,,,,,GOEL CONSTRUCTION COMPANY LIMI,409.00,412.00,400.00,409.75,407.50,409.00,,409.75,,,4800,1946420.00,10,F1,400,,,,,
2026-06-12,2026-06-12,CM,BSE,STK,544505,INE104201012,AUSTERE,M,,,,,AUSTERE SYSTEMS LIMITED,45.00,49.25,45.00,49.25,49.25,45.00,,49.25,,,8000,368500.00,4,F1,2000,,,,,
2026-06-12,2026-06-12,CM,BSE,STK,544506,INE0UJF01018,SHARVAYA,M,,,,,SHARVAYA METALS LIMITED,81.00,81.00,79.10,79.15,79.10,81.00,,79.15,,,4200,336930.00,7,F1,600,,,,,
2026-06-12,2026-06-12,CM,BSE,STK,544507,INF0R8F01141,SML100CASE,B,,,,,Zerodha Mutual Fund,10.10,10.33,10.10,10.29,10.33,10.00,,10.32,,,24356,249502.00,288,F1,1,,,,,
2026-06-12,2026-06-12,CM,BSE,STK,544508,INE0WRP01016,VASHISHTHA,M,,,,,VASHISHTHA LUXURY FASHION LIMI,80.00,80.00,76.95,76.95,76.95,81.00,,76.95,,,15600,1205052.00,11,F1,1200,,,,,
2026-06-12,2026-06-12,CM,BSE,STK,544509,INE0XZB01017,KRUPALU,M,,,,,Krupalu Metals Limited,36.75,36.75,36.00,36.35,36.35,35.00,,36.35,,,4800,174560.00,3,F1,1600,,,,,
2026-06-12,2026-06-12,CM,BSE,STK,544511,INE0V8A01016,KARBON,M,,,,,Karbonsteel Engineering Limite,99.85,104.55,99.85,104.50,104.55,95.55,,104.50,,,3200,330640.00,4,F1,800,,,,,
2026-06-12,2026-06-12,CM,BSE,STK,544512,INE1B3L01017,SHRINGARMS,B,,,,,SHRINGAR HOUSE OF MANGALSUTRA,203.50,212.00,201.05,210.85,209.80,201.00,,210.63,,,21180,4398790.00,266,F1,1,,,,,
2026-06-12,2026-06-12,CM,BSE,STK,544513,INE0VOV01021,DEVX,B,,,,,Dev Accelerator Limited,36.11,36.50,35.67,36.50,36.38,35.94,,36.58,,,23347,851751.00,52,F1,1,,,,,
2026-06-12,2026-06-12,CM,BSE,STK,544514,INE1DRH01011,CITYSQUARE,MT,,,,,JAY AMBE SUPERMARKETS LIMITED,141.55,141.55,141.55,141.55,141.55,148.95,,141.55,,,800,113240.00,1,F1,800,,,,,
2026-06-12,2026-06-12,CM,BSE,STK,544515,INE0CAZ01013,URBANCO,B,,,,,Urban Company Limited,124.00,126.95,124.00,126.25,126.25,122.90,,126.44,,,98723,12424482.00,940,F1,1,,,,,
2026-06-12,2026-06-12,CM,BSE,STK,544516,INE0XBS01012,AIRFLOA,M,,,,,AIRFLOA RAIL TECHNOLOGY LIMITE,315.95,323.00,312.30,320.05,321.00,306.20,,320.05,,,113500,36136050.00,193,F1,500,,,,,
2026-06-12,2026-06-12,CM,BSE,STK,544517,INE24OJ01011,BUILDPRO,B,,,,,Shankara Buildpro Limited,1058.00,1058.00,1014.00,1020.00,1034.45,1031.95,,1020.30,,,2632,2700580.00,255,F1,1,,,,,
2026-06-12,2026-06-12,CM,BSE,STK,544518,INE0TJ801010,LTELEVATOR,M,,,,,L. T. ELEVATOR LIMITED,234.95,242.90,234.95,240.85,241.95,233.95,,240.85,,,35200,8407480.00,38,F1,800,,,,,
2026-06-12,2026-06-12,CM,BSE,STK,544519,INE198501012,EUROPRATIK,B,,,,,EURO PRATIK SALES LIMITED,257.05,275.75,255.65,273.35,272.00,253.20,,273.30,,,7042,1885548.00,202,F1,1,,,,,
2026-06-12,2026-06-12,CM,BSE,STK,544520,INE10XS01012,SAMPAT,M,,,,,SAMPAT ALUMINIUM LIMITED,39.00,39.00,38.00,38.00,38.00,38.05,,38.00,,,2400,92400.00,2,F1,1200,,,,,
2026-06-12,2026-06-12,CM,BSE,STK,544521,INE0SJA01013,VMSTMT,T,,,,,VMS TMT LIMITED,45.39,45.96,44.02,45.69,45.90,44.55,,44.79,,,3861,173720.00,49,F1,1,,,,,
2026-06-12,2026-06-12,CM,BSE,STK,544522,INE08PH01015,ABCOTS,B,,,,,A B Cotspin India Limited,202.90,211.65,201.10,210.05,210.00,198.70,,210.16,,,120210,24758077.00,3038,F1,1,,,,,
2026-06-12,2026-06-12,CM,BSE,STK,544523,INE056801025,IVALUE,B,,,,,IVALUE INFOSOLUTIONS LIMITED,231.00,235.05,229.90,234.50,235.05,229.90,,234.18,,,2445,567756.00,116,F1,1,,,,,
2026-06-12,2026-06-12,CM,BSE,STK,544524,INE14VP01014,JDCABLES,M,,,,,JD CABLES LIMITED,185.20,189.75,185.20,186.35,186.35,180.35,,186.35,,,73600,13781160.00,90,F1,800,,,,,
2026-06-12,2026-06-12,CM,BSE,STK,544525,INE1AG301022,GKENERGY,B,,,,,GK ENERGY LIMITED,137.95,144.00,137.65,143.25,143.00,134.45,,143.52,,,91458,12971686.00,1043,F1,1,,,,,
2026-06-12,2026-06-12,CM,BSE,STK,544526,INE13B501022,SAATVIKGL,B,,,,,Saatvik Green Energy Limited,462.70,484.00,462.70,478.65,475.80,463.20,,476.55,,,10978,5217522.00,578,F1,1,,,,,
2026-06-12,2026-06-12,CM,BSE,STK,544527,INE0Z4F01028,ATLANTAELE,T,,,,,Atlanta Electricals Limited,1830.00,1914.90,1734.25,1842.00,1830.00,1825.50,,1843.70,,,8081,14823443.00,667,F1,1,,,,,
2026-06-12,2026-06-12,CM,BSE,STK,544528,INE652V01016,GANESHCP,B,,,,,Ganesh Consumer Products Limit,198.70,203.90,197.40,198.35,199.35,198.60,,198.68,,,4401,885078.00,160,F1,1,,,,,
2026-06-12,2026-06-12,CM,BSE,STK,544529,INE15XJ01010,APPL,MT,,,,,Aptus Pharma Limited,216.10,216.10,216.10,216.10,216.10,220.50,,216.10,,,20800,4494880.00,40,F1,400,,,,,
2026-06-12,2026-06-12,CM,BSE,STK,544530,INE549H01021,ARSSBL,B,,,,,ANAND RATHI SHARE AND STOCK BR,521.15,545.00,516.10,542.95,540.20,511.25,,542.95,,,26561,14210107.00,905,F1,1,,,,,
2026-06-12,2026-06-12,CM,BSE,STK,544531,INE1LDV01015,TRUECOLORS,M,,,,,TRUE COLORS LIMITED,137.00,140.10,135.00,139.55,137.70,133.45,,139.55,,,86400,11976060.00,111,F1,600,,,,,
2026-06-12,2026-06-12,CM,BSE,STK,544532,INE0TY101024,SOLARWORLD,B,,,,,Solarworld Energy Solutions Li,189.90,191.00,182.05,184.50,185.00,187.00,,184.24,,,13860,2582397.00,361,F1,1,,,,,
2026-06-12,2026-06-12,CM,BSE,STK,544533,INE04VU01023,STYL,B,,,,,Seshaasai Technologies Limited,284.95,284.95,265.60,279.55,279.55,259.95,,279.80,,,19270,5347852.00,499,F1,1,,,,,
2026-06-12,2026-06-12,CM,BSE,STK,544534,INE00YJ01010,JARO,B,,,,,Jaro Institute of Technology M,546.05,577.50,546.05,569.30,569.30,546.80,,566.55,,,13306,7459282.00,331,F1,1,,,,,
2026-06-12,2026-06-12,CM,BSE,STK,544535,INE0QMV01017,BHARATROHAN,M,,,,,BHARATROHAN AIRBORNE INNOVATIO,114.70,114.70,108.00,112.00,112.00,110.45,,112.00,,,6400,701200.00,8,F1,800,,,,,
2026-06-12,2026-06-12,CM,BSE,STK,544536,INE658T01017,WEALTH,B,,,,,Wealth First Portfolio Manager,961.00,961.00,896.00,955.00,955.00,899.95,,941.10,,,29,26409.00,6,F1,1,,,,,
2026-06-12,2026-06-12,CM,BSE,STK,544537,INE0YD401026,JAINREC,B,,,,,Jain Resource Recycling Limite,311.95,327.50,310.20,326.40,326.40,305.35,,326.30,,,514967,164624843.00,8255,F1,1,,,,,
2026-06-12,2026-06-12,CM,BSE,STK,544538,INE0TI501017,PRARUH,M,,,,,PRARUH TECHNOLOGIES LIMITED,57.00,57.00,57.00,57.00,57.00,57.00,,57.00,,,4000,228000.00,2,F1,2000,,,,,
2026-06-12,2026-06-12,CM,BSE,STK,544539,INE1IIQ01028,SOLVEX,MT,,,,,Solvex Edibles Limited,27.00,28.03,26.63,26.63,26.63,28.03,,26.63,,,6400,173856.00,4,F1,1600,,,,,
2026-06-12,2026-06-12,CM,BSE,STK,544540,INE0MLS01022,EPACKPEB,B,,,,,Epack Prefab Technologies Limi,237.05,245.50,231.65,240.65,242.00,227.85,,241.15,,,502875,120444902.00,7558,F1,1,,,,,
2026-06-12,2026-06-12,CM,BSE,STK,544541,INE1KLZ01011,SYSTEMATIC,MT,,,,,SYSTEMATIC INDUSTRIES LIMITED,186.60,193.90,185.25,185.25,185.25,184.70,,185.25,,,25200,4758930.00,34,F1,600,,,,,
2026-06-12,2026-06-12,CM,BSE,STK,544542,INE0W5Q01017,JUSTO,M,,,,,Justo Realfintech Limited,95.00,95.00,90.00,91.00,91.00,96.00,,91.00,,,6000,549350.00,6,F1,1000,,,,,
2026-06-12,2026-06-12,CM,BSE,STK,544543,INE965W01036,BMWVENTLTD,B,,,,,BMW VENTURES LIMITED,59.69,60.10,58.60,58.86,58.79,59.10,,58.96,,,3576,212445.00,99,F1,1,,,,,
2026-06-12,2026-06-12,CM,BSE,STK,544544,INE0SRP01014,TELGE,M,,,,,TELGE PROJECTS LIMITED,113.10,113.10,111.25,111.80,112.00,115.00,,111.80,,,13200,1485120.00,9,F1,1200,,,,,
2026-06-12,2026-06-12,CM,BSE,STK,544545,INE0MWH01014,TRUALT,B,,,,,TRUALT BIOENERGY LIMITED,509.05,511.75,495.00,502.45,502.45,499.15,,501.30,,,20705,10419018.00,558,F1,1,,,,,
2026-06-12,2026-06-12,CM,BSE,STK,544546,INE1B4801017,CHTR,MT,,,,,Chatterbox Technologies Limite,56.80,56.80,52.25,52.25,52.25,55.00,,52.25,,,14400,771564.00,12,F1,1200,,,,,
2026-06-12,2026-06-12,CM,BSE,STK,544547,INE1FF001016,JKIPL,T,,,,,Jinkushal Industries Limited,97.50,102.79,93.61,102.79,102.79,97.90,,102.58,,,5623,567853.00,82,F1,1,,,,,
2026-06-12,2026-06-12,CM,BSE,STK,544548,INE0SIK01014,GPAPL,M,,,,,GUJARAT PEANUT AND AGRI PRODUC,81.50,81.50,81.50,81.50,81.50,84.00,,81.50,,,1600,130400.00,1,F1,1600,,,,,
2026-06-12,2026-06-12,CM,BSE,STK,544550,INE0S3G01027,PACEDIGITK,B,,,,,Pace Digitek Limited,185.90,189.45,183.00,187.55,187.55,184.80,,187.57,,,88214,16424001.00,1060,F1,1,,,,,
2026-06-12,2026-06-12,CM,BSE,STK,544551,INE18PB01017,BHAVIK,M,,,,,BHAVIK ENTERPRISES LIMITED,159.00,159.00,159.00,159.00,159.00,161.00,,159.00,,,1000,159000.00,1,F1,1000,,,,,
2026-06-12,2026-06-12,CM,BSE,STK,544553,INE1PJP01015,MPKSTEELS,M,,,,,M P K STEELS (I) LIMITED,122.00,122.00,117.80,121.00,121.00,121.00,,121.00,,,17600,2122760.00,21,F1,800,,,,,
2026-06-12,2026-06-12,CM,BSE,STK,544554,INE163701019,KVSCASTING,M,,,,,KVS Castings Limited,68.50,69.00,68.00,68.50,68.50,66.00,,68.50,,,14000,958780.00,7,F1,2000,,,,,
2026-06-12,2026-06-12,CM,BSE,STK,544555,INE14QA01016,AMEENJI,M,,,,,AMEENJI RUBBER LIMITED,136.00,142.00,133.00,135.20,135.20,140.00,,135.20,,,14400,1966080.00,10,F1,1200,,,,,
2026-06-12,2026-06-12,CM,BSE,STK,544557,INE0TQE01026,GLOTTIS,T,,,,,Glottis Limited,67.00,68.90,65.00,67.59,67.50,67.03,,67.08,,,4553,306938.00,62,F1,1,,,,,
2026-06-12,2026-06-12,CM,BSE,STK,544558,INE0HF201011,FABTECH,B,,,,,Fabtech Technologies Limited,147.00,147.85,144.00,147.00,147.05,143.45,,147.34,,,2923,425971.00,76,F1,1,,,,,
2026-06-12,2026-06-12,CM,BSE,STK,544559,INE0R8Q01018,OML,MT,,,,,OM METALLOGIC LIMITED,21.65,21.65,21.65,21.65,21.65,20.62,,21.65,,,3200,69280.00,2,F1,1600,,,,,
2026-06-12,2026-06-12,CM,BSE,STK,544560,INE0QU501030,SODHACAP,M,,,,,SODHANI CAPITAL LIMITED,56.65,57.30,56.45,56.45,56.45,56.60,,56.45,,,12000,682000.00,3,F1,2000,,,,,
2026-06-12,2026-06-12,CM,BSE,STK,544562,INE1B0W01010,ADVANCE,B,,,,,Advance Agrolife Limited,98.45,99.95,95.80,99.00,99.60,96.35,,98.65,,,11686,1151533.00,96,F1,1,,,,,
2026-06-12,2026-06-12,CM,BSE,STK,544563,INE1B3501014,ZELIO,MT,,,,,Zelio E Mobility Limited,549.80,549.80,549.80,549.80,549.80,539.05,,549.80,,,9500,5223100.00,13,F1,500,,,,,
2026-06-12,2026-06-12,CM,BSE,STK,544564,INE1BZC01019,OMFREIGHT,B,,,,,Om Freight Forwarders Limited,81.51,83.33,81.00,82.10,82.10,81.11,,82.15,,,1422,117771.00,44,F1,1,,,,,
2026-06-12,2026-06-12,CM,BSE,STK,544565,INE0QP701017,VALPLAST,M,,,,,Valplast Technologies Limited,43.27,44.00,43.27,44.00,44.00,46.50,,44.00,,,6000,262540.00,3,F1,2000,,,,,
2026-06-12,2026-06-12,CM,BSE,STK,544566,INE10CM01027,SUNSKY,M,,,,,Sunsky Logistics Limited,47.00,47.00,46.50,46.50,46.50,44.62,,46.50,,,3000,140250.00,2,F1,1500,,,,,
2026-06-12,2026-06-12,CM,BSE,STK,544567,INE16XA01017,INFINITY,M,,,,,Infinity Infoway Limited,390.00,409.00,390.00,409.00,409.00,400.00,,409.00,,,6800,2728520.00,16,F1,400,,,,,
2026-06-12,2026-06-12,CM,BSE,STK,544568,INE0SUM01015,ZAPPFRESH,M,,,,,DSM Fresh Foods Limited,88.00,88.80,85.30,85.99,85.99,89.50,,85.99,,,67200,5808660.00,52,F1,1200,,,,,
2026-06-12,2026-06-12,CM,BSE,STK,544569,INE1TAE01010,TMCV,B,,,,,Tata Motors Limited,363.45,397.90,361.70,391.35,391.35,358.40,,390.40,,,2442048,926451172.00,48366,F1,1,,,,,
2026-06-12,2026-06-12,CM,BSE,STK,544570,INE085001019,WEWORK,B,,,,,WeWork India Management Limite,638.55,659.00,630.85,638.55,639.90,638.60,,639.30,,,11827,7661740.00,1771,F1,1,,,,,
2026-06-12,2026-06-12,CM,BSE,STK,544572,INE2J8701016,SKFINDUS,B,,,,,SKF INDIA (INDUSTRIAL) LIMITED,2415.65,2425.50,2368.15,2389.90,2407.65,2385.00,,2387.30,,,1977,4731600.00,178,F1,1,,,,,
2026-06-12,2026-06-12,CM,BSE,STK,544573,INF754K01VW2,ELIQUID,F,,,,,Edelweiss Mutual Fund,1034.88,1034.88,1034.88,1034.88,1034.88,1022.85,,1034.95,,,11,11383.00,1,F1,1,,,,,
2026-06-12,2026-06-12,CM,BSE,STK,544574,INE976I01016,TATACAP,A,,,,,Tata Capital Limited,322.60,328.05,322.50,325.95,325.95,321.35,,326.05,,,540009,175785002.00,3697,F1,1,,,,,
2026-06-12,2026-06-12,CM,BSE,STK,544575,INE833Q01012,MITTALSTL,MT,,,,,Mittal Sections Limited,32.11,33.20,30.51,33.20,33.20,32.11,,33.20,,,18000,556800.00,12,F1,1000,,,,,
2026-06-12,2026-06-12,CM,BSE,STK,544576,INE324D01010,LGEINDIA,B,,,,,LG Electronics India Limited,1526.00,1538.35,1498.30,1511.20,1511.20,1520.00,,1511.20,,,11018,16673083.00,1265,F1,1,,,,,
2026-06-12,2026-06-12,CM,BSE,STK,544577,INE196Y01018,WORTHPERI,B,,,,,Worth Peripherals Limited,123.80,123.80,123.80,123.80,123.80,130.00,,123.49,,,5,619.00,1,F1,1,,,,,
2026-06-12,2026-06-12,CM,BSE,STK,544578,INE506V01022,RUBICON,B,,,,,RUBICON RESEARCH LIMITED,1298.00,1333.95,1284.40,1294.35,1292.70,1287.70,,1295.40,,,47570,62086324.00,3083,F1,1,,,,,
2026-06-12,2026-06-12,CM,BSE,STK,544579,INE1UA823019,ANANTAM,IF,,,,,Anantam Highways Trust,104.00,104.02,103.80,104.02,104.02,104.01,,103.94,,,172,17856.00,8,F1,1,,,,,
2026-06-12,2026-06-12,CM,BSE,STK,544580,INE218I01013,CRAMC,B,,,,,Canara Robeco Asset Management,244.00,251.00,244.00,249.60,249.60,240.80,,250.13,,,17299,4291886.00,704,F1,1,,,,,
2026-06-12,2026-06-12,CM,BSE,STK,544581,INF740KA1WU9,FLEXIADD,B,,,,,DSP Mutual Fund,9.54,9.61,9.49,9.56,9.56,9.45,,9.57,,,23828,227752.00,25,F1,1,,,,,
2026-06-12,2026-06-12,CM,BSE,STK,544583,INE01TY01017,CANHLIFE,B,,,,,Canara HSBC Life Insurance Com,138.60,140.45,138.00,138.60,138.65,139.20,,138.68,,,15886,2207872.00,448,F1,1,,,,,
2026-06-12,2026-06-12,CM,BSE,STK,544584,INE13YH01017,SKM,MT,,,,,SK Minerals & Additives Limite,395.00,396.00,385.00,393.00,393.00,384.50,,393.00,,,11000,4300900.00,10,F1,1000,,,,,
2026-06-12,2026-06-12,CM,BSE,STK,544586,INF0R8F01166,NIFTYCASE,B,,,,,Zerodha Mutual Fund,9.27,9.45,9.27,9.42,9.42,9.27,,9.42,,,175773,1650489.00,242,F1,1,,,,,
2026-06-12,2026-06-12,CM,BSE,STK,544587,INE0XAD01024,MIDWESTLTD,B,,,,,Midwest Limited,1234.85,1258.00,1219.95,1246.25,1247.00,1204.75,,1246.60,,,991,1220455.00,97,F1,1,,,,,
2026-06-12,2026-06-12,CM,BSE,STK,544594,INE1GUJ01014,TRADEUNO,M,,,,,GAME CHANGERS TEXFAB LIMITED,94.45,94.50,90.00,94.50,94.50,91.00,,94.50,,,8400,774540.00,7,F1,1200,,,,,
2026-06-12,2026-06-12,CM,BSE,STK,544595,INE16NZ01023,ORKLAINDIA,B,,,,,Orkla India Limited,619.00,619.00,602.50,604.40,603.00,609.95,,604.45,,,2249,1366330.00,204,F1,1,,,,,
2026-06-12,2026-06-12,CM,BSE,STK,544596,INE0SVZ01015,SAFECURE,M,,,,,Safecure Services Limited,26.00,26.00,23.15,23.90,23.80,26.10,,23.90,,,21600,535032.00,18,F1,1200,,,,,
2026-06-12,2026-06-12,CM,BSE,STK,544597,INE202B01038,PIRAMALFIN,B,,,,,Piramal Finance Limited,1978.90,2025.00,1957.40,2015.30,2007.60,1947.95,,2017.20,,,7655,15361692.00,640,F1,1,,,,,
2026-06-12,2026-06-12,CM,BSE,STK,544598,INE648Z01023,ACCURACY,B,,,,,Accuracy Shipping Limited,5.72,5.72,5.27,5.48,5.55,5.48,,5.44,,,15382,84030.00,82,F1,1,,,,,
2026-06-12,2026-06-12,CM,BSE,STK,544599,INE00Q601028,STUDDS,B,,,,,Studds Accessories Limited,510.90,512.80,493.20,501.45,501.45,506.70,,500.85,,,8291,4147453.00,433,F1,1,,,,,
2026-06-12,2026-06-12,CM,BSE,STK,544600,INE956O01016,LENSKART,B,,,,,Lenskart Solutions Limited,508.55,508.55,493.20,494.05,494.00,502.35,,494.10,,,189377,94313317.00,8291,F1,1,,,,,
2026-06-12,2026-06-12,CM,BSE,STK,544601,INF2KCX01012,CHOICEGOLD,E,,,,,Choice Mutual Fund,145.01,155.00,144.99,155.00,155.00,143.40,,147.30,,,1092,158714.00,10,F1,1,,,,,
2026-06-12,2026-06-12,CM,BSE,STK,544603,INE0HOQ01053,GROWW,B,,,,,Billionbrains Garage Ventures,193.75,201.00,192.15,199.00,199.00,191.85,,198.97,,,3107585,609934312.00,16776,F1,1,,,,,
2026-06-12,2026-06-12,CM,BSE,STK,544604,INF769K01PR2,ENERGY,B,,,,,Mirae Asset Mutual Fund,38.90,39.83,38.80,39.43,39.46,38.90,,39.41,,,44699,1755128.00,169,F1,1,,,,,
2026-06-12,2026-06-12,CM,BSE,STK,544605,INF769K01PQ4,SMALL250,B,,,,,Mirae Asset Mutual Fund,17.00,17.12,16.81,17.10,17.11,16.69,,17.09,,,193477,3285014.00,136,F1,1,,,,,
2026-06-12,2026-06-12,CM,BSE,STK,544606,INE15B701018,PINELABS,B,,,,,Pine Labs Limited,147.80,151.55,147.15,150.55,150.55,145.05,,150.57,,,1846285,276391929.00,45806,F1,1,,,,,
2026-06-12,2026-06-12,CM,BSE,STK,544607,INE0D8001018,SHTL,MT,,,,,SHINING TOOLS LIMITED,77.00,77.00,74.75,74.75,74.75,77.10,,74.75,,,7200,549012.00,5,F1,1200,,,,,
2026-06-12,2026-06-12,CM,BSE,STK,544608,INE1C6T01020,EMMVEE,B,,,,,Emmvee Photovoltaic Power Limi,333.95,346.00,326.65,343.65,343.65,321.65,,343.55,,,546710,184845092.00,6554,F1,1,,,,,
2026-06-12,2026-06-12,CM,BSE,STK,544609,INE0LP301011,PWL,B,,,,,Physicswallah Limited,107.95,108.45,105.70,106.90,106.90,105.85,,106.80,,,394834,42174503.00,2344,F1,1,,,,,
2026-06-12,2026-06-12,CM,BSE,STK,544610,INE1I1301016,WORKMATES,M,,,,,WORKMATES CORE2CLOUD SOLUTION,294.70,300.70,294.55,300.50,300.50,294.70,,300.50,,,7200,2147280.00,11,F1,600,,,,,
2026-06-12,2026-06-12,CM,BSE,STK,544611,INE0U9D01019,MAHALIFE,M,,,,,MAHAMAYA LIFESCIENCES LIMITED,175.00,176.00,174.25,175.00,175.00,175.65,,175.00,,,4800,840300.00,4,F1,1200,,,,,
2026-06-12,2026-06-12,CM,BSE,STK,544612,INE19RI01016,TENNIND,B,,,,,Tenneco Clean Air India Limite,574.10,577.90,567.95,573.30,573.75,560.80,,574.20,,,109108,62686587.00,4007,F1,1,,,,,
2026-06-12,2026-06-12,CM,BSE,STK,544613,INE12UR01024,UTLSOLAR,T,,,,,Fujiyama Power Systems Limited,299.00,319.55,291.30,309.95,309.95,304.35,,310.15,,,20685,6447089.00,499,F1,1,,,,,
2026-06-12,2026-06-12,CM,BSE,STK,544614,INE0ILV01024,CAPILLARY,B,,,,,Capillary Technologies India L,499.10,545.40,478.70,509.90,513.30,498.00,,508.75,,,833217,430036884.00,10734,F1,1,,,,,
2026-06-12,2026-06-12,CM,BSE,STK,544615,INE1SPP01016,KSR,T,,,,,KSR Footwear Limited,31.00,31.50,30.01,31.48,31.50,31.17,,31.28,,,8500,264065.00,35,F1,1,,,,,
2026-06-12,2026-06-12,CM,BSE,STK,544616,INE0BUQ01012,GALLARD,M,,,,,Gallard Steel Limited,152.05,152.05,146.05,151.05,150.00,161.00,,151.05,,,17000,2550550.00,13,F1,1000,,,,,
2026-06-12,2026-06-12,CM,BSE,STK,544617,INE606N01019,EXCELSOFT,B,,,,,Excelsoft Technologies Limited,79.79,81.11,79.00,79.58,79.00,78.25,,79.47,,,12386,992632.00,178,F1,1,,,,,
2026-06-12,2026-06-12,CM,BSE,STK,544618,INF754K01VY8,ESENSEX,B,,,,,Edelweiss Mutual Fund,75.27,75.43,74.53,75.43,75.43,73.44,,75.54,,,33,2470.00,5,F1,1,,,,,
2026-06-12,2026-06-12,CM,BSE,STK,544619,INE0QPI01025,SUDEEPPHRM,B,,,,,Sudeep Pharma Limited,752.50,764.00,737.95,749.50,752.00,729.10,,749.50,,,8137,6104804.00,453,F1,1,,,,,
2026-06-12,2026-06-12,CM,BSE,STK,544621,INE1U2R01013,SSMD,MT,,,,,SSMD AGROTECH INDIA LIMITED,57.00,59.00,55.00,59.00,59.00,57.70,,59.00,,,12000,690000.00,7,F1,1000,,,,,
2026-06-12,2026-06-12,CM,BSE,STK,544622,INE2KCE01013,KWIL,B,,,,,Kwality Walls (India) Limited,35.69,37.40,35.01,36.85,36.85,34.93,,36.90,,,3310699,120964358.00,9004,F1,1,,,,,
2026-06-12,2026-06-12,CM,BSE,STK,544624,INE0EOJ01014,KKSILK,M,,,,,K K SILK MILLS LIMITED,9.65,10.56,9.65,10.56,10.56,10.24,,10.56,,,9000,92310.00,3,F1,3000,,,,,
2026-06-12,2026-06-12,CM,BSE,STK,544625,INE1BA901016,LOGICIEL,MT,,,,,Logiciel Solutions Limited,39.10,41.40,39.10,39.88,41.40,41.15,,39.88,,,4800,189630.00,8,F1,600,,,,,
2026-06-12,2026-06-12,CM,BSE,STK,544626,INE1E4401010,EXATO,M,,,,,EXATO TECHNOLOGIES LIMITED,370.00,380.00,365.00,380.00,380.00,364.20,,380.00,,,7000,2621200.00,14,F1,500,,,,,
2026-06-12,2026-06-12,CM,BSE,STK,544627,INE0VDK01019,PURPLEWAVE,M,,,,,PURPLE WAVE INFOCOM LIMITED,116.00,116.00,113.10,113.10,113.10,117.50,,113.10,,,3000,345100.00,3,F1,1000,,,,,
2026-06-12,2026-06-12,CM,BSE,STK,544628,INE0RUY01012,ASTRONMULT,MT,,,,,Astron Multigrain Limited,18.50,18.50,18.50,18.50,18.50,17.70,,18.50,,,4000,74000.00,2,F1,2000,,,,,
2026-06-12,2026-06-12,CM,BSE,STK,544629,INE0W4D01018,RAVEL,M,,,,,Ravelcare Limited,105.00,113.00,104.00,111.05,113.00,105.00,,111.05,,,19000,2054450.00,19,F1,1000,,,,,
2026-06-12,2026-06-12,CM,BSE,STK,544630,INE1FJE01010,HELLOJI,M,,,,,HELLOJI HOLIDAYS LIMITED,138.00,138.00,138.00,138.00,138.00,130.00,,138.00,,,2400,331200.00,1,F1,1200,,,,,
2026-06-12,2026-06-12,CM,BSE,STK,544631,INE985W01018,CNL,B,,,,,CREATIVE NEWTECH LIMITED,697.05,708.00,692.20,705.50,706.25,693.95,,705.05,,,321,223854.00,67,F1,1,,,,,
2026-06-12,2026-06-12,CM,BSE,STK,544632,INE0VDM01015,MEESHO,B,,,,,Meesho Limited,169.60,170.65,165.60,167.15,167.15,168.35,,166.93,,,630788,105481776.00,5017,F1,1,,,,,
2026-06-12,2026-06-12,CM,BSE,STK,544633,INE14UN01029,VIDYAWIRES,B,,,,,VIDYA WIRES LIMITED,86.20,89.05,86.20,89.05,89.05,84.85,,89.07,,,202769,17948998.00,1210,F1,1,,,,,
2026-06-12,2026-06-12,CM,BSE,STK,544634,INE947N01017,AEQUS,B,,,,,Aequs Limited,177.05,185.00,177.05,182.75,182.75,176.35,,182.54,,,193320,35339745.00,2275,F1,1,,,,,
2026-06-12,2026-06-12,CM,BSE,STK,544635,INE1CJB01013,LUXURY,MT,,,,,Luxury Time Limited,70.20,70.20,70.00,70.13,70.00,71.95,,70.13,,,4800,336640.00,2,F1,1600,,,,,
2026-06-12,2026-06-12,CM,BSE,STK,544636,INE1MF401019,WOSAL,MT,,,,,Western Overseas Study Abroad,18.15,18.45,18.15,18.45,18.45,17.58,,18.45,,,6000,110100.00,3,F1,2000,,,,,
2026-06-12,2026-06-12,CM,BSE,STK,544637,INE0QZR01017,METHODHUB,M,,,,,Methodhub Software Limited,88.95,88.95,86.00,86.05,86.05,86.50,,86.05,,,22200,1918620.00,20,F1,600,,,,,
2026-06-12,2026-06-12,CM,BSE,STK,544638,INF194KB1KJ7,GOLDBND,E,,,,,Bandhan Mutual Fund,147.07,147.95,145.33,146.64,146.31,143.85,,146.78,,,1601,235039.00,111,F1,1,,,,,
2026-06-12,2026-06-12,CM,BSE,STK,544639,INF194KB1KI9,SILVERBND,E,,,,,Bandhan Mutual Fund,234.09,241.51,234.09,241.02,240.31,232.54,,240.75,,,2884,691652.00,65,F1,1,,,,,
2026-06-12,2026-06-12,CM,BSE,STK,544640,INE1DKT01011,RDEL,MT,,,,,Riddhi Display Equipments Limi,34.20,34.20,32.56,32.56,32.56,34.27,,32.56,,,7200,236496.00,6,F1,1200,,,,,
2026-06-12,2026-06-12,CM,BSE,STK,544641,INE1IE301018,KVTOYS,M,,,,,K. V. TOYS INDIA LIMITED,277.00,277.00,258.00,264.00,266.00,267.50,,264.00,,,8400,2233020.00,14,F1,600,,,,,
2026-06-12,2026-06-12,CM,BSE,STK,544642,INE0E7301029,WAKEFIT,B,,,,,Wakefit Innovations Limited,115.15,116.00,113.40,114.75,114.80,113.50,,114.76,,,38467,4413476.00,471,F1,1,,,,,
2026-06-12,2026-06-12,CM,BSE,STK,544644,INE02ZQ01018,CORONA,B,,,,,Corona Remedies Limited,1709.25,1734.05,1703.05,1728.40,1731.20,1680.75,,1728.30,,,253,433705.00,52,F1,1,,,,,
2026-06-12,2026-06-12,CM,BSE,STK,544645,INE119201023,PARKHOSPS,B,,,,,PARK MEDI WORLD LIMITED,272.05,283.65,271.70,274.75,275.60,274.15,,274.60,,,63423,17423715.00,1060,F1,1,,,,,
2026-06-12,2026-06-12,CM,BSE,STK,544646,INE0O9L01010,SHIPWAVES,MT,,,,,Shipwaves Online Limited,3.69,3.70,3.45,3.49,3.49,3.56,,3.49,,,80000,284400.00,8,F1,10000,,,,,
2026-06-12,2026-06-12,CM,BSE,STK,544647,INE428V01029,NEPHROPLUS,B,,,,,Nephrocare Health Services Lim,759.75,767.95,735.00,749.90,749.90,744.75,,748.25,,,13181,9917510.00,840,F1,1,,,,,
2026-06-12,2026-06-12,CM,BSE,STK,544654,INF740KA1WX3,SMALLADD,B,,,,,DSP Mutual Fund,17.04,17.12,16.86,17.08,17.08,17.04,,17.17,,,4578,78132.00,15,F1,1,,,,,
2026-06-12,2026-06-12,CM,BSE,STK,544655,INF740KA1WW5,MIDCAPADD,B,,,,,DSP Mutual Fund,21.96,22.50,21.93,22.20,22.18,21.80,,22.21,,,7036,154573.00,8,F1,1,,,,,
2026-06-12,2026-06-12,CM,BSE,STK,544656,INE1E1V01017,HRS,M,,,,,HRS ALUGLAZE LIMITED,234.50,240.00,234.50,237.00,237.00,236.00,,237.00,,,5200,1228200.00,5,F1,400,,,,,
2026-06-12,2026-06-12,CM,BSE,STK,544657,INE14LM01012,PAJSON,M,,,,,Pajson Agro India Limited,195.30,195.30,188.00,188.00,188.00,195.00,,188.00,,,1800,344340.00,3,F1,600,,,,,
2026-06-12,2026-06-12,CM,BSE,STK,544658,INE346A01027,ICICIAMC,A,,,,,ICICI Prudential Asset Managem,3270.60,3326.30,3210.00,3240.75,3240.75,3210.00,,3238.90,,,40050,130074800.00,4702,F1,1,,,,,
2026-06-12,2026-06-12,CM,BSE,STK,544660,INF769K01PZ5,TOP20,B,,,,,Mirae Asset Mutual Fund,8.42,8.52,8.38,8.49,8.51,8.33,,8.49,,,17784,150875.00,19,F1,1,,,,,
2026-06-12,2026-06-12,CM,BSE,STK,544661,INF769K01PY8,DIVIDEND,B,,,,,Mirae Asset Mutual Fund,34.73,35.00,34.66,35.00,35.00,34.43,,34.98,,,545,18998.00,11,F1,1,,,,,
2026-06-12,2026-06-12,CM,BSE,STK,544662,INE0VI201010,SIMANDHAR,XT,,,,,SIMANDHAR IMPEX LIMITED,180.95,180.95,163.75,163.75,163.75,172.35,,163.75,,,2056,345828.00,28,F1,1,,,,,
2026-06-12,2026-06-12,CM,BSE,STK,544663,INE1NQ501012,NEPLOG,MT,,,,,NEPTUNE LOGITEK LIMITED,35.98,35.98,35.98,35.98,35.98,35.98,,35.98,,,3000,107940.00,3,F1,1000,,,,,
2026-06-12,2026-06-12,CM,BSE,STK,544664,INE987S01020,KSHINTL,B,,,,,KSH INTERNATIONAL LIMITED,839.95,855.50,812.05,818.90,818.90,819.15,,819.85,,,43142,35782116.00,1963,F1,1,,,,,
2026-06-12,2026-06-12,CM,BSE,STK,544666,INE0V0W01025,GKSL,B,,,,,GUJARAT KIDNEY AND SUPER SPECI,127.00,131.90,125.35,129.20,129.20,126.00,,129.96,,,21983,2825912.00,435,F1,1,,,,,
2026-06-12,2026-06-12,CM,BSE,STK,544667,INE1F9M01018,DACHEPALLI,MT,,,,,Dachepalli Publishers Limited,76.00,76.12,76.00,76.12,76.12,72.50,,76.12,,,4800,365232.00,3,F1,1200,,,,,
2026-06-12,2026-06-12,CM,BSE,STK,544668,INE0YJA01011,NANTA,MT,,,,,NANTA TECH LIMITED,400.00,420.00,400.00,420.00,420.00,400.00,,420.00,,,18000,7548000.00,27,F1,600,,,,,
2026-06-12,2026-06-12,CM,BSE,STK,544669,INE0XLO01010,ADMACH,MT,,,,,ADMACH SYSTEMS LIMITED,299.95,299.95,289.10,289.10,289.10,289.20,,289.10,,,1800,528630.00,3,F1,600,,,,,
2026-06-12,2026-06-12,CM,BSE,STK,544670,INE1IJQ01026,BAIKAKAJI,M,,,,,BAI-KAKAJI POLYMERS LIMITED,179.95,180.00,179.25,180.00,180.00,179.90,,180.00,,,3000,538860.00,5,F1,600,,,,,
2026-06-12,2026-06-12,CM,BSE,STK,544671,INE0X4A01013,ATIL,M,,,,,APOLLO TECHNO INDUSTRIES LIMIT,89.00,89.00,86.00,88.90,88.90,85.00,,88.90,,,6000,524910.00,6,F1,1000,,,,,
2026-06-12,2026-06-12,CM,BSE,STK,544672,INF2F0001370,TWCGOLDETF,E,,,,,The Wealth Company Mutual Fund,146.84,146.84,146.84,146.84,146.84,143.96,,147.23,,,9,1321.00,1,F1,1,,,,,
2026-06-12,2026-06-12,CM,BSE,STK,544673,INE1HK501016,MDRC,M,,,,,MODERN DIAGNOSTIC & RESEARCH C,56.00,56.00,50.10,51.50,53.20,55.00,,51.50,,,12800,678096.00,7,F1,1600,,,,,
2026-06-12,2026-06-12,CM,BSE,STK,544674,INF740KA1XU7,NEXT50ADD,B,,,,,DSP Mutual Fund,69.85,69.85,69.17,69.17,69.17,68.72,,70.21,,,1323,91559.00,8,F1,1,,,,,
2026-06-12,2026-06-12,CM,BSE,STK,544675,INE1H1501013,GTIL,M,,,,,Gabion Technologies India Limi,65.52,65.52,62.37,62.37,62.37,62.30,,62.37,,,3200,204624.00,2,F1,1600,,,,,
2026-06-12,2026-06-12,CM,BSE,STK,544676,INE0CNJ01010,YAJUR,M,,,,,YAJUR FIBRES LIMITED,40.70,40.70,39.01,39.51,39.51,38.10,,39.51,,,12000,477656.00,14,F1,800,,,,,
2026-06-12,2026-06-12,CM,BSE,STK,544678,INE05XR01022,BHARATCOAL,B,,,,,BHARAT COKING COAL LIMITED,37.35,38.15,37.12,37.55,37.55,36.70,,37.57,,,2176551,81867616.00,6754,F1,1,,,,,
2026-06-12,2026-06-12,CM,BSE,STK,544679,INE121R01077,AMAGI,B,,,,,Amagi Media Labs Limited,443.50,444.00,417.70,424.25,430.00,425.40,,425.90,,,540316,228019693.00,737,F1,1,,,,,
2026-06-12,2026-06-12,CM,BSE,STK,544680,INE0S1B01014,NARMADESH,MT,,,,,Narmadesh Brass Industries Lim,344.00,344.00,315.00,315.00,315.00,328.50,,315.00,,,1920,622416.00,8,F1,240,,,,,
2026-06-12,2026-06-12,CM,BSE,STK,544681,INE0WKY01013,INDOSMC,MT,,,,,INDO SMC Limited,275.00,283.35,270.00,282.95,283.35,269.90,,282.95,,,72000,20223350.00,65,F1,1000,,,,,
2026-06-12,2026-06-12,CM,BSE,STK,544682,INE0U8P01015,GRERENEW,MT,,,,,GRE Renew Enertech Limited,140.25,140.25,140.00,140.00,140.00,142.00,,140.00,,,3600,504300.00,3,F1,1200,,,,,
2026-06-12,2026-06-12,CM,BSE,STK,544684,INE1OOT01028,DIGILOGIC,M,,,,,DIGILOGIC SYSTEMS LIMITED,121.00,124.00,120.90,122.85,123.00,121.90,,122.85,,,100800,12384840.00,80,F1,1200,,,,,
2026-06-12,2026-06-12,CM,BSE,STK,544685,INE12UN01015,SHADOWFAX,B,,,,,SHADOWFAX TECHNOLOGIES LIMITED,214.35,222.65,213.15,218.15,219.20,209.70,,217.68,,,98187,21441167.00,1662,F1,1,,,,,
2026-06-12,2026-06-12,CM,BSE,STK,544686,INE0UCL01011,SHAYONAENG,M,,,,,SHAYONA ENGINEERING LIMITED,128.00,139.00,128.00,134.00,134.00,134.25,,134.00,,,28000,3687950.00,18,F1,1000,,,,,
2026-06-12,2026-06-12,CM,BSE,STK,544687,INE0JVH01012,HANNAH,MT,,,,,Hannah Joseph Hospital Limited,95.00,95.00,93.55,94.12,94.00,98.35,,94.12,,,14000,1317700.00,6,F1,2000,,,,,
2026-06-12,2026-06-12,CM,BSE,STK,544688,INE0T1301023,KASTURI,M,,,,,KASTURI METAL COMPOSITE LIMITE,50.75,54.80,47.00,50.75,50.75,53.00,,50.75,,,40000,2021180.00,14,F1,2000,,,,,
2026-06-12,2026-06-12,CM,BSE,STK,544693,INE163401016,KANISHK,MT,,,,,KANISHK ALUMINIUM INDIA LIMITE,31.00,31.00,31.00,31.00,31.00,31.00,,31.00,,,1600,49600.00,1,F1,1600,,,,,
2026-06-12,2026-06-12,CM,BSE,STK,544694,INE1KVQ01019,ANL,MT,,,,,Accretion Nutraveda Limited,260.00,260.00,260.00,260.00,260.00,257.50,,260.00,,,1000,260000.00,1,F1,1000,,,,,
2026-06-12,2026-06-12,CM,BSE,STK,544695,INE2B5L01011,MSAFE,M,,,,,Msafe Equipments Limited,158.00,158.00,151.00,154.50,153.20,154.80,,154.50,,,92000,14230150.00,73,F1,1000,,,,,
2026-06-12,2026-06-12,CM,BSE,STK,544698,INE1N9E01015,PANHR,MT,,,,,PAN HR SOLUTION LIMITED,62.00,62.00,60.95,60.95,60.95,64.15,,60.95,,,9600,586880.00,6,F1,1600,,,,,
2026-06-12,2026-06-12,CM,BSE,STK,544699,INE501X01029,AYE,B,,,,,Aye Finance Limited,141.25,150.50,141.25,150.00,148.75,140.45,,149.88,,,135211,19930927.00,1426,F1,1,,,,,
2026-06-12,2026-06-12,CM,BSE,STK,544700,INE212S01015,FRACTAL,B,,,,,Fractal Analytics Limited,959.80,973.05,949.10,950.85,950.05,939.95,,952.00,,,14933,14316485.00,762,F1,1,,,,,
2026-06-12,2026-06-12,CM,BSE,STK,544701,INF769K01QA6,HEALTHCARE,B,,,,,Mirae Asset Mutual Fund,20.16,20.21,20.08,20.18,20.14,20.08,,20.17,,,34653,698354.00,22,F1,1,,,,,
2026-06-12,2026-06-12,CM,BSE,STK,544702,INE0OU201013,DCMSIL,T,,,,,DCM SHRIRAM INTERNATIONAL LIMI,64.48,65.00,64.48,64.48,64.48,65.79,,64.48,,,1741,112415.00,22,F1,1,,,,,
2026-06-12,2026-06-12,CM,BSE,STK,544703,INE0OFM01015,DSFCL,B,,,,,DCM SHRIRAM FINE CHEMICALS LIM,24.75,24.75,23.00,23.60,23.35,23.59,,23.51,,,8982,213951.00,121,F1,1,,,,,
2026-06-12,2026-06-12,CM,BSE,STK,544704,INF769K01QB4,INFRA,B,,,,,Mirae Asset Mutual Fund,11.53,11.95,11.53,11.93,11.93,11.65,,11.92,,,8448,99983.00,21,F1,1,,,,,
2026-06-12,2026-06-12,CM,BSE,STK,544705,INF769K01QC2,DEFENCE,B,,,,,Mirae Asset Mutual Fund,74.60,75.30,74.06,75.11,75.30,73.14,,75.17,,,9960,742612.00,136,F1,1,,,,,
2026-06-12,2026-06-12,CM,BSE,STK,544707,INE1W3Q01011,FIL,M,,,,,Fractal Industries Limited,201.70,201.70,201.70,201.70,201.70,197.35,,201.70,,,1200,242040.00,2,F1,600,,,,,
2026-06-12,2026-06-12,CM,BSE,STK,544708,INE1O6P01016,YASHHTEJ,MT,,,,,Yashhtej Industries (India) Li,51.74,51.74,49.16,49.16,49.16,51.74,,49.16,,,27600,1368312.00,21,F1,1200,,,,,
2026-06-12,2026-06-12,CM,BSE,STK,544709,INE0P8B01020,GAUDIUMIVF,T,,,,,Gaudium IVF and Women Health L,99.15,99.15,99.15,99.15,99.15,101.15,,99.15,,,59991,5948107.00,273,F1,1,,,,,
2026-06-12,2026-06-12,CM,BSE,STK,544710,INE132201018,ACCORDTS,M,,,,,ACCORD TRANSFORMER & SWITCHGEA,59.47,59.59,58.10,59.38,59.30,56.79,,59.38,,,90000,5313660.00,29,F1,3000,,,,,
2026-06-12,2026-06-12,CM,BSE,STK,544711,INE1C3F01018,KIAASA,M,,,,,KIAASA RETAIL LIMITED,42.10,43.95,40.05,41.50,41.94,42.10,,41.50,,,24000,998550.00,16,F1,1000,,,,,
2026-06-12,2026-06-12,CM,BSE,STK,544716,INE19GK01015,SRTL,B,,,,,SHREE RAM TWISTEX LIMITED,40.79,40.95,40.39,40.91,40.69,39.82,,41.02,,,2209,90150.00,40,F1,1,,,,,
2026-06-12,2026-06-12,CM,BSE,STK,544717,INE647U01026,CLEANMAX,B,,,,,Clean Max Enviro Energy Soluti,1277.95,1333.65,1228.35,1253.70,1259.00,1284.60,,1252.70,,,38660,48669972.00,2521,F1,1,,,,,
2026-06-12,2026-06-12,CM,BSE,STK,544718,INE1RDG01013,PNGSREVA,B,,,,,PNGS Reva Diamond Jewellery Li,372.25,382.40,371.25,379.05,382.40,364.75,,378.35,,,3850,1449291.00,178,F1,1,,,,,
2026-06-12,2026-06-12,CM,BSE,STK,544719,INF209KC1670,ABSL10BANK,B,,,,,Aditya Birla Sun Life Mutual F,166.20,167.00,165.91,167.00,167.00,163.00,,167.59,,,39,6484.00,3,F1,1,,,,,
2026-06-12,2026-06-12,CM,BSE,STK,544720,INE0UH301010,OMNI,B,,,,,Omnitech Engineering Limited,463.20,492.95,462.35,470.15,470.15,454.75,,470.15,,,65678,31196101.00,1749,F1,1,,,,,
2026-06-12,2026-06-12,CM,BSE,STK,544721,INF666M01OD9,GROWWHOSPI,B,,,,,Groww Mutual Fund,52.55,52.66,51.88,52.21,52.16,51.89,,52.21,,,4515,235818.00,58,F1,1,,,,,
2026-06-12,2026-06-12,CM,BSE,STK,544722,INF200KB1AJ0,SBIMIDMOM,B,,,,,SBI Mutual Fund,61.37,62.55,61.37,62.42,62.55,60.67,,62.46,,,1670,102904.00,18,F1,1,,,,,
2026-06-12,2026-06-12,CM,BSE,STK,544723,INE00XB01019,SEDEMAC,B,,,,,SEDEMAC MECHATRONICS LIMITED,2690.65,2938.60,2648.00,2771.10,2771.10,2641.35,,2770.70,,,23918,66620187.00,2373,F1,1,,,,,
2026-06-12,2026-06-12,CM,BSE,STK,544724,INE1FEW01013,ELFIN,MT,,,,,Elfin Agro India Limited,72.00,73.50,71.70,71.70,71.70,70.00,,71.70,,,21000,1525950.00,7,F1,3000,,,,,
2026-06-12,2026-06-12,CM,BSE,STK,544725,INF740KA1YH2,BANK10ADD,B,,,,,DSP Mutual Fund,16.63,16.80,16.52,16.79,16.79,16.44,,16.82,,,15210,252000.00,20,F1,1,,,,,
2026-06-12,2026-06-12,CM,BSE,STK,544726,INE0J0B01017,KOTYARK,B,,,,,Kotyark Industries Limited,416.10,419.55,405.25,409.90,409.00,400.00,,409.60,,,899,368972.00,54,F1,1,,,,,
2026-06-12,2026-06-12,CM,BSE,STK,544731,INE313L01016,RSL,B,,,,,RAJPUTANA STAINLESS LIMITED,130.60,132.25,127.50,131.05,131.00,128.00,,130.47,,,29072,3801751.00,257,F1,1,,,,,
2026-06-12,2026-06-12,CM,BSE,STK,544732,INE0ADB01012,INNOVISION,B,,,,,Innovision Limited,287.10,293.95,287.00,289.25,293.95,287.10,,288.80,,,4107,1184664.00,235,F1,1,,,,,
2026-06-12,2026-06-12,CM,BSE,STK,544733,INE713R01022,GSPCROP,B,,,,,GSP CROP SCIENCE LIMITED,438.00,452.80,435.65,449.30,445.90,431.50,,449.90,,,3121,1393618.00,230,F1,1,,,,,
2026-06-12,2026-06-12,CM,BSE,STK,544734,INE2PB023011,RIIT,IF,,,,,Raajmarg Infra Investment Trus,112.30,113.55,111.90,112.00,112.60,111.75,,112.33,,,459713,51494722.00,192,F1,1,,,,,
2026-06-12,2026-06-12,CM,BSE,STK,544735,INE1TFS01019,NOVUS,M,,,,,Novus Loyalty Limited,148.00,148.00,140.00,147.70,147.00,146.00,,147.70,,,53000,7697000.00,39,F1,1000,,,,,
2026-06-12,2026-06-12,CM,BSE,STK,544736,INF336L01RX2,HSBCGOLD,E,,,,,HSBC Mutual Fund,126.52,129.89,126.45,128.00,126.45,126.00,,128.05,,,301,38471.00,14,F1,1,,,,,
2026-06-12,2026-06-12,CM,BSE,STK,544737,INF769K01QV2,VALUE,B,,,,,Mirae Asset Mutual Fund,16.28,16.28,16.13,16.28,16.28,16.14,,16.38,,,4953,80341.00,17,F1,1,,,,,
2026-06-12,2026-06-12,CM,BSE,STK,544738,INE0R0M01014,SPML,MT,,,,,SPECIALITY MEDICINES LIMITED,212.90,212.90,203.00,203.00,203.00,204.50,,203.00,,,7000,1466350.00,6,F1,1000,,,,,
2026-06-12,2026-06-12,CM,BSE,STK,544739,INE05HV01027,CMPDI,B,,,,,Central Mine Planning & Design,228.75,239.40,226.05,238.40,238.40,222.80,,238.44,,,202069,46995496.00,2544,F1,1,,,,,
2026-06-12,2026-06-12,CM,BSE,STK,544740,INE1U6D01014,TIPCO,MT,,,,,Tipco Engineering India Limite,152.75,156.90,152.75,155.40,155.40,149.45,,155.40,,,121600,18966880.00,47,F1,1600,,,,,
2026-06-12,2026-06-12,CM,BSE,STK,544741,INE1KI801019,HIGHNESS,M,,,,,Highness Microelectronics Limi,155.75,162.00,152.00,158.25,158.00,155.75,,158.25,,,61200,9625140.00,44,F1,1200,,,,,
2026-06-12,2026-06-12,CM,BSE,STK,544742,INE0H9F01037,SAIPARENT,B,,,,,Sai Parenteral's Limited,572.85,597.15,564.95,567.15,569.50,557.65,,569.45,,,17708,10219894.00,1422,F1,1,,,,,
2026-06-12,2026-06-12,CM,BSE,STK,544743,INE05TO01019,AMIRCHAND,B,,,,,Amir Chand Jagdish Kumar (Expo,119.35,123.65,118.35,123.50,122.50,117.40,,123.26,,,48454,5879827.00,498,F1,1,,,,,
2026-06-12,2026-06-12,CM,BSE,STK,544744,INE921L01032,POWERICA,B,,,,,Powerica Ltd.,444.05,462.55,444.05,459.65,459.60,441.75,,458.85,,,22449,10192164.00,956,F1,1,,,,,
2026-06-12,2026-06-12,CM,BSE,STK,544745,INF200KB1AK8,SBINMID150,B,,,,,SBI Mutual Fund,22.12,23.00,22.08,22.17,22.17,21.85,,22.33,,,10906,247947.00,24,F1,1,,,,,
2026-06-12,2026-06-12,CM,BSE,STK,544746,INE0UMH01018,SCDL,M,,,,,SAFETY CONTROLS & DEVICES LIMI,78.90,79.99,78.90,79.97,79.95,78.89,,79.97,,,11200,888384.00,7,F1,1600,,,,,
2026-06-12,2026-06-12,CM,BSE,STK,544747,INE1OSW01015,EMIAC,M,,,,,EMIAC TECHNOLOGIES LIMITED,100.00,101.45,96.90,97.85,97.80,98.90,,97.85,,,16800,1654392.00,13,F1,1200,,,,,
2026-06-12,2026-06-12,CM,BSE,STK,544748,INE840Y01029,ONEPOINT,B,,,,,ONE POINT ONE SOLUTIONS LIMITE,56.01,58.64,55.84,57.67,57.67,56.25,,57.78,,,120702,6862912.00,569,F1,1,,,,,
2026-06-12,2026-06-12,CM,BSE,STK,544750,INE25E901019,OMPOWER,B,,,,,OM POWER TRANSMISSION LIMITED,175.60,180.75,175.15,177.85,177.60,175.85,,177.93,,,29766,5278378.00,437,F1,1,,,,,
2026-06-12,2026-06-12,CM,BSE,STK,544751,INE1K0V01011,MTL,M,,,,,MEHUL TELECOM LIMITED,93.00,94.95,93.00,93.98,94.95,94.49,,93.98,,,3600,337140.00,3,F1,1200,,,,,
2026-06-12,2026-06-12,CM,BSE,STK,544752,INE19RO25039,PSCELESTIA,IF,,,,,PropShare Celestia,1012001.00,1012001.00,1012000.00,1012000.00,1012000.00,1012000.00,,1012000.00,,,2,2024001.00,2,F1,1,,,,,
2026-06-12,2026-06-12,CM,BSE,STK,544753,INE2Q7823014,CITIUSINVT,IF,,,,,Citius TransNet Investment Tru,106.99,107.26,106.01,106.29,106.59,106.72,,106.12,,,9922,1058472.00,160,F1,1,,,,,
2026-06-12,2026-06-12,CM,BSE,STK,544754,INE12F801023,KISSHT,B,,,,,OnEMI Technology Solutions Lim,264.25,273.00,261.35,270.95,270.95,257.70,,270.55,,,176733,47098511.00,1813,F1,1,,,,,
2026-06-12,2026-06-12,CM,BSE,STK,544755,INE2B6701015,RECODE,M,,,,,RECODE STUDIOS LIMITED,189.95,202.00,186.05,199.30,199.50,183.15,,199.30,,,84000,16388880.00,87,F1,800,,,,,
2026-06-12,2026-06-12,CM,BSE,STK,544756,INE368U01029,UNITEDPOLY,T,,,,,United Polyfab Gujarat Limited,33.75,33.75,32.50,33.45,33.50,33.28,,32.97,,,6855,226867.00,29,F1,1,,,,,
2026-06-12,2026-06-12,CM,BSE,STK,544757,INE032Z01020,BSHSL,T,,,,,BOMBAY SUPER HYBRID SEEDS LIMI,95.30,95.30,91.50,91.96,91.90,96.28,,93.40,,,1214,112813.00,43,F1,1,,,,,
2026-06-12,2026-06-12,CM,BSE,STK,544758,INE2OVN25015,BAGMANE,IF,,,,,Bagmane Prime Office REIT,104.39,104.39,103.11,103.34,103.30,103.35,,103.39,,,24835,2570116.00,204,F1,1,,,,,
2026-06-12,2026-06-12,CM,BSE,STK,544759,INE1CLW01015,GLPL,M,,,,,GOLDLINE PHARMACEUTICAL LIMITE,46.35,48.25,46.35,46.55,46.50,48.05,,46.55,,,45000,2110200.00,15,F1,3000,,,,,
2026-06-12,2026-06-12,CM,BSE,STK,544760,INF740KA1ZA4,FMCGADD,B,,,,,DSP Mutual Fund,49.30,49.30,48.87,48.91,48.91,48.35,,48.89,,,214,10467.00,4,F1,1,,,,,
2026-06-12,2026-06-12,CM,BSE,STK,544762,INF200KB1AX1,SBIVALETF,B,,,,,SBI Mutual Fund,15.07,15.24,15.04,15.24,15.24,14.93,,14.99,,,4229,63631.00,7,F1,1,,,,,
2026-06-12,2026-06-12,CM,BSE,STK,544764,INE0JYY01011,MWL,B,,,,,Mangalam Worldwide Limited,368.45,382.00,368.45,377.45,377.45,376.00,,379.50,,,1414,537565.00,37,F1,1,,,,,
2026-06-12,2026-06-12,CM,BSE,STK,544765,INE1L3801017,VPAL,M,,,,,Vegorama Punjabi Angithi Limit,150.10,171.00,150.10,169.10,170.95,159.75,,169.10,,,163200,27160000.00,85,F1,1600,,,,,
2026-06-12,2026-06-12,CM,BSE,STK,544767,INE18HI01019,AFLTD,M,,,,,Autofurnish Limited,48.75,49.30,47.50,47.75,47.50,45.81,,47.75,,,54000,2604300.00,16,F1,3000,,,,,
2026-06-12,2026-06-12,CM,BSE,STK,544768,INE0YD301010,MANIVENI,MT,,,,,M.R.MANIVENI FOODS LIMITED,38.50,39.00,37.25,37.59,37.81,39.00,,37.59,,,114000,4354620.00,32,F1,2000,,,,,
2026-06-12,2026-06-12,CM,BSE,STK,544769,INE1UYW01010,HARIKANTA,MT,,,,,HARIKANTA OVERSEAS LIMITED,80.15,80.15,76.58,76.58,76.58,80.61,,76.58,,,12000,923244.00,10,F1,1200,,,,,
2026-06-12,2026-06-12,CM,BSE,STK,544770,INE1T6L01010,YAASHVI,MT,,,,,YAASHVI JEWELLERS LIMITED,84.51,88.30,84.51,88.30,88.30,84.10,,88.30,,,152000,13335920.00,70,F1,1600,,,,,
2026-06-12,2026-06-12,CM,BSE,STK,544771,INE1GM501015,RFIL,MT,,,,,Rajnandini Fashion India Limit,49.30,50.00,48.70,49.83,50.00,50.00,,49.83,,,26000,1283100.00,12,F1,2000,,,,,
2026-06-12,2026-06-12,CM,BSE,STK,544773,INE1RQS01010,MRTX,MT,,,,,Merritronix Limited,358.00,361.25,345.00,361.25,361.25,344.05,,361.25,,,127000,45569350.00,96,F1,1000,,,,,
2026-06-12,2026-06-12,CM,BSE,STK,544774,INE11XK01017,SMR,MT,,,,,SMR Jewels Limited,84.00,84.00,84.00,84.00,84.00,88.40,,84.00,,,5000,420000.00,5,F1,1000,,,,,
2026-06-12,2026-06-12,CM,BSE,STK,544777,INE00WV01027,CMRGREEN,B,,,,,CMR Green Technologies Limited,249.60,253.80,242.50,252.00,252.00,243.75,,252.04,,,322541,79975648.00,5452,F1,1,,,,,
2026-06-12,2026-06-12,CM,BSE,STK,544778,INE0H3U01013,VAHH,MT,,,,,Vahh Chemicals Limited,63.18,67.90,63.18,63.18,63.18,66.50,,63.18,,,212000,13480320.00,80,F1,2000,,,,,
2026-06-12,2026-06-12,CM,BSE,STK,544783,INE255Z01027,E2E,B,,,,,E2E Networks Limited,375.00,387.45,361.70,385.45,387.45,0.00,,386.40,,,323333,122983578.00,4107,F1,1,,,,,
2026-06-12,2026-06-12,CM,BSE,STK,544785,INE0JUI01012,HEXAGON,T,,,,,Hexagon Nutrition Limited,48.00,50.39,48.00,50.39,50.39,0.00,,50.65,,,1419953,69591331.00,3733,F1,1,,,,,
2026-06-12,2026-06-12,CM,BSE,STK,555555,INF346A01034,SENSEXIETF,A,,,,,ICICI Prudential BSE Sensex ET,856.00,865.99,851.13,864.31,865.27,846.22,,863.18,,,1068,914022.00,128,F1,1,,,,,
2026-06-12,2026-06-12,CM,BSE,STK,570002,IN9623B01058,FELDVR,Z,,,,,Future Enterprises Limited,2.51,2.63,2.51,2.62,2.62,2.51,,2.61,,,60,157.00,3,F1,1,,,,,
2026-06-12,2026-06-12,CM,BSE,STK,570004,IN9175A01010,JISLDVREQS,B,,,,,JAIN IRRIGATION SYSTEMS LTD.,23.79,23.79,23.00,23.06,23.06,23.04,,23.24,,,4154,96529.00,14,F1,1,,,,,
2026-06-12,2026-06-12,CM,BSE,STK,570005,INE224E01036,GATECHDVR,B,,,,,GACM Technologies Limited - DV,0.47,0.49,0.46,0.47,0.48,0.47,,0.46,,,198851,94539.00,52,F1,1,,,,,
2026-06-12,2026-06-12,CM,BSE,STK,590003,INE036D01028,KARURVYSYA,B,,,,,KARUR VYSYA BANK LTD.,280.00,289.90,277.95,289.05,289.05,276.05,,288.95,,,435915,124950791.00,6988,F1,1,,,,,
2026-06-12,2026-06-12,CM,BSE,STK,590005,INE484C01030,VEEDOL,B,,,,,VEEDOL CORPORATION LIMITED,1423.45,1432.30,1409.20,1413.80,1424.65,1403.65,,1418.70,,,917,1302441.00,77,F1,1,,,,,
2026-06-12,2026-06-12,CM,BSE,STK,590006,INE098F01031,AMRUTANJAN,B,,,,,AMRUTANJAN HEALTH CARE LTD.,572.00,572.00,556.10,557.75,556.55,562.65,,557.70,,,1827,1019256.00,160,F1,1,,,,,
2026-06-12,2026-06-12,CM,BSE,STK,590013,INE445C01015,XPROINDIA,B,,,,,XPRO INDIA LTD.,1175.80,1210.00,1175.80,1206.90,1202.20,1172.05,,1207.10,,,768,923401.00,80,F1,1,,,,,
2026-06-12,2026-06-12,CM,BSE,STK,590021,INE838B01021,BHARATRAS,B,,,,,BHARAT RASAYAN LTD.,1399.00,1405.00,1371.05,1404.10,1404.10,1374.45,,1405.00,,,311,433453.00,84,F1,1,,,,,
2026-06-12,2026-06-12,CM,BSE,STK,590024,INE188A01015,FACT,B,,,,,FERTILIZERS & CHEMICALS TRAVAN,894.65,914.95,887.75,901.45,905.00,888.45,,902.35,,,9067,8196422.00,575,F1,1,,,,,
2026-06-12,2026-06-12,CM,BSE,STK,590025,INE424C01010,GINNIFILA,B,,,,,GINNI FILAMENTS LTD.,43.45,43.45,41.46,42.68,42.22,42.08,,42.30,,,11257,470470.00,95,F1,1,,,,,
2026-06-12,2026-06-12,CM,BSE,STK,590030,INE147A01011,SPIC,B,,,,,SOUTHERN PETROCHEMICALS LTD.,67.15,69.70,67.15,68.91,68.82,66.83,,68.89,,,29259,2018516.00,236,F1,1,,,,,
2026-06-12,2026-06-12,CM,BSE,STK,590031,INE244A01016,DENORA,B,,,,,DE NORA INDIA LTD.,753.90,753.90,727.50,732.00,732.00,738.70,,737.25,,,506,371104.00,59,F1,1,,,,,
2026-06-12,2026-06-12,CM,BSE,STK,590041,INE641C01019,KAVDEFENCE,B,,,,,Kavveri Defence &amp; Wireless,63.00,63.00,58.66,60.51,61.00,58.63,,60.43,,,9727,582223.00,183,F1,1,,,,,
2026-06-12,2026-06-12,CM,BSE,STK,590051,INE667G01023,SAKSOFT,B,,,,,SAKSOFT LTD.,138.20,140.70,135.70,138.50,138.50,138.20,,138.07,,,128408,17841637.00,781,F1,1,,,,,
2026-06-12,2026-06-12,CM,BSE,STK,590056,INE498E01010,SALONA,B,,,,,SALONA COTSPIN LTD.,271.00,271.00,260.00,260.00,260.00,259.95,,259.15,,,3,798.00,3,F1,1,,,,,
2026-06-12,2026-06-12,CM,BSE,STK,590057,INE217G01035,EQUIPPP,T,,,,,EQUIPPP SOCIAL IMPACT TECHNOLO,18.05,18.41,17.90,18.23,18.40,17.54,,18.39,,,19433,350284.00,29,F1,1,,,,,
2026-06-12,2026-06-12,CM,BSE,STK,590062,INE715B01021,ANDHRSUGAR,B,,,,,ANDHRA SUGARS LTD.,85.00,86.00,81.77,82.94,82.94,83.44,,82.81,,,38335,3218453.00,435,F1,1,,,,,
2026-06-12,2026-06-12,CM,BSE,STK,590065,INE547E01014,IMPAL,B,,,,,INDIA MOTOR PARTS & ACCESSORIE,1064.00,1075.00,1060.00,1064.45,1069.00,1042.00,,1065.50,,,173,183658.00,54,F1,1,,,,,
2026-06-12,2026-06-12,CM,BSE,STK,590066,INE805C01028,KCP,B,,,,,K.C.P.LTD.,163.05,167.85,163.05,166.90,167.40,159.70,,166.39,,,3161,524860.00,83,F1,1,,,,,
2026-06-12,2026-06-12,CM,BSE,STK,590068,INE731C01018,KHAITANLTD,T,,,,,KHAITAN (INDIA) LTD.,131.40,139.00,131.40,132.00,132.00,134.00,,132.17,,,622,82979.00,21,F1,1,,,,,
2026-06-12,2026-06-12,CM,BSE,STK,590070,INE874F01027,RADAAN,B,,,,,RADAAN MEDIAWORKS (I) LTD.,3.08,3.10,2.91,3.02,2.95,3.07,,2.94,,,4999,15121.00,18,F1,1,,,,,
2026-06-12,2026-06-12,CM,BSE,STK,590071,INE660A01013,SUNDARMFIN,B,,,,,SUNDARAM FINANCE LTD.,4120.15,4210.00,4120.00,4165.20,4200.00,4116.35,,4159.10,,,1549,6449728.00,337,F1,1,,,,,
2026-06-12,2026-06-12,CM,BSE,STK,590072,INE073D01013,SUNDRMBRAK,B,,,,,SUNDARAM BRAKE LININGS LTD.,715.05,737.00,715.00,729.20,737.00,707.70,,727.95,,,65,47076.00,20,F1,1,,,,,
2026-06-12,2026-06-12,CM,BSE,STK,590073,INE715A01015,WHEELS,B,,,,,WHEELS INDIA LTD.,1625.30,1640.05,1606.25,1634.20,1634.20,1624.05,,1634.70,,,6494,10567399.00,1174,F1,1,,,,,
2026-06-12,2026-06-12,CM,BSE,STK,590075,INE112F01022,LAMBODHARA,B,,,,,LAMBODHARA TEXTILES LTD.,102.85,103.65,102.75,103.65,103.65,101.40,,103.12,,,400,41185.00,18,F1,1,,,,,
2026-06-12,2026-06-12,CM,BSE,STK,590078,INE683C01011,MAITHANALL,B,,,,,MAITHAN ALLOYS LTD.,972.15,1020.00,972.15,1014.85,1020.00,947.35,,1014.50,,,4122,4112495.00,346,F1,1,,,,,
2026-06-12,2026-06-12,CM,BSE,STK,590086,INE725E01024,ORISSAMINE,B,,,,,ORISSA MINERALS DEVELOPMENT CO,3928.85,4015.65,3928.85,4010.20,3992.00,3851.20,,4017.80,,,320,1273712.00,111,F1,1,,,,,
2026-06-12,2026-06-12,CM,BSE,STK,590095,INF204KB17I5,GOLDBEES,E,,,,,NIPPON INDIA ETF GOLD BEES,121.35,122.01,120.87,121.93,121.78,119.27,,121.92,,,1100621,133712476.00,6781,F1,1,,,,,
2026-06-12,2026-06-12,CM,BSE,STK,590096,INF732E01037,LIQUIDBEES,F,,,,,NIPPON INDIA ETF LIQUID BEES,999.99,1000.01,999.99,1000.00,999.99,1000.00,,999.99,,,185604,185603975.00,550,F1,1,,,,,
2026-06-12,2026-06-12,CM,BSE,STK,590097,INF174KA1HJ8,GOLD1,E,,,,,KOTAK MAHINDRA MUTUAL FUND - K,122.25,123.10,122.00,122.88,122.88,120.13,,122.87,,,27547,3376537.00,704,F1,1,,,,,
2026-06-12,2026-06-12,CM,BSE,STK,590098,INF200KA16D8,SETFGOLD,E,,,,,SBI MUTUAL FUND - SBI GOLD EXC,125.69,125.87,124.66,125.77,125.78,123.06,,125.74,,,287195,36000064.00,1780,F1,1,,,,,
2026-06-12,2026-06-12,CM,BSE,STK,590099,INF082J01408,QGOLDHALF,E,,,,,QUANTUM GOLD FUND - EXCHANGE T,121.51,123.00,121.28,122.08,122.12,119.80,,122.14,,,8802,1072494.00,224,F1,1,,,,,
2026-06-12,2026-06-12,CM,BSE,STK,590101,INF789F1AUX7,GOLDBETA,E,,,,,UTI MUTUAL FUND - UTI GOLD EXC,123.51,124.17,123.00,123.91,123.50,121.70,,124.05,,,37966,4686141.00,872,F1,1,,,,,
2026-06-12,2026-06-12,CM,BSE,STK,590103,INF204KB14I2,NIFTYBEES,B,,,,,NIPPON INDIA ETF NIFTY BEES,264.50,268.19,264.22,267.86,267.86,262.44,,267.86,,,270889,72064674.00,2202,F1,1,,,,,
2026-06-12,2026-06-12,CM,BSE,STK,590104,INF732E01045,JUNIORBEES,B,,,,,NIPPON INDIA ETF JUNIOR BEES,747.36,756.55,745.00,755.47,756.46,738.65,,755.70,,,36991,27796049.00,1160,F1,1,,,,,
2026-06-12,2026-06-12,CM,BSE,STK,590106,INF204KB15I9,BANKBEES,B,,,,,NIPPON INDIA ETF BANK BEES,574.80,586.00,574.80,585.38,585.30,569.19,,585.42,,,58371,33870108.00,730,F1,1,,,,,
2026-06-12,2026-06-12,CM,BSE,STK,590107,INF373I01023,PSUBANK,B,,,,,KOTAK MAHINDRA MUTUAL FUND - K,844.97,854.00,838.40,853.88,854.00,826.45,,853.01,,,587,498188.00,87,F1,1,,,,,
2026-06-12,2026-06-12,CM,BSE,STK,590108,INF204KB16I7,PSUBNKBEES,B,,,,,NIPPON INDIA ETF PSU BANK BEES,91.11,95.40,91.11,95.27,95.27,92.74,,95.30,,,133886,12664789.00,809,F1,1,,,,,
2026-06-12,2026-06-12,CM,BSE,STK,590109,INF732E01128,SHARIABEES,B,,,,,NIPPON INDIA ETF SHARIAH BEES,450.91,454.26,449.40,451.73,454.26,450.91,,451.61,,,304,137050.00,38,F1,1,,,,,
2026-06-12,2026-06-12,CM,BSE,STK,590110,INF082J01499,QNIFTY,B,,,,,Quantum Nifty 50 ETF,256.40,259.00,255.80,259.00,259.00,254.20,,258.99,,,636,163064.00,19,F1,1,,,,,
2026-06-12,2026-06-12,CM,BSE,STK,590113,INF204KB19I1,HNGSNGBEES,E,,,,,NIPPON INDIA ETF HANG SENG BEE,483.50,496.00,483.50,494.75,496.00,481.48,,494.94,,,22393,11031930.00,994,F1,1,,,,,
2026-06-12,2026-06-12,CM,BSE,STK,590115,INF247L01536,MOM50,B,,,,,MOTILAL OSWAL MUTUAL FUND,253.03,257.00,243.43,243.50,243.50,242.13,,246.06,,,1513,375015.00,99,F1,1,,,,,
2026-06-12,2026-06-12,CM,BSE,STK,590134,INE414A01015,MADRASFERT,B,,,,,Madras Fertilizer Limited,67.09,68.74,66.48,68.24,68.10,67.11,,68.34,,,17903,1211828.00,146,F1,1,,,,,
2026-06-12,2026-06-12,CM,BSE,STK,590136,INF174KA1ZB7,BANKNIFTY1,B,,,,,Kotak Mahindra Mutual Fund - P,58.57,58.75,57.57,58.63,58.50,57.15,,58.68,,,84882,4933854.00,159,F1,1,,,,,
2026-06-12,2026-06-12,CM,BSE,STK,590137,INF200KA1580,SETFNIFBK,B,,,,,SBI Mutual Fund-Permitted,574.56,582.01,570.15,580.64,581.61,564.83,,580.66,,,5986,3448353.00,84,F1,1,,,,,
2026-06-12,2026-06-12,CM,BSE,STK,590138,INF200KA1FS1,SETFNIF50,B,,,,,SBI Mutual Fund-Permitted,248.35,253.45,248.35,253.11,253.00,248.40,,253.05,,,51970,13081321.00,508,F1,1,,,,,
2026-06-12,2026-06-12,CM,BSE,STK,590139,INF174KA1LV5,LIQUID1,B,,,,,Kotak Mahindra Mutual Fund - P,1108.81,1108.81,1108.79,1108.79,1108.79,1108.34,,1108.80,,,2540,2816345.00,8,F1,1,,,,,
2026-06-12,2026-06-12,CM,BSE,STK,590140,INF277KA1976,TATAGOLD,E,,,,,Tata Mutual Fund - Permitted,14.24,14.33,14.19,14.31,14.31,14.02,,14.30,,,2296548,32748487.00,4316,F1,1,,,,,
2026-06-12,2026-06-12,CM,BSE,STK,590141,INF204KB15V2,ITBEES,B,,,,,Nippon India Mutual Fund - Per,31.34,31.34,30.75,30.92,30.92,30.91,,30.89,,,729024,22546637.00,2804,F1,1,,,,,
2026-06-12,2026-06-12,CM,BSE,STK,590142,INF204KC1089,PHARMABEES,B,,,,,Nippon India Mutual Fund - Per,25.30,25.30,24.84,25.00,25.00,24.98,,25.01,,,176827,4425931.00,825,F1,1,,,,,
2026-06-12,2026-06-12,CM,BSE,STK,590143,INF204KB1882,LTGILTBEES,F,,,,,Nippon India Mutual Fund - Per,29.46,29.60,29.46,29.55,29.54,29.43,,29.55,,,99812,2948482.00,65,F1,1,,,,,
2026-06-12,2026-06-12,CM,BSE,STK,590144,INF204KB1V68,MID150BEES,B,,,,,Nippon India Mutual Fund - Per,227.31,230.75,226.78,230.38,230.57,224.85,,230.28,,,32864,7526083.00,563,F1,1,,,,,
2026-06-12,2026-06-12,CM,BSE,STK,590145,INF204KC1402,SILVERBEES,E,,,,,Nippon India Mutual Fund - Per,229.07,230.12,226.42,229.76,229.76,221.48,,229.76,,,1486995,339870821.00,8537,F1,1,,,,,
2026-06-12,2026-06-12,CM,BSE,STK,590146,INF247L01FY4,MOGOLD,E,,,,,Motilal Oswal Mutual Fund-Perm,145.60,146.75,144.93,146.35,146.75,144.05,,146.45,,,414280,60245218.00,173,F1,1,,,,,
2026-06-12,2026-06-12,CM,BSE,STK,590147,INF247L01FZ1,MOSILVER,E,,,,,Motilal Oswal Mutual Fund-Perm,236.12,238.12,234.00,237.08,237.01,229.65,,237.19,,,1604,378618.00,30,F1,1,,,,,
2026-06-12,2026-06-12,CM,BSE,STK,590148,INF247L01CH6,MOSMALL250,B,,,,,Motilal Oswal Mutual Fund-Perm,17.05,17.21,16.93,17.18,17.21,16.72,,17.18,,,268150,4562056.00,143,F1,1,,,,,
2026-06-12,2026-06-12,CM,BSE,STK,590149,INF247L01EV3,MOCAPITAL,B,,,,,Motilal Oswal Mutual Fund-Perm,52.64,53.95,52.43,53.64,53.64,51.83,,53.74,,,205685,10938697.00,844,F1,1,,,,,
2026-06-12,2026-06-12,CM,BSE,STK,590150,INF247L01CI4,MOREALTY,B,,,,,Motilal Oswal Mutual Fund-Perm,75.55,77.10,74.78,76.91,77.10,73.98,,76.92,,,9169,698162.00,68,F1,1,,,,,
2026-06-12,2026-06-12,CM,BSE,STK,590151,INF247L01DK8,MOMENTUM50,B,,,,,Motilal Oswal Mutual Fund-Perm,51.48,52.46,51.32,52.38,52.46,50.84,,52.35,,,6221,322091.00,79,F1,1,,,,,
2026-06-12,2026-06-12,CM,BSE,STK,590152,INF247L01DJ0,MODEFENCE,B,,,,,Motilal Oswal Mutual Fund-Perm,97.91,99.00,97.00,98.72,98.00,96.77,,98.83,,,141418,13924204.00,678,F1,1,,,,,
2026-06-12,2026-06-12,CM,BSE,STK,590153,INF247L01BU1,MONIFTY500,B,,,,,Motilal Oswal Mutual Fund-Perm,23.08,23.22,22.73,23.09,23.22,22.63,,23.06,,,274443,6263774.00,119,F1,1,,,,,
2026-06-12,2026-06-12,CM,BSE,STK,590154,INF174KA1IA5,ALPHA,B,,,,,Kotak Mahindra Mutual Fund - P,47.72,50.32,47.72,50.19,50.32,48.69,,50.19,,,21176,1058910.00,257,F1,1,,,,,
2026-06-12,2026-06-12,CM,BSE,STK,590155,INF666M01OF4,GROWWSLVR,E,,,,,GROWW MUTUAL FUND  PERMITTED,23.20,23.57,23.19,23.55,23.56,22.74,,23.54,,,68653,1604939.00,149,F1,1,,,,,
2026-06-12,2026-06-12,CM,BSE,STK,590156,INF666M01OE7,GROWWGOLD,E,,,,,GROWW MUTUAL FUND  PERMITTED,14.30,14.46,14.27,14.42,14.44,14.24,,14.42,,,79177,1136958.00,122,F1,1,,,,,
2026-06-12,2026-06-12,CM,BSE,STK,590157,INF666M01IO8,GROWWDEFNC,B,,,,,GROWW MUTUAL FUND  PERMITTED,87.61,90.46,87.61,89.76,90.25,87.59,,89.87,,,9455,845842.00,253,F1,1,,,,,
2026-06-12,2026-06-12,CM,BSE,STK,590158,INF666M01JJ6,GROWWRAIL,B,,,,,GROWW MUTUAL FUND  PERMITTED,29.00,29.41,28.42,29.33,29.40,28.67,,29.29,,,21212,613819.00,185,F1,1,,,,,
2026-06-12,2026-06-12,CM,BSE,STK,590159,INF666M01IP5,GROWWLIQID,F,,,,,GROWW MUTUAL FUND  PERMITTED,109.48,109.48,109.47,109.48,109.48,109.42,,109.47,,,4894,535760.00,8,F1,1,,,,,
2026-06-12,2026-06-12,CM,BSE,STK,590160,INF277K015R5,NETF,B,,,,,Tata Mutual Fund - Permitted,246.36,256.20,246.36,255.78,254.27,251.40,,256.00,,,98,25026.00,17,F1,1,,,,,
2026-06-12,2026-06-12,CM,BSE,STK,590161,INF277KA1984,TATSILV,E,,,,,Tata Mutual Fund - Permitted,21.93,23.40,21.93,23.35,23.32,22.50,,23.34,,,1955473,45388693.00,3258,F1,1,,,,,
2026-06-12,2026-06-12,CM,BSE,STK,717506,INE494B04019,TVSMNCRPS,F,,,,,TVS Motor Company Ltd.,10.31,10.35,10.20,10.32,10.34,10.30,,10.30,,,17288,178316.00,106,F1,1,,,,,
2026-06-12,2026-06-12,CM,BSE,STK,751121,INE482J20021,SHAH-RE1,R,,,,,SHAH METACORP LIMITED,0.36,0.36,0.36,0.36,0.36,0.60,,0.21,,,140994,50757.00,198,F1,1,,,,,
2026-06-12,2026-06-12,CM,BSE,STK,800161,IN0020110063,883GS2041,G,,,,,883GOI2041,149.00,149.00,149.00,149.00,149.00,141.95,,149.00,,,1,149.00,1,F1,1,,,,,
2026-06-12,2026-06-12,CM,BSE,STK,800177,IN0020130053,92GS2030,G,,,,,920GOI2030,111.20,111.90,111.20,111.50,111.50,111.25,,111.75,,,15492,1730006.00,14,F1,1,,,,,
2026-06-12,2026-06-12,CM,BSE,STK,800288,IN0020180249,SGBOCT26,G,,,,,SOVEREIGN GOLD BOND 2019 SERIE,14650.00,14650.00,14650.00,14650.00,14650.00,14305.00,,14650.00,,,4,58600.00,1,F1,1,,,,,
2026-06-12,2026-06-12,CM,BSE,STK,800290,IN0020180389,SGBDEC26,G,,,,,SOVEREIGN GOLD BOND 2019 SERIE,14610.00,14610.00,14577.01,14577.01,14577.01,14501.00,,14592.51,,,23,335843.00,12,F1,1,,,,,
2026-06-12,2026-06-12,CM,BSE,STK,800291,IN0020180462,SGBJAN27,G,,,,,SOVEREIGN GOLD BOND 2019 SERIE,14575.00,14575.00,14575.00,14575.00,14575.00,14417.00,,14650.00,,,7,102025.00,4,F1,1,,,,,
2026-06-12,2026-06-12,CM,BSE,STK,800292,IN0020180561,SGBFEB27,G,,,,,SOVERIEGN GOLD BOND 2019 SERIE,14549.99,14619.00,14549.99,14619.00,14619.00,14560.00,,14589.26,,,16,232868.00,4,F1,1,,,,,
2026-06-12,2026-06-12,CM,BSE,STK,800297,IN0020190107,SGBAUG27,G,,,,,SOVEREIGN GOLD BOND 2019-20 SE,14530.00,14640.00,14515.00,14640.00,14640.00,14350.00,,14589.63,,,311,4520049.00,28,F1,1,,,,,
2026-06-12,2026-06-12,CM,BSE,STK,800312,IN0020190461,SGBDC27VII,G,,,,,Sovereign Gold Bonds 2019-20 S,14590.00,14605.00,14560.10,14560.10,14560.10,14560.10,,14540.55,,,16,233310.00,7,F1,1,,,,,
2026-06-12,2026-06-12,CM,BSE,STK,800313,IN0020190537,SGBJ28VIII,G,,,,,Sovereign Gold Bonds 2019-20 S,14450.00,14465.04,14450.00,14465.04,14465.04,15383.00,,14535.02,,,8,115675.00,2,F1,1,,,,,
2026-06-12,2026-06-12,CM,BSE,STK,800314,IN0020190545,SGBFEB28IX,G,,,,,Sovereign Gold Bonds 2019-20 S,14732.96,14732.96,14732.96,14732.96,14732.96,15300.00,,14595.00,,,1,14732.00,1,F1,1,,,,,
2026-06-12,2026-06-12,CM,BSE,STK,800315,IN0020190552,SGBMAR28X,G,,,,,Sovereign Gold Bonds 2019-20 S,14564.94,14564.94,14564.94,14564.94,14564.94,14350.00,,14536.76,,,2,29129.00,1,F1,1,,,,,
2026-06-12,2026-06-12,CM,BSE,STK,800318,IN0020200062,SGBAPR28I,G,,,,,Sovereign Gold Bonds 2020-21 S,14429.99,14628.00,14429.99,14599.34,14579.00,14500.00,,14582.45,,,82,1192899.00,28,F1,1,,,,,
2026-06-12,2026-06-12,CM,BSE,STK,800320,IN0020200088,SGBMAY28,G,,,,,Sovereign Gold Bonds 2020-21 S,14570.00,14599.99,14549.99,14549.99,14549.99,14350.00,,14598.57,,,5,72869.00,3,F1,1,,,,,
2026-06-12,2026-06-12,CM,BSE,STK,800322,IN0020200104,SGBJUN28,G,,,,,Sovereign Gold Bonds 2020-21 S,14530.75,14633.00,14530.75,14633.00,14633.00,14351.01,,14640.28,,,6,87560.00,3,F1,1,,,,,
2026-06-12,2026-06-12,CM,BSE,STK,800324,IN0020200146,SGBJUL28IV,G,,,,,Sovereign Gold Bond 2020-21 IV,14670.00,14670.00,14598.00,14650.00,14650.00,14410.00,,14655.62,,,93,1360483.00,23,F1,1,,,,,
2026-06-12,2026-06-12,CM,BSE,STK,800325,IN0020200161,SGBAUG28V,G,,,,,Sovereign Gold Bonds 2020-21 V,14579.99,14600.00,14505.00,14505.00,14505.00,14310.30,,14606.57,,,684,9931641.00,65,F1,1,,,,,
2026-06-12,2026-06-12,CM,BSE,STK,800328,IN0020200203,SGBOC28VII,G,,,,,Sovereign Gold Bonds 2020-21 S,14929.00,14999.00,14501.00,14549.99,14549.99,14635.32,,14580.00,,,203,2962777.00,28,F1,1,,,,,
2026-06-12,2026-06-12,CM,BSE,STK,800329,IN0020200286,SGBN28VIII,G,,,,,Sovereign Gold Bonds 2020-21 S,14400.00,14775.00,14400.00,14775.00,14775.00,14378.00,,14604.47,,,43,622411.00,16,F1,1,,,,,
2026-06-12,2026-06-12,CM,BSE,STK,800331,IN0020200377,SGBJAN29IX,G,,,,,SGB 2020-21 Series IX,14632.00,14669.99,14620.00,14669.99,14669.99,15040.00,,14675.32,,,69,1009995.00,8,F1,1,,,,,
2026-06-12,2026-06-12,CM,BSE,STK,800332,IN0020200385,SGBJAN29X,G,,,,,Sovereign Gold Bonds 2021-21 S,14700.00,14700.00,14670.00,14670.00,14670.00,14371.00,,14676.00,,,16,234780.00,8,F1,1,,,,,
2026-06-12,2026-06-12,CM,BSE,STK,800333,IN0020200393,SGBFEB29XI,G,,,,,SGB 2020-21 SERIES XI,14678.99,14700.00,14585.00,14655.00,14655.00,15302.00,,14648.67,,,36,526505.00,6,F1,1,,,,,
2026-06-12,2026-06-12,CM,BSE,STK,800334,IN0020200401,676GS2061,G,,,,,676GOI2061,90.51,90.51,90.50,90.50,90.50,91.00,,90.70,,,10000,905020.00,2,F1,1,,,,,
2026-06-12,2026-06-12,CM,BSE,STK,800339,IN0020200427,SGBMR29XII,G,,,,,SGB 2020-21 Series XII,14604.99,14604.99,14520.00,14556.04,14560.20,14350.67,,14560.22,,,39,567869.00,13,F1,1,,,,,
2026-06-12,2026-06-12,CM,BSE,STK,800340,IN0020210053,SGBMAY29I,G,,,,,SGB 2021-22 Series I,14501.21,14615.00,14501.21,14615.00,14615.00,14386.87,,14585.03,,,60,874125.00,26,F1,1,,,,,
2026-06-12,2026-06-12,CM,BSE,STK,800341,IN0020210061,SGBJUN29II,G,,,,,SGB 2021-22 Series II,14542.01,14629.50,14542.01,14629.50,14629.50,14360.00,,14598.39,,,5,72989.00,4,F1,1,,,,,
2026-06-12,2026-06-12,CM,BSE,STK,800385,IN0020210129,SGBAUG29V,G,,,,,Sovereign Gold Bonds 2021-22 S,14600.00,14695.00,14550.00,14689.25,14695.00,14361.20,,14656.43,,,29,424256.00,11,F1,1,,,,,
2026-06-12,2026-06-12,CM,BSE,STK,800386,IN0020210145,SGBSEP29VI,G,,,,,Sovereign Gold Bonds 2021-22 S,14311.01,14685.00,14311.01,14576.86,14576.86,14399.00,,14591.00,,,62,902810.00,14,F1,1,,,,,
2026-06-12,2026-06-12,CM,BSE,STK,800432,IN0020210152,667GS2035,G,,,,,667GOI2035,112.50,112.50,112.50,112.50,112.50,112.50,,113.75,,,2,225.00,2,F1,1,,,,,
2026-06-12,2026-06-12,CM,BSE,STK,800434,IN0020210178,SGBNV29VII,G,,,,,Sovereign Gold Bonds 2021-22 S,14670.00,14670.00,14501.10,14545.65,14587.13,14400.00,,14560.05,,,136,1977455.00,23,F1,1,,,,,
2026-06-12,2026-06-12,CM,BSE,STK,800436,IN0020210202,695GS2061,G,,,,,695GOI2061,96.00,96.00,96.00,96.00,96.00,94.00,,95.70,,,5,480.00,1,F1,1,,,,,
2026-06-12,2026-06-12,CM,BSE,STK,800437,IN0020210228,SGBD29VIII,G,,,,,Sovereign Gold Bonds 2021-22 S,14569.00,14619.51,14559.00,14617.12,14619.51,14324.78,,14615.05,,,13,189654.00,8,F1,1,,,,,
2026-06-12,2026-06-12,CM,BSE,STK,800438,IN0020210236,SGBJAN30IX,G,,,,,Soveriegn Gold Bonds 2021-22 S,14800.00,14800.00,14625.00,14625.00,14625.00,14478.07,,14605.07,,,2,29425.00,2,F1,1,,,,,
2026-06-12,2026-06-12,CM,BSE,STK,800439,IN0020210319,SGBMAR30X,G,,,,,Sovereign Gold Bonds 2021-22 S,14600.00,14665.00,14600.00,14665.00,14665.00,14480.00,,14900.00,,,13,190241.00,5,F1,1,,,,,
2026-06-12,2026-06-12,CM,BSE,STK,800441,IN0020220029,754GS2036,G,,,,,754GOI2036,104.55,104.65,104.40,104.40,104.40,104.20,,104.59,,,20000,2089200.00,12,F1,1,,,,,
2026-06-12,2026-06-12,CM,BSE,STK,800443,IN0020220045,SGBJUN30,G,,,,,Sovereign Gold Bonds 2022-23 S,14533.05,14810.00,14533.05,14805.00,14810.00,14437.97,,14810.61,,,6,88286.00,3,F1,1,,,,,
2026-06-12,2026-06-12,CM,BSE,STK,800488,IN0020220078,SGBAUG30,G,,,,,Sovereign Gold Bonds 2022-23 S,14103.61,14895.00,14103.61,14822.14,14850.00,14465.25,,14782.65,,,66,966814.00,24,F1,1,,,,,
2026-06-12,2026-06-12,CM,BSE,STK,800517,IN000958C024,GS19SEP2058,G,,,,,GS19SEP2058,29.56,29.56,29.56,29.56,29.56,30.32,,29.56,,,35,1034.00,1,F1,1,,,,,
2026-06-12,2026-06-12,CM,BSE,STK,800573,IN0020220110,SGBDE30III,G,,,,,Soverign Gold Bond 2022-23 Sr,14750.00,14849.99,14685.00,14840.82,14840.00,14418.07,,14846.99,,,197,2902359.00,32,F1,1,,,,,
2026-06-12,2026-06-12,CM,BSE,STK,800574,IN0020220102,741GS2036,G,,,,,741GOI36,106.30,106.30,106.30,106.30,106.30,105.75,,106.13,,,108,11480.00,2,F1,1,,,,,
2026-06-12,2026-06-12,CM,BSE,STK,800575,IN0020220169,SGBMAR31IV,G,,,,,Sovereign Gold Bond 2022-23 Sr,14847.00,14940.00,14750.00,14940.00,14940.00,14500.01,,14959.74,,,12,178178.00,5,F1,1,,,,,
2026-06-12,2026-06-12,CM,BSE,STK,800580,IN0020230069,SGBJUN31I,G,,,,,Sovereign Gold Bonds 2023-24 S,14973.99,14999.00,14802.00,14976.75,14999.00,14537.56,,14990.70,,,135,2002481.00,30,F1,1,,,,,
2026-06-12,2026-06-12,CM,BSE,STK,800588,IN0020230044,725GS2063,G,,,,,725GOI2063,96.00,96.00,95.40,95.46,95.46,97.00,,95.45,,,12185,1163994.00,27,F1,1,,,,,
2026-06-12,2026-06-12,CM,BSE,STK,800596,IN0020230093,SGBSEP31II,G,,,,,Sovereign Gold Bonds 2023-24 S,14870.87,15077.00,14770.01,15000.68,15077.00,14654.87,,15043.42,,,177,2639184.00,57,F1,1,,,,,
2026-06-12,2026-06-12,CM,BSE,STK,800597,IN0020230127,746GS2073,G,,,,,746GOI2073,99.40,99.40,99.40,99.40,99.40,99.90,,99.40,,,2,198.00,1,F1,1,,,,,
2026-06-12,2026-06-12,CM,BSE,STK,800603,IN0020230168,SGBDE31III,G,,,,,Sovereign Gold Bonds 2023-24 S,14257.23,15120.00,14257.23,15019.06,15060.00,14622.80,,15113.27,,,274,4071166.00,61,F1,1,,,,,
2026-06-12,2026-06-12,CM,BSE,STK,800605,IN0020230184,SGBFEB32IV,G,,,,,Sovereign Gold Bonds 2023-24 S,15224.00,15320.00,14901.00,15286.95,15320.00,14896.16,,15241.84,,,542,8229330.00,142,F1,1,,,,,
2026-06-12,2026-06-12,CM,BSE,STK,800607,IN0020240035,734GS2064,G,,,,,734GOI2064,97.84,97.84,97.84,97.84,97.84,97.31,,97.68,,,80,7827.00,1,F1,1,,,,,
2026-06-12,2026-06-12,CM,BSE,STK,800708,IN000646C041,GS12JUN46,G,,,,,GS12JUN46,20.64,20.64,20.64,20.64,20.64,23.55,,20.64,,,2000000,41280000.00,1,F1,1,,,,,
2026-06-12,2026-06-12,CM,BSE,STK,800807,IN0020240142,709GOI74,G,,,,,709GOI74,93.95,94.30,93.55,94.00,94.00,93.99,,93.60,,,2183,205710.00,12,F1,1,,,,,
2026-06-12,2026-06-12,CM,BSE,STK,800808,IN0020250018,690GOI65,G,,,,,690GOI65,92.00,92.00,91.50,91.61,91.61,92.20,,91.76,,,6520,598354.00,11,F1,1,,,,,
2026-06-12,2026-06-12,CM,BSE,STK,805217,IN002026X073,91TB20826,G,,,,,91TB20826,98.98,98.98,98.98,98.98,98.98,99.00,,98.98,,,1,98.00,1,F1,1,,,,,
2026-06-12,2026-06-12,CM,BSE,STK,810853,IN2220220098,789MH32,G,,,,,789MAHSDL32,99.25,99.25,99.25,99.25,99.25,99.10,,99.25,,,1890,187582.00,2,F1,1,,,,,
2026-06-12,2026-06-12,CM,BSE,STK,810855,IN3120220030,794TN32,G,,,,,794TNSDL32,99.75,99.75,99.75,99.75,99.75,102.55,,99.75,,,107,10673.00,2,F1,1,,,,,
2026-06-12,2026-06-12,CM,BSE,STK,810922,IN1520220212,765GJ33,G,,,,,765GUJSDL33,99.90,99.90,99.90,99.90,99.90,100.00,,99.90,,,700,69930.00,2,F1,1,,,,,
2026-06-12,2026-06-12,CM,BSE,STK,890217,IN9273A01047,APLABPP,XT,,,,,Aplab Ltd.,80.00,80.00,80.00,80.00,80.00,82.50,,80.00,,,1679,134320.00,8,F1,1,,,,,
2026-06-12,2026-06-12,CM,BSE,STK,890221,IN9572J01019,SSFLPP,B,,,,,Spandana Sphoorty Financial Li,113.00,113.00,112.65,112.65,112.65,112.65,,114.30,,,10,1127.00,4,F1,1,,,,,
2026-06-12,2026-06-12,CM,BSE,STK,890226,IN9170U01035,SURAJINDPP,XT,,,,,Suraj Industries Limited.,19.23,19.24,19.23,19.24,19.24,18.55,,19.24,,,845,16257.00,3,F1,1,,,,,
2026-06-12,2026-06-12,CM,BSE,STK,890228,IN90NN701011,ATLPP,B,,,,,Allcargo Terminals Limited,10.03,10.03,9.05,9.24,9.24,9.09,,9.27,,,232,2275.00,13,F1,1,,,,,
2026-06-12,2026-06-12,CM,BSE,STK,890229,IN9075K01029,ANNVRPP,X,,,,,ANNVRRIDHHI VENTURES LIMITED,9.31,9.31,9.31,9.31,9.31,10.34,,9.31,,,720,6703.00,4,F1,1,,,,,
2026-06-12,2026-06-12,CM,BSE,STK,890230,IN9849B01026,ACESEPP,X,,,,,Ace Software Exports ltd.,38.00,38.00,37.68,37.68,37.69,35.07,,37.68,,,12372,469218.00,5,F1,1,,,,,
2026-06-12,2026-06-12,CM,BSE,STK,890231,IN9161F01019,ANIRITPP,XT,,,,,ANIRIT VENTURES LIMITED,29.15,29.15,29.15,29.15,29.15,29.74,,29.15,,,201,5859.00,3,F1,1,,,,,
2026-06-12,2026-06-12,CM,BSE,STK,890234,IN9316D01014,VERTEXPP,X,,,,,Vertex Securities Ltd.,0.95,0.95,0.95,0.95,0.95,0.91,,0.95,,,416263,395449.00,21,F1,1,,,,,
2026-06-12,2026-06-12,CM,BSE,STK,935514,INE134E07588,760PFCL35,F,,,,,PFC-7.60%-3B-17-10-35-BOND,1205.00,1205.00,1205.00,1205.00,1205.00,1205.00,,1205.00,,,9,10845.00,1,F1,1,,,,,
2026-06-12,2026-06-12,CM,BSE,STK,935584,INE906B07EJ8,76NHAI31,F,,,,,NHAI-7.6%-11-1-31-TAXFREENCD,1099.00,1099.00,1099.00,1099.00,1099.00,1096.00,,1098.06,,,100,109900.00,1,F1,1,,,,,
2026-06-12,2026-06-12,CM,BSE,STK,935618,INE202E07229,774IREDA31,F,,,,,IREDA-7.74%-21-1-31-TAXFREENCD,1118.50,1118.50,1118.50,1118.50,1118.50,1118.50,,1118.50,,,237,265084.00,3,F1,1,,,,,
2026-06-12,2026-06-12,CM,BSE,STK,935642,INE031A07AO5,764HUDCO31,F,,,,,HUDCO-7.64%-8-2-31-TAXFREENCD,1121.00,1121.00,1121.00,1121.00,1121.00,1109.36,,1121.00,,,1,1121.00,1,F1,1,,,,,
2026-06-12,2026-06-12,CM,BSE,STK,935666,INE906B07EP5,769NHAI31,F,,,,,NHAI-7.69%-9-3-31-TAXFREENCD,1140.00,1140.00,1140.00,1140.00,1140.00,1138.00,,1140.50,,,109,124260.00,3,F1,1,,,,,
2026-06-12,2026-06-12,CM,BSE,STK,935788,INE530L07228,10NIDO26,F,,,,,NIDO-10%-19-7-26-NCD,1086.10,1086.10,1086.10,1086.10,1086.10,1179.99,,1086.50,,,2,2172.00,1,F1,1,,,,,
2026-06-12,2026-06-12,CM,BSE,STK,935790,INE530L07236,NIDOZC26,F,,,,,NIDO-ZC-19-7-26-NCD,2560.00,2560.00,2554.00,2554.00,2554.00,2553.99,,2554.00,,,75,191850.00,2,F1,1,,,,,
2026-06-12,2026-06-12,CM,BSE,STK,935858,INE148I07GK5,885SCL26,F,,,,,SCL-8.85%-26-9-26-NCDS,1055.00,1055.00,1055.00,1055.00,1055.00,1055.00,,1052.60,,,5,5275.00,1,F1,1,,,,,
2026-06-12,2026-06-12,CM,BSE,STK,935860,INE148I07GL3,9SCL26BA,F,,,,,SCL-9%-26-9-26-NCDS,1052.35,1052.35,1052.35,1052.35,1052.35,1056.00,,1058.50,,,2,2104.00,1,F1,1,,,,,
2026-06-12,2026-06-12,CM,BSE,STK,935868,INE148I08256,915SCL26,F,,,,,SCL-9.15%-26-9-26-NCDS,1060.00,1060.00,1050.25,1050.25,1050.25,1050.21,,1055.13,,,409,432057.00,4,F1,1,,,,,
2026-06-12,2026-06-12,CM,BSE,STK,936224,INE651J07622,975JMFCS28,F,,,,,JMFCSL-9.75%-7-6-28-NCD,1045.00,1050.00,1045.00,1050.00,1050.00,1027.00,,1050.00,,,500,524750.00,2,F1,1,,,,,
2026-06-12,2026-06-12,CM,BSE,STK,936236,INE721A07NX5,94SFL28,F,,,,,SFL-9.40%-12-7-28-NCD,1126.50,1128.00,1126.50,1128.00,1128.00,1130.00,,1123.50,,,100,112762.00,3,F1,1,,,,,
2026-06-12,2026-06-12,CM,BSE,STK,936278,INE244L07168,96SFIL24A,F,,,,,SFIL-8.84%-25-9-28-NCD,933.00,935.00,933.00,935.00,935.00,933.00,,935.00,,,240,224160.00,2,F1,1,,,,,
2026-06-12,2026-06-12,CM,BSE,STK,936384,INE651J07689,1025JFCS28,F,,,,,JMFCSL-10.25%-13-12-28-NCD,1041.00,1041.00,1041.00,1041.00,1041.00,1052.00,,1041.00,,,11,11451.00,3,F1,1,,,,,
2026-06-12,2026-06-12,CM,BSE,STK,936386,INE651J07697,981JMFCS28,F,,,,,JMFCSL-9.81%-13-12-28-NCD,1030.00,1030.00,1030.00,1030.00,1030.00,1030.00,,1030.00,,,25,25750.00,1,F1,1,,,,,
2026-06-12,2026-06-12,CM,BSE,STK,936412,INE774D07SW9,93MMFSL27,F,,,,,MMFSL-9.3%-18-1-27-NCD,1027.00,1027.00,1025.00,1025.50,1025.50,1027.00,,1025.50,,,282,289135.00,18,F1,1,,,,,
2026-06-12,2026-06-12,CM,BSE,STK,936476,INE866I08279,10IIFL29,F,,,,,IFL-10%-7-2-29-NCD,1028.00,1028.00,1028.00,1028.00,1028.00,1011.00,,1025.50,,,50,51400.00,5,F1,1,,,,,
2026-06-12,2026-06-12,CM,BSE,STK,936744,INE414G07DQ9,MFLZC26A,F,,,,,MFL-ZC-14-12-26-NCD,1904.80,1906.80,1904.80,1906.80,1906.80,1904.80,,1906.80,,,95,181138.00,3,F1,1,,,,,
2026-06-12,2026-06-12,CM,BSE,STK,936959,INE360T07082,MHFLZC26,F,,,,,MHFL-ZC-7-9-26-NCD,1944.00,1944.00,1944.00,1944.00,1944.00,1944.00,,1944.00,,,77,149688.00,6,F1,1,,,,,
2026-06-12,2026-06-12,CM,BSE,STK,936977,INE804IA7253,104ECL29,F,,,,,ECL-10.4%-28-11-29-NCD,1051.75,1051.75,1051.75,1051.75,1051.75,1051.75,,1051.75,,,191,200884.00,2,F1,1,,,,,
2026-06-12,2026-06-12,CM,BSE,STK,937053,INE033L07GS6,81TCHF28,F,,,,,TCHF-8.1%-14-1-28-NCD,1005.01,1005.01,1005.01,1005.01,1005.01,1044.80,,1010.01,,,1,1005.00,1,F1,1,,,,,
2026-06-12,2026-06-12,CM,BSE,STK,937345,INE532F07BP6,953EFSL31,F,,,,,EFSL-9.53%-8-1-31-NCD,986.00,986.00,986.00,986.00,986.00,995.00,,986.00,,,1,986.00,1,F1,1,,,,,
2026-06-12,2026-06-12,CM,BSE,STK,937369,INE134E07AL5,682PFCL31,F,,,,,PFCL-6.82%-22-1-31-NCD,985.00,985.00,985.00,985.00,985.00,975.00,,985.00,,,43,42355.00,4,F1,1,,,,,
2026-06-12,2026-06-12,CM,BSE,STK,937373,INE134E07AN1,7PFCL31,F,,,,,PFCL-7%-22-1-31-NCD,988.03,993.00,988.03,993.00,993.00,988.01,,993.00,,,30,29715.00,2,F1,1,,,,,
2026-06-12,2026-06-12,CM,BSE,STK,937381,INE134E07AR2,697PFCL36,F,,,,,PFCL-6.97%-22-1-36-NCD,990.00,990.00,990.00,990.00,990.00,990.00,,990.00,,,50,49500.00,2,F1,1,,,,,
2026-06-12,2026-06-12,CM,BSE,STK,937419,INE549K08194,MFLZC27C,F,,,,,MFL-ZC-29-1-27-NCD,1608.00,1608.00,1608.00,1608.00,1608.00,1605.00,,1608.00,,,30,48240.00,2,F1,1,,,,,
2026-06-12,2026-06-12,CM,BSE,STK,937455,INE530B08102,96IIFL28A,F,,,,,IFL-9.6%-24-6-28-NCD,1001.00,1001.00,1001.00,1001.00,1001.00,1001.00,,1002.49,,,800,800800.00,4,F1,1,,,,,
2026-06-12,2026-06-12,CM,BSE,STK,937541,INE219X07280,797IGT31,F,,,,,IGT-7.97%-6-5-31-INVIT-NCD,1008.00,1008.00,1008.00,1008.00,1008.00,1010.00,,1008.29,,,130,131040.00,3,F1,1,,,,,
2026-06-12,2026-06-12,CM,BSE,STK,937577,INE516Y07410,875PF26,F,,,,,PFL-8.75%-23-7-26-NCD,1075.00,1075.00,1072.00,1073.00,1073.00,1073.00,,1073.00,,,200,214522.00,8,F1,1,,,,,
2026-06-12,2026-06-12,CM,BSE,STK,937621,INE477L08154,96IIFL28,F,,,,,IHFL-9.60%-3-11-28-NCD,999.00,1001.55,999.00,1001.55,1001.55,1003.97,,1001.91,,,1145,1144599.00,6,F1,1,,,,,
2026-06-12,2026-06-12,CM,BSE,STK,937631,INE532F07CF5,915EFSL26,F,,,,,EFSL-9.15%-10-9-26-NCD,995.00,1000.00,995.00,1000.00,1000.00,993.00,,1000.00,,,509,506500.00,12,F1,1,,,,,
2026-06-12,2026-06-12,CM,BSE,STK,937635,INE532F07CH1,EFSL26,F,,,,,EFSL-10-9-26-NCD,1530.00,1530.00,1529.75,1529.75,1529.75,1529.75,,1529.75,,,137,209594.00,3,F1,1,,,,,
2026-06-12,2026-06-12,CM,BSE,STK,937637,INE532F07CI9,93EFSL31,F,,,,,EFSL-9.30%-10-9-31-NCD,980.00,980.00,975.10,975.26,975.10,980.00,,975.26,,,1040,1014471.00,7,F1,1,,,,,
2026-06-12,2026-06-12,CM,BSE,STK,937703,INE403Q07CD1,KFLZC28B,F,,,,,KSFL-ZC-29-9-28-NCD,1471.00,1471.00,1470.00,1470.00,1470.00,1418.96,,1470.00,,,5,7351.00,3,F1,1,,,,,
2026-06-12,2026-06-12,CM,BSE,STK,937721,INE530B07161,842IIFL26,F,,,,,IIFL-8.42%-14-10-26-NCD,998.85,998.85,998.85,998.85,998.85,999.00,,997.01,,,1,998.00,1,F1,1,,,,,
2026-06-12,2026-06-12,CM,BSE,STK,937725,INE530B07187,IIFLZC26,F,,,,,IIFL-ZC-14-10-26-NCD,1450.20,1450.20,1450.20,1450.20,1450.20,1438.00,,1450.20,,,5,7251.00,1,F1,1,,,,,
2026-06-12,2026-06-12,CM,BSE,STK,937743,INE0BUS08013,12IML26,F,,,,,IML-12%-24-11-26-NCD,1024.94,1024.94,1024.94,1024.94,1024.94,1018.46,,1024.94,,,20,20498.00,1,F1,1,,,,,
2026-06-12,2026-06-12,CM,BSE,STK,937799,INE532F07CQ2,915EFSL26A,F,,,,,EFSL-9.15%-28-12-26-NCD,988.00,1001.00,988.00,994.50,1001.00,998.63,,994.50,,,6,5967.00,2,F1,1,,,,,
2026-06-12,2026-06-12,CM,BSE,STK,937805,INE532F07CT6,93EFSL31A,F,,,,,EFSL-9.30%-28-12-31-NCD,971.42,971.42,951.00,965.00,965.00,971.35,,965.00,,,610,586885.00,10,F1,1,,,,,
2026-06-12,2026-06-12,CM,BSE,STK,937807,INE532F07CU4,97EFSL31A,F,,,,,EFSL-9.7%-28-12-31-NCD,1000.00,1000.00,1000.00,1000.00,1000.00,1000.00,,1000.00,,,35,35000.00,1,F1,1,,,,,
2026-06-12,2026-06-12,CM,BSE,STK,937825,INE477L07AN9,820IIFL27,F,,,,,IHFL-8.20%-3-1-27-NCD,997.00,997.00,997.00,997.00,997.00,990.00,,997.00,,,5,4985.00,1,F1,1,,,,,
2026-06-12,2026-06-12,CM,BSE,STK,937829,INE477L07AP4,IIFLHFZC27,F,,,,,IHFL-ZC-3-1-27-NCD,1415.00,1415.00,1415.00,1415.00,1415.00,1413.80,,1408.00,,,79,111785.00,1,F1,1,,,,,
2026-06-12,2026-06-12,CM,BSE,STK,937833,INE477L07AR0,875IHFL29,F,,,,,IHFL-8.75%-3-1-29-NCD,1000.00,1000.00,1000.00,1000.00,1000.00,1000.00,,1000.00,,,10,10000.00,1,F1,1,,,,,
2026-06-12,2026-06-12,CM,BSE,STK,937939,INE403Q07CO8,10KFIL27,F,,,,,KFIL-10-17-4-27-NCD,996.80,996.80,996.50,996.50,996.50,995.00,,996.50,,,74,73750.00,2,F1,1,,,,,
2026-06-12,2026-06-12,CM,BSE,STK,937999,INE530L07475,915NIDO27,F,,,,,NIDO-9.15%-29-4-27-NCD,993.80,993.80,993.80,993.80,993.80,990.00,,993.80,,,26,25838.00,2,F1,1,,,,,
2026-06-12,2026-06-12,CM,BSE,STK,938007,INE530L07517,970NIDO32,F,,,,,NIDO-9.70%-29-4-32-NCD,979.00,979.00,979.00,979.00,979.00,979.00,,979.00,,,100,97900.00,2,F1,1,,,,,
2026-06-12,2026-06-12,CM,BSE,STK,938077,INE414G07GR0,MFLVII27,F,,,,,MFL-23-6-27-NCD,1339.00,1339.00,1339.00,1339.00,1339.00,1326.00,,1339.00,,,2,2678.00,1,F1,1,,,,,
2026-06-12,2026-06-12,CM,BSE,STK,938105,INE523L07710,916NWIL27,F,,,,,NWIL-9.16%-15-7-27-NCD,990.00,995.00,982.60,995.00,995.00,995.00,,995.00,,,6,5942.00,5,F1,1,,,,,
2026-06-12,2026-06-12,CM,BSE,STK,938111,INE523L07744,953NWIL32,F,,,,,NWIL-9.53%-15-7-32-NCD,1017.00,1017.00,1005.00,1005.00,1005.00,1013.59,,1005.00,,,2,2022.00,2,F1,1,,,,,
2026-06-12,2026-06-12,CM,BSE,STK,938113,INE523L07736,995NWIL32,F,,,,,NWIL-9.95%-15-7-32-NCD,1080.00,1094.40,1080.00,1094.40,1094.40,1080.00,,1094.40,,,1104,1192377.00,3,F1,1,,,,,
2026-06-12,2026-06-12,CM,BSE,STK,938135,INE549K07BN5,835MFL26,F,,,,,MFL-8.35%-6-9-26-NCD,995.00,995.00,995.00,995.00,995.00,995.00,,995.00,,,1,995.00,1,F1,1,,,,,
2026-06-12,2026-06-12,CM,BSE,STK,938141,INE549K07BK1,MFL26E,F,,,,,MFL-6-9-26-NCD,1357.00,1359.00,1357.00,1359.00,1359.00,1357.00,,1359.00,,,30,40716.00,2,F1,1,,,,,
2026-06-12,2026-06-12,CM,BSE,STK,938180,INE148I07ML1,905SC24B,F,,,,,SCL-9.15%-28-9-27-NCD,999.00,999.00,999.00,999.00,999.00,999.00,,999.00,,,15,14985.00,3,F1,1,,,,,
2026-06-12,2026-06-12,CM,BSE,STK,938212,INE532F07DB2,935EFSL27,F,,,,,EFSL-9.35%-20-10-27-NCD,990.00,990.00,990.00,990.00,990.00,999.00,,990.00,,,50,49500.00,1,F1,1,,,,,
2026-06-12,2026-06-12,CM,BSE,STK,938214,INE532F07DC0,975EFSL27,F,,,,,EFSL-9.75%-20-10-27-NCD,1040.00,1050.00,1040.00,1048.85,1050.00,1044.80,,1048.85,,,4000,4175510.00,14,F1,1,,,,,
2026-06-12,2026-06-12,CM,BSE,STK,938218,INE532F07DD8,965EFSL32,F,,,,,EFSL-9.65%-20-10-32-NCD,970.00,980.00,970.00,980.00,980.00,978.30,,980.00,,,110,107670.00,3,F1,1,,,,,
2026-06-12,2026-06-12,CM,BSE,STK,938220,INE532F07DE6,1010EFSL32,F,,,,,EFSL-10.10%-20-10-32-NCD,1028.80,1028.80,1028.80,1028.80,1028.80,1015.92,,1028.80,,,1,1028.00,1,F1,1,,,,,
2026-06-12,2026-06-12,CM,BSE,STK,938222,INE0H7R07017,79NHIT35,F,,,,,NHIT-25-10-35-INVIT,303.30,307.00,303.30,307.00,307.00,306.75,,307.50,,,323,99055.00,7,F1,1,,,,,
2026-06-12,2026-06-12,CM,BSE,STK,938256,INE414G07GV2,MFLTDII27,F,,,,,MFL-3-11-27-NCD,1000.00,1000.00,1000.00,1000.00,1000.00,982.01,,1000.00,,,1,1000.00,1,F1,1,,,,,
2026-06-12,2026-06-12,CM,BSE,STK,938258,INE148I07MZ1,93SCL24A,F,,,,,SCL-9.15%-03-11-27-NCD,990.00,990.00,990.00,990.00,990.00,999.90,,990.00,,,10,9900.00,3,F1,1,,,,,
2026-06-12,2026-06-12,CM,BSE,STK,938330,INE051307AB8,115CCIL28,F,,,,,CCIL-11.50%-11-1-28-NCD,911.00,999.99,911.00,999.99,999.99,1005.00,,999.99,,,2,1910.00,2,F1,1,,,,,
2026-06-12,2026-06-12,CM,BSE,STK,938366,INE532F07DJ5,1010EFS28A,F,,,,,EFSL-10.10%-20-1-28-NCD,1017.80,1017.80,1015.00,1015.00,1015.00,1028.00,,1015.00,,,500,508153.00,3,F1,1,,,,,
2026-06-12,2026-06-12,CM,BSE,STK,938370,INE532F07DH9,10EFSL33B,F,,,,,EFSL-10%-20-1-33-NCD,992.00,992.00,990.00,991.00,991.00,992.00,,991.00,,,560,554983.00,9,F1,1,,,,,
2026-06-12,2026-06-12,CM,BSE,STK,938372,INE532F07DI7,1045EFS33A,F,,,,,EFSL-10.45%-20-1-33-NCD,1011.20,1012.55,1011.20,1012.55,1012.55,1011.20,,1012.55,,,286,289320.00,3,F1,1,,,,,
2026-06-12,2026-06-12,CM,BSE,STK,938382,INE530B07310,865IIFL28,F,,,,,IIFL-8.65%-25-1-28-NCD,998.00,998.00,993.00,997.35,995.00,990.00,,993.58,,,125,124669.00,3,F1,1,,,,,
2026-06-12,2026-06-12,CM,BSE,STK,938384,INE530B07260,9IIFL28A,F,,,,,IIFL-9%-24-1-28-NCD,1018.80,1018.80,1018.80,1018.80,1018.80,1007.01,,1018.80,,,190,193572.00,1,F1,1,,,,,
2026-06-12,2026-06-12,CM,BSE,STK,938420,INE549K07BX4,840MFL27,F,,,,,MFL-8.40%-2-2-27-NCD,978.20,978.20,978.20,978.20,978.20,978.20,,978.20,,,200,195640.00,2,F1,1,,,,,
2026-06-12,2026-06-12,CM,BSE,STK,938424,INE549K07BU0,850MFL28,F,,,,,MFL-8.50%-2-2-28-NCD,983.00,983.00,983.00,983.00,983.00,982.50,,983.00,,,45,44235.00,4,F1,1,,,,,
2026-06-12,2026-06-12,CM,BSE,STK,938442,INE414G07HQ0,81MFL28,F,,,,,MFL-8.1%-10-4-28-NCD,990.00,990.00,990.00,990.00,990.00,975.00,,990.00,,,4,3960.00,1,F1,1,,,,,
2026-06-12,2026-06-12,CM,BSE,STK,938486,INE148I07OH5,1015SCL28A,F,,,,,SCL-10.15%-23-3-28-NCD,700.00,700.00,700.00,700.00,700.00,750.00,,700.00,,,12,8400.00,2,F1,1,,,,,
2026-06-12,2026-06-12,CM,BSE,STK,938524,INE532F07DT4,967EFSL28,F,,,,,EFSL-9.67%-27-4-28-NCD,995.00,998.00,995.00,995.55,998.00,1000.00,,995.55,,,1890,1881072.00,22,F1,1,,,,,
2026-06-12,2026-06-12,CM,BSE,STK,938526,INE532F07DV0,101EFSL28,F,,,,,EFSL-10.10%-27-4-28-NCD,995.00,995.00,995.00,995.00,995.00,995.00,,995.00,,,500,497500.00,6,F1,1,,,,,
2026-06-12,2026-06-12,CM,BSE,STK,938530,INE532F07DX6,10EFSL33,F,,,,,EFSL-10%-27-4-33-NCD,995.00,995.00,991.00,995.00,995.00,997.00,,995.00,,,285,282855.00,6,F1,1,,,,,
2026-06-12,2026-06-12,CM,BSE,STK,938634,INE530B07377,9IIFL28,F,,,,,IIFL-9%-28-6-28-NCD,1023.20,1023.20,990.00,990.00,990.00,1062.01,,1003.00,,,256,261480.00,4,F1,1,,,,,
2026-06-12,2026-06-12,CM,BSE,STK,938644,INE342T07387,1050NFL26,F,,,,,NFL-10.50%-18-7-26-NCD,1002.00,1002.00,1002.00,1002.00,1002.00,1007.00,,1006.00,,,100,100200.00,2,F1,1,,,,,
2026-06-12,2026-06-12,CM,BSE,STK,938654,INE532F07ED6,96EFSL26,F,,,,,EFSL-9.60%-21-7-26-NCD,1073.20,1083.00,1073.20,1083.00,1083.00,1084.60,,1083.00,,,530,569090.00,3,F1,1,,,,,
2026-06-12,2026-06-12,CM,BSE,STK,938658,INE532F07EG9,967EFS28,F,,,,,EFSL-9.67%-21-7-28-NCD,997.00,997.00,995.00,995.00,995.00,990.00,,995.00,,,186,185270.00,3,F1,1,,,,,
2026-06-12,2026-06-12,CM,BSE,STK,938698,INE134E07CF3,750PFCL26,F,,,,,PFC-750%-1-8-26-NCD,1059.21,1060.50,1052.80,1057.62,1052.80,1059.21,,1057.62,,,493,522071.00,17,F1,1,,,,,
2026-06-12,2026-06-12,CM,BSE,STK,938706,INE134E07CK3,755PFCL38,F,,,,,PFC-7.55%-1-8-38-NCD,1051.02,1051.02,1050.01,1050.01,1050.01,1051.02,,1050.01,,,40,42020.00,2,F1,1,,,,,
2026-06-12,2026-06-12,CM,BSE,STK,938716,INE121A07RE9,84CIFCL28,F,,,,,CIFCL-8.4%-9-8-28-NCD,1075.00,1075.00,1075.00,1075.00,1075.00,1030.00,,1075.00,,,20,21500.00,1,F1,1,,,,,
2026-06-12,2026-06-12,CM,BSE,STK,938770,INE530L07566,920NIDO26,F,,,,,NHFL-9.20%-15-9-26-NCD,991.00,991.00,991.00,991.00,991.00,991.00,,991.00,,,10,9910.00,1,F1,1,,,,,
2026-06-12,2026-06-12,CM,BSE,STK,938790,INE549K07CP8,905MFL28A,F,,,,,MFL-9.05%-20-9-28-NCD,998.25,998.25,998.25,998.25,998.25,998.00,,998.25,,,10,9982.00,1,F1,1,,,,,
2026-06-12,2026-06-12,CM,BSE,STK,938830,INE148I07PL4,925SCL28C,F,,,,,SCL-10.15%-26-9-28-NCD,880.00,880.00,880.00,880.00,880.00,930.00,,880.00,,,6,5280.00,2,F1,1,,,,,
2026-06-12,2026-06-12,CM,BSE,STK,938862,INE403Q07DV1,10KFL27,F,,,,,KFL-10%-27-9-27-NCD,1008.00,1008.00,1005.99,1005.99,1005.99,995.00,,1005.99,,,200,201299.00,4,F1,1,,,,,
2026-06-12,2026-06-12,CM,BSE,STK,938880,INE414G07IJ3,MFL28A,F,,,,,MFL-4-10-28-NCD,1232.00,1260.00,1231.50,1255.00,1255.00,1245.00,,1255.00,,,570,706816.00,6,F1,1,,,,,
2026-06-12,2026-06-12,CM,BSE,STK,938882,INE860H07IQ0,8ABCL26,F,,,,,ABCL-8%-9-10-26-NCD,1046.01,1048.00,1040.50,1048.00,1048.00,1048.00,,1048.00,,,146,152349.00,5,F1,1,,,,,
2026-06-12,2026-06-12,CM,BSE,STK,938900,INE532F07EP0,960EFSLA,F,,,,,EFSL-9.60%-26-10-26-NCD,1050.20,1050.20,1050.20,1050.20,1050.20,1051.80,,1050.20,,,100,105020.00,1,F1,1,,,,,
2026-06-12,2026-06-12,CM,BSE,STK,938904,INE532F07EO3,967EFSL28A,F,,,,,EFSL-9.67%-26-10-28-NCD,993.00,993.00,990.00,990.00,990.00,985.00,,990.00,,,470,465650.00,10,F1,1,,,,,
2026-06-12,2026-06-12,CM,BSE,STK,938906,INE532F07EM7,1010EFSL28,F,,,,,EFSL-10.10%-26-10-28-NCD,1050.00,1050.00,1050.00,1050.00,1050.00,1036.80,,1050.00,,,1,1050.00,1,F1,1,,,,,
2026-06-12,2026-06-12,CM,BSE,STK,938908,INE532F07EN5,EFSLZC28C,F,,,,,EFSL-ZC-26-10-28-NCD,1285.00,1285.00,1285.00,1285.00,1285.00,1285.00,,1285.00,,,8,10280.00,1,F1,1,,,,,
2026-06-12,2026-06-12,CM,BSE,STK,939002,INE148I07RB1,965SCL25F,F,,,,,SCL-10.25%-9-11-33-NCD,1150.00,1150.00,1150.00,1150.00,1150.00,1200.00,,1006.20,,,25,28750.00,1,F1,1,,,,,
2026-06-12,2026-06-12,CM,BSE,STK,939018,INE121A07RO8,850CIFCL26,F,,,,,CIFCL-8.50%-7-12-26-NCD,1026.20,1026.20,1026.20,1026.20,1026.20,1024.00,,1026.20,,,8,8209.00,1,F1,1,,,,,
2026-06-12,2026-06-12,CM,BSE,STK,939044,INE01CY077K8,ICLFLZC29,F,,,,,ICLFL-ZC-14-8-29-NCD,1250.00,1250.00,1250.00,1250.00,1250.00,1121.25,,1250.00,,,1,1250.00,1,F1,1,,,,,
2026-06-12,2026-06-12,CM,BSE,STK,939088,INE05F407BO9,MML26A,F,,,,,MML-21-12-26-NCD,999.00,1050.00,999.00,1050.00,1050.00,965.44,,1050.00,,,2,2049.00,2,F1,1,,,,,
2026-06-12,2026-06-12,CM,BSE,STK,939194,INE532F07EX4,EFSL27A,F,,,,,EFSL-29-1-27-NCD,1218.00,1218.00,1218.00,1218.00,1218.00,1229.80,,1218.00,,,30,36540.00,1,F1,1,,,,,
2026-06-12,2026-06-12,CM,BSE,STK,939200,INE532F07FA9,EFSL29,F,,,,,EFSL-29-1-29-NCD,1186.20,1186.20,1186.20,1186.20,1186.20,1196.80,,1186.20,,,1,1186.00,1,F1,1,,,,,
2026-06-12,2026-06-12,CM,BSE,STK,939208,INE414G07IT2,825MFL29,F,,,,,MFL-8.25%-25-1-29-NCD,1001.00,1003.00,1001.00,1002.70,1002.40,1003.30,,1002.70,,,220,220254.00,7,F1,1,,,,,
2026-06-12,2026-06-12,CM,BSE,STK,939266,INE0BUS07AV1,IML1622024,F,,,,,IML-15-2-30-NCD,1125.00,1225.10,1125.00,1225.10,1225.10,1260.00,,1225.10,,,2,2350.00,2,F1,1,,,,,
2026-06-12,2026-06-12,CM,BSE,STK,939276,INE302E07649,1025SFL29,F,,,,,SFL-10.25%-27-2-29-NCD,870.00,870.00,870.00,870.00,870.00,995.00,,870.00,,,1,870.00,1,F1,1,,,,,
2026-06-12,2026-06-12,CM,BSE,STK,939335,INE342T07460,1065NFL27,F,,,,,NFL-10.65%-13-3-27-NCD,1001.91,1018.00,1001.91,1018.00,1018.00,1001.90,,1018.00,,,26,26065.00,2,F1,1,,,,,
2026-06-12,2026-06-12,CM,BSE,STK,939381,INE148I07SQ7,1025SCL34,F,,,,,SCL-10.25%-26-3-34-NCD,1025.00,1025.00,1025.00,1025.00,1025.00,1025.00,,1025.00,,,1,1025.00,1,F1,1,,,,,
2026-06-12,2026-06-12,CM,BSE,STK,939407,INE532F07FK8,920EFSL27A,F,,,,,EFSL-9.20%-29-4-27-NCD,992.00,992.00,992.00,992.00,992.00,990.00,,992.00,,,10,9920.00,1,F1,1,,,,,
2026-06-12,2026-06-12,CM,BSE,STK,939423,INE532F07FN2,967EFSL29A,F,,,,,EFSL-9.67%-29-4-29-NCD,998.99,999.00,975.00,998.99,998.99,992.03,,998.99,,,1496,1482541.00,13,F1,1,,,,,
2026-06-12,2026-06-12,CM,BSE,STK,939439,INE532F07FJ0,1045EFS34,F,,,,,EFSL-10.45%-29-4-34-NCD,1000.00,1000.00,1000.00,1000.00,1000.00,915.00,,1000.00,,,1,1000.00,1,F1,1,,,,,
2026-06-12,2026-06-12,CM,BSE,STK,939475,INE338I07099,0MOFSL27,F,,,,,MOFSL-ZC-9-5-27-NCD,1190.00,1190.00,1190.00,1190.00,1190.00,1195.00,,1190.00,,,250,297500.00,1,F1,1,,,,,
2026-06-12,2026-06-12,CM,BSE,STK,939477,INE338I07164,897MOFSL29,F,,,,,MOFSL-8.97%-9-5-29-NCD,1017.00,1017.00,1017.00,1017.00,1017.00,1018.00,,1021.00,,,40,40680.00,2,F1,1,,,,,
2026-06-12,2026-06-12,CM,BSE,STK,939479,INE338I07107,935MOFSL29,F,,,,,MOFSL-9.35%-9-5-29-NCD,1024.00,1024.00,1022.00,1022.33,1022.00,1025.00,,1022.33,,,30,30670.00,3,F1,1,,,,,
2026-06-12,2026-06-12,CM,BSE,STK,939541,INE148I07TP7,1075SCL34,F,,,,,SCL-10.75%-31-5-34-NCD,1010.00,1025.00,1010.00,1025.00,1025.00,1044.00,,1025.00,,,28,28655.00,2,F1,1,,,,,
2026-06-12,2026-06-12,CM,BSE,STK,939563,INE248U07FI4,944ONE34,F,,,,,360ONEPL-9.44%-12-6-34-NCD,1050.00,1050.00,1050.00,1050.00,1050.00,1050.00,,1050.00,,,14,14700.00,2,F1,1,,,,,
2026-06-12,2026-06-12,CM,BSE,STK,939579,INE530L07749,950NHFL26,F,,,,,NHFL-9.50%-03-7-26-NCD,1084.95,1086.65,1084.95,1085.80,1086.65,1084.96,,1085.80,,,216,234519.00,4,F1,1,,,,,
2026-06-12,2026-06-12,CM,BSE,STK,939581,INE530L07822,0NHFL26,F,,,,,NHFL-ZC-3-7-26-NCD,1168.20,1168.20,1168.20,1168.20,1168.20,1167.56,,1168.20,,,2,2336.00,1,F1,1,,,,,
2026-06-12,2026-06-12,CM,BSE,STK,939589,INE530L07764,1003NHFL29,F,,,,,NHFL-10.03%-3-7-29-NCD,990.00,990.00,990.00,990.00,990.00,999.00,,990.00,,,20,19800.00,1,F1,1,,,,,
2026-06-12,2026-06-12,CM,BSE,STK,939617,INE532F07FR3,957EFSL27,F,,,,,EFSL-9.57%-26-7-27-NCD,996.00,996.00,996.00,996.00,996.00,996.00,,996.00,,,1,996.00,1,F1,1,,,,,
2026-06-12,2026-06-12,CM,BSE,STK,939639,INE103C07025,10SMCGSL26,F,,,,,SMCGSL-10%-07-8-26-NCD,1094.99,1095.00,1094.99,1095.00,1095.00,1070.20,,1095.00,,,100,109499.00,2,F1,1,,,,,
2026-06-12,2026-06-12,CM,BSE,STK,939655,INE103C07041,994SMCGS29,F,,,,,SMCGSL-9.94%-07-08-29-NCD,1000.00,1000.00,1000.00,1000.00,1000.00,1007.00,,1000.00,,,15,15000.00,1,F1,1,,,,,
2026-06-12,2026-06-12,CM,BSE,STK,939661,INE403Q07EP1,KFL070824C,F,,,,,KFL-6-8-28-NCD,1153.00,1153.00,1153.00,1153.00,1153.00,1153.00,,1153.00,,,50,57650.00,1,F1,1,,,,,
2026-06-12,2026-06-12,CM,BSE,STK,939725,INE423A07310,932AEL27,F,,,,,AEL-9.32%-12-9-27-NCD,1040.00,1040.00,1040.00,1040.00,1040.00,1058.00,,1040.00,,,50,52000.00,1,F1,1,,,,,
2026-06-12,2026-06-12,CM,BSE,STK,939743,INE549K07EI9,965MFCL30,F,,,,,MFCL-9.65%-16-9-30-NCD,1020.00,1020.00,1000.00,1000.40,1000.00,1003.99,,1000.40,,,10,10102.00,3,F1,1,,,,,
2026-06-12,2026-06-12,CM,BSE,STK,939745,INE549K07EH1,940MFCL26,F,,,,,MFCL-9.40%-16-9-26-NCD,1060.00,1065.80,1060.00,1065.80,1065.80,1051.20,,1065.80,,,80,85206.00,2,F1,1,,,,,
2026-06-12,2026-06-12,CM,BSE,STK,939759,INE549K07EF5,MFCL16924B,F,,,,,MFCL-16-9-30-NCD,1150.00,1150.00,1150.00,1150.00,1150.00,1165.00,,1150.00,,,500,575000.00,1,F1,1,,,,,
2026-06-12,2026-06-12,CM,BSE,STK,939761,INE549K07EJ7,MFCL16924C,F,,,,,MFCL-16-5-32-NCD,1050.00,1095.00,1050.00,1095.00,1095.00,1013.87,,1095.00,,,120,128400.00,3,F1,1,,,,,
2026-06-12,2026-06-12,CM,BSE,STK,939807,INE896L07991,1030ICFL27,F,,,,,ICFL-10.30%-25-9-27-NCD,1001.70,1018.50,1001.70,1007.01,1006.00,1019.64,,1007.01,,,98,98874.00,5,F1,1,,,,,
2026-06-12,2026-06-12,CM,BSE,STK,939829,INE530L07921,1049NHFL34,F,,,,,NHFL-10.49%-8-10-34-NCD,1015.60,1015.60,1015.60,1015.60,1015.60,1015.40,,1015.60,,,4,4062.00,1,F1,1,,,,,
2026-06-12,2026-06-12,CM,BSE,STK,939835,INE583D07521,1025UCL26A,F,,,,,UCL-10.25%-24-10-26-NCD,1019.95,1022.00,993.00,1007.50,993.00,1021.45,,1000.71,,,85,86436.00,5,F1,1,,,,,
2026-06-12,2026-06-12,CM,BSE,STK,939843,INE532F07GD1,957EFSL27A,F,,,,,EFSL-9.57%-24-10-27-NCD,1000.00,1000.00,1000.00,1000.00,1000.00,993.00,,1000.00,,,115,115000.00,6,F1,1,,,,,
2026-06-12,2026-06-12,CM,BSE,STK,939871,INE549K07EP4,94MFCL26,F,,,,,MFCL-9.40%-30-10-26-NCD,1052.80,1052.80,1052.80,1052.80,1052.80,1052.80,,1052.80,,,70,73696.00,2,F1,1,,,,,
2026-06-12,2026-06-12,CM,BSE,STK,939915,INE101Q07AV7,MML191124B,F,,,,,MML-18-5-30-NCD,1110.00,1110.00,1110.00,1110.00,1110.00,1069.00,,1110.00,,,5,5550.00,1,F1,1,,,,,
2026-06-12,2026-06-12,CM,BSE,STK,939969,INE403Q07FB8,KFL121224E,F,,,,,KFL-11-12-28-NCD,1055.00,1055.00,1055.00,1055.00,1055.00,918.00,,1055.00,,,10,10550.00,1,F1,1,,,,,
2026-06-12,2026-06-12,CM,BSE,STK,940053,INE549K07EZ3,9MFLIII27,F,,,,,MFLIII-9%-10-1-27-NCD,984.00,990.00,984.00,987.60,986.00,983.64,,987.60,,,210,206676.00,5,F1,1,,,,,
2026-06-12,2026-06-12,CM,BSE,STK,940085,INE051307BK7,12CCIL30C,F,,,,,CCIL-12%-16-1-30-NCD,1000.00,1000.00,980.00,980.00,980.00,1000.00,,980.00,,,40,39340.00,2,F1,1,,,,,
2026-06-12,2026-06-12,CM,BSE,STK,940099,INE532F07GP5,EFSL240125,F,,,,,EFSL-24-1-27-NCD,1117.00,1117.00,1117.00,1117.00,1117.00,1122.00,,1117.00,,,195,217815.00,5,F1,1,,,,,
2026-06-12,2026-06-12,CM,BSE,STK,940101,INE532F07GQ3,957EFSL28,F,,,,,EFSL-9.57%-24-1-28-NCD,1001.00,1001.00,1001.00,1001.00,1001.00,1004.00,,1001.00,,,100,100100.00,1,F1,1,,,,,
2026-06-12,2026-06-12,CM,BSE,STK,940107,INE532F07GX9,1004EFSL30,F,,,,,EFSL-10.04%-24-1-30-NCD,1005.00,1005.00,1005.00,1005.00,1005.00,1000.00,,1005.00,,,100,100500.00,1,F1,1,,,,,
2026-06-12,2026-06-12,CM,BSE,STK,940115,INE532F07GT7,1049EFSL35,F,,,,,EFSL-10.49%-24-1-35-NCD,1015.00,1015.00,1015.00,1015.00,1015.00,1010.00,,1015.00,,,20,20300.00,1,F1,1,,,,,
2026-06-12,2026-06-12,CM,BSE,STK,940159,INE549K07FM8,9MFLIV27,F,,,,,MFLIV-9%-24-2-27-NCD,994.80,994.80,994.80,994.80,994.80,994.80,,994.80,,,18,17906.00,1,F1,1,,,,,
2026-06-12,2026-06-12,CM,BSE,STK,940161,INE549K07FU1,925MFLIV28,F,,,,,MFLIV-9.25%-24-2-28-NCD,1007.00,1007.00,1007.00,1007.00,1007.00,1005.00,,1007.00,,,100,100700.00,1,F1,1,,,,,
2026-06-12,2026-06-12,CM,BSE,STK,940177,INE549K07FQ9,MFLIV24225,F,,,,,MFLIV-24-8-26-NCD,1112.80,1112.80,1102.20,1102.20,1102.20,1112.80,,1102.20,,,100,111068.00,3,F1,1,,,,,
2026-06-12,2026-06-12,CM,BSE,STK,940181,INE549K07FN6,MFL24225B,F,,,,,MFLIV-24-2-28-NCD,1105.80,1105.80,1105.80,1105.80,1105.80,1105.80,,1105.80,,,30,33174.00,1,F1,1,,,,,
2026-06-12,2026-06-12,CM,BSE,STK,940227,INE0IID07553,13PCL30,F,,,,,PCL-13%-20-3-30-NCD,1002.00,1004.27,1002.00,1002.00,1002.00,1002.00,,1002.00,,,1139,1143468.00,6,F1,1,,,,,
2026-06-12,2026-06-12,CM,BSE,STK,940253,INE530L07AG9,NHF030425A,F,,,,,NHFL-3-4-30-NCD,1121.00,1121.00,1121.00,1121.00,1121.00,1121.00,,1121.00,,,10,11210.00,1,F1,1,,,,,
2026-06-12,2026-06-12,CM,BSE,STK,940255,INE530L07AM7,1049NHF35,F,,,,,NHFL-10.49%-3-4-35-NCD,1010.00,1014.99,1010.00,1014.99,1014.99,1016.50,,1014.99,,,104,105059.00,4,F1,1,,,,,
2026-06-12,2026-06-12,CM,BSE,STK,940309,INE583D07570,1039UCL26,F,,,,,UCL-10.39%-24-10-26-NCD,1000.00,1000.00,1000.00,1000.00,1000.00,1010.00,,1000.00,,,1,1000.00,1,F1,1,,,,,
2026-06-12,2026-06-12,CM,BSE,STK,940311,INE583D07604,1015UCL27,F,,,,,UCL-10.15%-24-04-27-NCD,1000.00,1000.00,1000.00,1000.00,1000.00,1021.00,,1009.00,,,1,1000.00,1,F1,1,,,,,
2026-06-12,2026-06-12,CM,BSE,STK,940319,INE103C07124,SMCG240425,F,,,,,SMCGSL-24-04-27-NCD,1096.00,1096.00,1096.00,1096.00,1096.00,1091.00,,1096.00,,,29,31784.00,1,F1,1,,,,,
2026-06-12,2026-06-12,CM,BSE,STK,940327,INE103C07090,1050SMCG30,F,,,,,SMCGSL-10.50%-24-04-30-NCD,1013.00,1013.00,1013.00,1013.00,1013.00,1019.89,,1013.00,,,20,20260.00,1,F1,1,,,,,
2026-06-12,2026-06-12,CM,BSE,STK,940355,INE101Q07BD3,95MM27,F,,,,,MML-9.5%-12-5-27-NCD,991.00,991.00,991.00,991.00,991.00,990.00,,991.00,,,70,69370.00,1,F1,1,,,,,
2026-06-12,2026-06-12,CM,BSE,STK,940359,INE101Q07BE1,1025MML29,F,,,,,MML-10.25%-12-5-29-NCD,991.00,991.01,991.00,991.00,991.00,1000.00,,991.00,,,60,59460.00,5,F1,1,,,,,
2026-06-12,2026-06-12,CM,BSE,STK,940399,INE549K07GH6,10MFL31,F,,,,,MFL-10%-19-5-31-NCD,1028.00,1028.00,1028.00,1028.00,1028.00,1008.00,,1028.00,,,100,102800.00,1,F1,1,,,,,
2026-06-12,2026-06-12,CM,BSE,STK,940401,INE549K07GG8,MFL190525,F,,,,,MFL-19-5-27-NCD,1091.33,1091.33,1091.33,1091.33,1091.33,1070.50,,1091.33,,,2,2182.00,1,F1,1,,,,,
2026-06-12,2026-06-12,CM,BSE,STK,940415,INE051307BT8,12CCIL30D,F,,,,,CCIL-12%-19-6-30-NCD,995.00,995.00,990.00,990.82,990.00,995.00,,990.82,,,224,222675.00,12,F1,1,,,,,
2026-06-12,2026-06-12,CM,BSE,STK,940429,INE530L07AW6,10NHFL28B,F,,,,,NHFL-10%-02-07-28-NCD,1080.80,1080.80,1080.20,1080.20,1080.20,1064.20,,1080.20,,,87,94020.00,2,F1,1,,,,,
2026-06-12,2026-06-12,CM,BSE,STK,940433,INE530L07AY2,985NHFL30,F,,,,,NHFL-9.85%-02-07-30-NCD,990.00,990.00,990.00,990.00,990.00,985.00,,990.00,,,20,19800.00,1,F1,1,,,,,
2026-06-12,2026-06-12,CM,BSE,STK,940435,INE530L07AS4,1030NHFL30,F,,,,,NHFL-10.30%-02-07-30-NCD,1090.00,1090.00,1090.00,1090.00,1090.00,1055.60,,1090.00,,,1,1090.00,1,F1,1,,,,,
2026-06-12,2026-06-12,CM,BSE,STK,940441,INE530L07AP0,1075MHFL35,F,,,,,NHFL-10.75%-02-07-35-NCD,1070.20,1070.20,1070.20,1070.20,1070.20,1067.20,,1070.20,,,10,10702.00,1,F1,1,,,,,
2026-06-12,2026-06-12,CM,BSE,STK,940449,INE549K07GV7,940MFCL31,F,,,,,MFCL-9.40%-16-7-31-NCD,1000.00,1000.00,1000.00,1000.00,1000.00,1000.00,,1000.00,,,50,50000.00,2,F1,1,,,,,
2026-06-12,2026-06-12,CM,BSE,STK,940451,INE549K07GU9,920MFCL27,F,,,,,MFCL-9.20%-16-7-27-NCD,1068.00,1068.00,1068.00,1068.00,1068.00,1057.01,,1068.00,,,6,6408.00,1,F1,1,,,,,
2026-06-12,2026-06-12,CM,BSE,STK,940471,INE423A07427,885AEL28,F,,,,,AEL-8.85%-17-07-28-NCD,1018.73,1018.73,1018.73,1018.73,1018.73,1010.00,,1019.35,,,25,25468.00,1,F1,1,,,,,
2026-06-12,2026-06-12,CM,BSE,STK,940481,INE423A07468,AEL170725A,F,,,,,AEL-17-07-30-NCD,1090.00,1090.00,1090.00,1090.00,1090.00,1024.83,,1085.24,,,8,8720.00,1,F1,1,,,,,
2026-06-12,2026-06-12,CM,BSE,STK,940505,INE532F07HN8,975EFSL28,F,,,,,EFSL-9.75%-24-7-28-NCD,1066.80,1066.80,1066.80,1066.80,1066.80,1051.20,,1066.80,,,20,21336.00,1,F1,1,,,,,
2026-06-12,2026-06-12,CM,BSE,STK,940511,INE532F07HU3,1025EFSL30,F,,,,,EFSL-10.25%-24-7-30-NCD,1060.00,1060.00,1060.00,1060.00,1060.00,1052.20,,1060.00,,,50,53000.00,1,F1,1,,,,,
2026-06-12,2026-06-12,CM,BSE,STK,940523,INE01I507AN1,95KAFL26,F,,,,,KAFL-9.5%-1-9-26-NCD,993.00,998.00,993.00,995.05,995.00,990.00,,995.05,,,247,245755.00,7,F1,1,,,,,
2026-06-12,2026-06-12,CM,BSE,STK,940547,INE05F407DJ5,1025MML28,F,,,,,MML-10.25%-30-7-28-NCD,1000.00,1000.00,1000.00,1000.00,1000.00,991.00,,1000.00,,,23,23000.00,2,F1,1,,,,,
2026-06-12,2026-06-12,CM,BSE,STK,940551,INE05F407DL1,MML31725B,F,,,,,MML-29-10-31-NCD,1039.00,1039.00,1011.00,1039.00,1039.00,1039.00,,1039.00,,,371,381659.00,8,F1,1,,,,,
2026-06-12,2026-06-12,CM,BSE,STK,940559,INE148I07XG8,865SCL27,F,,,,,SCL-8.65%-01-08-27-NCD,1000.00,1000.00,1000.00,1000.00,1000.00,1000.00,,1000.00,,,10,10000.00,1,F1,1,,,,,
2026-06-12,2026-06-12,CM,BSE,STK,940619,INE01CY079Z2,IFL200828C,F,,,,,IFL-20-6-31-NCD,871.06,900.00,871.06,900.00,900.00,882.17,,900.00,,,208,186798.00,13,F1,1,,,,,
2026-06-12,2026-06-12,CM,BSE,STK,940635,INE101Q07BK8,9MML27A,F,,,,,MML-9%-28-2-27-NCD,984.11,984.11,984.11,984.11,984.11,984.11,,984.11,,,1,984.00,1,F1,1,,,,,
2026-06-12,2026-06-12,CM,BSE,STK,940637,INE101Q07BL6,925MML27,F,,,,,MML-9.25%-29-8-27-NCD,992.00,992.00,992.00,992.00,992.00,992.00,,992.00,,,30,29760.00,3,F1,1,,,,,
2026-06-12,2026-06-12,CM,BSE,STK,940639,INE101Q07BM4,975MML28,F,,,,,MML-9.75%-29-8-28-NCD,980.00,980.00,980.00,980.00,980.00,971.10,,980.00,,,125,122500.00,2,F1,1,,,,,
2026-06-12,2026-06-12,CM,BSE,STK,940649,INE530L07BD4,935NHFL28,F,,,,,NHFL-9.35%-10-09-28-NCD,988.10,988.10,988.10,988.10,988.10,983.00,,988.10,,,2,1976.00,1,F1,1,,,,,
2026-06-12,2026-06-12,CM,BSE,STK,940651,INE530L07BE2,975NHFL28,F,,,,,NHFL-9.75%-10-09-28-NCD,1036.61,1036.61,1036.60,1036.60,1036.60,1035.21,,1036.60,,,140,145125.00,2,F1,1,,,,,
2026-06-12,2026-06-12,CM,BSE,STK,940653,INE530L07BF9,NHFL100925,F,,,,,NHFL-10-09-28-NCD,1040.50,1050.00,1040.50,1050.00,1050.00,1036.20,,1050.00,,,20,20905.00,2,F1,1,,,,,
2026-06-12,2026-06-12,CM,BSE,STK,940659,INE530L07BH5,NHFL10925A,F,,,,,NHFL-10-09-30-NCD,1044.00,1062.00,1044.00,1062.00,1062.00,1044.00,,1062.00,,,99,104598.00,2,F1,1,,,,,
2026-06-12,2026-06-12,CM,BSE,STK,940663,INE530L07AZ9,1050NHFL35,F,,,,,NHFL-10.50%-10-09-35-NCD,1047.00,1050.00,1047.00,1050.00,1050.00,1047.80,,1050.00,,,970,1016910.00,7,F1,1,,,,,
2026-06-12,2026-06-12,CM,BSE,STK,940665,INE532F07IC9,9EFSL27A,F,,,,,EFSL-9%-7-10-27-NCD,1039.80,1039.80,1039.80,1039.80,1039.80,1030.20,,1039.80,,,157,163248.00,2,F1,1,,,,,
2026-06-12,2026-06-12,CM,BSE,STK,940667,INE532F07HZ2,EFSL71025,F,,,,,EFSL-7-10-27-NCD,1035.80,1035.80,1035.80,1035.80,1035.80,1035.80,,1035.80,,,10,10358.00,1,F1,1,,,,,
2026-06-12,2026-06-12,CM,BSE,STK,940669,INE532F07IA3,912EFSL28,F,,,,,EFSL-9.12%-7-10-28-NCD,989.50,989.50,989.50,989.50,989.50,989.50,,989.50,,,5,4947.00,1,F1,1,,,,,
2026-06-12,2026-06-12,CM,BSE,STK,940673,INE532F07IG0,EFSL071025,F,,,,,EFSL-7-10-28-NCD,1024.80,1026.00,1024.80,1026.00,1026.00,1024.80,,1026.00,,,100,102540.00,2,F1,1,,,,,
2026-06-12,2026-06-12,CM,BSE,STK,940683,INE532F07IF2,1025EFSL35,F,,,,,EFSL-10.25%-7-10-35-NCD,1023.80,1023.80,1015.60,1015.60,1015.60,1023.80,,1015.60,,,16,16257.00,3,F1,1,,,,,
2026-06-12,2026-06-12,CM,BSE,STK,940689,INE180C07189,855CGCL27,F,,,,,CGCL-8.55%-13-4-27-NCD,985.00,985.00,985.00,985.00,985.00,982.01,,985.00,,,1,985.00,1,F1,1,,,,,
2026-06-12,2026-06-12,CM,BSE,STK,940695,INE180C07205,925CGCL28A,F,,,,,CGCL-9.25%-13-10-28-NCD,1055.93,1055.93,1055.93,1055.93,1055.93,1033.17,,1055.93,,,100,105593.00,1,F1,1,,,,,
2026-06-12,2026-06-12,CM,BSE,STK,940701,INE0BUS07CB9,9IML26A,F,,,,,IML-9%-31-10-26-NCD,976.85,976.85,976.85,976.85,976.85,976.36,,976.85,,,17,16606.00,3,F1,1,,,,,
2026-06-12,2026-06-12,CM,BSE,STK,940705,INE0BUS07CE3,975IML27,F,,,,,IML-9.75%-30-10-27-NCD,990.00,990.00,990.00,990.00,990.00,990.00,,990.00,,,13,12870.00,1,F1,1,,,,,
2026-06-12,2026-06-12,CM,BSE,STK,940709,INE0BUS07CD5,1025IML28,F,,,,,IML-10.25%-30-10-28-NCD,991.80,991.80,985.01,985.01,985.01,991.80,,985.01,,,59,58253.00,6,F1,1,,,,,
2026-06-12,2026-06-12,CM,BSE,STK,940713,INE0BUS07CC7,1125IML30,F,,,,,IML-11.25%-30-10-30-NCD,1004.99,1004.99,1001.00,1001.00,1001.00,1001.00,,1001.00,,,91,91191.00,7,F1,1,,,,,
2026-06-12,2026-06-12,CM,BSE,STK,940715,INE0BUS07CA1,IML301025D,F,,,,,IML-30-10-31-NCD,991.00,1009.00,991.00,999.74,999.50,999.00,,999.74,,,99,99185.00,12,F1,1,,,,,
2026-06-12,2026-06-12,CM,BSE,STK,940717,INE103C07181,975SGSL27,F,,,,,SGSL-9.75%-30-10-27-NCD,1045.80,1045.80,1035.50,1035.50,1035.50,1035.00,,1035.50,,,2,2081.00,2,F1,1,,,,,
2026-06-12,2026-06-12,CM,BSE,STK,940719,INE103C07132,SGSL301025,F,,,,,SGSL-30-10-27-NCD,1035.00,1035.00,1035.00,1035.00,1035.00,1033.00,,1035.00,,,10,10350.00,1,F1,1,,,,,
2026-06-12,2026-06-12,CM,BSE,STK,940721,INE103C07140,10SGSL28,F,,,,,SGSL-10%-30-10-28-NCD,1021.21,1021.21,1021.21,1021.21,1021.21,1020.20,,1021.21,,,200,204242.00,1,F1,1,,,,,
2026-06-12,2026-06-12,CM,BSE,STK,940725,INE103C07173,98SGSL30,F,,,,,SGSL-9.8%-30-10-30-NCD,995.00,995.00,995.00,995.00,995.00,994.99,,995.00,,,91,90545.00,6,F1,1,,,,,
2026-06-12,2026-06-12,CM,BSE,STK,940727,INE103C07165,1025SGSL30,F,,,,,SGSL-10.25%-30-10-30-NCD,1035.00,1040.00,1000.00,1000.00,1000.00,1035.00,,1000.00,,,471,473490.00,3,F1,1,,,,,
2026-06-12,2026-06-12,CM,BSE,STK,940777,INE01CYA7138,ICL021225,F,,,,,ICLFL-02-10-31-NCD,826.00,826.10,826.00,826.10,826.10,816.91,,826.10,,,60,49561.00,2,F1,1,,,,,
2026-06-12,2026-06-12,CM,BSE,STK,940781,INE532F07IO4,EFSL121225,F,,,,,EFSL-12-12-27-NCD,990.20,990.20,990.20,990.20,990.20,1015.79,,990.20,,,1,990.00,1,F1,1,,,,,
2026-06-12,2026-06-12,CM,BSE,STK,940785,INE532F07IQ9,940EFSL28,F,,,,,EFSL-9.40%-12-12-28-NCD,1016.50,1016.50,1016.50,1016.50,1016.50,1016.50,,1016.50,,,59,59973.00,1,F1,1,,,,,
2026-06-12,2026-06-12,CM,BSE,STK,940789,INE532F07IP1,944EFSL30,F,,,,,EFSL-9.44%-12-12-30-NCD,980.00,980.00,980.00,980.00,980.00,989.00,,980.00,,,295,289100.00,8,F1,1,,,,,
2026-06-12,2026-06-12,CM,BSE,STK,940795,INE532F07IJ4,967EFSL35,F,,,,,EFSL-9.67-12-12-35-NCD,976.00,985.00,975.00,984.00,984.00,970.00,,984.00,,,516,507690.00,8,F1,1,,,,,
2026-06-12,2026-06-12,CM,BSE,STK,940799,INE01I507AY8,950KAFL27,F,,,,,KAFL-9.50%-19-1-27-NCD,984.00,985.00,975.25,985.00,985.00,955.65,,985.00,,,243,237676.00,9,F1,1,,,,,
2026-06-12,2026-06-12,CM,BSE,STK,940805,INE01I507BB4,10KAFL27A,F,,,,,KAFL-10%-16-12-27-NCD,970.00,970.00,970.00,970.00,970.00,970.00,,970.00,,,23,22310.00,2,F1,1,,,,,
2026-06-12,2026-06-12,CM,BSE,STK,940817,INE01I507AX0,KAF161225A,F,,,,,KAFL-16-7-32-NCD,920.00,920.00,920.00,920.00,920.00,920.00,,920.00,,,5,4600.00,1,F1,1,,,,,
2026-06-12,2026-06-12,CM,BSE,STK,940823,INE05F407DR8,MML191225A,F,,,,,MML-19-12-27-NCD,1024.00,1024.00,1024.00,1024.00,1024.00,1024.00,,1024.00,,,10,10240.00,1,F1,1,,,,,
2026-06-12,2026-06-12,CM,BSE,STK,940833,INE05F407DQ0,1075MML30,F,,,,,MML-10.75%-19-12-30-NCD,1028.99,1029.00,1028.99,1029.00,1029.00,1000.00,,1029.00,,,69,71000.00,5,F1,1,,,,,
2026-06-12,2026-06-12,CM,BSE,STK,940835,INE05F407DU2,MML191225D,F,,,,,MML-19-3-32-NCD,1010.00,1010.00,991.00,1008.73,991.00,1010.00,,1008.73,,,36,36341.00,5,F1,1,,,,,
2026-06-12,2026-06-12,CM,BSE,STK,940843,INE423A07484,860AEL28,F,,,,,AEL-8.60%-12-1-28-NCD,1025.00,1025.00,1025.00,1025.00,1025.00,1031.00,,1025.00,,,10,10250.00,1,F1,1,,,,,
2026-06-12,2026-06-12,CM,BSE,STK,940847,INE423A07492,848AEL29,F,,,,,AEL-8.48%-12-1-29-NCD,1010.00,1010.00,1010.00,1010.00,1010.00,1006.00,,1010.00,,,131,132310.00,3,F1,1,,,,,
2026-06-12,2026-06-12,CM,BSE,STK,940872,INE549K07HI2,91MFL32,F,,,,,MFL-9.1%-12-2-32-NCD,985.00,985.00,985.00,985.00,985.00,985.00,,985.00,,,210,206850.00,2,F1,1,,,,,
2026-06-12,2026-06-12,CM,BSE,STK,940874,INE549K07HP7,MFL120226,F,,,,,MFL-12-2-28-NCD,997.65,997.65,997.65,997.65,997.65,1000.00,,997.65,,,50,49882.00,1,F1,1,,,,,
2026-06-12,2026-06-12,CM,BSE,STK,940886,INE403Q07GU6,9KFL2029,F,,,,,KFL-9%-19-2-29-NCD,955.01,970.00,955.01,969.99,969.99,955.01,,969.99,,,41,39744.00,9,F1,1,,,,,
2026-06-12,2026-06-12,CM,BSE,STK,940892,INE403Q07GR2,KFL20226B,F,,,,,KFL-19-4-30-NCD,951.00,995.00,951.00,995.00,995.00,990.00,,995.00,,,65,61859.00,4,F1,1,,,,,
2026-06-12,2026-06-12,CM,BSE,STK,940904,INE01CYA7278,1150ICLF31,F,,,,,ICLFL-11.50%-23-02-31-NCD,997.00,997.00,997.00,997.00,997.00,997.00,,997.00,,,166,165502.00,2,F1,1,,,,,
2026-06-12,2026-06-12,CM,BSE,STK,940917,INE579F24099,805NMC29,F,,,,,NMC-8.05%-05-03-29-MBGB,118.00,118.00,118.00,118.00,118.00,127.00,,118.00,,,12,1416.00,1,F1,1,,,,,
2026-06-12,2026-06-12,CM,BSE,STK,940919,INE579F24065,805NMC30,F,,,,,NMC-8.05%-05-03-30-MBGB,118.00,118.00,118.00,118.00,118.00,126.00,,118.00,,,20,2360.00,1,F1,1,,,,,
2026-06-12,2026-06-12,CM,BSE,STK,940923,INE579F24057,805NMC32,F,,,,,NMC-8.05%-05-03-32-MBGB,127.00,127.00,127.00,127.00,127.00,124.00,,127.00,,,30,3810.00,1,F1,1,,,,,
2026-06-12,2026-06-12,CM,BSE,STK,940925,INE579F24040,805NMC33,F,,,,,NMC-8.05%-05-03-33-MBGB,118.00,127.00,118.00,127.00,127.00,125.00,,127.00,,,41,5108.00,2,F1,1,,,,,
2026-06-12,2026-06-12,CM,BSE,STK,940931,INE579F24107,805NMC36,F,,,,,NMC-8.05%-05-03-36-MBGB,118.00,118.00,118.00,118.00,118.00,125.00,,118.00,,,11,1298.00,1,F1,1,,,,,
2026-06-12,2026-06-12,CM,BSE,STK,940933,INE530B07658,837IIFL28,F,,,,,IIFL-8.37%-6-3-28-NCD,980.20,988.50,980.20,988.50,988.50,980.21,,988.50,,,30,29572.00,2,F1,1,,,,,
2026-06-12,2026-06-12,CM,BSE,STK,940939,INE530B07617,870IIFL28,F,,,,,IIFL-8.70%-6-3-28-NCD,1006.00,1006.00,1005.70,1005.70,1005.70,990.00,,999.85,,,39,39229.00,3,F1,1,,,,,
2026-06-12,2026-06-12,CM,BSE,STK,940943,INE530B07609,9IIFL31,F,,,,,IIFL-9%-06-03-31-NCD,1011.00,1011.00,1011.00,1011.00,1011.00,1001.00,,1011.00,,,43,43473.00,1,F1,1,,,,,
2026-06-12,2026-06-12,CM,BSE,STK,940951,INE0IID07793,125PCL29,F,,,,,PCL-12.5%-16-3-29-NCD,995.00,995.00,975.00,975.00,975.00,995.00,,975.00,,,35,34355.00,4,F1,1,,,,,
2026-06-12,2026-06-12,CM,BSE,STK,940955,INE0IID07785,13PCL31,F,,,,,PCL-13%-16-3-31-NCD,1003.90,1003.90,985.00,1000.00,1000.00,1003.92,,1000.00,,,54,53653.00,9,F1,1,,,,,
2026-06-12,2026-06-12,CM,BSE,STK,940957,INE051307CJ7,1025CCIL27,F,,,,,CCIL-10.25%-18-09-27-NCD,969.00,979.78,955.31,964.99,965.00,968.99,,964.99,,,222,215738.00,8,F1,1,,,,,
2026-06-12,2026-06-12,CM,BSE,STK,940981,INE532F07IV9,921EFSL31,F,,,,,EFSL-18-3-31-NCD,972.00,972.98,972.00,972.98,972.98,961.00,,972.98,,,110,106955.00,3,F1,1,,,,,
2026-06-12,2026-06-12,CM,BSE,STK,940983,INE532F07IU1,960EFSL31,F,,,,,EFSL-9.60%-18-3-31-NCD,1005.00,1005.00,1005.00,1005.00,1005.00,1000.00,,1005.00,,,510,512550.00,6,F1,1,,,,,
2026-06-12,2026-06-12,CM,BSE,STK,940987,INE532F07JA1,958EFSL36,F,,,,,EFSL-9.58%-18-3-36-NCD,990.00,990.00,990.00,990.00,990.00,984.40,,990.00,,,60,59400.00,1,F1,1,,,,,
2026-06-12,2026-06-12,CM,BSE,STK,940989,INE532F07JB9,10EFSL36,F,,,,,EFSL-10%-18-3-36-NCD,972.76,975.71,972.76,975.71,975.71,982.79,,975.71,,,20,19484.00,3,F1,1,,,,,
2026-06-12,2026-06-12,CM,BSE,STK,940991,INE549K07HR3,837MFL28A,F,,,,,MFL-8.37%-25-3-28-NCD,971.86,971.89,971.86,971.88,971.88,979.50,,971.88,,,60,58312.00,3,F1,1,,,,,
2026-06-12,2026-06-12,CM,BSE,STK,940997,INE549K07IB5,875MFL32A,F,,,,,MFL-8.75%-25-3-32-NCD,980.00,980.00,980.00,980.00,980.00,980.00,,980.00,,,100,98000.00,2,F1,1,,,,,
2026-06-12,2026-06-12,CM,BSE,STK,940999,INE549K07IA7,87MFL28A,F,,,,,MFL-8.7%-25-3-28-NCD,983.55,983.55,983.55,983.55,983.55,982.20,,983.55,,,9,8851.00,1,F1,1,,,,,
2026-06-12,2026-06-12,CM,BSE,STK,941005,INE549K07HX1,91MFL32A,F,,,,,MFL-9.10%-25-3-32-NCD,999.00,999.00,975.00,975.00,975.00,992.00,,975.00,,,105,104775.00,2,F1,1,,,,,
2026-06-12,2026-06-12,CM,BSE,STK,941007,INE549K07HW3,MFL250326,F,,,,,MFL-25-3-28-NCD,985.00,985.00,985.00,985.00,985.00,978.92,,985.00,,,50,49250.00,1,F1,1,,,,,
2026-06-12,2026-06-12,CM,BSE,STK,941009,INE549K07HT9,MFL250326A,F,,,,,MFL-25-3-29-NCD,970.00,970.00,970.00,970.00,970.00,970.00,,970.00,,,30,29100.00,1,F1,1,,,,,
2026-06-12,2026-06-12,CM,BSE,STK,941011,INE549K07HV5,MFL250326B,F,,,,,MFL-25-3-31-NCD,997.50,997.50,997.50,997.50,997.50,955.00,,997.50,,,23,22942.00,1,F1,1,,,,,
2026-06-12,2026-06-12,CM,BSE,STK,941023,INE01CYA7401,ICLFL28426,F,,,,,ICLFL-ZC-28-05-27-NCD,967.10,979.99,967.10,979.99,979.99,964.25,,979.99,,,40,38920.00,3,F1,1,,,,,
2026-06-12,2026-06-12,CM,BSE,STK,941039,INE180C07320,915CGCL29,F,,,,,CGCL-9.15%-30-4-29-NCD,990.10,1000.00,982.00,999.99,999.99,990.00,,999.99,,,95,94046.00,12,F1,1,,,,,
2026-06-12,2026-06-12,CM,BSE,STK,941043,INE180C07338,930CGCL31,F,,,,,CGCL-9.30%-30-4-31-NCD,996.93,996.93,996.93,996.93,996.93,997.00,,996.93,,,6,5981.00,2,F1,1,,,,,
2026-06-12,2026-06-12,CM,BSE,STK,941045,INE180C07312,950CGCL36,F,,,,,CGCL-9.50%-30-4-36-NCD,998.67,999.99,998.67,999.99,999.99,995.00,,999.99,,,30,29986.00,2,F1,1,,,,,
2026-06-12,2026-06-12,CM,BSE,STK,941047,INE549K07IE9,851MFL28,F,,,,,MFL-8.51%-12-5-28-NCD,981.00,985.00,981.00,981.00,981.00,980.79,,981.00,,,660,648561.00,15,F1,1,,,,,
2026-06-12,2026-06-12,CM,BSE,STK,941049,INE549K07IF6,865MFL29,F,,,,,MFL-8.65%-12-5-29-NCD,980.00,990.00,980.00,990.00,990.00,980.00,,990.00,,,211,206790.00,3,F1,1,,,,,
2026-06-12,2026-06-12,CM,BSE,STK,941055,INE549K07II0,885MFL28A,F,,,,,MFL-8.85%-12-5-28-NCD,995.00,995.00,995.00,995.00,995.00,995.00,,995.00,,,20,19900.00,1,F1,1,,,,,
2026-06-12,2026-06-12,CM,BSE,STK,941057,INE549K07IJ8,9MFL29,F,,,,,MFL-9%-12-5-29-NCD,998.00,998.00,998.00,998.00,998.00,1002.00,,998.00,,,10,9980.00,1,F1,1,,,,,
2026-06-12,2026-06-12,CM,BSE,STK,941061,INE549K07IL4,925MFL32,F,,,,,MFL-9.25%-12-5-32-NCD,972.00,984.00,972.00,984.00,984.00,989.00,,984.00,,,76,74544.00,2,F1,1,,,,,
2026-06-12,2026-06-12,CM,BSE,STK,941081,INE403Q07GZ5,KFL27526A,F,,,,,KFL-27-07-30-NCD,951.00,951.00,951.00,951.00,951.00,0.00,,951.00,,,5,4755.00,1,F1,1,,,,,
2026-06-12,2026-06-12,CM,BSE,STK,954527,INE015L07428,EARCNIFE26,F,,,,,EARCL-NIFTY-J8G602C-17-07-26-P,268601.01,268601.01,268601.01,268601.01,268601.01,268527.54,,268601.01,,,10,2686010.00,1,F1,10,,,,,
2026-06-12,2026-06-12,CM,BSE,STK,957810,INE540P07350,1015UPPC28,F,,,,,UPPCL-10.15%-20-1-28-PVT,1040000.00,1043000.00,1040000.00,1043000.00,1043000.00,1034300.00,,1043000.00,,,2,2083000.00,2,F1,1,,,,,
2026-06-12,2026-06-12,CM,BSE,STK,961728,INE906B07CB9,830NHAI27,F,,,,,830NHAI27,1073.00,1073.00,1073.00,1073.00,1073.00,1073.65,,1075.45,,,300,321900.00,1,F1,1,,,,,
2026-06-12,2026-06-12,CM,BSE,STK,961730,INE134E07208,830PFCL27,F,,,,,830PFC2027,1071.00,1071.00,1071.00,1071.00,1071.00,1068.00,,1071.00,,,300,321300.00,2,F1,1,,,,,
2026-06-12,2026-06-12,CM,BSE,STK,961734,INE031A07840,82HUDCO27,F,,,,,HUDCO050327,1049.90,1049.90,1037.00,1038.00,1038.00,1036.01,,1038.20,,,2201,2283064.00,13,F1,1,,,,,
2026-06-12,2026-06-12,CM,BSE,STK,961779,INE020B07HS2,871REC28,F,,,,,871REC28,1117.00,1117.00,1117.00,1117.00,1117.00,1117.00,,1114.90,,,46,51382.00,1,F1,1,,,,,
2026-06-12,2026-06-12,CM,BSE,STK,961785,INE031A07949,876HUDCO28,F,,,,,876HUDCO28,1122.51,1123.00,1122.00,1122.00,1122.00,1122.41,,1122.00,,,626,702597.00,6,F1,1,,,,,
2026-06-12,2026-06-12,CM,BSE,STK,961786,INE031A07956,874HUDCO33,F,,,,,874HUDCO33,1247.80,1247.80,1240.00,1240.00,1240.00,1247.80,,1240.00,,,771,956052.00,3,F1,1,,,,,
2026-06-12,2026-06-12,CM,BSE,STK,961804,INE134E07463,892PFCL33,F,,,,,892PFC33,1267.01,1269.00,1267.00,1269.00,1269.00,1267.50,,1269.00,,,1100,1393902.00,9,F1,1,,,,,
2026-06-12,2026-06-12,CM,BSE,STK,961810,INE733E07JJ9,891NTPC33,F,,,,,891NTPC33,1261.01,1261.01,1261.01,1261.01,1261.01,1270.00,,1261.01,,,9,11349.00,1,F1,1,,,,,
2026-06-12,2026-06-12,CM,BSE,STK,961813,INE031A07980,876HUDCO34,F,,,,,876HUDCO34,1226.16,1235.00,1226.16,1235.00,1235.00,1235.00,,1235.00,,,800,984464.00,2,F1,1,,,,,
2026-06-12,2026-06-12,CM,BSE,STK,961816,INE031A07AB2,901HUDCO34,F,,,,,901HUDCO34,1269.00,1269.00,1269.00,1269.00,1269.00,1268.99,,1271.50,,,2,2538.00,1,F1,1,,,,,
2026-06-12,2026-06-12,CM,BSE,STK,961821,INE787H07362,873IIFC29D,F,,,,,873IIFCL29C,1108.00,1108.00,1108.00,1108.00,1108.00,1105.00,,1108.00,,,105,116340.00,2,F1,1,,,,,
2026-06-12,2026-06-12,CM,BSE,STK,961822,INE787H07370,891IIFCL34,F,,,,,891IIFCL34,1240.00,1240.00,1232.50,1237.00,1237.00,1255.00,,1237.45,,,2275,2807585.00,19,F1,1,,,,,
2026-06-12,2026-06-12,CM,BSE,STK,961826,INE906B07DF8,875NHAI29,F,,,,,NHAI-8.75%-5-2-29-NCD,1108.55,1110.00,1106.00,1106.08,1106.08,1107.74,,1106.15,,,486,538341.00,18,F1,1,,,,,
2026-06-12,2026-06-12,CM,BSE,STK,961830,INE053F07686,865IRFC29,F,,,,,IRFC-8.65%-18-2-29-NCD,1090.02,1090.02,1090.00,1090.00,1090.00,1091.00,,1092.45,,,125,136252.00,2,F1,1,,,,,
2026-06-12,2026-06-12,CM,BSE,STK,961839,INE202E07138,880IREDA29,F,,,,,IREDA-8.80%-13-03-29-BOND,1110.00,1110.00,1110.00,1110.00,1110.00,1110.00,,1110.00,,,83,92130.00,14,F1,1,,,,,
2026-06-12,2026-06-12,CM,BSE,STK,961853,INE363O07103,900KPL34,F,,,,,KPL-9%-25-3-34-TFBOND,1245.00,1245.00,1225.00,1225.00,1225.00,1245.00,,1225.00,,,1933,2368597.00,10,F1,1,,,,,
2026-06-12,2026-06-12,CM,BSE,STK,961895,INE787H07420,880IIFCL29,F,,,,,IIFCL-8.8%-27-3-29-TFBOND,1094.05,1107.00,1094.05,1101.50,1101.50,1096.00,,1101.50,,,690,757932.00,10,F1,1,,,,,
2026-06-12,2026-06-12,CM,BSE,STK,972655,INE039A09NM1,1075IFCI26,F,,,,,IFCI-SR-I-10.75%-1-8-26-PVT,45000.00,45198.00,45000.00,45099.00,45198.00,45199.99,,45099.00,,,20,901980.00,2,F1,10,,,,,
2026-06-12,2026-06-12,CM,BSE,STK,972657,INE039A09NL3,1075IFC26A,F,,,,,IFCI-D-10.75%-01-08-26-PVT,10910.05,10910.05,10910.00,10910.00,10910.00,10905.02,,10910.00,,,50,545500.00,3,F1,10,,,,,
2026-06-12,2026-06-12,CM,BSE,STK,972715,INE039A09OG1,916IFCI27,F,,,,,IFCI-9.16%-IV-15-2-27-C-PVT,17090.00,17090.00,17000.00,17014.32,17000.00,17017.00,,17014.32,,,44,748630.00,3,F1,1,,,,,
2026-06-12,2026-06-12,CM,BSE,STK,972721,INE039A09OW8,872IFCI27,F,,,,,IFCI-8.72%-V-31-3-27-C-PVT,15879.00,15885.00,15879.00,15885.00,15885.00,15785.00,,15885.00,,,47,746426.00,8,F1,1,,,,,
2026-06-12,2026-06-12,CM,BSE,STK,973491,INE516Y07444,675PFL31,F,,,,,PFL-6.75%-26-9-31-PVT,737.25,739.50,736.00,737.52,737.51,739.08,,737.52,,,4493,3319534.00,15,F1,1,,,,,
2026-06-12,2026-06-12,CM,BSE,STK,974288,INE540P07517,995UPPCL32,F,,,,,UPPCL-9.95%-22-3-032-PVT,1091000.00,1091000.00,1091000.00,1091000.00,1091000.00,1096000.00,,1091000.00,,,2,2182000.00,2,F1,1,,,,,
2026-06-12,2026-06-12,CM,BSE,STK,974634,INE468N07615,EELZC27,F,,,,,EEL-ZC-26-2-27-PVT,138900.00,138900.00,138900.00,138900.00,138900.00,137804.80,,138900.00,,,4,555600.00,1,F1,1,,,,,
2026-06-12,2026-06-12,CM,BSE,STK,974720,INE348L08090,1075MSFS28,F,,,,,MFSL-10.75%-27-10-28-PVT,100500.00,100500.00,100002.00,100002.00,100002.00,100000.00,,100002.00,,,3,300504.00,2,F1,1,,,,,
2026-06-12,2026-06-12,CM,BSE,STK,974775,INE975F07IJ5,811KMIL26,F,,,,,KMIL-8.1084%-18-8-26-PVT,101115.11,101115.11,101115.11,101115.11,101115.11,101041.20,,101115.11,,,3,303345.00,1,F1,1,,,,,
2026-06-12,2026-06-12,CM,BSE,STK,974814,INE040A08666,78HDFCB33,F,,,,,HDFCB-7.8%-03-05-33-CP,98308.10,98308.10,98308.10,98308.10,98308.10,104615.00,,98308.10,,,4,393232.00,1,F1,1,,,,,
2026-06-12,2026-06-12,CM,BSE,STK,974914,INE519Q08160,1075AUSF28,F,,,,,10.75%-AUSFB-15-12-28-PVT,104584.60,104584.60,104584.60,104584.60,104584.60,102800.00,,104584.60,,,1,104584.00,1,F1,1,,,,,
2026-06-12,2026-06-12,CM,BSE,STK,975271,INE658F08144,895KIIFB32,F,,,,,KIIFB-8.95%-22-12-32-PVT,99800.00,99800.00,99800.00,99800.00,99800.00,98300.00,,99800.00,,,2,199600.00,1,F1,1,,,,,
2026-06-12,2026-06-12,CM,BSE,STK,975520,INE818W08115,1110ESFB31,F,,,,,ESAF-11.10%-20-4-31-PVT,102400.00,102495.00,102400.00,102495.00,102495.00,101999.99,,102495.00,,,3,307295.00,2,F1,1,,,,,
2026-06-12,2026-06-12,CM,BSE,STK,975571,INE468N07BC5,EEL280324,F,,,,,EEL-27-01-27-PVT,110112.22,134922.00,110112.22,134922.00,134922.00,134827.00,,134922.00,,,3,379857.00,3,F1,1,,,,,
2026-06-12,2026-06-12,CM,BSE,STK,975572,INE468N07BD3,EEL280324A,F,,,,,EEL-26-11-27-PVT,149148.00,149148.00,113823.18,140616.00,140616.00,142143.88,,140616.00,,,9,1205422.00,9,F1,1,,,,,
2026-06-12,2026-06-12,CM,BSE,STK,975632,INE836B07857,1040SCNL27,F,,,,,SCNL-10.40%-30-4-27-PVT,101000.00,101000.00,101000.00,101000.00,101000.00,101330.85,,101000.00,,,1,101000.00,1,F1,1,,,,,
2026-06-12,2026-06-12,CM,BSE,STK,975713,INE08XP07217,119ACAP26,F,,,,,ACAPL-11.90%-3-12-26-PVT,40000.00,40000.00,40000.00,40000.00,40000.00,50000.00,,40000.00,,,1,40000.00,1,F1,1,,,,,
2026-06-12,2026-06-12,CM,BSE,STK,975802,INE836B07873,1050SCNL27,F,,,,,SCNL-10.50%-4-1-27-PVT,99839.34,99839.34,99839.34,99839.34,99839.34,100050.00,,99839.34,,,1,99839.00,1,F1,1,,,,,
2026-06-12,2026-06-12,CM,BSE,STK,975903,INE468N07BJ0,EEL130826,F,,,,,EEL-13-8-26-PVT,118200.00,118200.00,118200.00,118200.00,118200.00,116189.99,,118200.00,,,2,236400.00,2,F1,1,,,,,
2026-06-12,2026-06-12,CM,BSE,STK,975913,INE342T07510,1040NFL26A,F,,,,,NFL-10.40%-13-11-26-PVT,99995.85,99995.85,99995.85,99995.85,99995.85,99351.00,,99995.85,,,1,99995.00,1,F1,1,,,,,
2026-06-12,2026-06-12,CM,BSE,STK,976020,INE0Z4807015,0CIPL28,F,,,,,CIPL-ZC-17-3-28-PVT,127595.00,127595.00,127595.00,127595.00,127595.00,128396.00,,127595.00,,,1,127595.00,1,F1,1,,,,,
2026-06-12,2026-06-12,CM,BSE,STK,976048,INE179P07548,11DKGF26,F,,,,,DKGFSPL-11%-27-12-26-PVT,2000.00,3000.00,2000.00,2000.00,2000.00,3743.34,,2000.00,,,4,10000.00,4,F1,1,,,,,
2026-06-12,2026-06-12,CM,BSE,STK,976049,INE551U07332,1250SFPL26,F,,,,,SFPL-12.50%-27-9-26-PVT,10005.00,10005.00,10005.00,10005.00,10005.00,10368.00,,10005.00,,,1,10005.00,1,F1,1,,,,,
2026-06-12,2026-06-12,CM,BSE,STK,976228,INE549K08517,1045MFL33,F,,,,,MFL-10.45%-11-3-33-PVT,10080.00,10080.00,10080.00,10080.00,10080.00,10085.00,,10080.00,,,10,100800.00,1,F1,1,,,,,
2026-06-12,2026-06-12,CM,BSE,STK,976305,INE501X07653,995AFL26,F,,,,,AFL-9.95%-31-12-26-PVT,99691.00,99691.00,99691.00,99691.00,99691.00,98990.00,,99691.00,,,1,99691.00,1,F1,1,,,,,
2026-06-12,2026-06-12,CM,BSE,STK,976307,INE528L07115,108EAAAL27,F,,,,,EAAAL-10.80%-2-7-27-PVT,105601.10,105601.10,104651.30,104651.30,104651.30,105009.80,,104651.30,,,20,2098724.00,3,F1,1,,,,,
2026-06-12,2026-06-12,CM,BSE,STK,976319,INE0BUS07BL0,1125IML26A,F,,,,,IML-11.25%-8-7-26-PVT,100047.94,100047.94,100047.94,100047.94,100047.94,99979.42,,100047.94,,,2,200095.00,2,F1,1,,,,,
2026-06-12,2026-06-12,CM,BSE,STK,976325,INE342T07544,1075NFL27,F,,,,,NFL-10.75%-31-12-27-PVT,10021.75,10021.75,10005.00,10017.00,10017.00,10012.47,,10017.00,,,38,380756.00,8,F1,1,,,,,
2026-06-12,2026-06-12,CM,BSE,STK,976345,INE07HK07791,1095KSL26,F,,,,,KSL-10.95%-23-7-26-PVT,48550.45,48550.45,48550.45,48550.45,48550.45,48550.45,,48550.45,,,1,48550.00,1,F1,1,,,,,
2026-06-12,2026-06-12,CM,BSE,STK,976346,INE0NES07154,1130KFL27,F,,,,,KFL-11.30%-23-1-27-PVT,101212.22,117823.88,88823.88,110512.00,110512.00,99127.32,,110512.00,,,4,418371.00,4,F1,1,,,,,
2026-06-12,2026-06-12,CM,BSE,STK,976411,INE08XP07282,12ACAPL28,F,,,,,ACAPL-12%-14-8-28-PVT,96500.00,96950.00,96500.00,96950.00,96950.00,96500.00,,96950.00,,,2,193450.00,2,F1,1,,,,,
2026-06-12,2026-06-12,CM,BSE,STK,976423,INE0BUS07BN6,11IML026,F,,,,,IML-11%-18-8-26-PVT,9968.89,9968.89,9968.89,9968.89,9968.89,9950.75,,9968.89,,,36,358880.00,2,F1,1,,,,,
2026-06-12,2026-06-12,CM,BSE,STK,976437,INE342T07569,1060NFL27,F,,,,,NFL-10.60%-21-5-27-PVT,9955.01,9980.00,9955.01,9979.92,9979.95,9945.21,,9979.92,,,73,727588.00,9,F1,1,,,,,
2026-06-12,2026-06-12,CM,BSE,STK,976489,INE342T07577,1060NFL26,F,,,,,NFL-10.60%-10-9-26-PVT,9998.00,9999.00,9998.00,9999.00,9999.00,9977.44,,9999.00,,,12,119979.00,3,F1,1,,,,,
2026-06-12,2026-06-12,CM,BSE,STK,976547,INE939X07184,1135MFL26,F,,,,,MFL-11.35%-27-10-26-PVT,9895.00,10000.00,9895.00,10000.00,10000.00,9900.00,,10000.00,,,149,1484474.00,5,F1,1,,,,,
2026-06-12,2026-06-12,CM,BSE,STK,976600,INE076I07038,11RDCCIL28,F,,,,,RDCCIL-11%-02-04-28-PVT,90000.00,90000.00,90000.00,90000.00,90000.00,89998.00,,90000.00,,,1,90000.00,1,F1,1,,,,,
2026-06-12,2026-06-12,CM,BSE,STK,976618,INE0BUS07BQ9,11IML26B,F,,,,,IML-11%-11-11-26-PVT,99966.65,99966.65,99966.65,99966.65,99966.65,95087.44,,99966.65,,,1,99966.00,1,F1,1,,,,,
2026-06-12,2026-06-12,CM,BSE,STK,976685,INE939X07192,1125MFL27,F,,,,,MFL-11.25%-9-2-27-PVT,9710.11,9710.11,9710.11,9710.11,9710.11,10111.50,,9710.11,,,50,485505.00,2,F1,1,,,,,
2026-06-12,2026-06-12,CM,BSE,STK,976808,INE342T07601,1075NFL28,F,,,,,NFL-10.75%-19-8-28-PVT,10030.00,10030.00,9981.00,9992.05,9992.05,9991.67,,9992.05,,,32,320372.00,14,F1,1,,,,,
2026-06-12,2026-06-12,CM,BSE,STK,976825,INE932X07015,1075SISL27,F,,,,,SISL-10.75%-10-06-27-PVT,99781.79,99781.79,99781.79,99781.79,99781.79,101000.00,,99781.79,,,3,299345.00,1,F1,1,,,,,
2026-06-12,2026-06-12,CM,BSE,STK,976831,INE0NES07204,1140KFL28,F,,,,,KFL-11.40%-25-06-28-PVT,95000.00,97000.00,94000.00,97000.00,97000.00,98500.00,,97000.00,,,3,286000.00,3,F1,1,,,,,
2026-06-12,2026-06-12,CM,BSE,STK,976855,INE342T07619,10NFL27,F,,,,,NFL-10%-25-03-27-PVT,99000.00,99000.00,97695.01,97695.01,97695.01,99450.00,,97695.01,,,2,196695.00,2,F1,1,,,,,
2026-06-12,2026-06-12,CM,BSE,STK,976868,INE08XP07324,125ACAP28,F,,,,,ACAPL-12.5%-27-12-28-PVT,97500.00,97500.00,97500.00,97500.00,97500.00,98700.00,,97500.00,,,1,97500.00,1,F1,1,,,,,
2026-06-12,2026-06-12,CM,BSE,STK,976905,INE08XP07316,985ACAPL27,F,,,,,ACAPL-9.85%-11-1-27-PVT,9828.99,9828.99,9828.99,9828.99,9828.99,9834.13,,9828.99,,,1,9828.00,1,F1,1,,,,,
2026-06-12,2026-06-12,CM,BSE,STK,976927,INE515Q07640,1095AFP27,F,,,,,AFPL-10.95%-22-07-27-PVT,34720.00,34720.00,34720.00,34720.00,34720.00,43400.00,,34720.00,,,1,34720.00,1,F1,1,,,,,
2026-06-12,2026-06-12,CM,BSE,STK,976930,INE07HK07817,1040KSL27,F,,,,,KSL-10.40%-25-1-27-PVT,99480.00,99480.00,99480.00,99480.00,99480.00,99393.49,,99480.00,,,21,2089080.00,2,F1,1,,,,,
2026-06-12,2026-06-12,CM,BSE,STK,976940,INE836B08293,1150SCNL31,F,,,,,SCNL-11.50%-24-01-31-PVT,96000.00,96000.00,96000.00,96000.00,96000.00,98500.00,,96000.00,,,1,96000.00,1,F1,1,,,,,
2026-06-12,2026-06-12,CM,BSE,STK,976976,INE01YL07383,1070ESPL27,F,,,,,ESPL-10.70%-5-3-27-PVT,99781.01,99781.01,99781.01,99781.01,99781.01,99658.05,,99781.01,,,6,598686.00,2,F1,1,,,,,
2026-06-12,2026-06-12,CM,BSE,STK,977007,INE658F08441,967KIIFB30,F,,,,,KIIFB-9.67%-8-8-30-PVT,101500.00,102975.45,101500.00,102975.45,102975.45,102200.00,,102975.45,,,2,204475.00,2,F1,1,,,,,
2026-06-12,2026-06-12,CM,BSE,STK,977017,INE342T07635,1030NFL27,F,,,,,NFL-10.30%-30-09-27-PVT,9935.43,10000.00,9935.42,9952.31,9950.00,9994.86,,9952.31,,,70,696442.00,17,F1,1,,,,,
2026-06-12,2026-06-12,CM,BSE,STK,977022,INE07HK07825,1065KSL27,F,,,,,KSL-10.65%-12-08-27-PVT,99600.01,99600.01,99600.01,99600.01,99600.01,99402.11,,99600.01,,,3,298800.00,1,F1,1,,,,,
2026-06-12,2026-06-12,CM,BSE,STK,977023,INE04SE07137,11CFPL27,F,,,,,CFPL-11%-11-8-27-PVT,100050.00,100050.00,100050.00,100050.00,100050.00,99910.01,,100050.00,,,1,100050.00,1,F1,1,,,,,
2026-06-12,2026-06-12,CM,BSE,STK,977044,INE0NES07261,111KFL27,F,,,,,KFL-11.10%-19-8-27-PVT,9850.00,9850.00,9850.00,9850.00,9850.00,9750.00,,9850.00,,,6,59100.00,1,F1,1,,,,,
2026-06-12,2026-06-12,CM,BSE,STK,977068,INE998Y07204,1095BRFL27,F,,,,,BRFL-10.95%-29-8-27-PVT,7832.40,7832.40,7832.40,7832.40,7832.40,6527.00,,7832.40,,,11,86156.00,1,F1,1,,,,,
2026-06-12,2026-06-12,CM,BSE,STK,977117,INE583D08081,1165UCL31,F,,,,,UCL-11.65%-15-3-31-PVT,98800.00,98800.00,98521.20,98521.20,98521.20,98849.43,,98521.20,,,3,295842.00,3,F1,1,,,,,
2026-06-12,2026-06-12,CM,BSE,STK,977123,INE07HK07841,1045KSL27,F,,,,,KSL-10.45%-16-03-27-PVT,99726.42,99726.42,99726.42,99726.42,99726.42,99726.42,,99726.42,,,1,99726.00,1,F1,1,,,,,
2026-06-12,2026-06-12,CM,BSE,STK,977128,INE549K08574,1026MFL31,F,,,,,MFL-10.26%-18-7-31-PVT,10132.78,10132.78,10132.78,10132.78,10132.78,10250.00,,10132.78,,,1,10132.00,1,F1,1,,,,,
2026-06-12,2026-06-12,CM,BSE,STK,977173,INE939X07242,11MBF28,F,,,,,MFL-11%-13-3-28-PVT,56000.00,56000.00,56000.00,56000.00,56000.00,40965.00,,56000.00,,,1,56000.00,1,F1,1,,,,,
2026-06-12,2026-06-12,CM,BSE,STK,977186,INE08E807092,99SFCPL27,F,,,,,SRFCPL-9.9%-1-11-27-PVT,97165.55,98200.00,97165.55,98200.00,98200.00,97120.45,,98200.00,,,6,588165.00,4,F1,1,,,,,
2026-06-12,2026-06-12,CM,BSE,STK,977187,INE08E807100,1025SRFC28,F,,,,,SRFCPL-10.25%-1-4-28-PVT,99900.00,99900.00,99900.00,99900.00,99900.00,99900.00,,99900.00,,,1,99900.00,1,F1,1,,,,,
2026-06-12,2026-06-12,CM,BSE,STK,977200,INE146O08399,925HLFL31,F,,,,,HLFL-9.25%-9-7-31-PVT,105589.99,105589.99,105470.99,105470.99,105470.99,105390.00,,105470.99,,,6,633420.00,2,F1,1,,,,,
2026-06-12,2026-06-12,CM,BSE,STK,977205,INE08XP07399,12ACAPL27A,F,,,,,ACAPL-12%-13-04-27-PVT,9869.99,9870.00,9869.99,9870.00,9870.00,9771.55,,9870.00,,,2,19739.00,2,F1,1,,,,,
2026-06-12,2026-06-12,CM,BSE,STK,977226,INE0JZO07032,1350LLD29,F,,,,,LLDL-13.50%-30-01-29-PVT,101300.00,101399.00,101300.00,101399.00,101399.00,101455.60,,101399.00,,,2,202699.00,2,F1,1,,,,,
2026-06-12,2026-06-12,CM,BSE,STK,977241,INE0NES07287,1140KRFL27,F,,,,,KRFL-11.40%-24-10-27-PVT,9806.44,9806.44,9731.01,9760.00,9760.00,9806.44,,9760.00,,,18,175530.00,12,F1,1,,,,,
2026-06-12,2026-06-12,CM,BSE,STK,977249,INE101Q07BS1,930MML28,F,,,,,MML-9.30%-27-1-28-PVT,9815.00,9837.95,9815.00,9837.74,9837.95,9810.00,,9837.74,,,19,186894.00,5,F1,1,,,,,
2026-06-12,2026-06-12,CM,BSE,STK,977298,INE08XP07415,12ACAPL28A,F,,,,,ACAPL-12%-17-11-28-PVT,9599.00,9599.00,9599.00,9599.00,9599.00,9536.80,,9599.00,,,35,335965.00,3,F1,1,,,,,
2026-06-12,2026-06-12,CM,BSE,STK,977326,INE583D07620,950UCL27,F,,,,,UCL-9.50%-27-02-27-PVT,9501.00,9501.00,9501.00,9501.00,9501.00,9999.00,,9501.00,,,1,9501.00,1,F1,1,,,,,
2026-06-12,2026-06-12,CM,BSE,STK,977331,INE07HK07866,1050KSL27,F,,,,,KSL-10.50%-2-12-27-PVT,98730.01,98730.01,98730.01,98730.01,98730.01,99230.05,,98730.01,,,1,98730.00,1,F1,1,,,,,
2026-06-12,2026-06-12,CM,BSE,STK,977367,INE08XP07431,12ACAP27,F,,,,,ACAPL-12%-11-6-27-PVT,9800.00,9800.00,9650.00,9650.00,9650.00,9805.00,,9650.00,,,31,302444.00,8,F1,1,,,,,
2026-06-12,2026-06-12,CM,BSE,STK,977379,INE046W07354,995MML28,F,,,,,MML-9.95%-16-12-28-PVT,99000.00,99000.00,99000.00,99000.00,99000.00,97550.00,,99000.00,,,1,99000.00,1,F1,1,,,,,
2026-06-12,2026-06-12,CM,BSE,STK,977380,INE046W07347,985MML27,F,,,,,MML-9.85%-16-12-27-PVT,98600.00,98600.00,98600.00,98600.00,98600.00,98600.00,,98600.00,,,1,98600.00,1,F1,1,,,,,
2026-06-12,2026-06-12,CM,BSE,STK,977383,INE08XP07449,1250ACAP27,F,,,,,ACAPL-12.50%-17-01-27-PVT,5345.82,5390.00,5250.00,5325.00,5325.00,5241.00,,5325.00,,,209,1111744.00,17,F1,1,,,,,
2026-06-12,2026-06-12,CM,BSE,STK,977396,INE08E807142,1050SRFC28,F,,,,,SRFCPL-10.50%-22-01-28-PVT,98586.00,99750.00,98586.00,99750.00,99750.00,98431.00,,99750.00,,,3,296922.00,3,F1,1,,,,,
2026-06-12,2026-06-12,CM,BSE,STK,977397,INE08E807134,1065SRFC28,F,,,,,SFCPL-10.65%-22-6-28-PVT,97230.55,97230.55,97130.56,97130.56,97130.56,99000.00,,97130.56,,,3,291491.00,3,F1,1,,,,,
2026-06-12,2026-06-12,CM,BSE,STK,977411,INE08KJ07175,11MGFLD27,F,,,,,MGFLD-11%-29-8-27-PVT,9710.00,9710.00,9710.00,9710.00,9710.00,9993.73,,9710.00,,,1,9710.00,1,F1,1,,,,,
2026-06-12,2026-06-12,CM,BSE,STK,977418,INE515Q08283,1175AFPL32,F,,,,,AFPL-11.75%-14-04-32-PVT,101544.89,101544.89,101544.89,101544.89,101544.89,101400.00,,101544.89,,,1,101544.00,1,F1,1,,,,,
2026-06-12,2026-06-12,CM,BSE,STK,977440,INE0JZO07040,13LLDL29,F,,,,,LLDL-13%-30-1-29-PVT,100849.00,100899.00,100700.00,100800.00,100800.00,100599.00,,100800.00,,,7,705597.00,7,F1,1,,,,,
2026-06-12,2026-06-12,CM,BSE,STK,977469,INE658F08524,930KIIFB31,F,,,,,KIIFB-9.30%-21-01-31-PVT,102200.00,102200.00,102200.00,102200.00,102200.00,102206.90,,102200.00,,,5,511000.00,4,F1,1,,,,,
2026-06-12,2026-06-12,CM,BSE,STK,977473,INE658F08540,930KIIFB35,F,,,,,KIIFB-9.30%-21-01-35-PVT,102862.37,102862.37,102862.37,102862.37,102862.37,102711.68,,102862.37,,,1,102862.00,1,F1,1,,,,,
2026-06-12,2026-06-12,CM,BSE,STK,977474,INE658F08557,930KIIFB36,F,,,,,KIIFB-9.30%-21-01-36-PVT,103351.37,103351.37,103351.37,103351.37,103351.37,102850.00,,103351.37,,,5,516756.00,1,F1,1,,,,,
2026-06-12,2026-06-12,CM,BSE,STK,977477,INE342T07668,1075NFL28A,F,,,,,NFL-10.75%-31-12-28-PVT,10000.00,10000.00,9943.00,9981.89,9981.90,9982.99,,9981.89,,,192,1915802.00,24,F1,1,,,,,
2026-06-12,2026-06-12,CM,BSE,STK,977488,INE836B08319,12SCNL31,F,,,,,SCNL-12%-23-07-31-PVT,98750.00,98799.00,98750.00,98799.00,98799.00,98625.00,,98799.00,,,6,592549.00,4,F1,1,,,,,
2026-06-12,2026-06-12,CM,BSE,STK,977531,INE0LWH07096,12CIPL31,F,,,,,CIPL-12%-4-2-31-PVT,100263.00,100263.00,100263.00,100263.00,100263.00,100000.00,,100263.00,,,1,100263.00,1,F1,1,,,,,
2026-06-12,2026-06-12,CM,BSE,STK,977532,INE138I08117,0MSAFL28,F,,,,,MSAFL-ZC-6-2-28-PVT,103000.00,103507.00,103000.00,103495.05,103507.00,103478.00,,103495.05,,,43,4450287.00,3,F1,1,,,,,
2026-06-12,2026-06-12,CM,BSE,STK,977541,INE0NES07303,12KFL28,F,,,,,KFL-12%-10-5-28-KFL,9860.00,9860.00,9860.00,9860.00,9860.00,9860.00,,9860.00,,,6,59160.00,2,F1,1,,,,,
2026-06-12,2026-06-12,CM,BSE,STK,977576,INE926R07019,13UCIL27,F,,,,,UCIL-13%-24-5-27-PVT,9994.99,9994.99,9994.99,9994.99,9994.99,10001.49,,9994.99,,,1,9994.00,1,F1,1,,,,,
2026-06-12,2026-06-12,CM,BSE,STK,977583,INE101Q07BZ6,965MML28,F,,,,,MML-9.65%-25-8-28-PVT,9849.13,9849.13,9849.13,9849.13,9849.13,0.00,,9849.13,,,50,492456.00,1,F1,1,,,,,
2026-06-12,2026-06-12,CM,BSE,STK,977643,INE420C07189,925PDL28,F,,,,,PDL-9.25%-18-9-28-PVT,9550.00,9550.00,9550.00,9550.00,9550.00,9550.00,,9550.00,,,51,487050.00,9,F1,1,,,,,
2026-06-12,2026-06-12,CM,BSE,STK,977649,INE101Q07BW3,965MMCL28,F,,,,,MML-9.65%-18-09-28-PVT,9800.00,9800.00,9800.00,9800.00,9800.00,9780.00,,9800.00,,,72,705600.00,5,F1,1,,,,,
2026-06-12,2026-06-12,CM,BSE,STK,977676,INE964R07069,14RFL2027,F,,,,,RFL-14%-23-6-27-PVT,9000.00,9400.00,8700.00,9400.00,9400.00,9500.00,,9400.00,,,8,71750.00,8,F1,1,,,,,
2026-06-12,2026-06-12,CM,BSE,STK,977678,INE109C07147,109AFSL28,F,,,,,AFSL-10.9%-25-9-28-PVT,10130.00,10130.00,10130.00,10130.00,10130.00,10100.00,,10130.00,,,20,202600.00,1,F1,1,,,,,
2026-06-12,2026-06-12,CM,BSE,STK,977710,INE0O7U07046,11UFL28,F,,,,,UFL-11%-2-4-28-PVT,9590.40,9590.40,9590.40,9590.40,9590.40,7992.00,,9590.40,,,1,9590.00,1,F1,1,,,,,
2026-06-12,2026-06-12,CM,BSE,STK,977725,INE0BUS07CL8,1050IML29,F,,,,,IML-10.50%-17-4-29-PVT,9860.00,9860.00,9788.00,9788.68,9788.00,9823.00,,9788.68,,,213,2084988.00,3,F1,1,,,,,
2026-06-12,2026-06-12,CM,BSE,STK,977732,INE0NES07329,12KFL27,F,,,,,KFL-12%-22-09-27-PVT,9858.50,9858.50,9725.00,9780.01,9780.01,9816.00,,9780.01,,,270,2655360.00,30,F1,1,,,,,
2026-06-12,2026-06-12,CM,BSE,STK,977735,INE229U07186,1090NFL28,F,,,,,NFL-10.90%-24-04-28-PVT,9992.29,9992.29,9992.29,9992.29,9992.29,10008.52,,9992.29,,,10,99922.00,1,F1,1,,,,,
2026-06-12,2026-06-12,CM,BSE,STK,977740,INE926R07027,13UCIL28,F,,,,,UCIL-13%-23-4-28-PVT,9565.01,9690.00,9450.00,9490.08,9490.00,9490.02,,9490.08,,,414,3930092.00,68,F1,1,,,,,
2026-06-12,2026-06-12,CM,BSE,STK,977753,INE572J07810,1125SSFL28,F,,,,,SSFL-11.25%-26-24-28-PVT,9910.00,9920.00,9900.00,9900.00,9900.00,9910.00,,9900.00,,,210,2080100.00,20,F1,1,,,,,
2026-06-12,2026-06-12,CM,BSE,STK,977773,INE08XP07480,1280ACAP28,F,,,,,ACAP-12.80%-7-5-28-PVT,9773.30,9773.30,9773.30,9773.30,9773.30,9757.00,,9773.30,,,5,48866.00,1,F1,1,,,,,
2026-06-12,2026-06-12,CM,BSE,STK,977774,INE08XP07498,12ACAP27A,F,,,,,ACAP-12%-7-11-27-PVT,9600.00,9700.00,9600.00,9700.00,9700.00,9701.00,,9700.00,,,19,182925.00,6,F1,1,,,,,
2026-06-12,2026-06-12,CM,BSE,STK,977777,INE08E807175,105SRFC28,F,,,,,SRFCPL-10.50%-12-6-28-PVT,100000.00,100000.00,100000.00,100000.00,100000.00,99200.00,,100000.00,,,4,400000.00,4,F1,1,,,,,
2026-06-12,2026-06-12,CM,BSE,STK,977801,INE101Q07CA7,930MML2028,F,,,,,MML-9.30%-20-11-28-PVT,9802.00,9802.00,9781.00,9781.00,9781.00,9700.00,,9781.00,,,7,68530.00,3,F1,1,,,,,
2026-06-12,2026-06-12,CM,BSE,STK,977846,INE0NES07345,12KFL2028,F,,,,,KFL-12%-4-9-28-PVT,10036.16,10036.16,10036.16,10036.16,10036.16,10000.00,,10036.16,,,124,1244483.00,12,F1,1,,,,,
