ngen_name,nse_symbol,bse_code,isin,matched_name,match_score,yf_ticker,match_method
Hind.Dorr-Oliver,,JAIHIND,INE156E01014,JAIHIND INDUSTRIES LIMITED,65.45454545454547,JAIHIND.BO,fuzzy
Nihon Nirmaan,AIRAN,AIRAN,INE645W01026,AIRAN LIMITED,67.5,AIRAN.NS,fuzzy
Assoc.Alcohols,,ASIIL,INE443A01030,ASI INDUSTRIES LIMITED,72.0,ASIIL.BO,fuzzy
Manpasand Bever.,MANAKSIA,MANAKSIA,INE015D01022,MANAKSIA LTD.,72.0,MANAKSIA.NS,fuzzy
Ellen.Indl.Gas,,INDXTRA,INE056E01024,IEL LIMITED,72.0,INDXTRA.BO,fuzzy
Magnasound,MAXIND,MAXIND,INE0CG601016,Max India Limited,72.0,MAXIND.NS,fuzzy
Wellwin Inds.,,WEWIN,INE082W01014,We Win Limited,76.92307692307692,WEWIN.BO,fuzzy
Akzo Nobel,BEML,BEML,INE258A01024,BEML LTD.,77.14285714285715,BEML.NS,fuzzy
Sundaram Fin.Hol,SUNDARMFIN,SUNDARMFIN,INE660A01013,SUNDARAM FINANCE LTD.,77.41935483870968,SUNDARMFIN.NS,fuzzy
Godavari Bioref.,GODAVARIB,GODAVARIB,INE497S01012,Godavari Biorefineries Limited,81.08108108108108,GODAVARIB.NS,fuzzy
Diffusion Eng,DIFFNKG,DIFFNKG,INE184O01015,Diffusion Engineers Limited,81.25,DIFFNKG.NS,fuzzy
Kaveri Seed Co.,KSCL,KSCL,INE455I01029,KAVERI SEED COMPANY LTD.,81.4814814814815,KSCL.NS,fuzzy
Edelweiss.Fin.,EDELWEISS,EDELWEISS,INE532F01054,EDELWEISS FINANCIAL SERVICES L,82.5,EDELWEISS.NS,fuzzy
Zydus Lifesci.,ZYDUSLIFE,ZYDUSLIFE,INE010B01027,Zydus Lifesciences Limited,83.87096774193549,ZYDUSLIFE.NS,fuzzy
Birla Corpn.,BIRLACORPN,BIRLACORPN,INE340A01012,BIRLA CORPORATION LTD.,84.0,BIRLACORPN.NS,fuzzy
Tirrihannah Co.,TTL,TTL,INE592B01024,T T LTD.,85.5,TTL.NS,fuzzy
T N Merc. Bank,EQUITASBNK,EQUITASBNK,INE063P01018,Equitas Small Finance Bank Lim,85.5,EQUITASBNK.NS,fuzzy
Syrma Sgs Tech.,XELPMOC,XELPMOC,INE01P501012,Xelpmoc Design and Tech Limite,85.5,XELPMOC.NS,fuzzy
T N Newsprint,,BIRET,INE0FDU25010,Brookfield India Real Estate T,85.5,BIRET.BO,fuzzy
T R I L,,SGBMAY29I,IN0020210053,SGB 2021-22 Series I,85.5,SGBMAY29I.BO,fuzzy
Thangamayil Jew.,TTL,TTL,INE592B01024,T T LTD.,85.5,TTL.NS,fuzzy
Shivalik Bimetal,TTL,TTL,INE592B01024,T T LTD.,85.5,TTL.NS,fuzzy
Shreeji Ship. Gl,SHREEJISPG,SHREEJISPG,INE1B6101010,Shreeji Shipping Global Limite,85.5,SHREEJISPG.NS,fuzzy
Sequent Scien.,TTL,TTL,INE592B01024,T T LTD.,85.5,TTL.NS,fuzzy
Spandana Spho.Pp,,SSFLPP,IN9572J01019,Spandana Sphoorty Financial Li,85.5,SSFLPP.BO,fuzzy
Triven.Engg.Ind.,TTL,TTL,INE592B01024,T T LTD.,85.5,TTL.NS,fuzzy
Tml Commercial,TTL,TTL,INE592B01024,T T LTD.,85.5,TTL.NS,fuzzy
Westlife Food,TRAVELFOOD,TRAVELFOOD,INE103V01028,TRAVEL FOOD SERVICES LIMITED,85.5,TRAVELFOOD.NS,fuzzy
Wim Plast,,MITSU,INE317V01016,Mitsu Chem Plast Limited,85.5,MITSU.BO,fuzzy
Volt.Transform.,TTL,TTL,INE592B01024,T T LTD.,85.5,TTL.NS,fuzzy
V I P Inds.,,SGBAUG28V,IN0020200161,Sovereign Gold Bonds 2020-21 V,85.5,SGBAUG28V.BO,fuzzy
Action Const.Eq.,TTL,TTL,INE592B01024,T T LTD.,85.5,TTL.NS,fuzzy
Q-Line Biotech,,SHREEGANES,INE051N01026,Shree Ganesh Biotech (India) L,85.5,SHREEGANES.BO,fuzzy
Quantum Infor,,QUANTDIA,INE373C01019,QUANTUM DIGITAL VISION (INDIA),85.5,QUANTDIA.BO,fuzzy
Restaurant Brand,TTL,TTL,INE592B01024,T T LTD.,85.5,TTL.NS,fuzzy
S H Kelkar & Co.,,SGBDC27VII,IN0020190461,Sovereign Gold Bonds 2019-20 S,85.5,SGBDC27VII.BO,fuzzy
Sanghi Industrie,KREBSBIO,KREBSBIO,INE268B01013,KREBS BIOCHEMICALS & INDUSTRIE,85.5,KREBSBIO.NS,fuzzy
Sandur Laminates,SANDUMA,SANDUMA,INE149K01016,SANDUR MANGANESE & IRON ORES L,85.5,SANDUMA.NS,fuzzy
Amrutanjan Healt,TTL,TTL,INE592B01024,T T LTD.,85.5,TTL.NS,fuzzy
Shadowfax Techno,PARAS,PARAS,INE045601023,Paras Defence and Space Techno,85.5,PARAS.NS,fuzzy
Sathlokhar Sys.,,LAKSELEC,INE284C01018,LAKSHMI ELECTRICAL CONTROL SYS,85.5,LAKSELEC.BO,fuzzy
Sangam Health,AMRUTANJAN,AMRUTANJAN,INE098F01031,AMRUTANJAN HEALTH CARE LTD.,85.5,AMRUTANJAN.NS,fuzzy
Mah. Seamless,,MAHALXSE,INE257F01017,MAHALAXMI SEAMLESS LTD.,85.5,MAHALXSE.BO,fuzzy
Malco Energy,IEX,IEX,INE022Q01020,Indian Energy Exchange Limited,85.5,IEX.NS,fuzzy
Multi Comm. Exc.,TTL,TTL,INE592B01024,T T LTD.,85.5,TTL.NS,fuzzy
Navin Fluo.Intl.,NAVINFLUOR,NAVINFLUOR,INE048G01026,NAVIN FLUORINE INTERNATIONAL L,85.5,NAVINFLUOR.NS,fuzzy
Minerva Holding,,SUJALA,INE029H01016,Sujala Trading & Holding Ltd.,85.5,SUJALA.BO,fuzzy
Mold-Tek Pack.,TTL,TTL,INE592B01024,T T LTD.,85.5,TTL.NS,fuzzy
Noble Brothers,TTL,TTL,INE592B01024,T T LTD.,85.5,TTL.NS,fuzzy
Padmini Tech.,XELPMOC,XELPMOC,INE01P501012,Xelpmoc Design and Tech Limite,85.5,XELPMOC.NS,fuzzy
P & G Hygiene,,MULLER,INE003F01015,MULLER & PHIPPS (INDIA) LTD.,85.5,MULLER.BO,fuzzy
Avenue Super.,,BSHSL,INE032Z01020,BOMBAY SUPER HYBRID SEEDS LIMI,85.5,BSHSL.BO,fuzzy
Mukerian Paper,,SHREENATH,INE0RXS01018,SHREENATH PAPER PRODUCTS LIMIT,85.5,SHREENATH.BO,fuzzy
Natl. Aluminium,,KANISHK,INE163401016,KANISHK ALUMINIUM INDIA LIMITE,85.5,KANISHK.BO,fuzzy
N S D L,,SGBDC27VII,IN0020190461,Sovereign Gold Bonds 2019-20 S,85.5,SGBDC27VII.BO,fuzzy
Nippon Life Ind.,,SERA,INE017I01027,SERA INVESTMENTS & FINANCE IND,85.5,SERA.BO,fuzzy
Oracle Fin.Serv.,OFSS,OFSS,INE881D01027,ORACLE FINANCIAL SERVICES SOFT,85.5,OFSS.NS,fuzzy
St Bk Of India,JARO,JARO,INE00YJ01010,Jaro Institute of Technology M,85.5,JARO.NS,fuzzy
Star Health Insu,,GAUDIUMIVF,INE0P8B01020,Gaudium IVF and Women Health L,85.5,GAUDIUMIVF.BO,fuzzy
Technocraf.Inds.,TTL,TTL,INE592B01024,T T LTD.,85.5,TTL.NS,fuzzy
Team Lease Serv.,,INDLEASE,INE333C01013,INDIA LEASE DEVELOPMENT LTD.,85.5,INDLEASE.BO,fuzzy
Techno Elec.Engg,PARAS,PARAS,INE045601023,Paras Defence and Space Techno,85.5,PARAS.NS,fuzzy
Trans. India.Com,TTL,TTL,INE592B01024,T T LTD.,85.5,TTL.NS,fuzzy
Adani Enterp. Pp,TTL,TTL,INE592B01024,T T LTD.,85.5,TTL.NS,fuzzy
K E C Intl.,,GKP,INE05QJ01015,G. K. P. Printing & Packaging,85.5,GKP.BO,fuzzy
Kirl. Brothers,TTL,TTL,INE592B01024,T T LTD.,85.5,TTL.NS,fuzzy
Kirl.Pneumatic,TTL,TTL,INE592B01024,T T LTD.,85.5,TTL.NS,fuzzy
Kirl. Ferrous,,CHENFERRO,INE777O01016,CHENNAI FERROUS INDUSTRIES LIM,85.5,CHENFERRO.BO,fuzzy
L G Balakrishnan,INTERARCH,INTERARCH,INE00M901018,Interarch Building Solutions L,85.5,INTERARCH.NS,fuzzy
Knr Construct.,TTL,TTL,INE592B01024,T T LTD.,85.5,TTL.NS,fuzzy
Kewal Kir.Cloth.,TTL,TTL,INE592B01024,T T LTD.,85.5,TTL.NS,fuzzy
Bayer Crop Sci.,PUNJABCHEM,PUNJABCHEM,INE277B01014,PUNJAB CHEMICALS AND CROP PROT,85.5,PUNJABCHEM.NS,fuzzy
Jubilant Food.,JUBLCPL,JUBLCPL,INE03CC01015,Jubilant Agri and Consumer Pro,85.5,JUBLCPL.NS,fuzzy
Jmp Castings,ELECTCAST,ELECTCAST,INE086A01029,ELECTROSTEEL CASTINGS LTD.,85.5,ELECTCAST.NS,fuzzy
J K Cements,,GKP,INE05QJ01015,G. K. P. Printing & Packaging,85.5,GKP.BO,fuzzy
Mangalore Chem.,TATVA,TATVA,INE0GK401011,Tatva Chintan Pharma Chem Limi,85.5,TATVA.NS,fuzzy
Balmer Lawr.Frei,BLIL,BLIL,INE525F01025,BALMER LAWRIE INVESTMENTS LTD.,85.5,BLIL.NS,fuzzy
Barbeque-Nation,TTL,TTL,INE592B01024,T T LTD.,85.5,TTL.NS,fuzzy
Ltimindtree,TTL,TTL,INE592B01024,T T LTD.,85.5,TTL.NS,fuzzy
Oriental Carbon,GOACARBON,GOACARBON,INE426D01013,GOA CARBON LTD.,85.5,GOACARBON.NS,fuzzy
Motherson Wiring,MSUMI,MSUMI,INE0FS801015,Motherson Sumi Wiring India Li,85.5,MSUMI.NS,fuzzy
M & M Fin. Serv.,,MULLER,INE003F01015,MULLER & PHIPPS (INDIA) LTD.,85.5,MULLER.BO,fuzzy
M & M,,MULLER,INE003F01015,MULLER & PHIPPS (INDIA) LTD.,85.5,MULLER.BO,fuzzy
Mas Financ Ser,PRUDENT,PRUDENT,INE00F201020,Prudent Corporate Advisory Ser,85.5,PRUDENT.NS,fuzzy
B S Refrigerator,,SGBDC27VII,IN0020190461,Sovereign Gold Bonds 2019-20 S,85.5,SGBDC27VII.BO,fuzzy
Mtz Polyfilms,TTL,TTL,INE592B01024,T T LTD.,85.5,TTL.NS,fuzzy
Mah. Scooters,MAHSCOOTER,MAHSCOOTER,INE288A01013,MAHARASHTRA SCOOTERS LTD.,85.5,MAHSCOOTER.NS,fuzzy
Macrotech Devel.,KAUSHALYA,KAUSHALYA,INE234I01028,KAUSHALYA INFRASTRUCTURE DEVEL,85.5,KAUSHALYA.NS,fuzzy
P & G Health Ltd,,MULLER,INE003F01015,MULLER & PHIPPS (INDIA) LTD.,85.5,MULLER.BO,fuzzy
Carborundum Uni.,,UNIABEXAL,INE361D01012,UNI ABEX ALLOY PRODUCTS LTD.,85.5,UNIABEXAL.BO,fuzzy
Dsq Software,,ACESEPP,IN9849B01026,Ace Software Exports ltd.,85.5,ACESEPP.BO,fuzzy
Epack Prefabtech,EPACKPEB,EPACKPEB,INE0MLS01022,Epack Prefab Technologies Limi,85.5,EPACKPEB.NS,fuzzy
Dr Reddy'S Labs,PINELABS,PINELABS,INE15B701018,Pine Labs Limited,85.5,PINELABS.NS,fuzzy
Divi'S Lab.,KRONOX,KRONOX,INE0ATZ01017,KRONOX LAB SCIENCES LIMITED,85.5,KRONOX.NS,fuzzy
Dhani Services,GEOJITFSL,GEOJITFSL,INE007B01023,Geojit Financial Services Limi,85.5,GEOJITFSL.NS,fuzzy
Elbee Services,GEOJITFSL,GEOJITFSL,INE007B01023,Geojit Financial Services Limi,85.5,GEOJITFSL.NS,fuzzy
Ipca Labs.,AMAGI,AMAGI,INE121R01077,Amagi Media Labs Limited,85.5,AMAGI.NS,fuzzy
India Shelte Fin,INDNIPPON,INDNIPPON,INE092B01025,INDIA NIPPON ELECTRICALS LTD.,85.5,INDNIPPON.NS,fuzzy
H P C L,INTERARCH,INTERARCH,INE00M901018,Interarch Building Solutions L,85.5,INTERARCH.NS,fuzzy
Butterfly Gan Ap,BUTTERFLY,BUTTERFLY,INE295F01017,BUTTERFLY GANDHIMATHI APPLIANC,85.5,BUTTERFLY.NS,fuzzy
Globsyn Techno,PARAS,PARAS,INE045601023,Paras Defence and Space Techno,85.5,PARAS.NS,fuzzy
C P C L,INTERARCH,INTERARCH,INE00M901018,Interarch Building Solutions L,85.5,INTERARCH.NS,fuzzy
C S K Ltd,,SGBDC27VII,IN0020190461,Sovereign Gold Bonds 2019-20 S,85.5,SGBDC27VII.BO,fuzzy
Cams Services,GEOJITFSL,GEOJITFSL,INE007B01023,Geojit Financial Services Limi,85.5,GEOJITFSL.NS,fuzzy
Finbud Financial,,SSFLPP,IN9572J01019,Spandana Sphoorty Financial Li,85.5,SSFLPP.BO,fuzzy
Ge Shipping Co,SHREEJISPG,SHREEJISPG,INE1B6101010,Shreeji Shipping Global Limite,85.5,SHREEJISPG.NS,fuzzy
Guj. Ambuja Exp,GAEL,GAEL,INE036B01030,GUJARAT AMBUJA EXPORTS LTD.,85.5,GAEL.NS,fuzzy
Hdb Financ Ser,PRUDENT,PRUDENT,INE00F201020,Prudent Corporate Advisory Ser,85.5,PRUDENT.NS,fuzzy
Hind.Aeronautics,TTL,TTL,INE592B01024,T T LTD.,85.5,TTL.NS,fuzzy
Guj Inds. Power,TECILCHEM,TECILCHEM,INE014B01011,TECIL CHEMICALS & HYDRO POWER,85.5,TECILCHEM.NS,fuzzy
Guj. Themis Bio.,,ABVL,INE485K01022,Arunjyoti Bio Ventures Limited,85.5,ABVL.BO,fuzzy
Guj.St.Petronet,TTL,TTL,INE592B01024,T T LTD.,85.5,TTL.NS,fuzzy
Irb Infra.Devl.,IRB,IRB,INE821I01022,IRB INFRASTRUCTURE DEVELOPERS,85.5,IRB.NS,fuzzy
J & K Bank,,MULLER,INE003F01015,MULLER & PHIPPS (INDIA) LTD.,85.5,MULLER.BO,fuzzy
I O C L,,SGBMAY29I,IN0020210053,SGB 2021-22 Series I,85.5,SGBMAY29I.BO,fuzzy
Bluspring Enter.,TTL,TTL,INE592B01024,T T LTD.,85.5,TTL.NS,fuzzy
Harsha Engg Intl,HARSHA,HARSHA,INE0JUS01029,Harsha Engineers International,85.5,HARSHA.NS,fuzzy
Indian Energy Ex,IRFC,IRFC,INE053F01010,Indian Railway Finance Corpora,85.5,IRFC.NS,fuzzy
Honeywell Auto,RICOAUTO,RICOAUTO,INE209B01025,RICO AUTO INDUSTRIES LTD.,85.5,RICOAUTO.NS,fuzzy
Ideaforge Tech,XELPMOC,XELPMOC,INE01P501012,Xelpmoc Design and Tech Limite,85.5,XELPMOC.NS,fuzzy
Innoventive Ind.,,SERA,INE017I01027,SERA INVESTMENTS & FINANCE IND,85.5,SERA.BO,fuzzy
Railtel Corpn.,TTL,TTL,INE592B01024,T T LTD.,85.5,TTL.NS,fuzzy
Numero Uno Intl,UNOMINDA,UNOMINDA,INE405E01023,UNO Minda Limited,85.5,UNOMINDA.NS,fuzzy
Sun Pharma.Inds.,SPARC,SPARC,INE232I01014,SUN PHARMA ADVANCED RESEARCH C,85.5,SPARC.NS,fuzzy
South Ind.Bank,TTL,TTL,INE592B01024,T T LTD.,85.5,TTL.NS,fuzzy
Amex Carbonates,TTL,TTL,INE592B01024,T T LTD.,85.5,TTL.NS,fuzzy
Alicon Cast.,TTL,TTL,INE592B01024,T T LTD.,85.5,TTL.NS,fuzzy
Union Bank (I),IDBI,IDBI,INE008A01015,IDBI BANK LTD.,85.5,IDBI.NS,fuzzy
Crescent Finst.,TTL,TTL,INE592B01024,T T LTD.,85.5,TTL.NS,fuzzy
21St Cent. Prin.,TTL,TTL,INE592B01024,T T LTD.,85.5,TTL.NS,fuzzy
A B Real Estate,ABREL,ABREL,INE055A01016,ADITYA BIRLA REAL ESTATE LIMIT,85.5,ABREL.NS,fuzzy
A B Lifestyle,ABCOTS,ABCOTS,INE08PH01015,A B Cotspin India Limited,85.5,ABCOTS.NS,fuzzy
Chola Financial,,SSFLPP,IN9572J01019,Spandana Sphoorty Financial Li,85.5,SSFLPP.BO,fuzzy
A C J K Exports,,GKP,INE05QJ01015,G. K. P. Printing & Packaging,85.5,GKP.BO,fuzzy
Aadhar Hsg. Fin.,JPOLYINVST,JPOLYINVST,INE147P01019,JINDAL POLY INVESTMENT AND FIN,85.5,JPOLYINVST.NS,fuzzy
Garware Hi Tech,XELPMOC,XELPMOC,INE01P501012,Xelpmoc Design and Tech Limite,85.5,XELPMOC.NS,fuzzy
Firstsour.Solu.,TTL,TTL,INE592B01024,T T LTD.,85.5,TTL.NS,fuzzy
Glaxosmi. Pharma,ONESOURCE,ONESOURCE,INE013P01021,Onesource Specialty Pharma Lim,85.5,ONESOURCE.NS,fuzzy
G M D C,JARO,JARO,INE00YJ01010,Jaro Institute of Technology M,85.5,JARO.NS,fuzzy
Elecon Engg.Co,EIMCOELECO,EIMCOELECO,INE158B01016,EIMCO ELECON (INDIA) LTD.,85.5,EIMCOELECO.NS,fuzzy
Gmr Urban,GMRP&UI,GMRP&UI,INE0CU601026,GMR Power and Urban Infra Limi,85.5,GMRP&UI.NS,fuzzy
Crystal Cable,TTL,TTL,INE592B01024,T T LTD.,85.5,TTL.NS,fuzzy
Craftsman Auto,RICOAUTO,RICOAUTO,INE209B01025,RICO AUTO INDUSTRIES LTD.,85.5,RICOAUTO.NS,fuzzy
Ircon Intl.,TTL,TTL,INE592B01024,T T LTD.,85.5,TTL.NS,fuzzy
Vikran Engg.,VIKRAN,VIKRAN,INE01R501028,Vikran Engineering Limited,85.71428571428571,VIKRAN.NS,fuzzy
Polyplex Corpn,POLYPLEX,POLYPLEX,INE633B01018,POLYPLEX CORPORATION LTD.,85.71428571428571,POLYPLEX.NS,fuzzy
Choice Intl.,CHOICEIN,CHOICEIN,INE102B01014,CHOICE INTERNATIONAL LTD.,85.71428571428571,CHOICEIN.NS,fuzzy
Thomas Cook (I),THOMASCOOK,THOMASCOOK,INE332A01027,THOMAS COOK (INDIA) LTD.,85.71428571428572,THOMASCOOK.NS,fuzzy
P N Gadgil Jewe.,PNGJL,PNGJL,INE953R01016,P N GADGIL JEWELLERS LIMITED,85.71428571428572,PNGJL.NS,fuzzy
Religare Enterp.,RELIGARE,RELIGARE,INE621H01010,RELIGARE ENTERPRISES LTD.,85.71428571428572,RELIGARE.NS,fuzzy
Swan Energy,JSWENERGY,JSWENERGY,INE121E01018,JSW ENERGY LTD,85.71428571428572,JSWENERGY.NS,fuzzy
Thirumalai Chem.,TIRUMALCHM,TIRUMALCHM,INE338A01024,THIRUMALAI CHEMICALS LTD.,85.71428571428572,TIRUMALCHM.NS,fuzzy
Insecticid.India,INSECTICID,INSECTICID,INE070I01018,INSECTICIDES (INDIA) LTD.,85.71428571428572,INSECTICID.NS,fuzzy
Jindal Stain.,JSL,JSL,INE220G01021,JINDAL STAINLESS LTD.,85.71428571428572,JSL.NS,fuzzy
Embassy Develop,EMBDL,EMBDL,INE069I01010,EMBASSY DEVELOPMENTS LIMITED,85.71428571428572,EMBDL.NS,fuzzy
Punjab Natl.Bank,PNB,PNB,INE160A01022,PUNJAB NATIONAL BANK,85.71428571428572,PNB.NS,fuzzy
Kilburn Engg.,KLBRENG-B,KLBRENG-B,INE338F01015,KILBURN ENGINEERING LTD.,86.08695652173914,KLBRENG-B.NS,fuzzy
Neuland Labs.,NEULANDLAB,NEULANDLAB,INE794A01010,NEULAND LABORATORIES LTD.,86.08695652173914,NEULANDLAB.NS,fuzzy
Unichem Labs.,UNICHEMLAB,UNICHEMLAB,INE351A01035,UNICHEM LABORATORIES LTD.,86.08695652173914,UNICHEMLAB.NS,fuzzy
Syngene Intl.,SYNGENE,SYNGENE,INE398R01022,Syngene International Limited,86.08695652173914,SYNGENE.NS,fuzzy
Crompton Gr. Con,CROMPTON,CROMPTON,INE299U01018,Crompton Greaves Consumer Elec,86.08695652173914,CROMPTON.NS,fuzzy
Devyani Intl.,DEVYANI,DEVYANI,INE872J01023,Devyani International Limited,86.08695652173914,DEVYANI.NS,fuzzy
Power Grid Corpn,POWERGRID,POWERGRID,INE752E01010,POWER GRID CORPORATION OF INDI,86.4,POWERGRID.NS,fuzzy
J Kumar Infra,JKIL,JKIL,INE576I01022,J.KUMAR INFRAPROJECTS LTD.,86.4,JKIL.NS,fuzzy
H.G. Infra Engg.,HGINFRA,HGINFRA,INE926X01010,H.G. Infra Engineering Limited,86.4,HGINFRA.NS,fuzzy
Aegis Vopak Term,AEGISVOPAK,AEGISVOPAK,INE0INX01018,AEGIS VOPAK TERMINALS LIMITED,86.48648648648648,AEGISVOPAK.NS,fuzzy
Metropolis Healt,METROPOLIS,METROPOLIS,INE112L01020,Metropolis Healthcare Limited,86.48648648648648,METROPOLIS.NS,fuzzy
Century Plyboard,CENTURYPLY,CENTURYPLY,INE348B01021,CENTURY PLYBOARDS (I) LTD.,86.48648648648648,CENTURYPLY.NS,fuzzy
Fineotex Chem,FCL,FCL,INE045J01034,FINEOTEX CHEMICAL LTD.,86.66666666666667,FCL.NS,fuzzy
Fortis Health.,FORTIS,FORTIS,INE061F01013,FORTIS HEALTHCARE LTD.,86.66666666666667,FORTIS.NS,fuzzy
Heidelberg Cem.,HEIDELBERG,HEIDELBERG,INE578A01017,HEIDELBERGCEMENT INDIA LTD.,86.66666666666667,HEIDELBERG.NS,fuzzy
Tsf Investments,SILINV,SILINV,INE923A01015,SIL INVESTMENTS LTD.,86.66666666666667,SILINV.NS,fuzzy
Five-Star Bus.Fi,FIVESTAR,FIVESTAR,INE128S01021,Five-Star Business Finance Ltd,86.89655172413794,FIVESTAR.NS,fuzzy
Go Fashion (I),GOCOLORS,GOCOLORS,INE0BJS01011,Go Fashion (India) Limited,87.5,GOCOLORS.NS,fuzzy
Mahindra Logis.,MAHLOG,MAHLOG,INE766P01016,Mahindra Logistics Limited,87.5,MAHLOG.NS,fuzzy
Galaxy Surfact.,GALAXYSURF,GALAXYSURF,INE600K01018,Galaxy Surfactants Limited,87.5,GALAXYSURF.NS,fuzzy
Repco Home Fin,REPCOHOME,REPCOHOME,INE612J01015,REPCO HOME FINANCE LTD.,87.5,REPCOHOME.NS,fuzzy
Poonawalla Fin,POONAWALLA,POONAWALLA,INE511C01022,POONAWALLA FINCORP LIMITED,87.5,POONAWALLA.NS,fuzzy
Lenskart Solut.,LENSKART,LENSKART,INE956O01016,Lenskart Solutions Limited,87.5,LENSKART.NS,fuzzy
Sudarshan Chem.,SUDARSCHEM,SUDARSCHEM,INE659A01023,SUDARSHAN CHEMICAL INDUSTRIES,87.5,SUDARSCHEM.NS,fuzzy
Manappuram Fin.,MANAPPURAM,MANAPPURAM,INE522D01027,Manappuram Finance Ltd,87.5,MANAPPURAM.NS,fuzzy
Ramkrishna Forg.,RKFORGE,RKFORGE,INE399G01023,RAMKRISHNA FORGINGS LTD.,88.23529411764706,RKFORGE.NS,fuzzy
Lic Housing Fin.,LICHSGFIN,LICHSGFIN,INE115A01026,LIC HOUSING FINANCE LTD.,88.23529411764706,LICHSGFIN.NS,fuzzy
Nazara Technolo.,NAZARA,NAZARA,INE418L01047,Nazara Technologies Limited,88.23529411764706,NAZARA.NS,fuzzy
Rishabh Instrum.,RISHABH,RISHABH,INE0N2P01017,Rishabh Instruments Limited,88.23529411764706,RISHABH.NS,fuzzy
Sansera Enginee.,SANSERA,SANSERA,INE953O01021,Sansera Engineering Limited,88.23529411764706,SANSERA.NS,fuzzy
Suraksha Diagno.,SURAKSHA,SURAKSHA,INE877V01027,SURAKSHA DIAGNOSTIC LIMITED,88.23529411764706,SURAKSHA.NS,fuzzy
Steel Str. Wheel,SSWL,SSWL,INE802C01033,STEEL STRIPS WHEELS LTD.,88.23529411764706,SSWL.NS,fuzzy
Aster Dm Health.,ASTERDM,ASTERDM,INE914M01019,Aster DM Healthcare Limited,88.23529411764706,ASTERDM.NS,fuzzy
Power Mech Proj.,POWERMECH,POWERMECH,INE211R01019,Power Mech Projects Limited,88.23529411764706,POWERMECH.NS,fuzzy
Tracxn Technolo.,TRACXN,TRACXN,INE0HMF01019,Tracxn Technologies Limited,88.23529411764706,TRACXN.NS,fuzzy
Suven Life Scie.,SUVEN,SUVEN,INE495B01038,SUVEN LIFE SCIENCES LTD.,88.23529411764706,SUVEN.NS,fuzzy
Blue Jet Health,BLUEJET,BLUEJET,INE0KBH01020,Blue Jet Healthcare Limited,88.23529411764706,BLUEJET.NS,fuzzy
Gayatri Bioorga.,,GAYATRIBI,INE052E01015,GAYATRI BIOORGANICS LTD.,88.23529411764706,GAYATRIBI.BO,fuzzy
Exicom Tele-Sys.,EXICOM,EXICOM,INE777F01014,EXICOM TELE-SYSTEMS LIMITED,88.23529411764706,EXICOM.NS,fuzzy
Indiamart Inter.,INDIAMART,INDIAMART,INE933S01016,IndiaMART InterMESH Limited,88.23529411764706,INDIAMART.NS,fuzzy
Brigade Enterpr.,BRIGADE,BRIGADE,INE791I01019,BRIGADE ENTERPRISES LTD.,88.23529411764706,BRIGADE.NS,fuzzy
Sip Technologies,MOSCHIP,MOSCHIP,INE935B01025,MOSCHIP TECHNOLOGIES LIMITED,88.88888888888889,MOSCHIP.NS,fuzzy
The Anup Enginee,ANUP,ANUP,INE294Z01018,The Anup Engineering Ltd,88.88888888888889,ANUP.NS,fuzzy
Narayana Hrudaya,NH,NH,INE410P01011,Narayana Hrudayalaya Limited,88.88888888888889,NH.NS,fuzzy
Ivalue Infosolut,IVALUE,IVALUE,INE056801025,IVALUE INFOSOLUTIONS LIMITED,88.88888888888889,IVALUE.NS,fuzzy
Navkar Corporat.,NAVKARCORP,NAVKARCORP,INE278M01019,Navkar Corporation Limited,88.88888888888889,NAVKARCORP.NS,fuzzy
Apollo Micro Sys,APOLLO,APOLLO,INE713T01028,Apollo Micro Systems Limited,88.88888888888889,APOLLO.NS,fuzzy
Guj Pipavav Port,GPPL,GPPL,INE517F01014,GUJARAT PIPAVAV PORT LTD.,88.88888888888889,GPPL.NS,fuzzy
T.V. Today Netw.,TVTODAY,TVTODAY,INE038F01029,TV TODAY NETWORK LTD.,89.65517241379311,TVTODAY.NS,fuzzy
Dalmia Bharatltd,DALBHARAT,DALBHARAT,INE00R701025,DALMIA BHARAT LIMITED,89.65517241379311,DALBHARAT.NS,fuzzy
Datamatics Glob.,DATAMATICS,DATAMATICS,INE365B01017,DATAMATICS GLOBAL SERVICES LTD,90.0,DATAMATICS.NS,fuzzy
Dee Development,,DEEDEV,INE841L01016,DEE DEVELOPMENT ENGINEERS LIMI,90.0,DEEDEV.BO,fuzzy
Deepak Fertilis.,DEEPINDS,DEEPINDS,INE0FHS01024,Deep Industries Limited,90.0,DEEPINDS.NS,fuzzy
Deepak Fertiliz.,DEEPINDS,DEEPINDS,INE0FHS01024,Deep Industries Limited,90.0,DEEPINDS.NS,fuzzy
Del Dot Systems,EMSLIMITED,EMSLIMITED,INE0OV601013,EMS LIMITED,90.0,EMSLIMITED.NS,fuzzy
Concord Enviro,CEWATER,CEWATER,INE037Z01029,Concord Enviro Systems Limited,90.0,CEWATER.NS,fuzzy
Kaynes Tech,KAYNES,KAYNES,INE918Z01012,KAYNES TECHNOLOGY INDIA LIMITE,90.0,KAYNES.NS,fuzzy
Kernex Microsys.,KERNEX,KERNEX,INE202H01019,KERNEX MICROSYSTEMS (INDIA) LT,90.0,KERNEX.NS,fuzzy
Leela Palaces Hotels,THELEELA,THELEELA,INE0AQ201015,Leela Palaces Hotels & Resorts,90.0,THELEELA.NS,fuzzy
Life Insurance,CANHLIFE,CANHLIFE,INE01TY01017,Canara HSBC Life Insurance Com,90.0,CANHLIFE.NS,fuzzy
Lloyds Metals,LLOYDSME,LLOYDSME,INE281B01032,LLOYDS METALS AND ENERGY LTD.,90.0,LLOYDSME.NS,fuzzy
Accord Cotsyn,ACC,ACC,INE012A01025,ACC LTD.,90.0,ACC.NS,fuzzy
Yatharth Hospit.,YATHARTH,YATHARTH,INE0JO301016,YATHARTH HOSPITAL & TRAUMA CAR,90.0,YATHARTH.NS,fuzzy
Zaggle Prepaid,ZAGGLE,ZAGGLE,INE07K301024,ZAGGLE PREPAID OCEAN SERVICES,90.0,ZAGGLE.NS,fuzzy
Zee Entertainmen,ZEEL,ZEEL,INE256A01028,ZEE ENTERTAINMENT ENTERPRISES,90.0,ZEEL.NS,fuzzy
Zf Commercial,ZFCVINDIA,ZFCVINDIA,INE342J01019,ZF Commercial Vehicle Control,90.0,ZFCVINDIA.NS,fuzzy
Vishnu Prakash R,,VPRPL,INE0AE001013,VISHNU PRAKASH R PUNGLIA LIMIT,90.0,VPRPL.BO,fuzzy
Cohance Life,COHANCE,COHANCE,INE03QK01018,Cohance Lifesciences Limited,90.0,COHANCE.NS,fuzzy
Colgate-Palmoliv,COLPAL,COLPAL,INE259A01022,COLGATE-PALMOLIVE (INDIA) LTD.,90.0,COLPAL.NS,fuzzy
Aarti Pharma,AARTIIND,AARTIIND,INE769A01020,AARTI INDUSTRIES LTD.,90.0,AARTIIND.NS,fuzzy
Veranda Learning,VERANDA,VERANDA,INE0IQ001011,Veranda Learning Solutions Lim,90.0,VERANDA.NS,fuzzy
Banco Products,BANCOINDIA,BANCOINDIA,INE213C01025,BANCO PRODUCTS (INDIA) LTD.,90.0,BANCOINDIA.NS,fuzzy
Vijaya Diagnost.,VIJAYA,VIJAYA,INE043W01024,Vijaya Diagnostic Centre Limit,90.0,VIJAYA.NS,fuzzy
Vintage Coffee,VINCOFE,VINCOFE,INE498Q01014,VINTAGE COFFEE AND BEVERAGES L,90.0,VINCOFE.NS,fuzzy
Upl Pp,UPL,UPL,INE628A01036,UPL LIMITED,90.0,UPL.NS,fuzzy
V-Guard Industri,VGUARD,VGUARD,INE951I01027,V-GUARD INDUSTRIES LTD.,90.0,VGUARD.NS,fuzzy
Creditacc. Gram.,ACC,ACC,INE012A01025,ACC LTD.,90.0,ACC.NS,fuzzy
Medi Assist Ser.,SIS,SIS,INE285J01028,SIS LIMITED,90.0,SIS.NS,fuzzy
Le Travenues,IXIGO,IXIGO,INE0HV901016,Le Travenues Technology Limite,90.0,IXIGO.NS,fuzzy
Leela Palaces Ho,THELEELA,THELEELA,INE0AQ201015,Leela Palaces Hotels & Resorts,90.0,THELEELA.NS,fuzzy
Knowledge Marine,MARINE,,INE01JE01028,MARINE,90.0,MARINE.NS,fuzzy
Medplus Health,MEDPLUS,MEDPLUS,INE804L01022,Medplus Health Services Limite,90.0,MEDPLUS.NS,fuzzy
Zinka Logistics,,ISTLTD,INE684B01029,IST LTD.,90.0,ISTLTD.BO,fuzzy
Lancer Containe.,,LANCER,INE359U01028,Lancer Container Lines Limited,90.0,LANCER.BO,fuzzy
Coromandel Inter,COROMANDEL,COROMANDEL,INE169A01031,COROMANDEL INTERNATIONAL LTD.,90.0,COROMANDEL.NS,fuzzy
Minda Corp,MINDACORP,MINDACORP,INE842C01021,Minda Corporation Limited,90.0,MINDACORP.NS,fuzzy
Lumax Auto Tech.,MAXIND,MAXIND,INE0CG601016,Max India Limited,90.0,MAXIND.NS,fuzzy
Vasa Denticity,IT,,INF174KA1GC5,IT,90.0,IT.NS,fuzzy
Ujjivan Small,UJJIVANSFB,UJJIVANSFB,INE551W01018,Ujjivan Small Finance Bank Lim,90.0,UJJIVANSFB.NS,fuzzy
Unicommerce,UNIECOM,UNIECOM,INE00U401027,UNICOMMERCE ESOLUTIONS LIMITED,90.0,UNIECOM.NS,fuzzy
Unimech Aero.,UNIMECH,UNIMECH,INE0U3I01011,Unimech Aerospace and Manufact,90.0,UNIMECH.NS,fuzzy
Thyrocare Tech.,THYROCARE,THYROCARE,INE594H01019,Thyrocare Technologies Limited,90.0,THYROCARE.NS,fuzzy
Tinna Rubber,TINNARUBR,TINNARUBR,INE015C01016,TINNA RUBBER AND INFRASTRUCTUR,90.0,TINNARUBR.NS,fuzzy
Titagarh Rail,TITAGARH,TITAGARH,INE615H01020,TITAGARH RAIL SYSTEMS LIMITED,90.0,TITAGARH.NS,fuzzy
Torrent Pharma.,TORNTPHARM,TORNTPHARM,INE685A01028,TORRENT PHARMACEUTICALS LTD.,90.0,TORNTPHARM.NS,fuzzy
Bajaj Housing,BAJAJHFL,BAJAJHFL,INE377Y01014,Bajaj Housing Finance Limited,90.0,BAJAJHFL.NS,fuzzy
Central Mine Pla,CMPDI,CMPDI,INE05HV01027,Central Mine Planning & Design,90.0,CMPDI.NS,fuzzy
Kingfa Science,KINGFA,KINGFA,INE473D01015,Kingfa Science & Technology (I,90.0,KINGFA.NS,fuzzy
Cera Sanitary.,IT,,INF174KA1GC5,IT,90.0,IT.NS,fuzzy
Chambal Fert.,CHAMBLFERT,CHAMBLFERT,INE085A01013,CHAMBAL FERTILISERS & CHEMICAL,90.0,CHAMBLFERT.NS,fuzzy
Chemtech Indust.,,CHEMTECH,INE212P01011,CHEMTECH INDUSTRIAL VALVES LTD,90.0,CHEMTECH.BO,fuzzy
Dam Capital Advi,IT,,INF174KA1GC5,IT,90.0,IT.NS,fuzzy
Jupiter Life Lin,JLHL,JLHL,INE682M01012,Jupiter Life Line Hospitals Li,90.0,JLHL.NS,fuzzy
Transport Corp.,TCI,TCI,INE688A01022,TRANSPORT CORPORATION OF INDIA,90.0,TCI.NS,fuzzy
Western Paques,ESTER,ESTER,INE778B01029,ESTER INDUSTRIES LTD.,90.0,ESTER.NS,fuzzy
Virtual Dynamics,,DYNAMIND,INE457C01010,DYNAMIC INDUSTRIES LTD.,90.0,DYNAMIND.BO,fuzzy
Thejo Engg.,THEJO,,INE121N01019,THEJO,90.0,THEJO.NS,fuzzy
Talwandi Sabo Po,,SAB,INE137M01017,SAB INDUSTRIES LIMITED,90.0,SAB.BO,fuzzy
Tata Comm,TATACOMM,TATACOMM,INE151A01013,TATA COMMUNICATIONS LTD.,90.0,TATACOMM.NS,fuzzy
Aether Industri.,AETHER,AETHER,INE0BWX01014,Aether Industries Limited,90.0,AETHER.NS,fuzzy
Afcons Infrastr.,CONS,,INF174KA1ZF8,CONS,90.0,CONS.NS,fuzzy
Ahluwalia Contr.,AHLUCONT,AHLUCONT,INE758C01029,AHLUWALIA CONTRACTS (INDIA) LT,90.0,AHLUCONT.NS,fuzzy
Akums Drugs,AKUMS,AKUMS,INE09XN01023,Akums Drugs and Pharmaceutical,90.0,AKUMS.NS,fuzzy
Diamond Power,DIACABS,DIACABS,INE989C01038,DIAMOND POWER INFRASTRUCTURE L,90.0,DIACABS.NS,fuzzy
Visaka Industrie,VISAKAIND,VISAKAIND,INE392A01021,VISAKA INDUSTRIES LTD.,90.0,VISAKAIND.NS,fuzzy
Kovai Medical,KOVAI,KOVAI,INE177F01017,KOVAI MEDICAL CENTER & HOSPITA,90.0,KOVAI.NS,fuzzy
Divgi Torq,DIVGIITTS,DIVGIITTS,INE753U01022,DIVGI TORQTRANSFER SYSTEMS LIM,90.0,DIVGIITTS.NS,fuzzy
Dixon Technolog.,DIXON,DIXON,INE935N01020,Dixon Technologies (India) Lim,90.0,DIXON.NS,fuzzy
Dr Agarwal'S Hea,AGARWALEYE,AGARWALEYE,INE943P01029,Dr. Agarwal's Health Care Limi,90.0,AGARWALEYE.NS,fuzzy
Tvs Supply,TVSSCS,TVSSCS,INE395N01027,TVS Supply Chain Solutions Lim,90.0,TVSSCS.NS,fuzzy
Swan Defence,,SWANDEF,INE542F01020,SWAN DEFENCE AND HEAVY INDUSTR,90.0,SWANDEF.BO,fuzzy
Tajgvk Hotels,TAJGVK,TAJGVK,INE586B01026,TAJGVK HOTELS & RESORTS LTD.,90.0,TAJGVK.NS,fuzzy
Talwandi Sabo,,SAB,INE137M01017,SAB INDUSTRIES LIMITED,90.0,SAB.BO,fuzzy
Alembic Pharma,ALEMBICLTD,ALEMBICLTD,INE426A01027,ALEMBIC LTD.,90.0,ALEMBICLTD.NS,fuzzy
Alivus Life,ALIVUS,ALIVUS,INE03Q201024,ALIVUS LIFE SCIENCES LIMITED,90.0,ALIVUS.NS,fuzzy
Emmvee Photovol.,EMMVEE,EMMVEE,INE1C6T01020,Emmvee Photovoltaic Power Limi,90.0,EMMVEE.NS,fuzzy
Endurance Tech.,ENDURANCE,ENDURANCE,INE913H01037,Endurance Technologies Limited,90.0,ENDURANCE.NS,fuzzy
Entero Healthcar,ENTERO,ENTERO,INE010601016,Entero Healthcare Solutions Li,90.0,ENTERO.NS,fuzzy
Enviro Infra,EIEL,EIEL,INE0LLY01014,ENVIRO INFRA ENGINEERS LIMITED,90.0,EIEL.NS,fuzzy
Vedanta Aluminium Metal,VEDL,VEDL,INE205A01025,VEDANTA LIMITED,90.0,VEDL.NS,fuzzy
Dredging Corpn.,GRPLTD,GRPLTD,INE137I01015,GRP LTD.,90.0,GRPLTD.NS,fuzzy
Dynamatic Tech.,DYNAMATECH,DYNAMATECH,INE221B01012,DYNAMATIC TECHNOLOGIES LTD.,90.0,DYNAMATECH.NS,fuzzy
Ecos (India),,ECOSMOBLTY,INE06HJ01020,ECOS (India) Mobility & Hospit,90.0,ECOSMOBLTY.BO,fuzzy
Tenneco Clean,TENNIND,TENNIND,INE19RI01016,Tenneco Clean Air India Limite,90.0,TENNIND.NS,fuzzy
Texmaco Rail,TEXRAIL,TEXRAIL,INE621L01012,TEXMACO RAIL & ENGINEERING LTD,90.0,TEXRAIL.NS,fuzzy
The Bombay Burma,BBTC,BBTC,INE050A01025,The Bombay Burmah Trading Corp,90.0,BBTC.NS,fuzzy
Allcargo Global,GLOBAL,,INE291W01037,GLOBAL,90.0,GLOBAL.NS,fuzzy
Vedanta Iron & S,VEDL,VEDL,INE205A01025,VEDANTA LIMITED,90.0,VEDL.NS,fuzzy
Allied Blenders,ABDL,ABDL,INE552Z01027,Allied Blenders and Distillers,90.0,ABDL.NS,fuzzy
Amara Raja Ener.,ARE&M,ARE&M,INE885A01032,Amara Raja Energy & Mobility L,90.0,ARE&M.NS,fuzzy
Amber Enterp.,AMBER,AMBER,INE371P01015,Amber Enterprises India Limite,90.0,AMBER.NS,fuzzy
Ambika Cotton,AMBIKCO,AMBIKCO,INE540G01014,AMBIKA COTTON MILLS LTD.,90.0,AMBIKCO.NS,fuzzy
Vedanta Iron & Steel,VEDL,VEDL,INE205A01025,VEDANTA LIMITED,90.0,VEDL.NS,fuzzy
Vedanta Power,VEDL,VEDL,INE205A01025,VEDANTA LIMITED,90.0,VEDL.NS,fuzzy
Ema Partners,PAR,,INE04LG01015,PAR,90.0,PAR.NS,fuzzy
Embassy Off.Reit,IT,,INF174KA1GC5,IT,90.0,IT.NS,fuzzy
Emcure Pharma,EMCURE,EMCURE,INE168P01015,Emcure Pharmaceuticals Limited,90.0,EMCURE.NS,fuzzy
Credo Brands,MUFTI,MUFTI,INE220Q01020,Credo Brands Marketing Limited,90.0,MUFTI.NS,fuzzy
Tatva Chintan,TATVA,TATVA,INE0GK401011,Tatva Chintan Pharma Chem Limi,90.0,TATVA.NS,fuzzy
Cigniti Tech.,ITI,ITI,INE248A01017,ITI LTD.,90.0,ITI.NS,fuzzy
Supriya Lifesci.,,PRIYALT,INE686C01014,PRIYA LTD.,90.0,PRIYALT.BO,fuzzy
Suraj Estate,,SURAJINDPP,IN9170U01035,Suraj Industries Limited.,90.0,SURAJINDPP.BO,fuzzy
Suryoday Small,SURYODAY,SURYODAY,INE428Q01011,Suryoday Small Finance Bank Li,90.0,SURYODAY.NS,fuzzy
Sterling & Wils.,SWSOLAR,SWSOLAR,INE00M201021,STERLING AND WILSON RENEWABLE,90.0,SWSOLAR.NS,fuzzy
Sterlite Tech.,,STLTECH,INE089C01029,STERLITE TECHNOLOGIES LTD.,90.0,STLTECH.BO,fuzzy
Capillary Tech.,CAPILLARY,CAPILLARY,INE0ILV01024,Capillary Technologies India L,90.0,CAPILLARY.NS,fuzzy
Capital Small,CAPITALSFB,CAPITALSFB,INE646H01017,Capital Small Finance Bank Ltd,90.0,CAPITALSFB.NS,fuzzy
Capitalnumbers,,CNINFOTECH,INE0WXM01011,CAPITALNUMBERS INFOTECH  LIMIT,90.0,CNINFOTECH.BO,fuzzy
Caplin Point Lab,CAPLIPOINT,CAPLIPOINT,INE475E01026,CAPLIN POINT LABORATORIES LTD.,90.0,CAPLIPOINT.NS,fuzzy
Capri Global,CGCL,CGCL,INE180C01042,CAPRI GLOBAL CAPITAL LIMITED,90.0,CGCL.NS,fuzzy
Ccl Products,CCL,CCL,INE421D01022,CCL PRODUCTS (INDIA) LTD.,90.0,CCL.NS,fuzzy
Equitas Sma. Fin,IT,,INF174KA1GC5,IT,90.0,IT.NS,fuzzy
Alkem Lab,ALKEM,ALKEM,INE540L01014,Alkem Laboratories Limited,90.0,ALKEM.NS,fuzzy
Alkyl Amines,ALKYLAMINE,ALKYLAMINE,INE150B01039,ALKYL AMINES CHEMICALS LTD.,90.0,ALKYLAMINE.NS,fuzzy
Sumitomo Chemi.,SUMICHEM,SUMICHEM,INE258G01013,SUMITOMO CHEMICAL INDIA LIMITE,90.0,SUMICHEM.NS,fuzzy
Spandana Sphoort,,SSFLPP,IN9572J01019,Spandana Sphoorty Financial Li,90.0,SSFLPP.BO,fuzzy
Spartek Ceramics,PAR,,INE04LG01015,PAR,90.0,PAR.NS,fuzzy
Sri Lotus,LOTUSDEV,LOTUSDEV,INE0V9Q01010,Sri Lotus Developers and Realt,90.0,LOTUSDEV.NS,fuzzy
Standard Enginee,SETL,SETL,INE0M4D01010,STANDARD ENGINEERING TECHNOLOG,90.0,SETL.NS,fuzzy
City Online Ser.,IT,,INF174KA1GC5,IT,90.0,IT.NS,fuzzy
Fedbank Financi.,FEDFINA,FEDFINA,INE007N01010,Fedbank Financial Services Lim,90.0,FEDFINA.NS,fuzzy
Fine Organic,FINEORG,FINEORG,INE686Y01026,Fine Organic Industries Limite,90.0,FINEORG.NS,fuzzy
Clean Max Enviro,MAXIND,MAXIND,INE0CG601016,Max India Limited,90.0,MAXIND.NS,fuzzy
Clean Science,CLEAN,CLEAN,INE227W01023,Clean Science and Technology L,90.0,CLEAN.NS,fuzzy
Canara Hsbc,CANHLIFE,CANHLIFE,INE01TY01017,Canara HSBC Life Insurance Com,90.0,CANHLIFE.NS,fuzzy
Canara Robeco,CRAMC,CRAMC,INE218I01013,Canara Robeco Asset Management,90.0,CRAMC.NS,fuzzy
Capacit'E Infra.,CAPACITE,CAPACITE,INE264T01014,Capacit'e Infraprojects Limite,90.0,CAPACITE.NS,fuzzy
Sunflag Iron,SUNFLAG,SUNFLAG,INE947A01014,SUNFLAG IRON & STEEL CO.LTD.,90.0,SUNFLAG.NS,fuzzy
Suprajit Engg.,PRAJIND,PRAJIND,INE074A01025,PRAJ INDUSTRIES LTD.,90.0,PRAJIND.NS,fuzzy
Siyaram Silk,SIYSIL,SIYSIL,INE076B01028,SIYARAM SILK MILLS LTD.,90.0,SIYSIL.NS,fuzzy
Sky Gold & Diam.,,SKYIND,INE765B01018,SKY INDUSTRIES LTD.,90.0,SKYIND.BO,fuzzy
Smartworks Cowor,SMARTWORKS,SMARTWORKS,INE0NAZ01010,SMARTWORKS COWORKING SPACES LI,90.0,SMARTWORKS.NS,fuzzy
Solara Active,SOLARINDS,SOLARINDS,INE343H01029,SOLAR INDUSTRIES INDIA LTD.,90.0,SOLARINDS.NS,fuzzy
General Insuranc,GODIGIT,GODIGIT,INE03JT01014,Go Digit General Insurance Lim,90.0,GODIGIT.NS,fuzzy
Genus Prime,,GENUSPRIME,INE256D01014,GENUS PRIME INFRA LIMITED,90.0,GENUSPRIME.BO,fuzzy
Geojit Fin. Ser.,IT,,INF174KA1GC5,IT,90.0,IT.NS,fuzzy
Vst Till. Tract.,TTL,TTL,INE592B01024,T T LTD.,90.0,TTL.NS,fuzzy
Fsn E-Commerce,NYKAA,NYKAA,INE388Y01029,FSN E-Commerce Ventures Limite,90.0,NYKAA.NS,fuzzy
Fujiyama Power,,UTLSOLAR,INE12UR01024,Fujiyama Power Systems Limited,90.0,UTLSOLAR.BO,fuzzy
Welspun Enterp,WELENT,WELENT,INE625G01013,WELSPUN ENTERPRISES LIMTED,90.0,WELENT.NS,fuzzy
Strides Pharma,STAR,STAR,INE939A01011,STRIDES PHARMA SCIENCE LIMITED,90.0,STAR.NS,fuzzy
Data Pattern,DATAPATTNS,DATAPATTNS,INE0IX101010,Data Patterns (India) Limited,90.0,DATAPATTNS.NS,fuzzy
Stylam Industrie,STYLAMIND,STYLAMIND,INE239C01020,STYLAM INDUSTRIES LIMITED,90.0,STYLAMIND.NS,fuzzy
Styrenix Perfor.,STYRENIX,STYRENIX,INE189B01011,Styrenix Performance Materials,90.0,STYRENIX.NS,fuzzy
Shriram Pistons,SHRIPISTON,SHRIPISTON,INE526E01018,SHRIRAM PISTONS & RINGS LTD,90.0,SHRIPISTON.NS,fuzzy
Shubh Shanti Ser,SHANTI,,INE933X01016,SHANTI,90.0,SHANTI.NS,fuzzy
Shyam Metalics,SHYAMMETL,SHYAMMETL,INE810G01011,Shyam Metalics and Energy Limi,90.0,SHYAMMETL.NS,fuzzy
Siemens Ener.Ind,SIEMENS,SIEMENS,INE003A01024,SIEMENS LTD.,90.0,SIEMENS.NS,fuzzy
Signatureglobal,GLOBAL,,INE291W01037,GLOBAL,90.0,GLOBAL.NS,fuzzy
Glenmark Pharma.,,GLEN,INE0UMC01019,Glen Industries Limited,90.0,GLEN.BO,fuzzy
Gna Axles,GNA,GNA,INE934S01014,G N A Axles Limited,90.0,GNA.NS,fuzzy
Gandhar Oil Ref.,OIL,OIL,INE274J01014,OIL INDIA LTD.,90.0,OIL.NS,fuzzy
Vedanta Aluminiu,VEDL,VEDL,INE205A01025,VEDANTA LIMITED,90.0,VEDL.NS,fuzzy
Garden Reach Sh.,GRSE,GRSE,INE382Z01011,Garden Reach Shipbuilders & En,90.0,GRSE.NS,fuzzy
Garuda Cons,GARUDA,GARUDA,INE0JVO01026,Garuda Construction and Engine,90.0,GARUDA.NS,fuzzy
Garware Tech.,GARFIBRES,GARFIBRES,INE276A01018,GARWARE TECHNICAL FIBRES LIMIT,90.0,GARFIBRES.NS,fuzzy
Gateway Distri,,ISTLTD,INE684B01029,IST LTD.,90.0,ISTLTD.BO,fuzzy
Standard Glass,SIL,SIL,INE173A01025,STANDARD INDUSTRIES LTD.,90.0,SIL.NS,fuzzy
Advanced Enzyme,ADVENZYMES,ADVENZYMES,INE837H01020,Advanced Enzyme Technologies L,90.0,ADVENZYMES.NS,fuzzy
Siv Industries,,HINDADH,INE074C01013,HINDUSTAN ADHESIVES LTD.,90.0,HINDADH.BO,fuzzy
Sarda Energy,SARDAEN,SARDAEN,INE385C01021,SARDA ENERGY & MINERALS LTD.,90.0,SARDAEN.NS,fuzzy
Senores Pharma.,SENORES,SENORES,INE0RB801010,SENORES PHARMACEUTICALS LIMITE,90.0,SENORES.NS,fuzzy
Seshaasai Tech.,STYL,STYL,INE04VU01023,Seshaasai Technologies Limited,90.0,STYL.NS,fuzzy
Shaily Engineer.,SHAILY,SHAILY,INE151G01028,SHAILY ENGINEERING PLASTICS LT,90.0,SHAILY.NS,fuzzy
Shakti Pumps,SHAKTIPUMP,SHAKTIPUMP,INE908D01010,SHAKTI PUMPS (INDIA) LTD.,90.0,SHAKTIPUMP.NS,fuzzy
Aditya Birla Cap,IT,,INF174KA1GC5,IT,90.0,IT.NS,fuzzy
Aditya Bir. Fas.,IT,,INF174KA1GC5,IT,90.0,IT.NS,fuzzy
Anand Rathi Shar,ARSSBL,ARSSBL,INE549H01021,ANAND RATHI SHARE AND STOCK BR,90.0,ARSSBL.NS,fuzzy
Aditya Amc,IT,,INF174KA1GC5,IT,90.0,IT.NS,fuzzy
Brainbees Solut.,RAIN,RAIN,INE855B01025,RAIN INDUSTRIES LIMITED,90.0,RAIN.NS,fuzzy
Brigade Hotel,BRIGHOTEL,BRIGHOTEL,INE03NU01014,Brigade Hotel Ventures Limited,90.0,BRIGHOTEL.NS,fuzzy
Acme Solar Hold.,SOLARINDS,SOLARINDS,INE343H01029,SOLAR INDUSTRIES INDIA LTD.,90.0,SOLARINDS.NS,fuzzy
Accord Transform,ACC,ACC,INE012A01025,ACC LTD.,90.0,ACC.NS,fuzzy
Solarworld Ene.,SOLARWORLD,SOLARWORLD,INE0TY101024,Solarworld Energy Solutions Li,90.0,SOLARWORLD.NS,fuzzy
Sona Blw Precis.,RECLTD,RECLTD,INE020B01018,REC LIMITED,90.0,RECLTD.NS,fuzzy
Sedemac Mechatro,,EMAINDIA,INE279D01016,EMA INDIA LTD.,90.0,EMAINDIA.BO,fuzzy
Sai Silks,KALAMANDIR,KALAMANDIR,INE438K01021,Sai Silks (Kalamandir) Limited,90.0,KALAMANDIR.NS,fuzzy
Salora Capital,IT,,INF174KA1GC5,IT,90.0,IT.NS,fuzzy
Sambhv Steel,SAMBHV,SAMBHV,INE12NJ01018,SAMBHV STEEL TUBES LIMITED,90.0,SAMBHV.NS,fuzzy
Gujarat Alkalies,GUJALKALI,GUJALKALI,INE186A01019,GUJARAT ALKALIES & CHEMICALS L,90.0,GUJALKALI.NS,fuzzy
Go Digit General,GODIGIT,GODIGIT,INE03JT01014,Go Digit General Insurance Lim,90.0,GODIGIT.NS,fuzzy
Godawari Power,GPIL,GPIL,INE177H01039,GODAWARI POWER & ISPAT LTD.,90.0,GPIL.NS,fuzzy
Jyoti Cnc Auto.,,JYOTI,INE511D01012,JYOTI LTD.,90.0,JYOTI.BO,fuzzy
Kalpat.,KPIL,KPIL,INE220B01022,KALPATARU PROJECTS INTERNATION,90.0,KPIL.NS,fuzzy
Kalpataru Proj.,KPIL,KPIL,INE220B01022,KALPATARU PROJECTS INTERNATION,90.0,KPIL.NS,fuzzy
Kansai Nerolac,KANSAINER,KANSAINER,INE531A01024,KANSAI NEROLAC PAINTS LTD.,90.0,KANSAINER.NS,fuzzy
Max Financial,MAXIND,MAXIND,INE0CG601016,Max India Limited,90.0,MAXIND.NS,fuzzy
Max Healthcare,MAXHEALTH,MAXHEALTH,INE027H01010,Max Healthcare Institute Limit,90.0,MAXHEALTH.NS,fuzzy
Mazagon Dock,MAZDOCK,MAZDOCK,INE249Z01020,Mazagon Dock Shipbuilders Limi,90.0,MAZDOCK.NS,fuzzy
Websol Energy,WEBELSOLAR,WEBELSOLAR,INE855C01023,WEBSOL ENERGY SYSTEM LTD.,90.0,WEBELSOLAR.NS,fuzzy
Mahindra Holiday,MHRIL,MHRIL,INE998I01010,MAHINDRA HOLIDAYS & RESORTS IN,90.0,MHRIL.NS,fuzzy
Kwality,KWIL,KWIL,INE2KCE01013,Kwality Walls (India) Limited,90.0,KWIL.NS,fuzzy
Kwality Wall'S,IT,,INF174KA1GC5,IT,90.0,IT.NS,fuzzy
L&T Technology,LTTS,LTTS,INE010V01017,L&T Technology Services Limite,90.0,LTTS.NS,fuzzy
Krishna Institu.,KIMS,KIMS,INE967H01025,Krishna Institute of Medical S,90.0,KIMS.NS,fuzzy
Krn Heat Exchan,,KRN,INE0Q3J01015,KRN HEAT EXCHANGER AND REFRIGE,90.0,KRN.BO,fuzzy
Kolte Patil Dev.,TIL,TIL,INE806C01018,TIL LTD.,90.0,TIL.NS,fuzzy
Krystal Integrat,KRYSTAL,KRYSTAL,INE0QN801017,KRYSTAL INTEGRATED SERVICES LI,90.0,KRYSTAL.NS,fuzzy
Godrej Industrie,GODREJIND,GODREJIND,INE233A01035,GODREJ INDUSTRIES LTD.,90.0,GODREJIND.NS,fuzzy
Gpi Textiles,TIL,TIL,INE806C01018,TIL LTD.,90.0,TIL.NS,fuzzy
Antony Waste Han,AWHCL,AWHCL,INE01BK01022,Antony Waste Handling Cell Lim,90.0,AWHCL.NS,fuzzy
Apcotex Industri,APCOTEXIND,APCOTEXIND,INE116A01032,APCOTEX INDUSTRIES LTD.,90.0,APCOTEXIND.NS,fuzzy
Apeejay Surrend.,PARKHOTELS,PARKHOTELS,INE988S01028,Apeejay Surrendra Park Hotels,90.0,PARKHOTELS.NS,fuzzy
Apollo Hospitals,APOLLOHOSP,APOLLOHOSP,INE437A01024,APOLLO HOSPITALS ENTERPRISE LT,90.0,APOLLOHOSP.NS,fuzzy
Reliance Infra.,RELIANCE,RELIANCE,INE002A01018,RELIANCE INDUSTRIES LTD.,90.0,RELIANCE.NS,fuzzy
Sandhar Tech,SANDHAR,SANDHAR,INE278H01035,Sandhar Technologies Limited,90.0,SANDHAR.NS,fuzzy
Sandur Manganese,SANDUMA,SANDUMA,INE149K01016,SANDUR MANGANESE & IRON ORES L,90.0,SANDUMA.NS,fuzzy
Sanofi Consumer,SANOFI,SANOFI,INE058A01010,SANOFI INDIA LTD,90.0,SANOFI.NS,fuzzy
Royal Inds.,,RAYALEMA,INE008C01011,ROYALE MANOR HOTELS & INDUSTRI,90.0,RAYALEMA.BO,fuzzy
Saatvik Green,SAATVIKGL,SAATVIKGL,INE13B501022,Saatvik Green Energy Limited,90.0,SAATVIKGL.NS,fuzzy
Hatsun Agro,HATSUN,HATSUN,INE473B01035,HATSUN AGRO PRODUCT LTD.,90.0,HATSUN.NS,fuzzy
Greenlam Industr,GREENLAM,GREENLAM,INE544R01021,Greenlam Industries Ltd,90.0,GREENLAM.NS,fuzzy
Greenply Industr,GREENPLY,GREENPLY,INE461C01038,GREENPLY INDUSTRIES LTD.,90.0,GREENPLY.NS,fuzzy
Satin Creditcare,ITC,ITC,INE154A01025,ITC LTD.,90.0,ITC.NS,fuzzy
Schloss Bangal.,,CHLLTD,INE790D01020,CHL LTD.,90.0,CHLLTD.BO,fuzzy
Schneider Elect.,SCHNEIDER,SCHNEIDER,INE839M01018,SCHNEIDER ELECTRIC INFRASTRUCT,90.0,SCHNEIDER.NS,fuzzy
Rainbow Child.,RAIN,RAIN,INE855B01025,RAIN INDUSTRIES LIMITED,90.0,RAIN.NS,fuzzy
Rategain Travel,TEGA,TEGA,INE011K01018,Tega Industries Limited,90.0,TEGA.NS,fuzzy
Ratnamani Metals,RATNAMANI,RATNAMANI,INE703B01027,RATNAMANI METALS & TUBES LTD.,90.0,RATNAMANI.NS,fuzzy
Ratnaveer Precis,RECLTD,RECLTD,INE020B01018,REC LIMITED,90.0,RECLTD.NS,fuzzy
Rattanindia Ent,RTNINDIA,RTNINDIA,INE834M01019,RATTANINDIA ENTERPRISES LIMITE,90.0,RTNINDIA.NS,fuzzy
Hexaware Tech.,HEXT,HEXT,INE093A01041,Hexaware Technologies Limited,90.0,HEXT.NS,fuzzy
Himadri Special,HSCL,HSCL,INE019C01026,Himadri Speciality Chemical Lt,90.0,HSCL.NS,fuzzy
Gujarat Fluoroch,FLUOROCHEM,FLUOROCHEM,INE09N301011,Gujarat Fluorochemicals Limite,90.0,FLUOROCHEM.NS,fuzzy
Gulf Oil Lubric.,OIL,OIL,INE274J01014,OIL INDIA LTD.,90.0,OIL.NS,fuzzy
Happiest Minds,HAPPSTMNDS,HAPPSTMNDS,INE419U01012,Happiest Minds Technologies Li,90.0,HAPPSTMNDS.NS,fuzzy
Sadbhav Infra.,,SADBHIN,INE764L01010,Sadbhav Infrastructure Project,90.0,SADBHIN.BO,fuzzy
Arvind Smartsp.,ARVIND,ARVIND,INE034A01011,ARVIND LTD.,90.0,ARVIND.NS,fuzzy
Prestige Estates,PRESTIGE,PRESTIGE,INE811K01011,PRESTIGE ESTATES PROJECTS LTD.,90.0,PRESTIGE.NS,fuzzy
Bls Internat.,BLS,BLS,INE153T01027,BLS International Services Ltd,90.0,BLS.NS,fuzzy
Bluestone Jewel,BLUESTONE,BLUESTONE,INE304W01038,BlueStone Jewellery and Lifest,90.0,BLUESTONE.NS,fuzzy
Bombay Burmah,BBTC,BBTC,INE050A01025,The Bombay Burmah Trading Corp,90.0,BBTC.NS,fuzzy
Borosil Renew.,BOROLTD,BOROLTD,INE02PY01013,Borosil Limited,90.0,BOROLTD.NS,fuzzy
Bosch Home Comfo,BOSCHLTD,BOSCHLTD,INE323A01026,BOSCH LTD.,90.0,BOSCHLTD.NS,fuzzy
Hdfc Life Insur.,HDFCLIFE,HDFCLIFE,INE795G01014,HDFC LIFE INSURANCE COMPANY LI,90.0,HDFCLIFE.NS,fuzzy
Health.Global,GLOBAL,,INE291W01037,GLOBAL,90.0,GLOBAL.NS,fuzzy
Quality Power El,,QPOWER,INE0SII01026,QUALITY POWER ELECTRICAL EQUIP,90.0,QPOWER.BO,fuzzy
R Systems Intl.,EMSLIMITED,EMSLIMITED,INE0OV601013,EMS LIMITED,90.0,EMSLIMITED.NS,fuzzy
Rail Vikas,RVNL,RVNL,INE415G01027,Rail Vikas Nigam Limited,90.0,RVNL.NS,fuzzy
Prec. Fastners,RECLTD,RECLTD,INE020B01018,REC LIMITED,90.0,RECLTD.NS,fuzzy
Prince Pipes,PRINCEPIPE,PRINCEPIPE,INE689W01016,Prince Pipes and Fittings Limi,90.0,PRINCEPIPE.NS,fuzzy
Privi Speci.,PRIVISCL,PRIVISCL,INE959A01019,PRIVI SPECIALITY CHEMICALS LIM,90.0,PRIVISCL.NS,fuzzy
Protean Egov,PROTEAN,PROTEAN,INE004A01022,Protean eGov Technologies Limi,90.0,PROTEAN.NS,fuzzy
Prudent Corp.,PRUDENT,PRUDENT,INE00F201020,Prudent Corporate Advisory Ser,90.0,PRUDENT.NS,fuzzy
Ptc India Fin,PFS,PFS,INE560K01014,PTC INDIA FINANCIAL SERVICES L,90.0,PFS.NS,fuzzy
Ikio Tech,IKIO,IKIO,INE0LOJ01019,IKIO Technologies Limited,90.0,IKIO.NS,fuzzy
Hind.Construct.,CONS,,INF174KA1ZF8,CONS,90.0,CONS.NS,fuzzy
Hindware Home In,HINDWAREAP,HINDWAREAP,INE05AN01011,Hindware Home Innovation Limit,90.0,HINDWAREAP.NS,fuzzy
Home First Finan,HOMEFIRST,HOMEFIRST,INE481N01025,Home First Finance Company Ind,90.0,HOMEFIRST.NS,fuzzy
Honda India,HONDAPOWER,HONDAPOWER,INE634A01018,HONDA INDIA POWER PRODUCTS LIM,90.0,HONDAPOWER.NS,fuzzy
Aptus Value Hou.,APTUS,APTUS,INE852O01025,Aptus Value Housing Finance In,90.0,APTUS.NS,fuzzy
Arman Financial,ARMANFIN,ARMANFIN,INE109C01017,ARMAN FINANCIAL SERVICES LTD.,90.0,ARMANFIN.NS,fuzzy
Persistent Sys,SIS,SIS,INE285J01028,SIS LIMITED,90.0,SIS.NS,fuzzy
Onesource Speci.,ONESOURCE,ONESOURCE,INE013P01021,Onesource Specialty Pharma Lim,90.0,ONESOURCE.NS,fuzzy
Orissa Minerals,ORISSAMINE,ORISSAMINE,INE725E01024,ORISSA MINERALS DEVELOPMENT CO,90.0,ORISSAMINE.NS,fuzzy
Piramal Enterp.,,AMAL,INE841D01013,AMAL LTD.,90.0,AMAL.BO,fuzzy
Pitti Engg.,IT,,INF174KA1GC5,IT,90.0,IT.NS,fuzzy
Pngs Reva Diamo.,PNGSREVA,PNGSREVA,INE1RDG01013,PNGS Reva Diamond Jewellery Li,90.0,PNGSREVA.NS,fuzzy
Paradeep Phosph.,PAR,,INE04LG01015,PAR,90.0,PAR.NS,fuzzy
Paramount Comm.,PAR,,INE04LG01015,PAR,90.0,PAR.NS,fuzzy
Paras Defence,PARAS,PARAS,INE045601023,Paras Defence and Space Techno,90.0,PARAS.NS,fuzzy
Indrapr.Medical,DICIND,DICIND,INE303A01010,DIC INDIA LTD.,90.0,DICIND.NS,fuzzy
Iifl Capital,IIFLCAPS,IIFLCAPS,INE489L01022,IIFL CAPITAL SERVICES LIMITED,90.0,IIFLCAPS.NS,fuzzy
Pondy Oxides,POCL,POCL,INE063E01053,PONDY OXIDES & CHEMICALS LTD.,90.0,POCL.NS,fuzzy
Popular Vehicles,PVSL,PVSL,INE772T01024,Popular Vehicles and Services,90.0,PVSL.NS,fuzzy
Nucleus Soft.,NUCLEUS,NUCLEUS,INE096B01018,NUCLEUS SOFTWARE EXPORTS LTD.,90.0,NUCLEUS.NS,fuzzy
Nuvama Wealth,NUVAMA,NUVAMA,INE531F01023,Nuvama Wealth Management Limit,90.0,NUVAMA.NS,fuzzy
Nuvoco Vistas,NUVOCO,NUVOCO,INE118D01016,Nuvoco Vistas Corporation Limi,90.0,NUVOCO.NS,fuzzy
Ola Electric,OLAELEC,OLAELEC,INE0LXG01040,Ola Electric Mobility Limited,90.0,OLAELEC.NS,fuzzy
Omnitech Engg.,IT,,INF174KA1GC5,IT,90.0,IT.NS,fuzzy
One 97,PAYTM,PAYTM,INE982J01020,One 97 Communications Limited,90.0,PAYTM.NS,fuzzy
Interarch Build.,INTERARCH,INTERARCH,INE00M901018,Interarch Building Solutions L,90.0,INTERARCH.NS,fuzzy
Indian Metals,IMFA,IMFA,INE919H01018,INDIAN METALS & FERRO ALLOYS L,90.0,IMFA.NS,fuzzy
Indian Renewable,IREDA,IREDA,INE202E01016,Indian Renewable Energy Develo,90.0,IREDA.NS,fuzzy
Pearl Global Ind,GLOBAL,,INE291W01037,GLOBAL,90.0,GLOBAL.NS,fuzzy
Pennar Industrie,PENIND,PENIND,INE932A01024,PENNAR INDUSTRIES LTD.,90.0,PENIND.NS,fuzzy
Astra Microwave,ASTRAMICRO,ASTRAMICRO,INE386C01029,ASTRA MICROWAVE PRODUCTS LTD.,90.0,ASTRAMICRO.NS,fuzzy
One Mobikwik,MOBIKWIK,MOBIKWIK,INE0HLU01028,One Mobikwik Systems Limited,90.0,MOBIKWIK.NS,fuzzy
Onemi Technology,KISSHT,KISSHT,INE12F801023,OnEMI Technology Solutions Lim,90.0,KISSHT.NS,fuzzy
Niit Learning,NIITLTD,NIITLTD,INE161A01038,NIIT LTD.,90.0,NIITLTD.NS,fuzzy
Niva Bupa Health,NIVABUPA,NIVABUPA,INE995S01015,NIVA BUPA HEALTH INSURANCE COM,90.0,NIVABUPA.NS,fuzzy
Northern Arc,NORTHARC,NORTHARC,INE850M01015,Northern Arc Capital Ltd.,90.0,NORTHARC.NS,fuzzy
Ion Exchange,IONEXCHANG,IONEXCHANG,INE570A01022,ION EXCHANGE (INDIA) LTD.,90.0,IONEXCHANG.NS,fuzzy
Isgec Heavy,ISGEC,ISGEC,INE858B01029,ISGEC HEAVY ENGINEERING LTD.,90.0,ISGEC.NS,fuzzy
Itd Cem,IT,,INF174KA1GC5,IT,90.0,IT.NS,fuzzy
J B Chemicals &,CHEMICAL,,INF174KA1XV0,CHEMICAL,90.0,CHEMICAL.NS,fuzzy
Ingersoll-Rand,INGERRAND,INGERRAND,INE177A01018,INGERSOLL-RAND (INDIA) LTD.,90.0,INGERRAND.NS,fuzzy
P I Industries,,VVIPIL,INE0MNP01016,VVIP Infratech Limited,90.0,VVIPIL.BO,fuzzy
Mrs Bectors,BECTORFOOD,BECTORFOOD,INE495P01020,Mrs. Bectors Food Specialities,90.0,BECTORFOOD.NS,fuzzy
Nath Bio-Genes,NATHBIOGEN,NATHBIOGEN,INE448G01010,NATH BIO-GENES (INDIA) LTD,90.0,NATHBIOGEN.NS,fuzzy
Bikaji Foods,BIKAJI,BIKAJI,INE00E101023,Bikaji Foods International Lim,90.0,BIKAJI.NS,fuzzy
Billionbrains,GROWW,GROWW,INE0HOQ01053,Billionbrains Garage Ventures,90.0,GROWW.NS,fuzzy
International Ge,IGIL,IGIL,INE0Q9301021,International Gemological Inst,90.0,IGIL.NS,fuzzy
Inventurus Knowl,IKS,IKS,INE115Q01022,INVENTURUS KNOWLEDGE SOLUTIONS,90.0,IKS.NS,fuzzy
Nephrocare Healt,NEPHROPLUS,NEPHROPLUS,INE428V01029,Nephrocare Health Services Lim,90.0,NEPHROPLUS.NS,fuzzy
Netweb Technol.,NETWEB,NETWEB,INE0NT901020,NETWEB TECHNOLOGIES INDIA LIMI,90.0,NETWEB.NS,fuzzy
Network People,NPST,NPST,INE0FFK01017,Network People Services Techno,90.0,NPST.NS,fuzzy
New India Assura,NIACL,NIACL,INE470Y01017,The New India Assurance Compan,90.0,NIACL.NS,fuzzy
Newgen Software,NEWGEN,NEWGEN,INE619B01017,Newgen Software Technologies L,90.0,NEWGEN.NS,fuzzy
Mindspace Busine,,MINDSPACE,INE0CCU25019,Mindspace Business Parks REIT,90.0,MINDSPACE.BO,fuzzy
Motil.Oswal.Fin.,TIL,TIL,INE806C01018,TIL LTD.,90.0,TIL.NS,fuzzy
Awfis Space,AWFIS,AWFIS,INE108V01019,Awfis Space Solutions Limited,90.0,AWFIS.NS,fuzzy
Jain Resource,JAINREC,JAINREC,INE0YD401026,Jain Resource Recycling Limite,90.0,JAINREC.NS,fuzzy
Jana Small Finan,JSFB,JSFB,INE953L01027,JANA SMALL FINANCE BANK LIMITE,90.0,JSFB.NS,fuzzy
Jaro Institute,JARO,JARO,INE00YJ01010,Jaro Institute of Technology M,90.0,JARO.NS,fuzzy
Jio Financial,JIOFIN,JIOFIN,INE758E01017,Jio Financial Services Limited,90.0,JIOFIN.NS,fuzzy
Jk Tyre & Indust,JKTYRE,JKTYRE,INE573A01042,JK TYRE & INDUSTRIES LTD.,90.0,JKTYRE.NS,fuzzy
Belrise Industri,BELRISE,BELRISE,INE894V01022,BELRISE INDUSTRIES LIMITED,90.0,BELRISE.NS,fuzzy
Authum Invest,AIIL,AIIL,INE206F01022,Authum Investment & Infrastruc,90.0,AIIL.NS,fuzzy
Avalon Tech,AVALON,AVALON,INE0LCL01028,Avalon Technologies Limited,90.0,AVALON.NS,fuzzy
Mahindra Life.,MAHLIFE,MAHLIFE,INE813A01018,MAHINDRA LIFESPACE DEVELOPERS,90.0,MAHLIFE.NS,fuzzy
Axiscades Tech.,AXISCADES,AXISCADES,INE555B01013,AXISCADES TECHNOLOGIES LIMITED,90.0,AXISCADES.NS,fuzzy
Baazar Style,,STYLEBAAZA,INE01FR01028,Baazar Style Retail Limited,90.0,STYLEBAAZA.BO,fuzzy
Bajaj Holdings,BAJAJHLDNG,BAJAJHLDNG,INE118A01012,BAJAJ HOLDINGS & INVESTMENT LT,90.0,BAJAJHLDNG.NS,fuzzy
Manorama Indust.,MANORAMA,MANORAMA,INE00VM01036,Manorama Industries Limited,90.0,MANORAMA.NS,fuzzy
Johnson Con. Hit,IT,,INF174KA1GC5,IT,90.0,IT.NS,fuzzy
Jsw Infrast,JSWINFRA,JSWINFRA,INE880J01026,JSW Infrastructure Limited,90.0,JSWINFRA.NS,fuzzy
Natl.Fertilizer,TIL,TIL,INE806C01018,TIL LTD.,90.0,TIL.NS,fuzzy
Navneet Educat.,NAVNETEDUL,NAVNETEDUL,INE060A01024,NAVNEET EDUCATION LIMITED,90.32258064516128,NAVNETEDUL.NS,fuzzy
Shankara Build,BUILDPRO,BUILDPRO,INE24OJ01011,Shankara Buildpro Limited,90.32258064516128,BUILDPRO.NS,fuzzy
Fractal Analyt.,FRACTAL,FRACTAL,INE212S01015,Fractal Analytics Limited,90.32258064516128,FRACTAL.NS,fuzzy
Sundram Fasten.,SUNDRMFAST,SUNDRMFAST,INE387A01021,SUNDRAM FASTENERS LTD.,90.32258064516128,SUNDRMFAST.NS,fuzzy
Tata Technolog.,TATATECH,TATATECH,INE142M01025,Tata Technologies Limited,90.32258064516128,TATATECH.NS,fuzzy
Artemis Medicare,THEMISMED,THEMISMED,INE083B01024,THEMIS MEDICARE LTD.,90.32258064516128,THEMISMED.NS,fuzzy
Shankara Build.,BUILDPRO,BUILDPRO,INE24OJ01011,Shankara Buildpro Limited,90.32258064516128,BUILDPRO.NS,fuzzy
Kfin Technolog.,KFINTECH,KFINTECH,INE138Y01010,KFin Technologies Limited,90.32258064516128,KFINTECH.NS,fuzzy
Jk Lakshmi Cem.,JKLAKSHMI,JKLAKSHMI,INE786A01032,JK LAKSHMI CEMENT LTD.,90.32258064516128,JKLAKSHMI.NS,fuzzy
Optiemus Infra.,OPTIEMUS,OPTIEMUS,INE350C01017,OPTIEMUS INFRACOM LTD,90.32258064516128,OPTIEMUS.NS,fuzzy
Godrej Propert.,GODREJPROP,GODREJPROP,INE484J01027,GODREJ PROPERTIES LTD,90.32258064516128,GODREJPROP.NS,fuzzy
Ntpc Green Ene.,NTPCGREEN,NTPCGREEN,INE0ONG01011,NTPC GREEN ENERGY LIMITED,90.32258064516128,NTPCGREEN.NS,fuzzy
Allcargo Logist.,ALLCARGO,ALLCARGO,INE418H01029,ALLCARGO LOGISTICS LTD.,90.9090909090909,ALLCARGO.NS,fuzzy
Studds Accessor.,STUDDS,STUDDS,INE00Q601028,Studds Accessories Limited,90.9090909090909,STUDDS.NS,fuzzy
Anand Rathi Wea.,ANANDRATHI,ANANDRATHI,INE463V01026,Anand Rathi Wealth Limited,90.9090909090909,ANANDRATHI.NS,fuzzy
Varroc Engineer,VARROC,VARROC,INE665L01035,Varroc Engineering Limited,90.9090909090909,VARROC.NS,fuzzy
Centum Electron,CENTUM,CENTUM,INE320B01020,CENTUM ELECTRONICS LTD.,90.9090909090909,CENTUM.NS,fuzzy
Transrail Light,TRANSRAILL,TRANSRAILL,INE454P01035,Transrail Lighting Limited,90.9090909090909,TRANSRAILL.NS,fuzzy
M M Forgings,MMFL,MMFL,INE227C01017,M.M.FORGINGS LTD.,90.9090909090909,MMFL.NS,fuzzy
Krsnaa Diagnost.,KRSNAA,KRSNAA,INE08LI01020,Krsnaa Diagnostics Limited,90.9090909090909,KRSNAA.NS,fuzzy
Stanley Lifesty.,STANLEY,STANLEY,INE01A001028,STANLEY LIFESTYLES LIMITED,90.9090909090909,STANLEY.NS,fuzzy
Bharat Coking,BHARATCOAL,BHARATCOAL,INE05XR01022,BHARAT COKING COAL LIMITED,90.9090909090909,BHARATCOAL.NS,fuzzy
Atlanta Electric,,ATLANTAELE,INE0Z4F01028,Atlanta Electricals Limited,91.42857142857143,ATLANTAELE.BO,fuzzy
Indian Hume Pipe,INDIANHUME,INDIANHUME,INE323C01030,INDIAN HUME PIPE CO.LTD.,91.42857142857143,INDIANHUME.NS,fuzzy
Dreamfolks Servi,DREAMFOLKS,DREAMFOLKS,INE0JS101016,DREAMFOLKS SERVICES LIMITED,91.42857142857143,DREAMFOLKS.NS,fuzzy
M & B Engineer.,MBEL,MBEL,INE08N601015,M & B ENGINEERING LIMITED,91.42857142857143,MBEL.NS,fuzzy
Ventive Hospital,VENTIVE,VENTIVE,INE781S01027,Ventive Hospitality Limited,91.42857142857143,VENTIVE.NS,fuzzy
Wakefit Innovati,WAKEFIT,WAKEFIT,INE0E7301029,Wakefit Innovations Limited,91.42857142857143,WAKEFIT.NS,fuzzy
Onward Technolog,ONWARDTEC,ONWARDTEC,INE229A01017,ONWARD TECHNOLOGIES LTD.,91.42857142857143,ONWARDTEC.NS,fuzzy
Fusion Financepp,FUSION,FUSION,INE139R01012,FUSION FINANCE LIMITED,93.33333333333333,FUSION.NS,fuzzy
Jubilant Pharmo,JUBLPHARMA,JUBLPHARMA,INE700A01033,JUBILANT PHARMOVA LIMITED,93.75,JUBLPHARMA.NS,fuzzy
Ganesha Ecosphe.,GANECOS,GANECOS,INE845D01014,GANESHA ECOSPHERE LTD.,93.75,GANECOS.NS,fuzzy
Rpg Lifescience.,RPGLIFE,RPGLIFE,INE105J01010,RPG LIFE SCIENCES LTD.,93.75,RPGLIFE.NS,fuzzy
Campus Activewe.,CAMPUS,CAMPUS,INE278Y01022,Campus Activewear Limited,93.75,CAMPUS.NS,fuzzy
Kpit Technologi.,KPITTECH,KPITTECH,INE04I401011,KPIT Technologies Ltd,93.75,KPITTECH.NS,fuzzy
Sundaram Clayton,SUNCLAY,SUNCLAY,INE0Q3R01026,SUNDARAM-CLAYTON LIMITED,93.75,SUNCLAY.NS,fuzzy
Jubilant Ingrev.,JUBLINGREA,JUBLINGREA,INE0BY001018,Jubilant Ingrevia Limited,93.75,JUBLINGREA.NS,fuzzy
Info Edg.(India),NAUKRI,NAUKRI,INE663F01032,INFO EDGE (INDIA) LTD.,93.75,NAUKRI.NS,fuzzy
Supreme Petroch.,SPLPETRO,SPLPETRO,INE663A01033,SUPREME PETROCHEM LTD.,93.75,SPLPETRO.NS,fuzzy
Ifgl Refractori.,IFGLEXPOR,IFGLEXPOR,INE133Y01011,IFGL Refractories Limited,93.75,IFGLEXPOR.NS,fuzzy
Awl Agri Busine.,AWL,AWL,INE699H01024,AWL AGRI BUSINESS LIMITED,93.75,AWL.NS,fuzzy
Insolation Ener,INA,INA,INE0LGX01024,INSOLATION ENERGY LIMITED,93.75,INA.NS,fuzzy
Himatsing. Seide,HIMATSEIDE,HIMATSEIDE,INE049A01027,HIMATSINGKA SEIDE LTD.,93.75,HIMATSEIDE.NS,fuzzy
Digitide Solutio,DIGITIDE,DIGITIDE,INE0U4701011,Digitide Solutions Limited,94.11764705882352,DIGITIDE.NS,fuzzy
Anthem Bioscienc,ANTHEM,ANTHEM,INE0CZ201020,Anthem Biosciences Limited,94.11764705882352,ANTHEM.NS,fuzzy
Astec Lifescienc,ASTEC,ASTEC,INE563J01010,ASTEC LIFESCIENCES LIMITED,94.11764705882352,ASTEC.NS,fuzzy
Astrazeneca Phar,ASTRAZEN,ASTRAZEN,INE203A01020,ASTRAZENECA PHARMA INDIA LTD.,94.11764705882352,ASTRAZEN.NS,fuzzy
Mishra Dhatu Nig,MIDHANI,MIDHANI,INE099Z01011,Mishra Dhatu Nigam Limited,94.11764705882352,MIDHANI.NS,fuzzy
Gallantt Ispat L,GALLANTT,GALLANTT,INE297H01019,GALLANTT ISPAT LIMITED,95.0,GALLANTT.NS,fuzzy
Hyundai Motor I,HYUNDAI,HYUNDAI,INE0V6F01027,HYUNDAI MOTOR INDIA LIMITED,95.0,HYUNDAI.NS,fuzzy
Fino Payments,FINOPB,FINOPB,INE02NC01014,Fino Payments Bank Limited,95.0,FINOPB.NS,fuzzy
Flair Writing,FLAIR,FLAIR,INE00Y201027,Flair Writing Industries Limit,95.0,FLAIR.NS,fuzzy
Bharti Airtel Pp,BHARTIARTL,BHARTIARTL,INE397D01024,BHARTI AIRTEL LTD.,95.0,BHARTIARTL.NS,fuzzy
West Coast Paper,WSTCSTPAPR,WSTCSTPAPR,INE976A01021,West Coast Paper Mills Limited,95.0,WSTCSTPAPR.NS,fuzzy
Archean Chemical,ACI,ACI,INE128X01021,Archean Chemical Industries Li,95.0,ACI.NS,fuzzy
Phoenix Mills,PHOENIXLTD,PHOENIXLTD,INE211B01039,THE PHOENIX MILLS LTD,95.0,PHOENIXLTD.NS,fuzzy
Jindal Drilling,JINDRILL,JINDRILL,INE742C01031,JINDAL DRILLING & INDUSTRIES L,95.0,JINDRILL.NS,fuzzy
Bosch Home Comfort,BOSCH-HCIL,BOSCH-HCIL,INE782A01015,BOSCH HOME COMFORT INDIA LIMIT,95.0,BOSCH-HCIL.NS,fuzzy
Balrampur Chini,BALRAMCHIN,BALRAMCHIN,INE119A01028,BALRAMPUR CHINI MILLS LTD.,95.0,BALRAMCHIN.NS,fuzzy
Vardhman Special,VSSL,VSSL,INE050M01012,VARDHMAN SPECIAL STEELS LTD.,95.0,VSSL.NS,fuzzy
Quadrant Future,QUADFUTURE,QUADFUTURE,INE0LRY01011,Quadrant Future Tek Limited,95.0,QUADFUTURE.NS,fuzzy
Central Bank,CENTRALBK,CENTRALBK,INE483A01010,CENTRAL BANK OF INDIA,95.0,CENTRALBK.NS,fuzzy
Transindia Real,TREL,TREL,INE0O3901029,Transindia Real Estate Limited,95.0,TREL.NS,fuzzy
Kirloskar Oil,KIRLOSIND,KIRLOSIND,INE250A01039,KIRLOSKAR INDUSTRIES LTD,95.0,KIRLOSIND.NS,fuzzy
Tube Investments,TIINDIA,TIINDIA,INE974X01010,Tube Investments of India Ltd,95.0,TIINDIA.NS,fuzzy
Laxmi Organic,LXCHEM,LXCHEM,INE576O01020,Laxmi Organic Industries Limit,95.0,LXCHEM.NS,fuzzy
Rajratan Global,RAJRATAN,RAJRATAN,INE451D01029,RAJRATAN GLOBAL WIRE LTD.,95.0,RAJRATAN.NS,fuzzy
Bajaj Consumer,BAJAJCON,BAJAJCON,INE933K01021,BAJAJ CONSUMER CARE LIMITED,95.0,BAJAJCON.NS,fuzzy
Intellect Design,INTELLECT,INTELLECT,INE306R01017,INTELLECT DESIGN ARENA LIMITED,95.0,INTELLECT.NS,fuzzy
Dishman Carbogen,DCAL,DCAL,INE385W01011,Dishman Carbogen Amcis Limited,95.0,DCAL.NS,fuzzy
Marathon Nextgen,MARATHON,MARATHON,INE182D01020,MARATHON NEXTGEN REALTY LTD.,95.0,MARATHON.NS,fuzzy
Asahi India Glas,ASAHIINDIA,ASAHIINDIA,INE439A01020,ASAHI INDIA GLASS LTD.,95.23809523809523,ASAHIINDIA.NS,fuzzy
S P Apparels,SPAL,SPAL,INE212I01016,S.P. Apparels Limited,95.65217391304348,SPAL.NS,fuzzy
C.E. Info System,MAPMYINDIA,MAPMYINDIA,INE0BV301023,C.E. Info Systems Limited,96.55172413793103,MAPMYINDIA.NS,fuzzy
International Gemological Instit,IGIL,IGIL,INE0Q9301021,International Gemological Inst,96.7741935483871,IGIL.NS,fuzzy
Relaxo Footwear,RELAXO,RELAXO,INE131B01039,RELAXO FOOTWEARS LTD.,96.7741935483871,RELAXO.NS,fuzzy
Acutaas Chemical,ACUTAAS,ACUTAAS,INE00FF01025,ACUTAAS CHEMICALS LIMITED,96.96969696969697,ACUTAAS.NS,fuzzy
Vindhya Telelink,VINDHYATEL,VINDHYATEL,INE707A01012,VINDHYA TELELINKS LTD.,96.96969696969697,VINDHYATEL.NS,fuzzy
Wonderla Holiday,WONDERLA,WONDERLA,INE066O01014,WONDERLA HOLIDAYS LTD,96.96969696969697,WONDERLA.NS,fuzzy
Bajaj Electrical,BAJAJELEC,BAJAJELEC,INE193E01025,BAJAJ ELECTRICALS LTD.,96.96969696969697,BAJAJELEC.NS,fuzzy
Mtar Technologie,MTARTECH,MTARTECH,INE864I01014,MTAR Technologies Limited,96.96969696969697,MTARTECH.NS,fuzzy
Patel Engineerin,PATELENG,PATELENG,INE244B01030,PATEL ENGINEERING LTD.,96.96969696969697,PATELENG.NS,fuzzy
Olectra Greentec,OLECTRA,OLECTRA,INE260D01016,OLECTRA GREENTECH LIMITED,96.96969696969697,OLECTRA.NS,fuzzy
Blue Dart Expres,BLUEDART,BLUEDART,INE233B01017,BLUE DART EXPRESS LTD.,96.96969696969697,BLUEDART.NS,fuzzy
Raymond Lifestyl,RAYMONDLSL,RAYMONDLSL,INE02ID01020,Raymond Lifestyle Limited,96.96969696969697,RAYMONDLSL.NS,fuzzy
Rashi Peripheral,RPTECH,RPTECH,INE0J1F01024,Rashi Peripherals Limited,96.96969696969697,RPTECH.NS,fuzzy
Gufic Bioscience,GUFICBIO,GUFICBIO,INE742B01025,GUFIC BIOSCIENCES LTD.,96.96969696969697,GUFICBIO.NS,fuzzy
Sanathan Textile,SANATHAN,SANATHAN,INE0JPD01013,Sanathan Textiles Limited,96.96969696969697,SANATHAN.NS,fuzzy
Shankara Buildpr,BUILDPRO,BUILDPRO,INE24OJ01011,Shankara Buildpro Limited,96.96969696969697,BUILDPRO.NS,fuzzy
G R Infraproject,GRINFRA,GRINFRA,INE201P01022,G R Infraprojects Limited,96.96969696969697,GRINFRA.NS,fuzzy
All Time Plastic,ALLTIME,ALLTIME,INE0GV601021,ALL TIME PLASTICS LIMITED,96.96969696969697,ALLTIME.NS,fuzzy
Euro Pratik Sale,EUROPRATIK,EUROPRATIK,INE198501012,EURO PRATIK SALES LIMITED,96.96969696969697,EUROPRATIK.NS,fuzzy
Lemon Tree Hotel,LEMONTREE,LEMONTREE,INE970X01018,Lemon Tree Hotels Limited,96.96969696969697,LEMONTREE.NS,fuzzy
Eris Lifescience,ERIS,ERIS,INE406M01024,Eris Lifesciences Limited,96.96969696969697,ERIS.NS,fuzzy
Amanta Healthcar,AMANTA,AMANTA,INE084K01015,Amanta Healthcare Limited,96.96969696969697,AMANTA.NS,fuzzy
Td Power Systems,TDPOWERSYS,TDPOWERSYS,INE419M01027,T D POWER SYSTEMS LTD.,96.96969696969697,TDPOWERSYS.NS,fuzzy
The Ramco Cement,RAMCOCEM,RAMCOCEM,INE331A01037,THE RAMCO CEMENTS LIMITED,96.96969696969697,RAMCOCEM.NS,fuzzy
Cemindia Project,CEMPRO,CEMPRO,INE686A01026,Cemindia Projects Limited,96.96969696969697,CEMPRO.NS,fuzzy
United Foodbrand,UFBL,UFBL,INE382M01027,UNITED FOODBRANDS LIMITED,96.96969696969697,UFBL.NS,fuzzy
Vardhman Textile,VTL,VTL,INE825A01020,VARDHMAN TEXTILES LTD.,96.96969696969697,VTL.NS,fuzzy
Viyash Scientifi,VIYASH,VIYASH,INE807F01027,VIYASH SCIENTIFIC LIMITED,96.96969696969697,VIYASH.NS,fuzzy
Keystone Realtor,RUSTOMJEE,RUSTOMJEE,INE263M01029,Keystone Realtors Limited,96.96969696969697,RUSTOMJEE.NS,fuzzy
Kec Internationa,KEC,KEC,INE389H01022,KEC INTERNATIONAL LTD.,96.96969696969697,KEC.NS,fuzzy
Ksh Internationa,KSHINTL,KSHINTL,INE987S01020,KSH INTERNATIONAL LIMITED,96.96969696969697,KSHINTL.NS,fuzzy
Standard Engineering Technology,SETL,SETL,INE0M4D01010,STANDARD ENGINEERING TECHNOLOG,98.36065573770492,SETL.NS,fuzzy
Adani Energy Sol,ADANIENSOL,ADANIENSOL,INE931S01010,Adani Energy Solutions Limited,100.0,ADANIENSOL.NS,common_map
Adani Enterp.,ADANIENT,ADANIENT,INE423A01024,ADANI ENTERPRISES LTD.,100.0,ADANIENT.NS,common_map
Adani Green,ADANIGREEN,ADANIGREEN,INE364U01010,Adani Green Energy Limited,100.0,ADANIGREEN.NS,common_map
Adani Ports,ADANIPORTS,ADANIPORTS,INE742F01042,ADANI PORTS AND SPECIAL ECONOM,100.0,ADANIPORTS.NS,common_map
Adani Power,ADANIPOWER,ADANIPOWER,INE814H01029,ADANI POWER LTD.,100.0,ADANIPOWER.NS,common_map
Aditya Infotech,CPPLUS,CPPLUS,INE819V01029,Aditya Infotech Limited,100.0,CPPLUS.NS,fuzzy
Aditya Vision,AVL,AVL,INE679V01027,Aditya Vision Limited,100.0,AVL.NS,fuzzy
Ador Welding,ADOR,ADOR,INE045A01017,ADOR WELDING LTD.,100.0,ADOR.NS,fuzzy
Welspun Corp,WELCORP,WELCORP,INE191B01025,WELSPUN CORP LIMITED,100.0,WELCORP.NS,common_map
Welspun Living,WELSPUNLIV,WELSPUNLIV,INE192B01031,WELSPUN LIVING LIMITED,100.0,WELSPUNLIV.NS,fuzzy
Xpro India,XPROINDIA,XPROINDIA,INE445C01015,XPRO INDIA LTD.,100.0,XPROINDIA.NS,fuzzy
Yash Highvoltage,,YASHHV,INE00GK01023,Yash Highvoltage Limited,100.0,YASHHV.BO,fuzzy
Yasho Industries,YASHO,YASHO,INE616Z01012,YASHO INDUSTRIES LIMITED,100.0,YASHO.NS,exact
Yatra Online,YATRA,YATRA,INE0JR601024,YATRA ONLINE LIMITED,100.0,YATRA.NS,fuzzy
Yes Bank,YESBANK,YESBANK,INE528G01035,YES BANK LTD.,100.0,YESBANK.NS,exact
Yuken India,YUKEN,YUKEN,INE384C01016,YUKEN INDIA LTD.,100.0,YUKEN.NS,exact
Zen Technologies,ZENTEC,ZENTEC,INE251B01027,ZEN TECHNOLOGIES LTD.,100.0,ZENTEC.NS,fuzzy
Zensar Tech.,ZENSARTECH,ZENSARTECH,INE520A01027,ZENSAR TECHNOLOGIES LTD.,100.0,ZENSARTECH.NS,exact
Zuari Industries,ZUARI,ZUARI,INE840M01016,ZUARI AGRO CHEMICALS LTD.,100.0,ZUARI.NS,exact
La Opala Rg,LAOPALA,LAOPALA,INE059D01020,LA OPALA RG LTD.,100.0,LAOPALA.NS,fuzzy
Landmark Cars,LANDMARK,LANDMARK,INE559R01029,LANDMARK CARS LIMITED,100.0,LANDMARK.NS,fuzzy
Larsen & Toubro,LT,LT,INE018A01030,LARSEN & TOUBRO LTD.,100.0,LT.NS,common_map
Latent View,LATENTVIEW,LATENTVIEW,INE0I7C01011,Latent View Analytics Limited,100.0,LATENTVIEW.NS,exact
Laurus Labs,LAURUSLABS,LAURUSLABS,INE947Q01028,Laurus Labs Limited,100.0,LAURUSLABS.NS,exact
Laxmi Dental,LAXMIDENTL,LAXMIDENTL,INE0WO601020,Laxmi Dental Limited,100.0,LAXMIDENTL.NS,fuzzy
Kotak Mah. Bank,KOTAKBANK,KOTAKBANK,INE237A01036,KOTAK MAHINDRA BANK LTD.,100.0,KOTAKBANK.NS,common_map
Kpi Green Energy,KPIGREEN,KPIGREEN,INE542W01025,KPI Green Energy Limited,100.0,KPIGREEN.NS,fuzzy
Balaji Amines,BALAMINES,BALAMINES,INE050E01027,BALAJI AMINES LTD.,100.0,BALAMINES.NS,fuzzy
Balkrishna Inds,BALKRISHNA,BALKRISHNA,INE875R01011,Balkrishna Paper Mills Ltd.,100.0,BALKRISHNA.NS,exact
Bandhan Bank,BANDHANBNK,BANDHANBNK,INE545U01014,Bandhan Bank Limited,100.0,BANDHANBNK.NS,fuzzy
Bank Of Baroda,BANKBARODA,BANKBARODA,INE028A01039,BANK OF BARODA,100.0,BANKBARODA.NS,common_map
Bank Of India,BANKINDIA,BANKINDIA,INE084A01016,BANK OF INDIA,100.0,BANKINDIA.NS,fuzzy
Bank Of Maha,MAHABANK,MAHABANK,INE457A01014,BANK OF MAHARASHTRA,100.0,MAHABANK.NS,common_map
Bansal Wire Inds,BANSALWIRE,BANSALWIRE,INE0B9K01025,Bansal Wire Industries Limited,100.0,BANSALWIRE.NS,exact
Basf India,BASF,BASF,INE373A01013,BASF INDIA LTD.,100.0,BASF.NS,exact
Bata India,BATAINDIA,BATAINDIA,INE176A01028,BATA INDIA LTD.,100.0,BATAINDIA.NS,fuzzy
L T Foods,LTFOODS,LTFOODS,INE818H01020,LT FOODS LTD.,100.0,LTFOODS.NS,exact
L&T Finance Ltd,LTF,LTF,INE498L01015,L&T Finance Limited,100.0,LTF.NS,fuzzy
Krbl,KRBL,KRBL,INE001B01026,KRBL LTD.,100.0,KRBL.NS,exact
Kross Ltd,KROSS,KROSS,INE0O6601022,Kross Limited,100.0,KROSS.NS,exact
Ksb,KSB,KSB,INE999A01023,KSB LIMITED,100.0,KSB.NS,exact
Ksr Footwear,,KSR,INE1SPP01016,KSR Footwear Limited,100.0,KSR.BO,fuzzy
Kec International,KEC,KEC,INE389H01022,KEC INTERNATIONAL LTD.,100.0,KEC.NS,fuzzy
Kei Industries,KEI,KEI,INE878B01027,KEI INDUSTRIES LTD.,100.0,KEI.NS,exact
Kennametal India,KENNAMET,KENNAMET,INE717A01029,KENNAMETAL INDIA LTD.,100.0,KENNAMET.NS,fuzzy
Mangalam Cement,MANGLMCEM,MANGLMCEM,INE347A01017,MANGALAM CEMENT LTD.,100.0,MANGLMCEM.NS,fuzzy
Lg Electronics,LGEINDIA,LGEINDIA,INE324D01010,LG Electronics India Limited,100.0,LGEINDIA.NS,fuzzy
Linde India,LINDEINDIA,LINDEINDIA,INE473A01011,Linde India Limited,100.0,LINDEINDIA.NS,fuzzy
Lmw,LMW,LMW,INE269B01029,LMW Limited,100.0,LMW.NS,exact
Lodha Developers,LODHA,LODHA,INE670K01029,Lodha Developers Limited,100.0,LODHA.NS,fuzzy
Ltm,LTM,LTM,INE214T01019,LTM LIMITED,100.0,LTM.NS,exact
Lumax Industries,LUMAXIND,LUMAXIND,INE162B01018,LUMAX INDUSTRIES LTD.,100.0,LUMAXIND.NS,fuzzy
Lupin,LUPIN,LUPIN,INE326A01037,LUPIN LTD.,100.0,LUPIN.NS,common_map
Bajel Projects,BAJEL,BAJEL,INE0KQN01018,Bajel Projects Limited,100.0,BAJEL.NS,fuzzy
Khadim India,KHADIM,KHADIM,INE834I01025,Khadim India Limited,100.0,KHADIM.NS,exact
Jupiter Wagons,JWL,JWL,INE209L01016,JUPITER WAGONS LIMITED,100.0,JWL.NS,fuzzy
Just Dial,JUSTDIAL,JUSTDIAL,INE599M01018,JUST DIAL LTD.,100.0,JUSTDIAL.NS,exact
Jyothy Labs,JYOTHYLAB,JYOTHYLAB,INE668F01031,JYOTHY LABS LIMITED,100.0,JYOTHYLAB.NS,fuzzy
K P R Mill Ltd,KPRMILL,KPRMILL,INE930H01031,K.P.R.MILL LIMITED,100.0,KPRMILL.NS,exact
Kajaria Ceramics,KAJARIACER,KAJARIACER,INE217B01036,KAJARIA CERAMICS LTD.,100.0,KAJARIACER.NS,fuzzy
Kalyan Jewellers,KALYANKJIL,KALYANKJIL,INE303R01014,Kalyan Jewellers India Limited,100.0,KALYANKJIL.NS,fuzzy
Kalyani Steels,KSL,KSL,INE907A01026,KALYANI STEELS LTD.,100.0,KSL.NS,fuzzy
Marico,MARICO,MARICO,INE196A01026,MARICO LTD.,100.0,MARICO.NS,common_map
Marksans Pharma,MARKSANS,MARKSANS,INE750C01026,MARKSANS PHARMA LTD.,100.0,MARKSANS.NS,common_map
Maruti Suzuki,MARUTI,MARUTI,INE585B01010,MARUTI SUZUKI INDIA LTD.,100.0,MARUTI.NS,common_map
Mastek,MASTEK,MASTEK,INE759A01021,MASTEK LTD.,100.0,MASTEK.NS,exact
Matrimony.Com,MATRIMONY,MATRIMONY,INE866R01028,Matrimony.com Limited,100.0,MATRIMONY.NS,fuzzy
Max Estates,MAXESTATES,MAXESTATES,INE03EI01018,Max Estates Limited,100.0,MAXESTATES.NS,exact
Mayur Uniquoters,MAYURUNIQ,MAYURUNIQ,INE040D01038,MAYUR UNIQUOTERS LTD.,100.0,MAYURUNIQ.NS,fuzzy
M R P L,MRPL,MRPL,INE103A01014,MANGALORE REFINERY & PETROCHEM,100.0,MRPL.NS,exact
Mahanagar Gas,MGL,MGL,INE002S01010,Mahanagar Gas Limited,100.0,MGL.NS,fuzzy
Man Infra,MANINFRA,MANINFRA,INE949H01023,MAN INFRACONSTRUCTION LTD.,100.0,MANINFRA.NS,exact
Axis Bank,AXISBANK,AXISBANK,INE238A01034,AXIS BANK LTD.,100.0,AXISBANK.NS,common_map
Aye Finance,AYE,AYE,INE501X01029,Aye Finance Limited,100.0,AYE.NS,fuzzy
Azad Engineering,AZAD,AZAD,INE02IJ01035,Azad Engineering Limited,100.0,AZAD.NS,fuzzy
B H E L,BHEL,BHEL,INE257A01026,BHARAT HEAVY ELECTRICALS LTD.,100.0,BHEL.NS,common_map
B P C L,BPCL,BPCL,INE029A01011,BHARAT PETROLEUM CORPORATION L,100.0,BPCL.NS,exact
Bajaj Auto,BAJAJ-AUTO,BAJAJ-AUTO,INE917I01010,BAJAJ AUTO LTD.,100.0,BAJAJ-AUTO.NS,common_map
Bajaj Finance,BAJFINANCE,BAJFINANCE,INE296A01032,BAJAJ FINANCE LIMITED,100.0,BAJFINANCE.NS,common_map
Bajaj Finserv,BAJFINANCE,BAJFINANCE,INE296A01032,BAJAJ FINANCE LIMITED,100.0,BAJFINANCE.NS,common_map
Mankind Pharma,MANKIND,MANKIND,INE634S01028,Mankind Pharma Limited,100.0,MANKIND.NS,fuzzy
Karnataka Bank,KTKBANK,KTKBANK,INE614B01018,KARNATAKA BANK LTD.,100.0,KTKBANK.NS,fuzzy
Karur Vysya Bank,KARURVYSYA,KARURVYSYA,INE036D01028,KARUR VYSYA BANK LTD.,100.0,KARURVYSYA.NS,fuzzy
Jm Financial,JMFINANCIL,JMFINANCIL,INE780C01023,JM FINANCIAL LTD.,100.0,JMFINANCIL.NS,fuzzy
Jnk,JNKINDIA,JNKINDIA,INE0OAF01028,JNK India Limited,100.0,JNKINDIA.NS,fuzzy
Jsw Cement,JSWCEMENT,JSWCEMENT,INE718I01012,JSW CEMENT LIMITED,100.0,JSWCEMENT.NS,exact
Jsw Dulux,JSWDULUX,JSWDULUX,INE133A01011,JSW Dulux Limited,100.0,JSWDULUX.NS,exact
Jsw Energy,JSWENERGY,JSWENERGY,INE121E01018,JSW ENERGY LTD,100.0,JSWENERGY.NS,exact
Jsw Holdings,JSWHL,JSWHL,INE824G01012,JSW HOLDINGS LIMITED,100.0,JSWHL.NS,fuzzy
Jsw Steel,JSWSTEEL,JSWSTEEL,INE019A01038,JSW STEEL LTD.,100.0,JSWSTEEL.NS,common_map
Jtekt India,JTEKTINDIA,JTEKTINDIA,INE643A01035,JTEKT India Ltd,100.0,JTEKTINDIA.NS,fuzzy
Jtl Industries,JTLIND,JTLIND,INE391J01032,JTL INDUSTRIES LIMITED,100.0,JTLIND.NS,fuzzy
Juniper Hotels,JUNIPER,JUNIPER,INE696F01016,Juniper Hotels Limited,100.0,JUNIPER.NS,fuzzy
Nava,NAVA,NAVA,INE725A01030,NAVA LIMITED,100.0,NAVA.NS,exact
Meesho,MEESHO,MEESHO,INE0VDM01015,Meesho Limited,100.0,MEESHO.NS,exact
Metro Brands,METROBRAND,METROBRAND,INE317I01021,Metro Brands Limited,100.0,METROBRAND.NS,fuzzy
Midwest,MIDWESTLTD,MIDWESTLTD,INE0XAD01024,Midwest Limited,100.0,MIDWESTLTD.NS,fuzzy
Moil,MOIL,MOIL,INE490G01020,MOIL LTD.,100.0,MOIL.NS,exact
Mphasis,MPHASIS,MPHASIS,INE356A01018,MPHASIS LTD.,100.0,MPHASIS.NS,exact
Mps,MPSLTD,MPSLTD,INE943D01017,MPS LTD.,100.0,MPSLTD.NS,fuzzy
Jagran Prakashan,JAGRAN,JAGRAN,INE199G01027,JAGRAN PRAKASHAN LTD.,100.0,JAGRAN.NS,fuzzy
Jamna Auto Inds.,JAMNAAUTO,JAMNAAUTO,INE039C01032,JAMNA AUTO INDUSTRIES LTD.,100.0,JAMNAAUTO.NS,exact
Jayaswal Neco,JAYNECOIND,JAYNECOIND,INE854B01010,JAYASWAL NECO INDUSTRIES LTD.,100.0,JAYNECOIND.NS,fuzzy
Jindal Saw,JINDALSAW,JINDALSAW,INE324A01032,JINDAL SAW LTD.,100.0,JINDALSAW.NS,exact
Jindal Steel,JINDALSTEL,JINDALSTEL,INE749A01030,JINDAL STEEL LIMITED,100.0,JINDALSTEL.NS,common_map
Jk Paper,JKPAPER,JKPAPER,INE789E01012,JK PAPER LTD.,100.0,JKPAPER.NS,exact
Beml Land Assets,BLAL,BLAL,INE0N7W01012,BEML Land Assets Limited,100.0,BLAL.NS,fuzzy
Beml Ltd,BEML,BEML,INE258A01024,BEML LTD.,100.0,BEML.NS,exact
Ather Energy,ATHERENERG,ATHERENERG,INE0LEZ01016,Ather Energy Limited,100.0,ATHERENERG.NS,fuzzy
Atul,ATUL,ATUL,INE100A01010,ATUL LTD.,100.0,ATUL.NS,exact
Au Small Finance,AUBANK,AUBANK,INE949L01017,AU Small Finance Bank Limited,100.0,AUBANK.NS,common_map
Aurobindo Pharma,AUROPHARMA,AUROPHARMA,INE406A01037,AUROBINDO PHARMA LTD.,100.0,AUROPHARMA.NS,common_map
Automotive Axles,AUTOAXLES,AUTOAXLES,INE449A01011,AUTOMOTIVE AXLES LTD.,100.0,AUTOAXLES.NS,fuzzy
Avanti Feeds,AVANTIFEED,AVANTIFEED,INE871C01038,AVANTI FEEDS LTD.,100.0,AVANTIFEED.NS,fuzzy
Mrf,MRF,MRF,INE883A01011,MRF LTD.,100.0,MRF.NS,exact
Mstc,MSTCLTD,MSTCLTD,INE255X01014,MSTC Limited,100.0,MSTCLTD.NS,fuzzy
Muthoot Finance,MUTHOOTFIN,MUTHOOTFIN,INE414G01012,MUTHOOT FINANCE LTD.,100.0,MUTHOOTFIN.NS,common_map
Natco Pharma,NATCOPHARM,NATCOPHARM,INE987B01026,NATCO PHARMA LTD.,100.0,NATCOPHARM.NS,common_map
Berger Paints,BERGEPAINT,BERGEPAINT,INE463A01038,BERGER PAINTS INDIA LTD.,100.0,BERGEPAINT.NS,fuzzy
Best Agrolife,BESTAGRO,BESTAGRO,INE052T01021,BEST AGROLIFE LIMITED,100.0,BESTAGRO.NS,fuzzy
Bharat Bijlee,BBL,BBL,INE464A01036,BHARAT BIJLEE LTD.,100.0,BBL.NS,fuzzy
Bharat Dynamics,BDL,BDL,INE171Z01026,Bharat Dynamics Limited,100.0,BDL.NS,fuzzy
Bharat Electron,BEL,BEL,INE263A01024,BHARAT ELECTRONICS LTD.,100.0,BEL.NS,common_map
Bharat Forge,BHARATFORG,BHARATFORG,INE465A01025,BHARAT FORGE LTD.,100.0,BHARATFORG.NS,common_map
Bharat Rasayan,BHARATRAS,BHARATRAS,INE838B01021,BHARAT RASAYAN LTD.,100.0,BHARATRAS.NS,fuzzy
Bharti Airtel,BHARTIARTL,BHARTIARTL,INE397D01024,BHARTI AIRTEL LTD.,100.0,BHARTIARTL.NS,common_map
Bharti Hexacom,BHARTIHEXA,BHARTIHEXA,INE343G01021,Bharti Hexacom Limited,100.0,BHARTIHEXA.NS,fuzzy
Nbcc,NBCC,NBCC,INE095N01031,NBCC (India) Limited,100.0,NBCC.NS,exact
Ncc,NCC,NCC,INE868B01028,NCC LIMITED,100.0,NCC.NS,common_map
Neogen Chemicals,NEOGEN,NEOGEN,INE136S01016,Neogen Chemicals Limited,100.0,NEOGEN.NS,fuzzy
Nesco,NESCO,NESCO,INE317F01035,NESCO LTD.,100.0,NESCO.NS,exact
Nestle India,NESTLEIND,NESTLEIND,INE239A01024,NESTLE INDIA LTD.,100.0,NESTLEIND.NS,common_map
Nhpc Ltd,NHPC,NHPC,INE848E01016,NHPC LTD.,100.0,NHPC.NS,exact
Astral,ASTRAL,ASTRAL,INE006I01046,ASTRAL LIMITED,100.0,ASTRAL.NS,exact
Niit,NIITLTD,NIITLTD,INE161A01038,NIIT LTD.,100.0,NIITLTD.NS,fuzzy
Nilkamal Ltd,NILKAMAL,NILKAMAL,INE310A01015,NILKAMAL LTD.,100.0,NILKAMAL.NS,exact
Nirlon,NIRLON,NIRLON,INE910A01012,NIRLON LTD.,100.0,NIRLON.NS,exact
Nitin Spinners,NITINSPIN,NITINSPIN,INE229H01012,NITIN SPINNERS LTD.,100.0,NITINSPIN.NS,fuzzy
Nlc India,NLCINDIA,NLCINDIA,INE589A01014,NLC India Limited,100.0,NLCINDIA.NS,fuzzy
Nmdc,NMDC,NMDC,INE584A01023,NMDC LTD.,100.0,NMDC.NS,exact
Nmdc Steel,NSLNISP,NSLNISP,INE0NNS01018,NMDC Steel Limited,100.0,NSLNISP.NS,fuzzy
Nocil,NOCIL,NOCIL,INE163A01018,NOCIL LTD.,100.0,NOCIL.NS,exact
Nrb Bearings,NRBBEARING,NRBBEARING,INE349A01021,NRB BEARINGS LTD.,100.0,NRBBEARING.NS,fuzzy
Ntpc,NTPC,NTPC,INE733E01010,NTPC LTD.,100.0,NTPC.NS,common_map
Ntpc Green,NTPCGREEN,NTPCGREEN,INE0ONG01011,NTPC GREEN ENERGY LIMITED,100.0,NTPCGREEN.NS,exact
Irb Invit Fund,,IRBINVIT,INE183W23014,IRB InvIT Fund,100.0,IRBINVIT.BO,fuzzy
Irm Energy,IRMENERGY,IRMENERGY,INE07U701015,IRM ENERGY LIMITED,100.0,IRMENERGY.NS,exact
Itc,ITC,ITC,INE154A01025,ITC LTD.,100.0,ITC.NS,common_map
Itc Hotels,ITCHOTELS,ITCHOTELS,INE379A01028,ITC Hotels Limited,100.0,ITCHOTELS.NS,exact
Indraprastha Gas,IGL,IGL,INE203G01027,INDRAPRASTHA GAS LTD.,100.0,IGL.NS,fuzzy
Indus Towers,INDUSTOWER,INDUSTOWER,INE121J01017,INDUS TOWERS LIMITED,100.0,INDUSTOWER.NS,fuzzy
Indusind Bank,INDUSINDBK,INDUSINDBK,INE095A01012,INDUSIND BANK LTD.,100.0,INDUSINDBK.NS,common_map
Infosys,INFY,INFY,INE009A01021,INFOSYS LTD.,100.0,INFY.NS,common_map
Innova Captab,INNOVACAP,INNOVACAP,INE0DUT01020,INNOVA CAPTAB LIMITED,100.0,INNOVACAP.NS,fuzzy
Inox Green,INOXGREEN,INOXGREEN,INE510W01014,INOX GREEN ENERGY SERVICES LIM,100.0,INOXGREEN.NS,exact
Orkla India,ORKLAINDIA,ORKLAINDIA,INE16NZ01023,Orkla India Limited,100.0,ORKLAINDIA.NS,fuzzy
Oswal Pumps,OSWALPUMPS,OSWALPUMPS,INE0BYP01024,Oswal Pumps Limited,100.0,OSWALPUMPS.NS,exact
O N G C,ONGC,ONGC,INE213A01029,OIL AND NATURAL GAS CORPORATIO,100.0,ONGC.NS,exact
Oberoi Realty,OBEROIRLTY,OBEROIRLTY,INE093I01010,OBEROI REALTY LTD.,100.0,OBEROIRLTY.NS,fuzzy
Occl,,OCCLLTD,INE0PK601023,OCCL Limited,100.0,OCCLLTD.BO,fuzzy
Oil India,OIL,OIL,INE274J01014,OIL INDIA LTD.,100.0,OIL.NS,exact
Om Infra,OMINFRAL,OMINFRAL,INE239D01028,OM INFRA LIMITED,100.0,OMINFRAL.NS,fuzzy
Inox India,INOXINDIA,INOXINDIA,INE616N01034,INOX India Limited,100.0,INOXINDIA.NS,fuzzy
Inox Wind,INOXWIND,INOXWIND,INE066P01011,Inox Wind Limited,100.0,INOXWIND.NS,exact
Interglobe Aviat,INDIGO,INDIGO,INE646L01027,InterGlobe Aviation Limited,100.0,INDIGO.NS,common_map
Indegene,INDGN,INDGN,INE065X01017,Indegene Limited,100.0,INDGN.NS,fuzzy
India Cements,INDIACEM,INDIACEM,INE383A01012,INDIA CEMENTS LTD.,100.0,INDIACEM.NS,fuzzy
India Glycols,INDIAGLYCO,INDIAGLYCO,INE560A01023,INDIA GLYCOLS LTD.,100.0,INDIAGLYCO.NS,fuzzy
Indian Bank,INDIANB,INDIANB,INE562A01011,INDIAN BANK,100.0,INDIANB.NS,fuzzy
Indian Hotels Co,INDHOTEL,INDHOTEL,INE053A01029,INDIAN HOTELS CO.LTD.,100.0,INDHOTEL.NS,common_map
Indigo Paints,INDIGOPNTS,INDIGOPNTS,INE09VQ01012,Indigo Paints Limited,100.0,INDIGOPNTS.NS,fuzzy
Indiqube Spaces,INDIQUBE,INDIQUBE,INE06ST01018,INDIQUBE SPACES LIMITED,100.0,INDIQUBE.NS,fuzzy
Pb Fintech.,POLICYBZR,POLICYBZR,INE417T01026,PB Fintech Limited,100.0,POLICYBZR.NS,fuzzy
Pc Jeweller,PCJEWELLER,PCJEWELLER,INE785M01021,PC JEWELLER LTD.,100.0,PCJEWELLER.NS,exact
Pcbl Chemical,PCBL,PCBL,INE602A01031,PCBL Chemical Limited,100.0,PCBL.NS,fuzzy
Pds,PDSL,PDSL,INE111Q01021,PDS LIMITED,100.0,PDSL.NS,fuzzy
Orchid Pharma,ORCHPHARMA,ORCHPHARMA,INE191A01027,Orchid Pharma Limited,100.0,ORCHPHARMA.NS,fuzzy
Orient Cement,ORIENTCEM,ORIENTCEM,INE876N01018,ORIENT CEMENT LTD,100.0,ORIENTCEM.NS,fuzzy
Orient Electric,ORIENTELEC,ORIENTELEC,INE142Z01019,Orient Electric Limited,100.0,ORIENTELEC.NS,fuzzy
Oriental Hotels,ORIENTHOT,ORIENTHOT,INE750A01020,ORIENTAL HOTELS LTD.,100.0,ORIENTHOT.NS,fuzzy
Pidilite Inds.,PIDILITIND,PIDILITIND,INE318A01026,PIDILITE INDUSTRIES LTD.,100.0,PIDILITIND.NS,common_map
Pine Labs,PINELABS,PINELABS,INE15B701018,Pine Labs Limited,100.0,PINELABS.NS,exact
Piramal Finance.,PIRAMALFIN,PIRAMALFIN,INE202B01038,Piramal Finance Limited,100.0,PIRAMALFIN.NS,fuzzy
Piramal Pharma,PPLPHARMA,PPLPHARMA,INE0DK501011,PIRAMAL PHARMA LIMITED,100.0,PPLPHARMA.NS,fuzzy
Pnb Housing,PNBHOUSING,PNBHOUSING,INE572E01012,PNB Housing Finance Limited,100.0,PNBHOUSING.NS,common_map
Pnc Infratech,PNCINFRA,PNCINFRA,INE195J01029,PNC Infratech Limited,100.0,PNCINFRA.NS,fuzzy
Pace Digitek,PACEDIGITK,PACEDIGITK,INE0S3G01027,Pace Digitek Limited,100.0,PACEDIGITK.NS,fuzzy
Page Industries,PAGEIND,PAGEIND,INE761H01022,PAGE INDUSTRIES LTD.,100.0,PAGEIND.NS,common_map
Park Medi World,PARKHOSPS,PARKHOSPS,INE119201023,PARK MEDI WORLD LIMITED,100.0,PARKHOSPS.NS,fuzzy
Patanjali Foods,PATANJALI,PATANJALI,INE619A01035,Patanjali Foods Limited,100.0,PATANJALI.NS,fuzzy
Indo Count Inds.,ICIL,ICIL,INE483B01026,INDO COUNT INDUSTRIES LTD.,100.0,ICIL.NS,fuzzy
Indoco Remedies,INDOCO,INDOCO,INE873D01024,INDOCO REMEDIES LTD.,100.0,INDOCO.NS,fuzzy
I R C T C,IRCTC,IRCTC,INE335Y01020,Indian Railway Catering and To,100.0,IRCTC.NS,exact
I R F C,IRFC,IRFC,INE053F01010,Indian Railway Finance Corpora,100.0,IRFC.NS,exact
Icici Amc,ICICIAMC,ICICIAMC,INE346A01027,ICICI Prudential Asset Managem,100.0,ICICIAMC.NS,exact
Icici Bank,ICICIBANK,ICICIBANK,INE090A01021,ICICI BANK LTD.,100.0,ICICIBANK.NS,common_map
Icici Lombard,ICICIGI,ICICIGI,INE765G01017,ICICI Lombard General Insuranc,100.0,ICICIGI.NS,common_map
Icici Pru Life,ICICIPRULI,ICICIPRULI,INE726G01019,ICICI Prudential Life Insuranc,100.0,ICICIPRULI.NS,common_map
Icra,ICRA,ICRA,INE725G01011,ICRA LTD.,100.0,ICRA.NS,exact
Idbi Bank,IDBI,IDBI,INE008A01015,IDBI BANK LTD.,100.0,IDBI.NS,fuzzy
Idfc First Bank,IDFCFIRSTB,IDFCFIRSTB,INE092T01019,IDFC FIRST BANK LIMITED,100.0,IDFCFIRSTB.NS,fuzzy
Ifb Industries,IFBIND,IFBIND,INE559A01017,IFB INDUSTRIES LTD.,100.0,IFBIND.NS,fuzzy
Iifl Finance,IIFL,IIFL,INE530B01024,IIFL FINANCE LIMITED,100.0,IIFL.NS,fuzzy
Power Fin.Corpn.,PFC,PFC,INE134E01011,POWER FINANCE CORPORATION LTD.,100.0,PFC.NS,common_map
Powerica Ltd,POWERICA,POWERICA,INE921L01032,Powerica Ltd.,100.0,POWERICA.NS,exact
Praj Industries,PRAJIND,PRAJIND,INE074A01025,PRAJ INDUSTRIES LTD.,100.0,PRAJIND.NS,fuzzy
Prataap Snacks,DIAMONDYD,DIAMONDYD,INE393P01035,Prataap Snacks Limited,100.0,DIAMONDYD.NS,fuzzy
Praveg,PRAVEG,PRAVEG,INE722B01019,PRAVEG LIMITED,100.0,PRAVEG.NS,exact
Premier Energies,PREMIERENE,PREMIERENE,INE0BS701011,Premier Energies Limited,100.0,PREMIERENE.NS,fuzzy
Persistent Syste,PERSISTENT,PERSISTENT,INE262H01021,PERSISTENT SYSTEMS LTD.,100.0,PERSISTENT.NS,common_map
Persistent Systems,PERSISTENT,PERSISTENT,INE262H01021,PERSISTENT SYSTEMS LTD.,100.0,PERSISTENT.NS,fuzzy
Petronet Lng,PETRONET,PETRONET,INE347G01014,PETRONET LNG LTD.,100.0,PETRONET.NS,fuzzy
Pfizer,PFIZER,PFIZER,INE182A01018,PFIZER LTD.,100.0,PFIZER.NS,exact
Pg Electroplast,PGEL,PGEL,INE457L01029,PG ELECTROPLAST LTD.,100.0,PGEL.NS,fuzzy
Physicswallah,PWL,PWL,INE0LP301011,Physicswallah Limited,100.0,PWL.NS,fuzzy
Prime Focus,,PFOCUS,INE367G01038,PRIME FOCUS LTD.,100.0,PFOCUS.BO,fuzzy
Prime Securities,PRIMESECU,PRIMESECU,INE032B01021,PRIME SECURITIES LTD.,100.0,PRIMESECU.NS,fuzzy
Primo Chemicals,PRIMO,PRIMO,INE607A01022,Primo Chemicals Limited,100.0,PRIMO.NS,fuzzy
Prism Johnson,PRSMJOHNSN,PRSMJOHNSN,INE010A01011,PRISM JOHNSON LIMITED.,100.0,PRSMJOHNSN.NS,fuzzy
Psp Projects,PSPPROJECT,PSPPROJECT,INE488V01015,PSP Projects Limited,100.0,PSPPROJECT.NS,fuzzy
Ptc India,PTC,PTC,INE877F01012,PTC INDIA LTD.,100.0,PTC.NS,exact
Ptc Industries,PTC,PTC,INE877F01012,PTC INDIA LTD.,100.0,PTC.NS,exact
Pvr Inox,PVRINOX,PVRINOX,INE191H01014,PVR INOX LIMITED,100.0,PVRINOX.NS,exact
Pokarna,POKARNA,POKARNA,INE637C01025,POKARNA LTD.,100.0,POKARNA.NS,exact
Poly Medicure,POLYMED,POLYMED,INE205C01021,POLY MEDICURE LTD.,100.0,POLYMED.NS,fuzzy
Polycab India,POLYCAB,POLYCAB,INE455K01017,Polycab India Limited,100.0,POLYCAB.NS,common_map
Hindalco Inds.,HINDALCO,HINDALCO,INE038A01020,HINDALCO INDUSTRIES LTD.,100.0,HINDALCO.NS,exact
Hindustan Copper,HINDCOPPER,HINDCOPPER,INE531E01026,HINDUSTAN COPPER LTD.,100.0,HINDCOPPER.NS,fuzzy
Hindustan Foods,HNDFDS,HNDFDS,INE254N01026,HINDUSTAN FOODS LTD.,100.0,HNDFDS.NS,fuzzy
Hindustan Zinc,HINDZINC,HINDZINC,INE267A01025,HINDUSTAN ZINC LTD.,100.0,HINDZINC.NS,fuzzy
Hitachi Energy,POWERINDIA,POWERINDIA,INE07Y701011,HITACHI ENERGY INDIA LIMITED,100.0,POWERINDIA.NS,fuzzy
Hle Glascoat,HLEGLAS,HLEGLAS,INE461D01028,HLE GLASCOAT LIMITED,100.0,HLEGLAS.NS,fuzzy
Honasa Consumer,HONASA,HONASA,INE0J5401028,Honasa Consumer Limited,100.0,HONASA.NS,fuzzy
Hp Adhesives,HPAL,HPAL,INE0GSL01024,HP Adhesives Limited,100.0,HPAL.NS,fuzzy
Huhtamaki India,HUHTAMAKI,HUHTAMAKI,INE275B01026,HUHTAMAKI INDIA LIMITED,100.0,HUHTAMAKI.NS,exact
Biocon,BIOCON,BIOCON,INE376G01013,BIOCON LTD.,100.0,BIOCON.NS,exact
Arvind Fashions.,ARVINDFASN,ARVINDFASN,INE955V01021,Arvind Fashions Limited,100.0,ARVINDFASN.NS,fuzzy
Arvind Ltd,ARVIND,ARVIND,INE034A01011,ARVIND LTD.,100.0,ARVIND.NS,exact
Ashiana Housing,ASHIANA,ASHIANA,INE365D01021,ASHIANA HOUSING LTD.,100.0,ASHIANA.NS,fuzzy
Ashok Leyland,ASHOKLEY,ASHOKLEY,INE208A01029,ASHOK LEYLAND LTD.,100.0,ASHOKLEY.NS,fuzzy
Ashoka Buildcon,ASHOKA,ASHOKA,INE442H01029,ASHOKA BUILDCON LTD.,100.0,ASHOKA.NS,fuzzy
Asian Paints,ASIANPAINT,ASIANPAINT,INE021A01026,ASIAN PAINTS LTD.,100.0,ASIANPAINT.NS,common_map
Ask Automotive,ASKAUTOLTD,ASKAUTOLTD,INE491J01022,ASK Automotive Limited,100.0,ASKAUTOLTD.NS,fuzzy
Asm Technologies,,ASMTEC,INE867C01010,ASM TECHNOLOGIES LTD.,100.0,ASMTEC.BO,fuzzy
Pricol Ltd,PRICOLLTD,PRICOLLTD,INE726V01018,Pricol Limited,100.0,PRICOLLTD.NS,fuzzy
Birlasoft Ltd,BSOFT,BSOFT,INE836A01035,BIRLASOFT LIMITED,100.0,BSOFT.NS,fuzzy
Black Box,BBOX,BBOX,INE676A01027,BLACK BOX LIMITED,100.0,BBOX.NS,fuzzy
Blackbuck,BLACKBUCK,BLACKBUCK,INE0UIZ01018,BlackBuck Limited,100.0,BLACKBUCK.NS,exact
Blue Star,BLUESTARCO,BLUESTARCO,INE472A01039,BLUE STAR LTD.,100.0,BLUESTARCO.NS,fuzzy
Borosil,BOROLTD,BOROLTD,INE02PY01013,Borosil Limited,100.0,BOROLTD.NS,fuzzy
Bosch,BOSCHLTD,BOSCHLTD,INE323A01026,BOSCH LTD.,100.0,BOSCHLTD.NS,fuzzy
Hdfc Amc,HDFCAMC,HDFCAMC,INE127D01025,HDFC Asset Management Company,100.0,HDFCAMC.NS,common_map
Hdfc Bank,HDFCBANK,HDFCBANK,INE040A01034,HDFC BANK LTD.,100.0,HDFCBANK.NS,common_map
Redington,REDINGTON,REDINGTON,INE891D01026,Redington Limited,100.0,REDINGTON.NS,exact
Quess Corp,QUESS,QUESS,INE615P01015,Quess Corp Limited,100.0,QUESS.NS,fuzzy
R C F,RCF,RCF,INE027A01015,RASHTRIYA CHEMICALS & FERTILIZ,100.0,RCF.NS,exact
R K Swamy,RKSWAMY,RKSWAMY,INE0NQ801033,R K Swamy Limited,100.0,RKSWAMY.NS,exact
R R Kabel,RRKABEL,RRKABEL,INE777K01022,R R KABEL LIMITED,100.0,RRKABEL.NS,exact
Radico Khaitan,RADICO,RADICO,INE944F01028,RADICO KHAITAN LTD.,100.0,RADICO.NS,fuzzy
Rain Industries,RAIN,RAIN,INE855B01025,RAIN INDUSTRIES LIMITED,100.0,RAIN.NS,exact
Rallis India,RALLIS,RALLIS,INE613A01020,RALLIS INDIA LTD.,100.0,RALLIS.NS,exact
Apollo Pipes,APOLLOPIPE,APOLLOPIPE,INE126J01016,APOLLO PIPES LIMITED,100.0,APOLLOPIPE.NS,fuzzy
Apollo Tyres,APOLLOTYRE,APOLLOTYRE,INE438A01022,APOLLO TYRES LTD.,100.0,APOLLOTYRE.NS,fuzzy
Rossell India,ROSSELLIND,ROSSELLIND,INE847C01020,ROSSELL INDIA LTD.,100.0,ROSSELLIND.NS,fuzzy
Rossell Techsys,ROSSTECH,ROSSTECH,INE0OJW01016,Rossell Techsys Limited,100.0,ROSSTECH.NS,fuzzy
Ramco Inds.,RAMCOIND,RAMCOIND,INE614A01028,RAMCO INDUSTRIES LTD.,100.0,RAMCOIND.NS,fuzzy
Ramco Systems,RAMCOSYS,RAMCOSYS,INE246B01019,RAMCO SYSTEMS LTD.,100.0,RAMCOSYS.NS,fuzzy
Rane Holdings,RANEHOLDIN,RANEHOLDIN,INE384A01010,RANE HOLDINGS LTD.,100.0,RANEHOLDIN.NS,fuzzy
Ravindra Energy,RELTD,RELTD,INE206N01018,RAVINDRA ENERGY LIMITED,100.0,RELTD.NS,fuzzy
Raymond,RAYMOND,RAYMOND,INE301A01014,RAYMOND LTD.,100.0,RAYMOND.NS,exact
Raymond Realty,RAYMONDREL,RAYMONDREL,INE1SY401010,Raymond Realty Limited,100.0,RAYMONDREL.NS,fuzzy
Rbl Bank,RBLBANK,RBLBANK,INE976G01028,RBL Bank Limited,100.0,RBLBANK.NS,exact
Rec Ltd,RECLTD,RECLTD,INE020B01018,REC LIMITED,100.0,RECLTD.NS,common_map
Heg,HEG,HEG,INE545A01024,HEG LTD.,100.0,HEG.NS,exact
Heritage Foods,HERITGFOOD,HERITGFOOD,INE978A01027,HERITAGE FOODS LIMITED,100.0,HERITGFOOD.NS,fuzzy
Hero Motocorp,HEROMOTOCO,HEROMOTOCO,INE158A01026,HERO MOTOCORP LTD.,100.0,HEROMOTOCO.NS,common_map
Hfcl,HFCL,HFCL,INE548A01028,HFCL LIMITED,100.0,HFCL.NS,exact
Hi-Tech Pipes,HITECH,HITECH,INE106T01025,HI-TECH PIPES LIMITED,100.0,HITECH.NS,fuzzy
Hikal,HIKAL,HIKAL,INE475B01022,HIKAL LTD.,100.0,HIKAL.NS,exact
Hind. Unilever,HINDUNILVR,HINDUNILVR,INE030A01027,HINDUSTAN UNILEVER LTD.,100.0,HINDUNILVR.NS,common_map
Gujarat Gas,GUJGASLTD,GUJGASLTD,INE844O01030,Gujarat Gas Limited,100.0,GUJGASLTD.NS,fuzzy
H U D C O,HUDCO,HUDCO,INE031A01017,Housing &Urban Development Cor,100.0,HUDCO.NS,exact
Happy Forgings,HAPPYFORGE,HAPPYFORGE,INE330T01021,Happy Forgings Limited,100.0,HAPPYFORGE.NS,fuzzy
Safari Inds.,SAFARI,SAFARI,INE429E01023,SAFARI INDUSTRIES (INDIA) LTD.,100.0,SAFARI.NS,exact
Sagar Cements,SAGCEM,SAGCEM,INE229C01021,SAGAR CEMENTS LTD.,100.0,SAGCEM.NS,fuzzy
Sagility,SAGILITY,SAGILITY,INE0W2G01015,Sagility Limited,100.0,SAGILITY.NS,exact
Sagility India,SAGILITY,SAGILITY,INE0W2G01015,Sagility Limited,100.0,SAGILITY.NS,exact
Sai Life,SAILIFE,SAILIFE,INE570L01029,Sai Life Sciences Limited,100.0,SAILIFE.NS,exact
Redtape,REDTAPE,REDTAPE,INE0LXT01019,REDTAPE Limited,100.0,REDTAPE.NS,exact
Refex Industries,REFEX,REFEX,INE056I01025,REFEX INDUSTRIES LTD.,100.0,REFEX.NS,exact
Regaal Resources,,REGAAL,INE0MHO01029,REGAAL RESOURCES LIMITED,100.0,REGAAL.BO,fuzzy
Reliance Industr,RELIANCE,RELIANCE,INE002A01018,RELIANCE INDUSTRIES LTD.,100.0,RELIANCE.NS,common_map
Rhi Magnesita,RHIM,RHIM,INE743M01012,RHI MAGNESITA INDIA LIMITED,100.0,RHIM.NS,fuzzy
Rites,RITES,RITES,INE320J01015,RITES Limited,100.0,RITES.NS,exact
Rolex Rings,ROLEXRINGS,ROLEXRINGS,INE645S01024,Rolex Rings Limited,100.0,ROLEXRINGS.NS,exact
Rossari Biotech,ROSSARI,ROSSARI,INE02A801020,ROSSARI BIOTECH LIMITED,100.0,ROSSARI.NS,fuzzy
Samvardh. Mothe.,MOTHERSON,MOTHERSON,INE775A01035,Samvardhana Motherson Internat,100.0,MOTHERSON.NS,common_map
Sanghvi Movers,SANGHVIMOV,SANGHVIMOV,INE989A01032,SANGHVI MOVERS LTD.,100.0,SANGHVIMOV.NS,fuzzy
Sanofi India,SANOFI,SANOFI,INE058A01010,SANOFI INDIA LTD,100.0,SANOFI.NS,exact
Roto Pumps,ROTO,ROTO,INE535D01037,ROTO PUMPS LTD.,100.0,ROTO.NS,fuzzy
Route Mobile,ROUTE,ROUTE,INE450U01017,Route Mobile Limited,100.0,ROUTE.NS,fuzzy
Rubicon Research,RUBICON,RUBICON,INE506V01022,RUBICON RESEARCH LIMITED,100.0,RUBICON.NS,fuzzy
S A I L,SAIL,SAIL,INE114A01011,STEEL AUTHORITY OF INDIA LTD.,100.0,SAIL.NS,common_map
S C I,SCI,SCI,INE109A01011,SHIPPING CORPORATION OF INDIA,100.0,SCI.NS,exact
Hariom Pipe,HARIOMPIPE,HARIOMPIPE,INE00EV01017,Hariom Pipe Industries Limited,100.0,HARIOMPIPE.NS,exact
Havells India,HAVELLS,HAVELLS,INE176B01034,HAVELLS INDIA LTD.,100.0,HAVELLS.NS,common_map
Hawkins Cookers,HAWKINCOOK,HAWKINCOOK,INE979B01015,HAWKINS COOKERS LTD.,100.0,HAWKINCOOK.NS,fuzzy
Hbl Engineering,HBLENGINE,HBLENGINE,INE292B01021,HBL ENGINEERING LIMITED,100.0,HBLENGINE.NS,fuzzy
Hcl Technologies,HCLTECH,HCLTECH,INE860A01027,HCL TECHNOLOGIES LTD.,100.0,HCLTECH.NS,fuzzy
Granules India,GRANULES,GRANULES,INE101D01020,GRANULES INDIA LTD.,100.0,GRANULES.NS,common_map
Graphite India,GRAPHITE,GRAPHITE,INE371A01025,GRAPHITE INDIA LTD.,100.0,GRAPHITE.NS,exact
Grasim Inds,GRASIM,GRASIM,INE047A01021,GRASIM INDUSTRIES LTD.,100.0,GRASIM.NS,exact
Gravita India,GRAVITA,GRAVITA,INE024L01027,GRAVITA INDIA LTD.,100.0,GRAVITA.NS,exact
Greaves Cotton,GREAVESCOT,GREAVESCOT,INE224A01026,GREAVES COTTON LTD.,100.0,GREAVESCOT.NS,fuzzy
Greenpanel Inds.,GREENPANEL,GREENPANEL,INE08ZM01014,Greenpanel Industries Limited,100.0,GREENPANEL.NS,exact
Grindwell Norton,GRINDWELL,GRINDWELL,INE536A01023,GRINDWELL NORTON LTD.,100.0,GRINDWELL.NS,fuzzy
Sbfc Finance,SBFC,SBFC,INE423Y01016,SBFC Finance Limited,100.0,SBFC.NS,fuzzy
Sbi,SBIN,SBIN,INE062A01020,STATE BANK OF INDIA,100.0,SBIN.NS,common_map
Sbi Cards,SBICARD,SBICARD,INE018E01016,SBI CARDS AND PAYMENT SERVICES,100.0,SBICARD.NS,common_map
Sbi Life Insuran,SBILIFE,SBILIFE,INE123W01016,SBI Life Insurance Company Lim,100.0,SBILIFE.NS,common_map
Schaeffler India,SCHAEFFLER,SCHAEFFLER,INE513A01022,Schaeffler India Limited,100.0,SCHAEFFLER.NS,exact
Seamec Ltd,SEAMECLTD,SEAMECLTD,INE497B01018,SEAMEC LTD.,100.0,SEAMECLTD.NS,fuzzy
Sai Parenteral'S,SAIPARENT,SAIPARENT,INE0H9F01037,Sai Parenteral's Limited,100.0,SAIPARENT.NS,fuzzy
Samhi Hotels,SAMHI,SAMHI,INE08U801020,Samhi Hotels Limited,100.0,SAMHI.NS,fuzzy
Sammaan Capital,SAMMAANCAP,SAMMAANCAP,INE148I01020,Sammaan Capital Limited,100.0,SAMMAANCAP.NS,fuzzy
Godfrey Phillips,GODFRYPHLP,GODFRYPHLP,INE260B01028,GODFREY PHILLIPS INDIA LTD.,100.0,GODFRYPHLP.NS,fuzzy
Godrej Agrovet,GODREJAGRO,GODREJAGRO,INE850D01014,Godrej Agrovet Limited,100.0,GODREJAGRO.NS,fuzzy
Godrej Consumer,GODREJCP,GODREJCP,INE102D01028,GODREJ CONSUMER PRODUCTS LTD.,100.0,GODREJCP.NS,common_map
Gokaldas Exports,GOKEX,GOKEX,INE887G01027,GOKALDAS EXPORTS LTD.,100.0,GOKEX.NS,fuzzy
Gokul Agro,GOKULAGRO,GOKULAGRO,INE314T01033,Gokul Agro Resources Ltd,100.0,GOKULAGRO.NS,exact
Goodluck India,GOODLUCK,GOODLUCK,INE127I01024,Goodluck India Limited,100.0,GOODLUCK.NS,exact
Goodyear India,GOODYEAR,GOODYEAR,INE533A01012,GOODYEAR INDIA LTD.,100.0,GOODYEAR.NS,exact
Gopal Snacks,GOPAL,GOPAL,INE0L9R01028,Gopal Snacks Limited,100.0,GOPAL.NS,fuzzy
Gpt Healthcare,GPTHEALTH,GPTHEALTH,INE486R01017,GPT Healthcare Limited,100.0,GPTHEALTH.NS,fuzzy
Anant Raj,ANANTRAJ,ANANTRAJ,INE242C01024,ANANT RAJ LIMITED,100.0,ANANTRAJ.NS,exact
Andhra Paper,ANDHRAPAP,ANDHRAPAP,INE435A01051,ANDHRA PAPER LIMITED,100.0,ANDHRAPAP.NS,fuzzy
Angel One,ANGELONE,ANGELONE,INE732I01021,ANGEL ONE LIMITED,100.0,ANGELONE.NS,exact
Anirit Ventures,,ANIRITPP,IN9161F01019,ANIRIT VENTURES LIMITED,100.0,ANIRITPP.BO,fuzzy
Anupam Rasayan,ANURAS,ANURAS,INE930P01018,Anupam Rasayan India Limited,100.0,ANURAS.NS,fuzzy
Apar Inds.,APARINDS,APARINDS,INE372A01015,APAR INDUSTRIES LTD.,100.0,APARINDS.NS,common_map
Apl Apollo Tubes,APLAPOLLO,APLAPOLLO,INE702C01027,APL APOLLO TUBES LTD.,100.0,APLAPOLLO.NS,fuzzy
Sanstar,SANSTAR,SANSTAR,INE08NE01025,SANSTAR LIMITED,100.0,SANSTAR.NS,exact
Sapphire Foods,SAPPHIRE,SAPPHIRE,INE806T01020,Sapphire Foods India Limited,100.0,SAPPHIRE.NS,fuzzy
Saregama India,SAREGAMA,SAREGAMA,INE979A01025,SAREGAMA INDIA LTD.,100.0,SAREGAMA.NS,exact
Senco Gold,SENCO,SENCO,INE602W01027,Senco Gold Limited,100.0,SENCO.NS,fuzzy
Sg Finserve,SGFIN,SGFIN,INE618R01015,SG FINSERVE LIMITED,100.0,SGFIN.NS,fuzzy
Shadowfax Technologies,SHADOWFAX,SHADOWFAX,INE12UN01015,SHADOWFAX TECHNOLOGIES LIMITED,100.0,SHADOWFAX.NS,fuzzy
Shankara Buildpro,BUILDPRO,BUILDPRO,INE24OJ01011,Shankara Buildpro Limited,100.0,BUILDPRO.NS,fuzzy
Shanthi Gears,SHANTIGEAR,SHANTIGEAR,INE631A01022,SHANTHI GEARS LTD.,100.0,SHANTIGEAR.NS,fuzzy
Sharda Cropchem,SHARDACROP,SHARDACROP,INE221J01015,Sharda Cropchem Limited,100.0,SHARDACROP.NS,fuzzy
Sharda Motor,SHARDAMOTR,SHARDAMOTR,INE597I01028,SHARDA MOTOR INDUSTRIES LTD,100.0,SHARDAMOTR.NS,fuzzy
Britannia Inds.,BRITANNIA,BRITANNIA,INE216A01030,BRITANNIA INDUSTRIES LTD.,100.0,BRITANNIA.NS,exact
Bse,BSE,,INE118H01025,BSE,100.0,BSE.NS,common_map
C D S L,CDSL,,INE736A01011,CDSL,100.0,CDSL.NS,exact
Camlin Fine,CAMLINFINE,CAMLINFINE,INE052I01032,Camlin Fine Sciences Ltd,100.0,CAMLINFINE.NS,exact
Can Fin Homes,CANFINHOME,CANFINHOME,INE477A01020,CAN FIN HOMES LTD.,100.0,CANFINHOME.NS,fuzzy
Canara Bank,CANBK,CANBK,INE476A01022,CANARA BANK,100.0,CANBK.NS,common_map
Gfl,GFLLIMITED,GFLLIMITED,INE538A01037,GFL LIMITED,100.0,GFLLIMITED.NS,fuzzy
Ghcl,GHCL,GHCL,INE539A01019,GHCL LTD.,100.0,GHCL.NS,common_map
Ghcl Textiles,GHCLTEXTIL,GHCLTEXTIL,INE0PA801013,GHCL Textiles Limited,100.0,GHCLTEXTIL.NS,fuzzy
Gillette India,GILLETTE,GILLETTE,INE322A01010,GILLETTE INDIA LTD.,100.0,GILLETTE.NS,exact
Gk Energy,GKENERGY,GKENERGY,INE1AG301022,GK ENERGY LIMITED,100.0,GKENERGY.NS,exact
Gland Pharma,GLAND,GLAND,INE068V01023,Gland Pharma Limited,100.0,GLAND.NS,fuzzy
Somany Ceramics,SOMANYCERA,SOMANYCERA,INE355A01028,SOMANY CERAMICS LTD.,100.0,SOMANYCERA.NS,fuzzy
Sheela Foam,SFL,SFL,INE916U01025,Sheela Foam Limited,100.0,SFL.NS,fuzzy
Shilpa Medicare,SHILPAMED,SHILPAMED,INE790G01031,SHILPA MEDICARE LTD.,100.0,SHILPAMED.NS,fuzzy
Shoppers Stop,SHOPERSTOP,SHOPERSTOP,INE498B01024,SHOPPERS STOP LTD.,100.0,SHOPERSTOP.NS,fuzzy
Shree Cement,SHREECEM,SHREECEM,INE070A01015,SHREE CEMENT LTD.,100.0,SHREECEM.NS,common_map
Shriram Finance,SHRIRAMFIN,SHRIRAMFIN,INE721A01047,Shriram Finance Limited,100.0,SHRIRAMFIN.NS,fuzzy
Siemens,SIEMENS,SIEMENS,INE003A01024,SIEMENS LTD.,100.0,SIEMENS.NS,exact
Sirca Paints,SIRCA,SIRCA,INE792Z01011,Sirca Paints India Limited,100.0,SIRCA.NS,fuzzy
Sis,SIS,SIS,INE285J01028,SIS LIMITED,100.0,SIS.NS,exact
Global Health,MEDANTA,MEDANTA,INE474Q01031,Global Health Limited,100.0,MEDANTA.NS,fuzzy
Globus Spirits,GLOBUSSPR,GLOBUSSPR,INE615I01010,GLOBUS SPIRITS LTD.,100.0,GLOBUSSPR.NS,fuzzy
Gmm Pfaudler,GMMPFAUDLR,GMMPFAUDLR,INE541A01023,GMM PFAUDLER LTD.,100.0,GMMPFAUDLR.NS,fuzzy
Gmr Airports,GMRAIRPORT,GMRAIRPORT,INE776C01039,GMR Airports Limited,100.0,GMRAIRPORT.NS,fuzzy
Gng Electronics,EBGNG,EBGNG,INE18JU01028,GNG Electronics Limited,100.0,EBGNG.NS,fuzzy
Ganesh Housing,GANESHHOU,GANESHHOU,INE460C01014,GANESH HOUSING LIMITED,100.0,GANESHHOU.NS,fuzzy
Ge Power,GVPIL,GVPIL,INE878A01011,GE Power India Ltd,100.0,GVPIL.NS,fuzzy
Ge Vernova T&D,GVT&D,GVT&D,INE200A01026,GE Vernova T&D India Limited,100.0,GVT&D.NS,fuzzy
Star Cement,STARCEMENT,STARCEMENT,INE460H01021,Star Cement Limited,100.0,STARCEMENT.NS,exact
Sjs Enterprises,SJS,SJS,INE284S01014,S.J.S. Enterprises Limited,100.0,SJS.NS,fuzzy
Sjvn,SJVN,SJVN,INE002L01015,SJVN LTD,100.0,SJVN.NS,exact
Skf India,SKFINDIA,SKFINDIA,INE640A01023,SKF INDIA LTD.,100.0,SKFINDIA.NS,fuzzy
Skf India Indus.,SKFINDUS,SKFINDUS,INE2J8701016,SKF INDIA (INDUSTRIAL) LIMITED,100.0,SKFINDUS.NS,exact
Skipper,SKIPPER,SKIPPER,INE439E01022,SKIPPER LTD,100.0,SKIPPER.NS,exact
Sms Pharma.,SMSPHARMA,SMSPHARMA,INE812G01025,SMS PHARMACEUTICALS LTD.,100.0,SMSPHARMA.NS,exact
Sobha,SOBHA,SOBHA,INE671H01015,SOBHA,100.0,SOBHA.NS,exact
Solar Industries,SOLARINDS,SOLARINDS,INE343H01029,SOLAR INDUSTRIES INDIA LTD.,100.0,SOLARINDS.NS,common_map
Genus Power,GENUSPOWER,GENUSPOWER,INE955D01029,GENUS POWER INFRASTRUCTURES LT,100.0,GENUSPOWER.NS,exact
Force Motors,FORCEMOT,FORCEMOT,INE451A01017,FORCE MOTORS LTD.,100.0,FORCEMOT.NS,fuzzy
Foseco India,FOSECOIND,FOSECOIND,INE519A01011,FOSECO INDIA LTD.,100.0,FOSECOIND.NS,fuzzy
Fusion Finance,FUSION,FUSION,INE139R01012,FUSION FINANCE LIMITED,100.0,FUSION.NS,fuzzy
G N F C,GNFC,GNFC,INE113A01013,GUJARAT NARMADA VALLEY FERTILI,100.0,GNFC.NS,exact
G S F C,GSFC,GSFC,INE026A01025,GUJARAT STATE FERTILIZERS & CH,100.0,GSFC.NS,exact
Gabriel India,GABRIEL,GABRIEL,INE524A01029,GABRIEL INDIA LTD.,100.0,GABRIEL.NS,exact
Gail (India),GAIL,GAIL,INE129A01019,GAIL (INDIA) LTD.,100.0,GAIL.NS,common_map
Subros,SUBROS,SUBROS,INE287B01021,SUBROS LTD.,100.0,SUBROS.NS,exact
Sudeep Pharma,SUDEEPPHRM,SUDEEPPHRM,INE0QPI01025,Sudeep Pharma Limited,100.0,SUDEEPPHRM.NS,fuzzy
Sula Vineyards,SULA,SULA,INE142Q01026,Sula Vineyards Limited,100.0,SULA.NS,fuzzy
Sonata Software,SONATSOFTW,SONATSOFTW,INE269A01021,SONATA SOFTWARE LTD.,100.0,SONATSOFTW.NS,fuzzy
Spicejet,,SPICEJET,INE285B01017,SPICEJET LTD.,100.0,SPICEJET.BO,fuzzy
Srf,SRF,SRF,INE647A01010,SRF LTD.,100.0,SRF.NS,common_map
Exide Inds.,EXIDEIND,EXIDEIND,INE302A01020,EXIDE INDUSTRIES LTD.,100.0,EXIDEIND.NS,fuzzy
Faze Three,FAZE3Q,FAZE3Q,INE963C01033,FAZE THREE LTD.,100.0,FAZE3Q.NS,fuzzy
Fdc,FDC,FDC,INE258B01022,FDC LTD.,100.0,FDC.NS,exact
Federal Bank,FEDERALBNK,FEDERALBNK,INE171A01029,FEDERAL BANK LTD.,100.0,FEDERALBNK.NS,common_map
Fiem Industries,FIEMIND,FIEMIND,INE737H01014,FIEM INDUSTRIES LTD.,100.0,FIEMIND.NS,fuzzy
Filatex India,FILATEX,FILATEX,INE816B01035,FILATEX INDIA LTD.,100.0,FILATEX.NS,exact
Finolex Cables,FINCABLES,FINCABLES,INE235A01022,FINOLEX CABLES LTD.,100.0,FINCABLES.NS,common_map
Finolex Inds.,FINPIPE,FINPIPE,INE183A01024,FINOLEX INDUSTRIES LTD.,100.0,FINPIPE.NS,fuzzy
Sundrop Brands,SUNDROP,SUNDROP,INE209A01019,SUNDROP BRANDS LIMITED,100.0,SUNDROP.NS,fuzzy
Sunteck Realty,SUNTECK,SUNTECK,INE805D01034,SUNTECK REALTY LTD.,100.0,SUNTECK.NS,fuzzy
Supreme Inds.,SUPREME,SUPREME,INE822E01011,SUPREME HOLDINGS & HOSPITALITY,100.0,SUPREME.NS,exact
Surya Roshni,SURYAROSNI,SURYAROSNI,INE335A01020,SURYA ROSHNI LTD.,100.0,SURYAROSNI.NS,fuzzy
Steelcast,STEELCAS,STEELCAS,INE124E01038,STEELCAST LTD.,100.0,STEELCAS.NS,fuzzy
Sterling Tools,STERTOOLS,STERTOOLS,INE334A01023,STERLING TOOLS LTD.,100.0,STERTOOLS.NS,fuzzy
Stl Networks,,STLNETWORK,INE1VXE01018,STL Networks Limited,100.0,STLNETWORK.BO,fuzzy
Stove Kraft,STOVEKRAFT,STOVEKRAFT,INE00IN01015,STOVE KRAFT LIMITED,100.0,STOVEKRAFT.NS,exact
Care Ratings,CARERATING,CARERATING,INE752H01013,CARE Ratings Limited,100.0,CARERATING.NS,fuzzy
Carraro India,CARRARO,CARRARO,INE0V7W01012,CARRARO INDIA LIMITED,100.0,CARRARO.NS,exact
Cartrade Tech,CARTRADE,CARTRADE,INE290S01011,CarTrade Tech Limited,100.0,CARTRADE.NS,fuzzy
Carysil,CARYSIL,CARYSIL,INE482D01024,CARYSIL LIMITED,100.0,CARYSIL.NS,exact
Castrol India,CASTROLIND,CASTROLIND,INE172A01027,CASTROL INDIA LTD.,100.0,CASTROLIND.NS,fuzzy
Ceat,CEATLTD,CEATLTD,INE482A01020,CEAT LTD.,100.0,CEATLTD.NS,fuzzy
Epack Durable,EPACK,EPACK,INE0G5901015,EPACK Durable Limited,100.0,EPACK.NS,fuzzy
Epigral,EPIGRAL,EPIGRAL,INE071N01016,Epigral Limited,100.0,EPIGRAL.NS,exact
Epl Ltd,EPL,EPL,INE255A01020,EPL LIMITED,100.0,EPL.NS,exact
Amagi Media Labs,AMAGI,AMAGI,INE121R01077,Amagi Media Labs Limited,100.0,AMAGI.NS,fuzzy
Ambuja Cements,AMBUJACEM,AMBUJACEM,INE079A01024,AMBUJA CEMENTS LTD.,100.0,AMBUJACEM.NS,common_map
Sun Tv Network,SUNTV,SUNTV,INE424H01027,SUN TV NETWORK LTD.,100.0,SUNTV.NS,fuzzy
Sundaram Finance,SUNDARMFIN,SUNDARMFIN,INE660A01013,SUNDARAM FINANCE LTD.,100.0,SUNDARMFIN.NS,fuzzy
Esab India,ESABINDIA,ESABINDIA,INE284A01012,ESAB INDIA LTD.,100.0,ESABINDIA.NS,fuzzy
Escorts Kubota,ESCORTS,ESCORTS,INE042A01014,Escorts Kubota Limited,100.0,ESCORTS.NS,fuzzy
Eternal,ETERNAL,ETERNAL,INE758T01015,Eternal Limited,100.0,ETERNAL.NS,common_map
Eternal Ltd,ETERNAL,ETERNAL,INE758T01015,Eternal Limited,100.0,ETERNAL.NS,exact
Ethos,ETHOSLTD,ETHOSLTD,INE04TZ01018,ETHOS LIMITED,100.0,ETHOSLTD.NS,fuzzy
Ethos Ltd,ETHOSLTD,ETHOSLTD,INE04TZ01018,ETHOS LIMITED,100.0,ETHOSLTD.NS,fuzzy
Eureka Forbes,EUREKAFORB,EUREKAFORB,INE0KCE01017,Eureka Forbes Limited,100.0,EUREKAFORB.NS,fuzzy
Eveready Inds.,EVEREADY,EVEREADY,INE128A01029,EVEREADY INDUSTRIES INDIA LTD.,100.0,EVEREADY.NS,exact
Electronics Mart,EMIL,EMIL,INE02YR01019,Electronics Mart India Limited,100.0,EMIL.NS,fuzzy
Elgi Equipments,ELGIEQUIP,ELGIEQUIP,INE285A01027,ELGI EQUIPMENTS LTD.,100.0,ELGIEQUIP.NS,fuzzy
Emami,EMAMILTD,EMAMILTD,INE548C01032,EMAMI LTD.,100.0,EMAMILTD.NS,fuzzy
Tata Power Co.,TATAPOWER,TATAPOWER,INE245A01021,TATA POWER CO.LTD.,100.0,TATAPOWER.NS,common_map
Tata Steel,TATASTEEL,TATASTEEL,INE081A01020,TATA STEEL LTD.,100.0,TATASTEEL.NS,common_map
Tbo Tek,TBOTEK,TBOTEK,INE673O01025,TBO TEK LIMITED,100.0,TBOTEK.NS,exact
Tci Express,TCIEXP,TCIEXP,INE586V01016,TCI Express Limited,100.0,TCIEXP.NS,fuzzy
Suzlon Energy,SUZLON,SUZLON,INE040H01021,SUZLON ENERGY LTD.,100.0,SUZLON.NS,fuzzy
Swan Corp,SWANCORP,SWANCORP,INE665A01038,Swan Corp Limited,100.0,SWANCORP.NS,fuzzy
Swaraj Engines,SWARAJENG,SWARAJENG,INE277A01016,SWARAJ ENGINES LTD.,100.0,SWARAJENG.NS,fuzzy
Swiggy,SWIGGY,SWIGGY,INE00H001014,SWIGGY LIMITED,100.0,SWIGGY.NS,exact
Symphony,SYMPHONY,SYMPHONY,INE225D01027,SYMPHONY LIMITED,100.0,SYMPHONY.NS,exact
Ems,EMSLIMITED,EMSLIMITED,INE0OV601013,EMS LIMITED,100.0,EMSLIMITED.NS,fuzzy
Emudhra,EMUDHRA,EMUDHRA,INE01QM01018,eMudhra Limited,100.0,EMUDHRA.NS,exact
Engineers India,ENGINERSIN,ENGINERSIN,INE510A01028,ENGINEERS INDIA LTD.,100.0,ENGINERSIN.NS,fuzzy
Dr Lal Pathlabs,LALPATHLAB,LALPATHLAB,INE600L01024,Dr. Lal Pathlabs Limited,100.0,LALPATHLAB.NS,fuzzy
E2E Networks,E2E,E2E,INE255Z01027,E2E Networks Limited,100.0,E2E.NS,fuzzy
Eclerx Services,ECLERX,ECLERX,INE738I01010,ECLERX SERVICES LTD.,100.0,ECLERX.NS,fuzzy
Efc (I),EFCIL,EFCIL,INE886D01026,EFC (I) LIMITED,100.0,EFCIL.NS,fuzzy
Eicher Motors,EICHERMOT,EICHERMOT,INE066A01021,EICHER MOTORS LTD.,100.0,EICHERMOT.NS,common_map
Thermax,THERMAX,THERMAX,INE152A01029,THERMAX LTD.,100.0,THERMAX.NS,exact
Tanla Platforms,TANLA,TANLA,INE483C01032,TANLA PLATFORMS LIMITED,100.0,TANLA.NS,fuzzy
Tarc Ltd,TARC,TARC,INE0EK901012,TARC LIMITED,100.0,TARC.NS,exact
Tata Capital,TATACAP,TATACAP,INE976I01016,Tata Capital Limited,100.0,TATACAP.NS,fuzzy
Tata Chemicals,TATACHEM,TATACHEM,INE092A01019,TATA CHEMICALS LTD.,100.0,TATACHEM.NS,fuzzy
Tata Consumer,TATACONSUM,TATACONSUM,INE192A01025,TATA CONSUMER PRODUCTS LIMITED,100.0,TATACONSUM.NS,common_map
Tata Elxsi,TATAELXSI,TATAELXSI,INE670A01012,TATA ELXSI LTD.,100.0,TATAELXSI.NS,exact
Tata Motors,TMCV,TMCV,INE1TAE01010,Tata Motors Limited,100.0,TMCV.NS,fuzzy
Tata Motors Pveh,TATAMOTORS,,,Tata Motors Pveh,100.0,TATAMOTORS.NS,common_map
Afcom Holdings,,AFCOM,INE0OXY01013,Afcom Holdings Limited,100.0,AFCOM.BO,fuzzy
Affle 3I,AFFLE,AFFLE,INE00WC01027,AFFLE 3I LIMITED,100.0,AFFLE.NS,fuzzy
Ag Ventures,,AGVENTURES,INE321D01016,AG VENTURES LIMITED,100.0,AGVENTURES.BO,fuzzy
Agi Greenpac,AGI,AGI,INE415A01038,AGI GREENPAC LIMITED,100.0,AGI.NS,fuzzy
Aia Engineering,AIAENG,AIAENG,INE212H01026,AIA ENGINEERING LTD.,100.0,AIAENG.NS,fuzzy
Ajanta Pharma,AJANTPHARM,AJANTPHARM,INE031B01049,AJANTA PHARMA LTD.,100.0,AJANTPHARM.NS,fuzzy
Ajax Engineering,AJAXENGG,AJAXENGG,INE274Y01021,AJAX Engineering Limited,100.0,AJAXENGG.NS,fuzzy
Tcs,TCS,TCS,INE467B01029,TATA CONSULTANCY SERVICES LTD.,100.0,TCS.NS,common_map
Tech Mahindra,TECHM,TECHM,INE669C01036,TECH MAHINDRA LTD.,100.0,TECHM.NS,common_map
Tega Inds.,TEGA,TEGA,INE011K01018,Tega Industries Limited,100.0,TEGA.NS,exact
Tejas Networks,TEJASNET,TEJASNET,INE010J01012,Tejas Networks Limited,100.0,TEJASNET.NS,fuzzy
Eid Parry,EIDPARRY,EIDPARRY,INE126A01031,E.I.D.-PARRY (INDIA) LTD.,100.0,EIDPARRY.NS,exact
Eih,EIHOTEL,EIHOTEL,INE230A01023,EIH LTD.,100.0,EIHOTEL.NS,fuzzy
Elantas Beck,ELANTAS,ELANTAS,INE280B01018,ELANTAS BECK INDIA LTD.,100.0,ELANTAS.NS,fuzzy
Dhanuka Agritech,DHANUKA,DHANUKA,INE435G01025,DHANUKA AGRITECH LTD.,100.0,DHANUKA.NS,fuzzy
Dilip Buildcon,DBL,DBL,INE917M01012,Dilip Buildcon Limited,100.0,DBL.NS,fuzzy
Disa India,DISAQ,DISAQ,INE131C01011,DISA INDIA LTD.,100.0,DISAQ.NS,fuzzy
Dlf,DLF,DLF,INE271C01023,DLF LTD.,100.0,DLF.NS,common_map
Dodla Dairy,DODLA,DODLA,INE021O01019,Dodla Dairy Limited,100.0,DODLA.NS,fuzzy
Doms Industries,DOMS,DOMS,INE321T01012,DOMS Industries Limited,100.0,DOMS.NS,exact
Ceigall India,CEIGALL,CEIGALL,INE0AG901020,Ceigall India Limited,100.0,CEIGALL.NS,exact
Tvs Motor Co.,TVSMOTOR,TVSMOTOR,INE494B01023,TVS MOTOR COMPANY LTD.,100.0,TVSMOTOR.NS,common_map
Tvs Srichakra,TVSSRICHAK,TVSSRICHAK,INE421C01016,TVS SRICHAKRA LTD.,100.0,TVSSRICHAK.NS,fuzzy
Tilaknagar Inds.,TI,TI,INE133E01013,TILAKNAGAR INDUSTRIES LTD.,100.0,TI.NS,fuzzy
Time Technoplast,TIMETECHNO,TIMETECHNO,INE508G01029,TIME TECHNOPLAST LTD.,100.0,TIMETECHNO.NS,fuzzy
Timken India,TIMKEN,TIMKEN,INE325A01013,TIMKEN INDIA LTD.,100.0,TIMKEN.NS,exact
Tips Music,TIPSMUSIC,TIPSMUSIC,INE716B01029,TIPS MUSIC LIMITED,100.0,TIPSMUSIC.NS,exact
Titan Company,TITAN,TITAN,INE280A01028,TITAN COMPANY LIMITED,100.0,TITAN.NS,common_map
Torrent Power,TORNTPOWER,TORNTPOWER,INE813H01021,TORRENT POWER LTD.,100.0,TORNTPOWER.NS,fuzzy
Aegis Logistics,AEGISLOG,AEGISLOG,INE208C01025,AEGIS LOGISTICS LTD.,100.0,AEGISLOG.NS,fuzzy
Aequs,AEQUS,AEQUS,INE947N01017,Aequs Limited,100.0,AEQUS.NS,exact
Aeroflex,AEROFLEX,AEROFLEX,INE024001021,Aeroflex Industries Limited,100.0,AEROFLEX.NS,exact
Cello World,CELLO,CELLO,INE0LMW01024,Cello World Limited,100.0,CELLO.NS,fuzzy
Century Enka,CENTENKA,CENTENKA,INE485A01015,CENTURY ENKA LTD.,100.0,CENTENKA.NS,fuzzy
Cesc,CESC,CESC,INE486A01021,CESC LTD.,100.0,CESC.NS,exact
Cg Power & Ind,CGPOWER,CGPOWER,INE067A01029,CG Power and Industrial Soluti,100.0,CGPOWER.NS,common_map
Chalet Hotels,CHALET,CHALET,INE427F01016,Chalet Hotels Limited,100.0,CHALET.NS,fuzzy
Chemplast Sanmar,CHEMPLASTS,CHEMPLASTS,INE488A01050,Chemplast Sanmar Limited,100.0,CHEMPLASTS.NS,fuzzy
D B Corp,DBCORP,DBCORP,INE950I01011,D B CORP LTD,100.0,DBCORP.NS,fuzzy
Dabur India,DABUR,DABUR,INE016A01026,DABUR INDIA LTD.,100.0,DABUR.NS,common_map
United Spirits,UNITDSPR,UNITDSPR,INE854D01024,UNITED SPIRITS LTD.,100.0,UNITDSPR.NS,fuzzy
Universal Cables,UNIVCABLES,UNIVCABLES,INE279A01012,UNIVERSAL CABLES LTD.,100.0,UNIVCABLES.NS,fuzzy
Uno Minda,UNOMINDA,UNOMINDA,INE405E01023,UNO Minda Limited,100.0,UNOMINDA.NS,exact
Updater Services,UDS,UDS,INE851I01011,Updater Services Limited,100.0,UDS.NS,fuzzy
Upl,UPL,UPL,INE628A01036,UPL LIMITED,100.0,UPL.NS,exact
Travel Food,TRAVELFOOD,TRAVELFOOD,INE103V01028,TRAVEL FOOD SERVICES LIMITED,100.0,TRAVELFOOD.NS,exact
Trent,TRENT,TRENT,INE849A01020,TRENT LTD.,100.0,TRENT.NS,common_map
Trident,TRIDENT,TRIDENT,INE064C01022,TRIDENT LTD.,100.0,TRIDENT.NS,exact
Triveni Turbine,TRITURBINE,TRITURBINE,INE152M01016,TRIVENI TURBINE LTD.,100.0,TRITURBINE.NS,fuzzy
Trualt Bioenergy,TRUALT,TRUALT,INE0MWH01014,TRUALT BIOENERGY LIMITED,100.0,TRUALT.NS,fuzzy
Ttk Prestige,TTKPRESTIG,TTKPRESTIG,INE690A01028,TTK PRESTIGE LTD.,100.0,TTKPRESTIG.NS,fuzzy
Tvs Holdings,TVSHLTD,TVSHLTD,INE105A01035,TVS Holdings Limited,100.0,TVSHLTD.NS,fuzzy
Dcb Bank,DCBBANK,DCBBANK,INE503A01015,DCB BANK LIMITED,100.0,DCBBANK.NS,exact
Dcm Shriram,DCMSHRIRAM,DCMSHRIRAM,INE499A01024,DCM SHRIRAM LIMITED,100.0,DCMSHRIRAM.NS,exact
Dcx Systems,DCXINDIA,DCXINDIA,INE0KL801015,DCX Systems Limited,100.0,DCXINDIA.NS,fuzzy
Deepak Nitrite,DEEPAKNTR,DEEPAKNTR,INE288B01029,DEEPAK NITRITE LTD.,100.0,DEEPAKNTR.NS,fuzzy
Delhivery,DELHIVERY,DELHIVERY,INE148O01028,Delhivery Limited,100.0,DELHIVERY.NS,exact
Delta Corp,DELTACORP,DELTACORP,INE124G01033,DELTA CORP LTD.,100.0,DELTACORP.NS,fuzzy
Container Corpn.,CONCOR,CONCOR,INE111A01025,CONTAINER CORPORATION OF INDIA,100.0,CONCOR.NS,common_map
Corona Remedies,CORONA,CORONA,INE02ZQ01018,Corona Remedies Limited,100.0,CORONA.NS,fuzzy
Varun Beverages,VBL,VBL,INE200M01039,Varun Beverages Limited,100.0,VBL.NS,fuzzy
Vedant Fashions,MANYAVAR,MANYAVAR,INE825V01034,Vedant Fashions Limited,100.0,MANYAVAR.NS,fuzzy
Vedanta,VEDL,VEDL,INE205A01025,VEDANTA LIMITED,100.0,VEDL.NS,fuzzy
Uco Bank,UCOBANK,UCOBANK,INE691A01018,UCO BANK,100.0,UCOBANK.NS,exact
Ultratech Cem.,ULTRACEMCO,ULTRACEMCO,INE481G01011,ULTRATECH CEMENT LTD.,100.0,ULTRACEMCO.NS,common_map
Uniparts India,UNIPARTS,UNIPARTS,INE244O01017,Uniparts India Limited,100.0,UNIPARTS.NS,exact
United Breweries,UBL,UBL,INE686F01025,UNITED BREWERIES LTD.,100.0,UBL.NS,fuzzy
United Foodbrands,UFBL,UFBL,INE382M01027,UNITED FOODBRANDS LIMITED,100.0,UFBL.NS,fuzzy
Vesuvius India,VESUVIUS,VESUVIUS,INE386A01023,VESUVIUS INDIA LTD.,100.0,VESUVIUS.NS,exact
Vidya Wires,VIDYAWIRES,VIDYAWIRES,INE14UN01029,VIDYA WIRES LIMITED,100.0,VIDYAWIRES.NS,exact
Vikram Solar,VIKRAMSOLR,VIKRAMSOLR,INE078V01014,Vikram Solar Limited,100.0,VIKRAMSOLR.NS,fuzzy
Vinati Organics,VINATIORGA,VINATIORGA,INE410B01037,VINATI ORGANICS LTD.,100.0,VINATIORGA.NS,fuzzy
Urban Company,URBANCO,URBANCO,INE0CAZ01013,Urban Company Limited,100.0,URBANCO.NS,fuzzy
Usha Martin,USHAMART,USHAMART,INE228A01035,USHA MARTIN LTD.,100.0,USHAMART.NS,fuzzy
Uti Amc,UTIAMC,UTIAMC,INE094J01016,UTI Asset Management Company L,100.0,UTIAMC.NS,exact
V-Mart Retail,VMART,VMART,INE665J01013,V-MART RETAIL LTD.,100.0,VMART.NS,fuzzy
V2 Retail,V2RETAIL,V2RETAIL,INE945H01021,V2 RETAIL LTD.,100.0,V2RETAIL.NS,exact
Va Tech Wabag,WABAG,WABAG,INE956G01038,VA TECH WABAG LTD.,100.0,WABAG.NS,fuzzy
Crisil,CRISIL,CRISIL,INE007A01025,CRISIL LTD.,100.0,CRISIL.NS,exact
Crizac,CRIZAC,CRIZAC,INE0S4R01014,CRIZAC LIMITED,100.0,CRIZAC.NS,exact
Csb Bank,CSBBANK,CSBBANK,INE679A01013,CSB Bank Limited,100.0,CSBBANK.NS,exact
Cummins India,CUMMINSIND,CUMMINSIND,INE298A01020,CUMMINS INDIA LTD.,100.0,CUMMINSIND.NS,fuzzy
Cyient,CYIENT,CYIENT,INE136B01020,CYIENT LIMITED,100.0,CYIENT.NS,exact
Cyient Dlm,CYIENTDLM,CYIENTDLM,INE055S01018,Cyient DLM Limited,100.0,CYIENTDLM.NS,exact
Cholaman.Inv.&Fn,CHOLAFIN,CHOLAFIN,INE121A01024,CHOLAMANDALAM INVESTMENT AND F,100.0,CHOLAFIN.NS,common_map
Cie Automotive,CIEINDIA,CIEINDIA,INE536H01010,CIE Automotive India Limited,100.0,CIEINDIA.NS,fuzzy
Cipla,CIPLA,CIPLA,INE059A01026,CIPLA LTD.,100.0,CIPLA.NS,common_map
City Union Bank,CUB,CUB,INE491A01021,CITY UNION BANK LTD.,100.0,CUB.NS,fuzzy
Vodafone Idea,IDEA,IDEA,INE669E01016,VODAFONE IDEA  LIMITED,100.0,IDEA.NS,fuzzy
Voltas,VOLTAS,VOLTAS,INE226A01021,VOLTAS LTD.,100.0,VOLTAS.NS,exact
Vrl Logistics,VRLLOG,VRLLOG,INE366I01010,VRL Logistics Limited,100.0,VRLLOG.NS,fuzzy
Vst Industries,VSTIND,VSTIND,INE710A01016,VST INDUSTRIES LTD.,100.0,VSTIND.NS,fuzzy
Waaree Energies,WAAREEENER,WAAREEENER,INE377N01017,Waaree Energies Limited,100.0,WAAREEENER.NS,fuzzy
Venus Pipes,VENUSPIPES,VENUSPIPES,INE0JA001018,Venus Pipes & Tubes Limited,100.0,VENUSPIPES.NS,exact
Wendt India,WENDT,WENDT,INE274C01019,WENDT (INDIA) LTD.,100.0,WENDT.NS,exact
Wework India,WEWORK,WEWORK,INE085001019,WeWork India Management Limite,100.0,WEWORK.NS,exact
Wheels India,WHEELS,WHEELS,INE715A01015,WHEELS INDIA LTD.,100.0,WHEELS.NS,exact
Whirlpool India,WHIRLPOOL,WHIRLPOOL,INE716A01013,WHIRLPOOL OF INDIA LTD.,100.0,WHIRLPOOL.NS,exact
Windlas Biotech,WINDLAS,WINDLAS,INE0H5O01029,Windlas Biotech Limited,100.0,WINDLAS.NS,fuzzy
Wipro,WIPRO,WIPRO,INE075A01022,WIPRO LTD.,100.0,WIPRO.NS,common_map
Wockhardt,WOCKPHARMA,WOCKPHARMA,INE049B01025,WOCKHARDT LTD.,100.0,WOCKPHARMA.NS,fuzzy
Wpil,WPIL,WPIL,INE765D01022,WPIL LTD.,100.0,WPIL.NS,exact
Vishal Mega Mart,VMM,VMM,INE01EA01019,Vishal Mega Mart Limited,100.0,VMM.NS,fuzzy
Vishnu Chemicals,VISHNU,VISHNU,INE270I01022,VISHNU CHEMICALS LTD.,100.0,VISHNU.NS,fuzzy
Cms Info Systems,CMSINFO,CMSINFO,INE925R01014,CMS Info Systems Limited,100.0,CMSINFO.NS,fuzzy
Coal India,COALINDIA,COALINDIA,INE522F01014,COAL INDIA LTD.,100.0,COALINDIA.NS,common_map
Cochin Shipyard,COCHINSHIP,COCHINSHIP,INE704P01025,Cochin Shipyard Limited,100.0,COCHINSHIP.NS,fuzzy
Coforge,COFORGE,COFORGE,INE591G01025,COFORGE LIMITED,100.0,COFORGE.NS,exact
Concord Biotech,CONCORDBIO,CONCORDBIO,INE338H01029,Concord Biotech Limited,100.0,CONCORDBIO.NS,fuzzy
360 One,360ONE,360ONE,INE466L01038,360 ONE WAM LIMITED,100.0,360ONE.NS,exact
3M India,3MINDIA,3MINDIA,INE470A01017,3M INDIA LTD.,100.0,3MINDIA.NS,fuzzy
A B B,ABB,ABB,INE117A01022,ABB INDIA LIMITED,100.0,ABB.NS,common_map
Aarti Drugs,AARTIDRUGS,AARTIDRUGS,INE767A01016,AARTI DRUGS LTD.,100.0,AARTIDRUGS.NS,exact
Aarti Industries,AARTIIND,AARTIIND,INE769A01020,AARTI INDUSTRIES LTD.,100.0,AARTIIND.NS,fuzzy
Aavas Financiers,AAVAS,AAVAS,INE216P01012,AAVAS Financiers Limited,100.0,AAVAS.NS,fuzzy
Abbott India,ABBOTINDIA,ABBOTINDIA,INE358A01014,ABBOTT INDIA LTD.,100.0,ABBOTINDIA.NS,fuzzy
Acc,ACC,ACC,INE012A01025,ACC LTD.,100.0,ACC.NS,exact
Zydus Wellness,ZYDUSWELL,ZYDUSWELL,INE768C01028,ZYDUS WELLNESS LTD.,100.0,ZYDUSWELL.NS,fuzzy
