Fund Name,AMFI Code,Fund ISIN,Category,markDate,type,assetClass,sector,name,marketcapcat,rating,perc,value,shares
Kotak Contra Fund - Direct (G),119769,INF174K01KZ9,Contra Fund,2025-06-30,Equity,Equity,Stock/ Commodity Brokers,Nuvama Wealth,Small Cap,EQUITY,1.46,65.769,79904
Kotak Contra Fund - Direct (G),119769,INF174K01KZ9,Contra Fund,2025-06-30,Equity,Equity,FMCG,Emami,Small Cap,EQUITY,0.88,39.4762,690626
Kotak Contra Fund - Direct (G),119769,INF174K01KZ9,Contra Fund,2025-06-30,Equity,Equity,Finance,Power Fin.Corpn.,Large Cap,EQUITY,2.07,93.4083,2185500
Kotak Contra Fund - Direct (G),119769,INF174K01KZ9,Contra Fund,2025-06-30,Equity,Equity,Tobacco Products,ITC,Large Cap,EQUITY,1.02,46.1427,1108000
Kotak Contra Fund - Direct (G),119769,INF174K01KZ9,Contra Fund,2025-06-30,Equity,Equity,Automobile,Hero Motocorp,Mid Cap,EQUITY,1.58,71.268,168200
Kotak Contra Fund - Direct (G),119769,INF174K01KZ9,Contra Fund,2025-06-30,Equity,Equity,Fertilizers,Coromandel Inter,Mid Cap,EQUITY,1.21,54.438,217300
Kotak Contra Fund - Direct (G),119769,INF174K01KZ9,Contra Fund,2025-06-30,Equity,Equity,Banks,Axis Bank,Large Cap,EQUITY,2.03,91.499,763000
Kotak Contra Fund - Direct (G),119769,INF174K01KZ9,Contra Fund,2025-06-30,Equity,Equity,Aerospace & Defence,Zen Technologies,Small Cap,EQUITY,0.98,44.0798,222479
Kotak Contra Fund - Direct (G),119769,INF174K01KZ9,Contra Fund,2025-06-30,Equity,Equity,Refineries,B P C L,Large Cap,EQUITY,1.76,79.3307,2389840
Kotak Contra Fund - Direct (G),119769,INF174K01KZ9,Contra Fund,2025-06-30,Equity,Equity,Pharmaceuticals,Ajanta Pharma,Small Cap,EQUITY,0.73,33.0172,128267
Kotak Contra Fund - Direct (G),119769,INF174K01KZ9,Contra Fund,2025-06-30,Equity,Equity,Banks,Indian Bank,Mid Cap,EQUITY,2.01,90.7071,1409700
Kotak Contra Fund - Direct (G),119769,INF174K01KZ9,Contra Fund,2025-06-30,Equity,Equity,Pharmaceuticals,J B Chemicals &,Small Cap,EQUITY,0.93999,42.1027,250716
Kotak Contra Fund - Direct (G),119769,INF174K01KZ9,Contra Fund,2025-06-30,Equity,Equity,Finance,PNB Housing,Small Cap,EQUITY,1.14,51.24,461871
Kotak Contra Fund - Direct (G),119769,INF174K01KZ9,Contra Fund,2025-06-30,Equity,Equity,Finance,Shriram Finance,Large Cap,EQUITY,2.48,111.6332,1579305
Kotak Contra Fund - Direct (G),119769,INF174K01KZ9,Contra Fund,2025-06-30,Equity,Equity,Capital Goods - Electrical Equipment,GE Vernova T&D,Mid Cap,EQUITY,1.89,85.0119,360052
Kotak Contra Fund - Direct (G),119769,INF174K01KZ9,Contra Fund,2025-06-30,Equity,Equity,Ceramic Products,Kajaria Ceramics,Small Cap,EQUITY,0.93999,42.3817,392060
Kotak Contra Fund - Direct (G),119769,INF174K01KZ9,Contra Fund,2025-06-30,Equity,Equity,Automobile,Maruti Suzuki,Large Cap,EQUITY,2.2,99.1975,79998
Kotak Contra Fund - Direct (G),119769,INF174K01KZ9,Contra Fund,2025-06-30,Equity,Equity,Air Transport Service,Interglobe Aviat,Large Cap,EQUITY,1.64,73.6902,123300
Kotak Contra Fund - Direct (G),119769,INF174K01KZ9,Contra Fund,2025-06-30,Equity,Equity,Chemicals,SRF,Mid Cap,EQUITY,1.45,65.4376,201837
Kotak Contra Fund - Direct (G),119769,INF174K01KZ9,Contra Fund,2025-06-30,Equity,Equity,Power Generation & Distribution,NTPC,Large Cap,EQUITY,2.08,93.772,2800000
Kotak Contra Fund - Direct (G),119769,INF174K01KZ9,Contra Fund,2025-06-30,Equity,Equity,Steel,Jindal Steel,Large Cap,EQUITY,0.6,26.8385,285000
Kotak Contra Fund - Direct (G),119769,INF174K01KZ9,Contra Fund,2025-06-30,Equity,Equity,Power Generation & Distribution,Power Grid Corpn,Large Cap,EQUITY,1.14,51.2829,1710000
Kotak Contra Fund - Direct (G),119769,INF174K01KZ9,Contra Fund,2025-06-30,Equity,Equity,Banks,IndusInd Bank,Mid Cap,EQUITY,1.38,62.0063,711000
Kotak Contra Fund - Direct (G),119769,INF174K01KZ9,Contra Fund,2025-06-30,Equity,Equity,FMCG,Godrej Consumer,Large Cap,EQUITY,1.52,68.3472,580000
Kotak Contra Fund - Direct (G),119769,INF174K01KZ9,Contra Fund,2025-06-30,Equity,Equity,Healthcare,Metropolis Healt,Small Cap,EQUITY,0.85,38.0657,223102
Kotak Contra Fund - Direct (G),119769,INF174K01KZ9,Contra Fund,2025-06-30,Equity,Equity,Gas Distribution,GAIL (India),Large Cap,EQUITY,1.66,74.523,3905000
Kotak Contra Fund - Direct (G),119769,INF174K01KZ9,Contra Fund,2025-06-30,Equity,Equity,IT - Software,Infosys,Large Cap,EQUITY,3.36,151.1779,943800
Kotak Contra Fund - Direct (G),119769,INF174K01KZ9,Contra Fund,2025-06-30,Equity,Equity,E-Commerce/App based Aggregator,Swiggy,Large Cap,EQUITY,2.36,106.4795,2659328
Kotak Contra Fund - Direct (G),119769,INF174K01KZ9,Contra Fund,2025-06-30,Equity,Equity,Aerospace & Defence,Bharat Electron,Large Cap,EQUITY,1.88,84.5951,2007000
Kotak Contra Fund - Direct (G),119769,INF174K01KZ9,Contra Fund,2025-06-30,Equity,Equity,Plywood Boards/Laminates,Century Plyboard,Small Cap,EQUITY,1.25,56.159,738934
Kotak Contra Fund - Direct (G),119769,INF174K01KZ9,Contra Fund,2025-06-30,Equity,Equity,IT - Software,Mphasis,Mid Cap,EQUITY,2.78,125.0989,439653
Kotak Contra Fund - Direct (G),119769,INF174K01KZ9,Contra Fund,2025-06-30,Equity,Equity,Infrastructure Developers & Operators,Kalpataru Proj.,Small Cap,EQUITY,1.22,54.7598,446217
Kotak Contra Fund - Direct (G),119769,INF174K01KZ9,Contra Fund,2025-06-30,Equity,Equity,Consumer Durables,Voltas,Mid Cap,EQUITY,0.96,43.1025,328000
Kotak Contra Fund - Direct (G),119769,INF174K01KZ9,Contra Fund,2025-06-30,Equity,Equity,Banks,Kotak Mah. Bank,Large Cap,EQUITY,1.23,55.3856,256000
Kotak Contra Fund - Direct (G),119769,INF174K01KZ9,Contra Fund,2025-06-30,Equity,Equity,Infrastructure Developers & Operators,Larsen & Toubro,Large Cap,EQUITY,1.01,45.3393,123547
Kotak Contra Fund - Direct (G),119769,INF174K01KZ9,Contra Fund,2025-06-30,Equity,Equity,Retail,Vishal Mega Mart,Mid Cap,EQUITY,0.77,34.6074,2583026
Kotak Contra Fund - Direct (G),119769,INF174K01KZ9,Contra Fund,2025-06-30,Equity,Equity,Banks,Bank of Baroda,Large Cap,EQUITY,0.83,37.317,1500000
Kotak Contra Fund - Direct (G),119769,INF174K01KZ9,Contra Fund,2025-06-30,Equity,Equity,Quick Service Restaurant,Sapphire Foods,Small Cap,EQUITY,1.17,52.7035,1602905
Kotak Contra Fund - Direct (G),119769,INF174K01KZ9,Contra Fund,2025-06-30,Equity,Equity,Alcoholic Beverages,Radico Khaitan,Mid Cap,EQUITY,1.38,61.9133,236563
Kotak Contra Fund - Direct (G),119769,INF174K01KZ9,Contra Fund,2025-06-30,Equity,Equity,Banks,ICICI Bank,Large Cap,EQUITY,5.61,252.7332,1748051
Kotak Contra Fund - Direct (G),119769,INF174K01KZ9,Contra Fund,2025-06-30,Equity,Equity,IT - Software,Hexaware Tech.,Mid Cap,EQUITY,1.02,45.8518,539084
Kotak Contra Fund - Direct (G),119769,INF174K01KZ9,Contra Fund,2025-06-30,Equity,Equity,Refineries,Reliance Industr,Large Cap,EQUITY,3.52,158.5606,1056648
Kotak Contra Fund - Direct (G),119769,INF174K01KZ9,Contra Fund,2025-06-30,Equity,Equity,Banks,HDFC Bank,Large Cap,EQUITY,6.96,313.5214,1566432
Kotak Contra Fund - Direct (G),119769,INF174K01KZ9,Contra Fund,2025-06-30,Equity,Equity,Pharmaceuticals,Sun Pharma.Inds.,Large Cap,EQUITY,0.95,42.5628,254000
Kotak Contra Fund - Direct (G),119769,INF174K01KZ9,Contra Fund,2025-06-30,Equity,Equity,Healthcare,Fortis Health.,Mid Cap,EQUITY,1.97,88.6344,1115600
Kotak Contra Fund - Direct (G),119769,INF174K01KZ9,Contra Fund,2025-06-30,Equity,Equity,Banks,St Bk of India,Large Cap,EQUITY,3.46,155.6204,1897000
Kotak Contra Fund - Direct (G),119769,INF174K01KZ9,Contra Fund,2025-06-30,Equity,Equity,Telecomm-Service,Bharti Airtel,Large Cap,EQUITY,3.2,144.1183,717149
Kotak Contra Fund - Direct (G),119769,INF174K01KZ9,Contra Fund,2025-06-30,Equity,Equity,Healthcare,Global Health,Mid Cap,EQUITY,0.92,41.3658,363879
Kotak Contra Fund - Direct (G),119769,INF174K01KZ9,Contra Fund,2025-06-30,Equity,Equity,Cement,UltraTech Cem.,Large Cap,EQUITY,2.18,98.1347,81150
Kotak Contra Fund - Direct (G),119769,INF174K01KZ9,Contra Fund,2025-06-30,Equity,Equity,Retail,Shoppers Stop,Small Cap,EQUITY,0.84,38.0307,758264
Kotak Contra Fund - Direct (G),119769,INF174K01KZ9,Contra Fund,2025-06-30,Equity,Equity,IT - Software,Tech Mahindra,Large Cap,EQUITY,2.93,131.9234,782000
Kotak Contra Fund - Direct (G),119769,INF174K01KZ9,Contra Fund,2025-06-30,Equity,Equity,Alcoholic Beverages,United Breweries,Mid Cap,EQUITY,0.83,37.5782,192600
Kotak Contra Fund - Direct (G),119769,INF174K01KZ9,Contra Fund,2025-06-30,Equity,Equity,Pharmaceuticals,Jubilant Pharmo,Small Cap,EQUITY,1.45,65.2074,538637
Kotak Contra Fund - Direct (G),119769,INF174K01KZ9,Contra Fund,2025-06-30,Equity,Equity,Capital Goods-Non Electrical Equipment,APL Apollo Tubes,Mid Cap,EQUITY,0.96,43.3036,249000
Kotak Contra Fund - Direct (G),119769,INF174K01KZ9,Contra Fund,2025-06-30,Equity,Equity,Finance,Poonawalla Fin,Mid Cap,EQUITY,2.63,118.5212,2543101
Kotak Contra Fund - Direct (G),119769,INF174K01KZ9,Contra Fund,2025-06-30,Equity,Equity,Capital Goods-Non Electrical Equipment,Jyoti CNC Auto.,Small Cap,EQUITY,0.62,27.9356,263792
Kotak Contra Fund - Direct (G),119769,INF174K01KZ9,Contra Fund,2025-07-31,Equity,Equity,Alcoholic Beverages,Radico Khaitan,Mid Cap,EQUITY,1.45,64.6882,236563
Kotak Contra Fund - Direct (G),119769,INF174K01KZ9,Contra Fund,2025-07-31,Equity,Equity,Capital Goods-Non Electrical Equipment,Jyoti CNC Auto.,Small Cap,EQUITY,0.6,26.9068,263792
Kotak Contra Fund - Direct (G),119769,INF174K01KZ9,Contra Fund,2025-07-31,Equity,Equity,Banks,ICICI Bank,Large Cap,EQUITY,5.79,258.9563,1748051
Kotak Contra Fund - Direct (G),119769,INF174K01KZ9,Contra Fund,2025-07-31,Equity,Equity,Chemicals,Tata Chemicals,Small Cap,EQUITY,0.6,27.0201,275000
Kotak Contra Fund - Direct (G),119769,INF174K01KZ9,Contra Fund,2025-07-31,Equity,Equity,IT - Software,Hexaware Tech.,Mid Cap,EQUITY,0.85,37.9515,539084
Kotak Contra Fund - Direct (G),119769,INF174K01KZ9,Contra Fund,2025-07-31,Equity,Equity,Banks,IndusInd Bank,Mid Cap,EQUITY,1.27,56.8018,711000
Kotak Contra Fund - Direct (G),119769,INF174K01KZ9,Contra Fund,2025-07-31,Equity,Equity,Capital Goods-Non Electrical Equipment,APL Apollo Tubes,Mid Cap,EQUITY,0.89,39.8699,249000
Kotak Contra Fund - Direct (G),119769,INF174K01KZ9,Contra Fund,2025-07-31,Equity,Equity,Capital Goods - Electrical Equipment,GE Vernova T&D,Mid Cap,EQUITY,2.2,98.179,360052
Kotak Contra Fund - Direct (G),119769,INF174K01KZ9,Contra Fund,2025-07-31,Equity,Equity,Ceramic Products,Kajaria Ceramics,Small Cap,EQUITY,0.99,44.2584,376027
Kotak Contra Fund - Direct (G),119769,INF174K01KZ9,Contra Fund,2025-07-31,Equity,Equity,Refineries,B P C L,Large Cap,EQUITY,1.76,78.6974,2389840
Kotak Contra Fund - Direct (G),119769,INF174K01KZ9,Contra Fund,2025-07-31,Equity,Equity,Pharmaceuticals,Ajanta Pharma,Small Cap,EQUITY,0.79,35.2914,128267
Kotak Contra Fund - Direct (G),119769,INF174K01KZ9,Contra Fund,2025-07-31,Equity,Equity,Finance,Power Fin.Corpn.,Large Cap,EQUITY,1.82,81.3956,1985500
Kotak Contra Fund - Direct (G),119769,INF174K01KZ9,Contra Fund,2025-07-31,Equity,Equity,Tobacco Products,ITC,Large Cap,EQUITY,1.02,45.6441,1108000
Kotak Contra Fund - Direct (G),119769,INF174K01KZ9,Contra Fund,2025-07-31,Equity,Equity,Automobile,Hero Motocorp,Large Cap,EQUITY,1.6,71.665,168200
Kotak Contra Fund - Direct (G),119769,INF174K01KZ9,Contra Fund,2025-07-31,Equity,Equity,Fertilizers,Coromandel Inter,Mid Cap,EQUITY,1.09,48.5259,180300
Kotak Contra Fund - Direct (G),119769,INF174K01KZ9,Contra Fund,2025-07-31,Equity,Equity,Pharmaceuticals,Ipca Labs.,Small Cap,EQUITY,1.55,69.1651,469266
Kotak Contra Fund - Direct (G),119769,INF174K01KZ9,Contra Fund,2025-07-31,Equity,Equity,Pharmaceuticals,J B Chemicals &,Small Cap,EQUITY,0.99,44.3592,250716
Kotak Contra Fund - Direct (G),119769,INF174K01KZ9,Contra Fund,2025-07-31,Equity,Equity,Finance,PNB Housing,Small Cap,EQUITY,1.02,45.5497,461871
Kotak Contra Fund - Direct (G),119769,INF174K01KZ9,Contra Fund,2025-07-31,Equity,Equity,Finance,Shriram Finance,Large Cap,EQUITY,2.23,99.6305,1579305
Kotak Contra Fund - Direct (G),119769,INF174K01KZ9,Contra Fund,2025-07-31,Equity,Equity,Cement,UltraTech Cem.,Large Cap,EQUITY,2.22,99.4006,81150
Kotak Contra Fund - Direct (G),119769,INF174K01KZ9,Contra Fund,2025-07-31,Equity,Equity,Retail,Shoppers Stop,Small Cap,EQUITY,0.88,39.3994,758264
Kotak Contra Fund - Direct (G),119769,INF174K01KZ9,Contra Fund,2025-07-31,Equity,Equity,IT - Software,Mphasis,Mid Cap,EQUITY,2.86,127.6943,457653
Kotak Contra Fund - Direct (G),119769,INF174K01KZ9,Contra Fund,2025-07-31,Equity,Equity,FMCG,Godrej Consumer,Large Cap,EQUITY,1.63,73.022,580000
Kotak Contra Fund - Direct (G),119769,INF174K01KZ9,Contra Fund,2025-07-31,Equity,Equity,Healthcare,Metropolis Healt,Small Cap,EQUITY,1.17,52.4967,263102
Kotak Contra Fund - Direct (G),119769,INF174K01KZ9,Contra Fund,2025-07-31,Equity,Equity,Gas Distribution,GAIL (India),Large Cap,EQUITY,1.55,69.384,3905000
Kotak Contra Fund - Direct (G),119769,INF174K01KZ9,Contra Fund,2025-07-31,Equity,Equity,Banks,Axis Bank,Large Cap,EQUITY,1.82,81.5189,763000
Kotak Contra Fund - Direct (G),119769,INF174K01KZ9,Contra Fund,2025-07-31,Equity,Equity,Aerospace & Defence,Bharat Electron,Large Cap,EQUITY,1.72,76.8882,2007000
Kotak Contra Fund - Direct (G),119769,INF174K01KZ9,Contra Fund,2025-07-31,Equity,Equity,Plywood Boards/Laminates,Century Plyboard,Small Cap,EQUITY,1.21,54.053,738934
Kotak Contra Fund - Direct (G),119769,INF174K01KZ9,Contra Fund,2025-07-31,Equity,Equity,Power Generation & Distribution,NTPC,Large Cap,EQUITY,2.09,93.59,2800000
Kotak Contra Fund - Direct (G),119769,INF174K01KZ9,Contra Fund,2025-07-31,Equity,Equity,Steel,Jindal Steel,Large Cap,EQUITY,0.62,27.5025,285000
Kotak Contra Fund - Direct (G),119769,INF174K01KZ9,Contra Fund,2025-07-31,Equity,Equity,IT - Software,Infosys,Large Cap,EQUITY,3.18,142.4194,943800
Kotak Contra Fund - Direct (G),119769,INF174K01KZ9,Contra Fund,2025-07-31,Equity,Equity,E-Commerce/App based Aggregator,Swiggy,Large Cap,EQUITY,2.6,116.2529,2879328
Kotak Contra Fund - Direct (G),119769,INF174K01KZ9,Contra Fund,2025-07-31,Equity,Equity,Infrastructure Developers & Operators,Larsen & Toubro,Large Cap,EQUITY,1.0,44.9279,123547
Kotak Contra Fund - Direct (G),119769,INF174K01KZ9,Contra Fund,2025-07-31,Equity,Equity,Retail,Vishal Mega Mart,Mid Cap,EQUITY,0.81,36.0435,2583026
Kotak Contra Fund - Direct (G),119769,INF174K01KZ9,Contra Fund,2025-07-31,Equity,Equity,Banks,Indian Bank,Mid Cap,EQUITY,1.96,87.641,1409700
Kotak Contra Fund - Direct (G),119769,INF174K01KZ9,Contra Fund,2025-07-31,Equity,Equity,Finance,Poonawalla Fin,Small Cap,EQUITY,2.4,107.3824,2543101
Kotak Contra Fund - Direct (G),119769,INF174K01KZ9,Contra Fund,2025-07-31,Equity,Equity,Stock/ Commodity Brokers,Nuvama Wealth,Small Cap,EQUITY,1.29,57.8465,79904
Kotak Contra Fund - Direct (G),119769,INF174K01KZ9,Contra Fund,2025-07-31,Equity,Equity,FMCG,Emami,Small Cap,EQUITY,0.93,41.4825,690626
Kotak Contra Fund - Direct (G),119769,INF174K01KZ9,Contra Fund,2025-07-31,Equity,Equity,Banks,Bank of Baroda,Large Cap,EQUITY,0.8,35.6805,1500000
Kotak Contra Fund - Direct (G),119769,INF174K01KZ9,Contra Fund,2025-07-31,Equity,Equity,Infrastructure Developers & Operators,Kalpataru Proj.,Small Cap,EQUITY,1.14,51.1989,446217
Kotak Contra Fund - Direct (G),119769,INF174K01KZ9,Contra Fund,2025-07-31,Equity,Equity,Consumer Durables,Voltas,Mid Cap,EQUITY,1.16,52.0458,392000
Kotak Contra Fund - Direct (G),119769,INF174K01KZ9,Contra Fund,2025-07-31,Equity,Equity,Banks,Kotak Mah. Bank,Large Cap,EQUITY,0.65,28.8876,146000
Kotak Contra Fund - Direct (G),119769,INF174K01KZ9,Contra Fund,2025-07-31,Equity,Equity,Power Generation & Distribution,Power Grid Corpn,Large Cap,EQUITY,1.11,49.761,1710000
Kotak Contra Fund - Direct (G),119769,INF174K01KZ9,Contra Fund,2025-07-31,Equity,Equity,Quick Service Restaurant,Sapphire Foods,Small Cap,EQUITY,1.13,50.748,1602905
Kotak Contra Fund - Direct (G),119769,INF174K01KZ9,Contra Fund,2025-07-31,Equity,Equity,Refineries,Reliance Industr,Large Cap,EQUITY,3.28,146.8952,1056648
Kotak Contra Fund - Direct (G),119769,INF174K01KZ9,Contra Fund,2025-07-31,Equity,Equity,Banks,HDFC Bank,Large Cap,EQUITY,7.07,316.1373,1566432
Kotak Contra Fund - Direct (G),119769,INF174K01KZ9,Contra Fund,2025-07-31,Equity,Equity,Pharmaceuticals,Sun Pharma.Inds.,Large Cap,EQUITY,0.97,43.3502,254000
Kotak Contra Fund - Direct (G),119769,INF174K01KZ9,Contra Fund,2025-07-31,Equity,Equity,Healthcare,Fortis Health.,Mid Cap,EQUITY,2.14,95.6571,1115600
Kotak Contra Fund - Direct (G),119769,INF174K01KZ9,Contra Fund,2025-07-31,Equity,Equity,Banks,SBI,Large Cap,EQUITY,3.38,151.1055,1897000
Kotak Contra Fund - Direct (G),119769,INF174K01KZ9,Contra Fund,2025-07-31,Equity,Equity,Telecomm-Service,Bharti Airtel,Large Cap,EQUITY,3.07,137.2838,717149
Kotak Contra Fund - Direct (G),119769,INF174K01KZ9,Contra Fund,2025-07-31,Equity,Equity,Healthcare,Global Health,Mid Cap,EQUITY,1.35,60.1682,458879
Kotak Contra Fund - Direct (G),119769,INF174K01KZ9,Contra Fund,2025-07-31,Equity,Equity,Automobile,Maruti Suzuki,Large Cap,EQUITY,2.26,100.8615,79998
Kotak Contra Fund - Direct (G),119769,INF174K01KZ9,Contra Fund,2025-07-31,Equity,Equity,Air Transport Service,Interglobe Aviat,Large Cap,EQUITY,1.63,72.8765,123300
Kotak Contra Fund - Direct (G),119769,INF174K01KZ9,Contra Fund,2025-07-31,Equity,Equity,Chemicals,SRF,Mid Cap,EQUITY,1.86,82.9643,272837
Kotak Contra Fund - Direct (G),119769,INF174K01KZ9,Contra Fund,2025-07-31,Equity,Equity,IT - Software,Tech Mahindra,Large Cap,EQUITY,2.56,114.4613,782000
Kotak Contra Fund - Direct (G),119769,INF174K01KZ9,Contra Fund,2025-07-31,Equity,Equity,Alcoholic Beverages,United Breweries,Mid Cap,EQUITY,0.84,37.4723,192600
Kotak Contra Fund - Direct (G),119769,INF174K01KZ9,Contra Fund,2025-07-31,Equity,Equity,Pharmaceuticals,Jubilant Pharmo,Small Cap,EQUITY,1.44,64.3186,538637
Kotak Contra Fund - Direct (G),119769,INF174K01KZ9,Contra Fund,2025-08-31,Equity,Equity,Banks,HDFC Bank,Large Cap,EQUITY,6.63,298.1233,3132864
Kotak Contra Fund - Direct (G),119769,INF174K01KZ9,Contra Fund,2025-08-31,Equity,Equity,Healthcare,Fortis Health.,Mid Cap,EQUITY,2.26,101.6869,1115600
Kotak Contra Fund - Direct (G),119769,INF174K01KZ9,Contra Fund,2025-08-31,Equity,Equity,Banks,SBI,Large Cap,EQUITY,3.39,152.2343,1897000
Kotak Contra Fund - Direct (G),119769,INF174K01KZ9,Contra Fund,2025-08-31,Equity,Equity,Telecom-Service,Bharti Airtel,Large Cap,EQUITY,3.01,135.4551,717149
Kotak Contra Fund - Direct (G),119769,INF174K01KZ9,Contra Fund,2025-08-31,Equity,Equity,Healthcare,Global Health,Mid Cap,EQUITY,1.4,63.05,458879
Kotak Contra Fund - Direct (G),119769,INF174K01KZ9,Contra Fund,2025-08-31,Equity,Equity,Cement,UltraTech Cem.,Large Cap,EQUITY,2.28,102.5736,81150
Kotak Contra Fund - Direct (G),119769,INF174K01KZ9,Contra Fund,2025-08-31,Equity,Equity,Retail,Shoppers Stop,Small Cap,EQUITY,0.91,40.9349,758264
Kotak Contra Fund - Direct (G),119769,INF174K01KZ9,Contra Fund,2025-08-31,Equity,Equity,Refineries,Reliance Industr,Large Cap,EQUITY,3.19,143.4083,1056648
Kotak Contra Fund - Direct (G),119769,INF174K01KZ9,Contra Fund,2025-08-31,Equity,Equity,IT - Software,Infosys,Large Cap,EQUITY,3.46,155.6012,1058800
Kotak Contra Fund - Direct (G),119769,INF174K01KZ9,Contra Fund,2025-08-31,Equity,Equity,Banks,ICICI Bank,Large Cap,EQUITY,5.44,244.3426,1748051
Kotak Contra Fund - Direct (G),119769,INF174K01KZ9,Contra Fund,2025-08-31,Equity,Equity,Chemicals,Tata Chemicals,Small Cap,EQUITY,0.76,34.0659,370000
Kotak Contra Fund - Direct (G),119769,INF174K01KZ9,Contra Fund,2025-08-31,Equity,Equity,IT - Software,Hexaware Tech.,Mid Cap,EQUITY,0.91,40.8491,539084
Kotak Contra Fund - Direct (G),119769,INF174K01KZ9,Contra Fund,2025-08-31,Equity,Equity,Banks,IndusInd Bank,Mid Cap,EQUITY,0.98,43.8524,593000
Kotak Contra Fund - Direct (G),119769,INF174K01KZ9,Contra Fund,2025-08-31,Equity,Equity,Finance,Poonawalla Fin,Mid Cap,EQUITY,2.44,109.7475,2543101
Kotak Contra Fund - Direct (G),119769,INF174K01KZ9,Contra Fund,2025-08-31,Equity,Equity,Stock/ Commodity Brokers,Nuvama Wealth,Small Cap,EQUITY,1.23,55.3518,86704
Kotak Contra Fund - Direct (G),119769,INF174K01KZ9,Contra Fund,2025-08-31,Equity,Equity,FMCG,Emami,Small Cap,EQUITY,0.88,39.6143,690626
Kotak Contra Fund - Direct (G),119769,INF174K01KZ9,Contra Fund,2025-08-31,Equity,Equity,Automobile,Maruti Suzuki,Large Cap,EQUITY,2.63,118.325,79998
Kotak Contra Fund - Direct (G),119769,INF174K01KZ9,Contra Fund,2025-08-31,Equity,Equity,Air Transport Service,Interglobe Aviat,Large Cap,EQUITY,1.55,69.6152,123300
Kotak Contra Fund - Direct (G),119769,INF174K01KZ9,Contra Fund,2025-08-31,Equity,Equity,Chemicals,SRF,Mid Cap,EQUITY,1.72,77.3875,272837
Kotak Contra Fund - Direct (G),119769,INF174K01KZ9,Contra Fund,2025-08-31,Equity,Equity,IT - Software,Mphasis,Mid Cap,EQUITY,3.06,137.3517,492653
Kotak Contra Fund - Direct (G),119769,INF174K01KZ9,Contra Fund,2025-08-31,Equity,Equity,Capital Goods - Electrical Equipment,GE Vernova T&D,Mid Cap,EQUITY,2.23,100.0657,360052
Kotak Contra Fund - Direct (G),119769,INF174K01KZ9,Contra Fund,2025-08-31,Equity,Equity,Ceramic Products,Kajaria Ceramics,Small Cap,EQUITY,0.92,41.2506,341027
Kotak Contra Fund - Direct (G),119769,INF174K01KZ9,Contra Fund,2025-08-31,Equity,Equity,Infrastructure Developers & Operators,Kalpataru Proj.,Small Cap,EQUITY,1.24,55.7325,446217
Kotak Contra Fund - Direct (G),119769,INF174K01KZ9,Contra Fund,2025-08-31,Equity,Equity,Consumer Durables,Voltas,Mid Cap,EQUITY,1.2,53.8608,392000
Kotak Contra Fund - Direct (G),119769,INF174K01KZ9,Contra Fund,2025-08-31,Equity,Equity,IT - Software,Tech Mahindra,Large Cap,EQUITY,3.01,135.1037,912000
Kotak Contra Fund - Direct (G),119769,INF174K01KZ9,Contra Fund,2025-08-31,Equity,Equity,Alcoholic Beverages,United Breweries,Mid Cap,EQUITY,0.79,35.6329,192600
Kotak Contra Fund - Direct (G),119769,INF174K01KZ9,Contra Fund,2025-08-31,Equity,Equity,Pharmaceuticals,Jubilant Pharmo,Small Cap,EQUITY,1.32,59.1761,578400
Kotak Contra Fund - Direct (G),119769,INF174K01KZ9,Contra Fund,2025-08-31,Equity,Equity,Capital Goods-Non Electrical Equipment,APL Apollo Tubes,Mid Cap,EQUITY,0.89,39.957,249000
Kotak Contra Fund - Direct (G),119769,INF174K01KZ9,Contra Fund,2025-08-31,Equity,Equity,FMCG,Godrej Consumer,Large Cap,EQUITY,1.6,72.0708,580000
Kotak Contra Fund - Direct (G),119769,INF174K01KZ9,Contra Fund,2025-08-31,Equity,Equity,Healthcare,Metropolis Healt,Small Cap,EQUITY,1.28,57.5799,263102
Kotak Contra Fund - Direct (G),119769,INF174K01KZ9,Contra Fund,2025-08-31,Equity,Equity,Finance,Shriram Finance,Large Cap,EQUITY,2.04,91.6392,1579305
Kotak Contra Fund - Direct (G),119769,INF174K01KZ9,Contra Fund,2025-08-31,Equity,Equity,Gas Distribution,GAIL (India),Large Cap,EQUITY,1.5,67.5838,3905000
Kotak Contra Fund - Direct (G),119769,INF174K01KZ9,Contra Fund,2025-08-31,Equity,Equity,Finance,Power Fin.Corpn.,Large Cap,EQUITY,1.57,70.4533,1855500
Kotak Contra Fund - Direct (G),119769,INF174K01KZ9,Contra Fund,2025-08-31,Equity,Equity,Banks,Axis Bank,Large Cap,EQUITY,1.77,79.7488,763000
Kotak Contra Fund - Direct (G),119769,INF174K01KZ9,Contra Fund,2025-08-31,Equity,Equity,Aerospace & Defence,Bharat Electron,Large Cap,EQUITY,1.65,74.1386,2007000
Kotak Contra Fund - Direct (G),119769,INF174K01KZ9,Contra Fund,2025-08-31,Equity,Equity,Finance,Bajaj Finance,Large Cap,EQUITY,1.88,84.6002,963721
Kotak Contra Fund - Direct (G),119769,INF174K01KZ9,Contra Fund,2025-08-31,Equity,Equity,Plywood Boards/Laminates,Century Plyboard,Small Cap,EQUITY,1.23,55.154,738934
Kotak Contra Fund - Direct (G),119769,INF174K01KZ9,Contra Fund,2025-08-31,Equity,Equity,E-Commerce/App based Aggregator,Swiggy,Large Cap,EQUITY,2.92,131.0925,3199328
Kotak Contra Fund - Direct (G),119769,INF174K01KZ9,Contra Fund,2025-08-31,Equity,Equity,Infrastructure Developers & Operators,Larsen & Toubro,Large Cap,EQUITY,0.99,44.4893,123547
Kotak Contra Fund - Direct (G),119769,INF174K01KZ9,Contra Fund,2025-08-31,Equity,Equity,Retail,Vishal Mega Mart,Mid Cap,EQUITY,0.86,38.593,2583026
Kotak Contra Fund - Direct (G),119769,INF174K01KZ9,Contra Fund,2025-08-31,Equity,Equity,Power Generation & Distribution,NTPC,Large Cap,EQUITY,2.04,91.714,2800000
Kotak Contra Fund - Direct (G),119769,INF174K01KZ9,Contra Fund,2025-08-31,Equity,Equity,Steel,Jindal Steel,Large Cap,EQUITY,1.07,48.0466,508000
Kotak Contra Fund - Direct (G),119769,INF174K01KZ9,Contra Fund,2025-08-31,Equity,Equity,Power Generation & Distribution,Power Grid Corpn,Large Cap,EQUITY,1.05,47.0678,1710000
Kotak Contra Fund - Direct (G),119769,INF174K01KZ9,Contra Fund,2025-08-31,Equity,Equity,Quick Service Restaurant,Sapphire Foods,Small Cap,EQUITY,1.17,52.423,1602905
Kotak Contra Fund - Direct (G),119769,INF174K01KZ9,Contra Fund,2025-08-31,Equity,Equity,Alcoholic Beverages,Radico Khaitan,Mid Cap,EQUITY,1.5,67.4796,236563
Kotak Contra Fund - Direct (G),119769,INF174K01KZ9,Contra Fund,2025-08-31,Equity,Equity,Banks,Indian Bank,Large Cap,EQUITY,2.25,100.8844,1544700
Kotak Contra Fund - Direct (G),119769,INF174K01KZ9,Contra Fund,2025-08-31,Equity,Equity,Pharmaceuticals,Ipca Labs.,Mid Cap,EQUITY,1.45,64.9652,469266
Kotak Contra Fund - Direct (G),119769,INF174K01KZ9,Contra Fund,2025-08-31,Equity,Equity,Pharmaceuticals,J B Chemicals &,Small Cap,EQUITY,0.96,43.231,250716
Kotak Contra Fund - Direct (G),119769,INF174K01KZ9,Contra Fund,2025-08-31,Equity,Equity,Tobacco Products,ITC,Large Cap,EQUITY,1.01,45.4003,1108000
Kotak Contra Fund - Direct (G),119769,INF174K01KZ9,Contra Fund,2025-08-31,Equity,Equity,Automobile,Hero Motocorp,Large Cap,EQUITY,2.51,112.7943,221700
Kotak Contra Fund - Direct (G),119769,INF174K01KZ9,Contra Fund,2025-08-31,Equity,Equity,Fertilizers,Coromandel Inter,Mid Cap,EQUITY,0.93,41.6331,180300
Kotak Contra Fund - Direct (G),119769,INF174K01KZ9,Contra Fund,2025-08-31,Equity,Equity,Banks,Bank of Baroda,Large Cap,EQUITY,1.09,49.0107,2105000
Kotak Contra Fund - Direct (G),119769,INF174K01KZ9,Contra Fund,2025-08-31,Equity,Equity,Refineries,B P C L,Large Cap,EQUITY,1.64,73.6549,2389840
Kotak Contra Fund - Direct (G),119769,INF174K01KZ9,Contra Fund,2025-08-31,Equity,Equity,Pharmaceuticals,Ajanta Pharma,Small Cap,EQUITY,0.71,31.7794,128267
Kotak Contra Fund - Direct (G),119769,INF174K01KZ9,Contra Fund,2025-08-31,Equity,Equity,Capital Goods-Non Electrical Equipment,Jyoti CNC Auto.,Small Cap,EQUITY,0.53,24.0367,263792
Kotak Contra Fund - Direct (G),119769,INF174K01KZ9,Contra Fund,2025-09-30,Equity,Equity,Healthcare,Global Health,Mid Cap,EQUITY,1.28,60.2967,458879
Kotak Contra Fund - Direct (G),119769,INF174K01KZ9,Contra Fund,2025-09-30,Equity,Equity,Cement,UltraTech Cem.,Large Cap,EQUITY,2.1,99.1815,81150
Kotak Contra Fund - Direct (G),119769,INF174K01KZ9,Contra Fund,2025-09-30,Equity,Equity,Retail,Shoppers Stop,Small Cap,EQUITY,0.83,39.3615,758264
Kotak Contra Fund - Direct (G),119769,INF174K01KZ9,Contra Fund,2025-09-30,Equity,Equity,Automobile,Maruti Suzuki,Large Cap,EQUITY,3.09,145.5401,90798
Kotak Contra Fund - Direct (G),119769,INF174K01KZ9,Contra Fund,2025-09-30,Equity,Equity,Air Transport Service,Interglobe Aviat,Large Cap,EQUITY,1.46,68.9802,123300
Kotak Contra Fund - Direct (G),119769,INF174K01KZ9,Contra Fund,2025-09-30,Equity,Equity,Chemicals,SRF,Mid Cap,EQUITY,1.63,77.0383,272837
Kotak Contra Fund - Direct (G),119769,INF174K01KZ9,Contra Fund,2025-09-30,Equity,Equity,Banks,HDFC Bank,Large Cap,EQUITY,6.32,297.9354,3132864
Kotak Contra Fund - Direct (G),119769,INF174K01KZ9,Contra Fund,2025-09-30,Equity,Equity,Healthcare,Fortis Health.,Mid Cap,EQUITY,2.29,108.1909,1115600
Kotak Contra Fund - Direct (G),119769,INF174K01KZ9,Contra Fund,2025-09-30,Equity,Equity,Banks,SBI,Large Cap,EQUITY,3.51,165.5038,1897000
Kotak Contra Fund - Direct (G),119769,INF174K01KZ9,Contra Fund,2025-09-30,Equity,Equity,IT - Software,Mphasis,Mid Cap,EQUITY,2.54,119.9048,451653
Kotak Contra Fund - Direct (G),119769,INF174K01KZ9,Contra Fund,2025-09-30,Equity,Equity,Capital Goods - Electrical Equipment,GE Vernova T&D,Mid Cap,EQUITY,2.26,106.5934,360052
Kotak Contra Fund - Direct (G),119769,INF174K01KZ9,Contra Fund,2025-09-30,Equity,Equity,Ceramic Products,Kajaria Ceramics,Small Cap,EQUITY,0.84,39.791,341027
Kotak Contra Fund - Direct (G),119769,INF174K01KZ9,Contra Fund,2025-09-30,Equity,Equity,IT - Software,Tech Mahindra,Large Cap,EQUITY,2.71,127.7074,912000
Kotak Contra Fund - Direct (G),119769,INF174K01KZ9,Contra Fund,2025-09-30,Equity,Equity,Alcoholic Beverages,United Breweries,Mid Cap,EQUITY,0.74,34.6834,192600
Kotak Contra Fund - Direct (G),119769,INF174K01KZ9,Contra Fund,2025-09-30,Equity,Equity,Pharmaceuticals,Jubilant Pharmo,Small Cap,EQUITY,1.32,62.4325,578400
Kotak Contra Fund - Direct (G),119769,INF174K01KZ9,Contra Fund,2025-09-30,Equity,Equity,Capital Goods-Non Electrical Equipment,APL Apollo Tubes,Mid Cap,EQUITY,0.89,41.9839,249000
Kotak Contra Fund - Direct (G),119769,INF174K01KZ9,Contra Fund,2025-09-30,Equity,Equity,Aerospace & Defence,Bharat Electron,Large Cap,EQUITY,1.72,81.0728,2007000
Kotak Contra Fund - Direct (G),119769,INF174K01KZ9,Contra Fund,2025-09-30,Equity,Equity,Finance,Bajaj Finance,Large Cap,EQUITY,2.13,100.6688,1007797
Kotak Contra Fund - Direct (G),119769,INF174K01KZ9,Contra Fund,2025-09-30,Equity,Equity,Plywood Boards/Laminates,Century Plyboard,Small Cap,EQUITY,1.37,64.7987,796934
Kotak Contra Fund - Direct (G),119769,INF174K01KZ9,Contra Fund,2025-09-30,Equity,Equity,Finance,Poonawalla Fin,Mid Cap,EQUITY,2.68,126.5447,2543101
Kotak Contra Fund - Direct (G),119769,INF174K01KZ9,Contra Fund,2025-09-30,Equity,Equity,Stock/ Commodity Brokers,Nuvama Wealth,Small Cap,EQUITY,1.16,54.6669,86704
Kotak Contra Fund - Direct (G),119769,INF174K01KZ9,Contra Fund,2025-09-30,Equity,Equity,FMCG,Emami,Small Cap,EQUITY,0.79,37.1729,690626
Kotak Contra Fund - Direct (G),119769,INF174K01KZ9,Contra Fund,2025-09-30,Equity,Equity,Finance,Shriram Finance,Large Cap,EQUITY,2.06,97.301,1579305
Kotak Contra Fund - Direct (G),119769,INF174K01KZ9,Contra Fund,2025-09-30,Equity,Equity,Power Generation & Distribution,NTPC,Large Cap,EQUITY,2.02,95.326,2800000
Kotak Contra Fund - Direct (G),119769,INF174K01KZ9,Contra Fund,2025-09-30,Equity,Equity,Automobile,Hero Motocorp,Large Cap,EQUITY,3.07,144.8571,264700
Kotak Contra Fund - Direct (G),119769,INF174K01KZ9,Contra Fund,2025-09-30,Equity,Equity,Fertilizers,Coromandel Inter,Mid Cap,EQUITY,0.86,40.5387,180300
Kotak Contra Fund - Direct (G),119769,INF174K01KZ9,Contra Fund,2025-09-30,Equity,Equity,Gas Distribution,GAIL (India),Large Cap,EQUITY,1.43,67.3399,3819839
Kotak Contra Fund - Direct (G),119769,INF174K01KZ9,Contra Fund,2025-09-30,Equity,Equity,Finance,Power Fin.Corpn.,Large Cap,EQUITY,1.09,51.5069,1255500
Kotak Contra Fund - Direct (G),119769,INF174K01KZ9,Contra Fund,2025-09-30,Equity,Equity,Tobacco Products,ITC,Large Cap,EQUITY,1.14,53.7274,1338000
Kotak Contra Fund - Direct (G),119769,INF174K01KZ9,Contra Fund,2025-09-30,Equity,Equity,Alcoholic Beverages,Radico Khaitan,Mid Cap,EQUITY,1.45,68.317,236563
Kotak Contra Fund - Direct (G),119769,INF174K01KZ9,Contra Fund,2025-09-30,Equity,Equity,Capital Goods-Non Electrical Equipment,Jyoti CNC Auto.,Small Cap,EQUITY,0.48,22.4197,263792
Kotak Contra Fund - Direct (G),119769,INF174K01KZ9,Contra Fund,2025-09-30,Equity,Equity,Steel,Jindal Steel,Large Cap,EQUITY,1.15,54.0385,508000
Kotak Contra Fund - Direct (G),119769,INF174K01KZ9,Contra Fund,2025-09-30,Equity,Equity,Quick Service Restaurant,Sapphire Foods,Small Cap,EQUITY,1.0,47.0933,1602905
Kotak Contra Fund - Direct (G),119769,INF174K01KZ9,Contra Fund,2025-09-30,Equity,Equity,Finance,Aptus Value Hou.,Small Cap,EQUITY,1.06,50.1526,1568495
Kotak Contra Fund - Direct (G),119769,INF174K01KZ9,Contra Fund,2025-09-30,Equity,Equity,E-Commerce/App based Aggregator,Swiggy,Mid Cap,EQUITY,2.87,135.3156,3199328
Kotak Contra Fund - Direct (G),119769,INF174K01KZ9,Contra Fund,2025-09-30,Equity,Equity,Cement,Dalmia BharatLtd,Mid Cap,EQUITY,0.92,43.466,195160
Kotak Contra Fund - Direct (G),119769,INF174K01KZ9,Contra Fund,2025-09-30,Equity,Equity,Infrastructure Developers & Operators,Larsen & Toubro,Large Cap,EQUITY,0.96,45.2058,123547
Kotak Contra Fund - Direct (G),119769,INF174K01KZ9,Contra Fund,2025-09-30,Equity,Equity,Retail,Vishal Mega Mart,Mid Cap,EQUITY,0.82,38.4897,2583026
Kotak Contra Fund - Direct (G),119769,INF174K01KZ9,Contra Fund,2025-09-30,Equity,Equity,Banks,Indian Bank,Large Cap,EQUITY,2.46,115.9606,1544700
Kotak Contra Fund - Direct (G),119769,INF174K01KZ9,Contra Fund,2025-09-30,Equity,Equity,Pharmaceuticals,Ipca Labs.,Small Cap,EQUITY,1.33,62.8347,469266
Kotak Contra Fund - Direct (G),119769,INF174K01KZ9,Contra Fund,2025-09-30,Equity,Equity,Pharmaceuticals,J B Chemicals &,Small Cap,EQUITY,0.91,42.8649,250716
Kotak Contra Fund - Direct (G),119769,INF174K01KZ9,Contra Fund,2025-09-30,Equity,Equity,Infrastructure Developers & Operators,Kalpataru Proj.,Small Cap,EQUITY,1.19,55.9913,446217
Kotak Contra Fund - Direct (G),119769,INF174K01KZ9,Contra Fund,2025-09-30,Equity,Equity,Consumer Durables,Voltas,Mid Cap,EQUITY,1.13,53.0572,392000
Kotak Contra Fund - Direct (G),119769,INF174K01KZ9,Contra Fund,2025-09-30,Equity,Equity,Banks,Axis Bank,Large Cap,EQUITY,1.83,86.3411,763000
Kotak Contra Fund - Direct (G),119769,INF174K01KZ9,Contra Fund,2025-09-30,Equity,Equity,Banks,IndusInd Bank,Mid Cap,EQUITY,0.92,43.6181,593000
Kotak Contra Fund - Direct (G),119769,INF174K01KZ9,Contra Fund,2025-09-30,Equity,Equity,FMCG,Godrej Consumer,Large Cap,EQUITY,1.44,67.6802,580000
Kotak Contra Fund - Direct (G),119769,INF174K01KZ9,Contra Fund,2025-09-30,Equity,Equity,Healthcare,Metropolis Healt,Small Cap,EQUITY,1.14,53.5676,263102
Kotak Contra Fund - Direct (G),119769,INF174K01KZ9,Contra Fund,2025-09-30,Equity,Equity,Banks,Bank of Baroda,Large Cap,EQUITY,1.15,54.4227,2105000
Kotak Contra Fund - Direct (G),119769,INF174K01KZ9,Contra Fund,2025-09-30,Equity,Equity,Refineries,B P C L,Large Cap,EQUITY,1.72,81.1709,2389840
Kotak Contra Fund - Direct (G),119769,INF174K01KZ9,Contra Fund,2025-09-30,Equity,Equity,Pharmaceuticals,Ajanta Pharma,Small Cap,EQUITY,0.65,30.8649,128267
Kotak Contra Fund - Direct (G),119769,INF174K01KZ9,Contra Fund,2025-09-30,Equity,Equity,Banks,ICICI Bank,Large Cap,EQUITY,5.0,235.6373,1748051
Kotak Contra Fund - Direct (G),119769,INF174K01KZ9,Contra Fund,2025-09-30,Equity,Equity,Chemicals,Tata Chemicals,Small Cap,EQUITY,0.72,34.0345,370000
Kotak Contra Fund - Direct (G),119769,INF174K01KZ9,Contra Fund,2025-09-30,Equity,Equity,IT - Software,Hexaware Tech.,Mid Cap,EQUITY,0.77,36.1456,539084
Kotak Contra Fund - Direct (G),119769,INF174K01KZ9,Contra Fund,2025-09-30,Equity,Equity,Refineries,Reliance Industr,Large Cap,EQUITY,2.91,137.3068,1006648
Kotak Contra Fund - Direct (G),119769,INF174K01KZ9,Contra Fund,2025-09-30,Equity,Equity,IT - Software,Infosys,Large Cap,EQUITY,3.24,152.6578,1058800
Kotak Contra Fund - Direct (G),119769,INF174K01KZ9,Contra Fund,2025-09-30,Equity,Equity,Telecom-Service,Bharti Airtel,Large Cap,EQUITY,2.86,134.7093,717149
Kotak Contra Fund - Direct (G),119769,INF174K01KZ9,Contra Fund,2025-10-31,Equity,Equity,Capital Goods-Non Electrical Equipment,Jyoti CNC Auto.,Small Cap,EQUITY,0.46,22.7916,263792
Kotak Contra Fund - Direct (G),119769,INF174K01KZ9,Contra Fund,2025-10-31,Equity,Equity,Banks,HDFC Bank,Large Cap,EQUITY,6.87,338.3343,3426864
Kotak Contra Fund - Direct (G),119769,INF174K01KZ9,Contra Fund,2025-10-31,Equity,Equity,Healthcare,Fortis Health.,Mid Cap,EQUITY,2.32,114.1315,1115600
Kotak Contra Fund - Direct (G),119769,INF174K01KZ9,Contra Fund,2025-10-31,Equity,Equity,Banks,SBI,Large Cap,EQUITY,3.61,177.7489,1897000
Kotak Contra Fund - Direct (G),119769,INF174K01KZ9,Contra Fund,2025-10-31,Equity,Equity,Banks,ICICI Bank,Large Cap,EQUITY,4.78,235.1653,1748051
Kotak Contra Fund - Direct (G),119769,INF174K01KZ9,Contra Fund,2025-10-31,Equity,Equity,Chemicals,Tata Chemicals,Small Cap,EQUITY,0.67,32.9541,370000
Kotak Contra Fund - Direct (G),119769,INF174K01KZ9,Contra Fund,2025-10-31,Equity,Equity,IT - Software,Hexaware Tech.,Mid Cap,EQUITY,0.75,37.0566,539084
Kotak Contra Fund - Direct (G),119769,INF174K01KZ9,Contra Fund,2025-10-31,Equity,Equity,Refineries,Reliance Industr,Large Cap,EQUITY,3.04,149.6282,1006648
Kotak Contra Fund - Direct (G),119769,INF174K01KZ9,Contra Fund,2025-10-31,Equity,Equity,IT - Software,Infosys,Large Cap,EQUITY,3.19,156.9459,1058800
Kotak Contra Fund - Direct (G),119769,INF174K01KZ9,Contra Fund,2025-10-31,Equity,Equity,Telecom-Service,Bharti Airtel,Large Cap,EQUITY,2.99,147.3383,717149
Kotak Contra Fund - Direct (G),119769,INF174K01KZ9,Contra Fund,2025-10-31,Equity,Equity,Healthcare,Global Health,Small Cap,EQUITY,1.34,66.0837,503879
Kotak Contra Fund - Direct (G),119769,INF174K01KZ9,Contra Fund,2025-10-31,Equity,Equity,Automobile,Maruti Suzuki,Large Cap,EQUITY,2.99,146.9656,90798
Kotak Contra Fund - Direct (G),119769,INF174K01KZ9,Contra Fund,2025-10-31,Equity,Equity,Air Transport Service,Interglobe Aviat,Large Cap,EQUITY,1.41,69.3563,123300
Kotak Contra Fund - Direct (G),119769,INF174K01KZ9,Contra Fund,2025-10-31,Equity,Equity,Chemicals,SRF,Mid Cap,EQUITY,1.62,79.9549,272837
Kotak Contra Fund - Direct (G),119769,INF174K01KZ9,Contra Fund,2025-10-31,Equity,Equity,IT - Software,Mphasis,Mid Cap,EQUITY,2.54,124.855,451653
Kotak Contra Fund - Direct (G),119769,INF174K01KZ9,Contra Fund,2025-10-31,Equity,Equity,Capital Goods - Electrical Equipment,GE Vernova T&D,Mid Cap,EQUITY,2.22,109.3622,360052
Kotak Contra Fund - Direct (G),119769,INF174K01KZ9,Contra Fund,2025-10-31,Equity,Equity,Ceramic Products,Kajaria Ceramics,Small Cap,EQUITY,0.84,41.1824,341027
Kotak Contra Fund - Direct (G),119769,INF174K01KZ9,Contra Fund,2025-10-31,Equity,Equity,Finance,Canara Robeco,Small Cap,EQUITY,0.96,47.0532,1485032
Kotak Contra Fund - Direct (G),119769,INF174K01KZ9,Contra Fund,2025-10-31,Equity,Equity,IT - Software,Tech Mahindra,Large Cap,EQUITY,2.64,129.9053,912000
Kotak Contra Fund - Direct (G),119769,INF174K01KZ9,Contra Fund,2025-10-31,Equity,Equity,Pharmaceuticals,Jubilant Pharmo,Small Cap,EQUITY,1.29,63.6818,578400
Kotak Contra Fund - Direct (G),119769,INF174K01KZ9,Contra Fund,2025-10-31,Equity,Equity,Capital Goods-Non Electrical Equipment,APL Apollo Tubes,Mid Cap,EQUITY,0.91,44.6084,249000
Kotak Contra Fund - Direct (G),119769,INF174K01KZ9,Contra Fund,2025-10-31,Equity,Equity,E-Commerce/App based Aggregator,Swiggy,Mid Cap,EQUITY,2.67,131.1565,3199328
Kotak Contra Fund - Direct (G),119769,INF174K01KZ9,Contra Fund,2025-10-31,Equity,Equity,Cement,Dalmia BharatLtd,Mid Cap,EQUITY,0.96,47.2115,225160
Kotak Contra Fund - Direct (G),119769,INF174K01KZ9,Contra Fund,2025-10-31,Equity,Equity,Infrastructure Developers & Operators,Larsen & Toubro,Large Cap,EQUITY,1.01,49.8006,123547
Kotak Contra Fund - Direct (G),119769,INF174K01KZ9,Contra Fund,2025-10-31,Equity,Equity,Retail,Vishal Mega Mart,Mid Cap,EQUITY,0.76,37.3738,2583026
Kotak Contra Fund - Direct (G),119769,INF174K01KZ9,Contra Fund,2025-10-31,Equity,Equity,Cement,UltraTech Cem.,Large Cap,EQUITY,1.97,96.9499,81150
Kotak Contra Fund - Direct (G),119769,INF174K01KZ9,Contra Fund,2025-10-31,Equity,Equity,Retail,Shoppers Stop,Small Cap,EQUITY,0.58,28.7199,558264
Kotak Contra Fund - Direct (G),119769,INF174K01KZ9,Contra Fund,2025-10-31,Equity,Equity,Finance,Shriram Finance,Large Cap,EQUITY,2.4,118.2742,1579305
Kotak Contra Fund - Direct (G),119769,INF174K01KZ9,Contra Fund,2025-10-31,Equity,Equity,Power Generation & Distribution,NTPC,Large Cap,EQUITY,1.92,94.346,2800000
Kotak Contra Fund - Direct (G),119769,INF174K01KZ9,Contra Fund,2025-10-31,Equity,Equity,Aerospace & Defence,Bharat Electron,Large Cap,EQUITY,1.74,85.5183,2007000
Kotak Contra Fund - Direct (G),119769,INF174K01KZ9,Contra Fund,2025-10-31,Equity,Equity,Finance,Bajaj Finance,Large Cap,EQUITY,2.14,105.0931,1007797
Kotak Contra Fund - Direct (G),119769,INF174K01KZ9,Contra Fund,2025-10-31,Equity,Equity,Consumer Durables,LG Electronics,Large Cap,EQUITY,0.93,45.7886,275238
Kotak Contra Fund - Direct (G),119769,INF174K01KZ9,Contra Fund,2025-10-31,Equity,Equity,Plywood Boards/Laminates,Century Plyboard,Small Cap,EQUITY,1.22,60.1247,796934
Kotak Contra Fund - Direct (G),119769,INF174K01KZ9,Contra Fund,2025-10-31,Equity,Equity,Automobile,Hero Motocorp,Large Cap,EQUITY,2.98,146.7497,264700
Kotak Contra Fund - Direct (G),119769,INF174K01KZ9,Contra Fund,2025-10-31,Equity,Equity,Fertilizers,Coromandel Inter,Mid Cap,EQUITY,0.78,38.3065,180300
Kotak Contra Fund - Direct (G),119769,INF174K01KZ9,Contra Fund,2025-10-31,Equity,Equity,Gas Distribution,GAIL (India),Large Cap,EQUITY,1.23,60.6734,3319839
Kotak Contra Fund - Direct (G),119769,INF174K01KZ9,Contra Fund,2025-10-31,Equity,Equity,Tobacco Products,ITC,Large Cap,EQUITY,1.14,56.2428,1338000
Kotak Contra Fund - Direct (G),119769,INF174K01KZ9,Contra Fund,2025-10-31,Equity,Equity,Banks,Bank of Baroda,Large Cap,EQUITY,1.35,66.2592,2380000
Kotak Contra Fund - Direct (G),119769,INF174K01KZ9,Contra Fund,2025-10-31,Equity,Equity,Refineries,B P C L,Large Cap,EQUITY,1.73,85.2695,2389840
Kotak Contra Fund - Direct (G),119769,INF174K01KZ9,Contra Fund,2025-10-31,Equity,Equity,Pharmaceuticals,Ajanta Pharma,Small Cap,EQUITY,0.64,31.6217,128267
Kotak Contra Fund - Direct (G),119769,INF174K01KZ9,Contra Fund,2025-10-31,Equity,Equity,Non Ferrous Metals,Hindalco Inds.,Large Cap,EQUITY,1.02,50.0232,590000
Kotak Contra Fund - Direct (G),119769,INF174K01KZ9,Contra Fund,2025-10-31,Equity,Equity,Alcoholic Beverages,Radico Khaitan,Mid Cap,EQUITY,1.51,74.0797,236563
Kotak Contra Fund - Direct (G),119769,INF174K01KZ9,Contra Fund,2025-10-31,Equity,Equity,Finance,Tata Capital,Large Cap,EQUITY,0.41,20.0784,613456
Kotak Contra Fund - Direct (G),119769,INF174K01KZ9,Contra Fund,2025-10-31,Equity,Equity,Banks,Indian Bank,Large Cap,EQUITY,2.37,116.7574,1359700
Kotak Contra Fund - Direct (G),119769,INF174K01KZ9,Contra Fund,2025-10-31,Equity,Equity,Pharmaceuticals,Ipca Labs.,Mid Cap,EQUITY,1.21,59.6531,469266
Kotak Contra Fund - Direct (G),119769,INF174K01KZ9,Contra Fund,2025-10-31,Equity,Equity,Pharmaceuticals,J B Chemicals &,Small Cap,EQUITY,0.86,42.178,250716
Kotak Contra Fund - Direct (G),119769,INF174K01KZ9,Contra Fund,2025-10-31,Equity,Equity,Infrastructure Developers & Operators,Kalpataru Proj.,Small Cap,EQUITY,1.14,56.0627,446217
Kotak Contra Fund - Direct (G),119769,INF174K01KZ9,Contra Fund,2025-10-31,Equity,Equity,Consumer Durables,Voltas,Mid Cap,EQUITY,1.1,54.2371,392000
Kotak Contra Fund - Direct (G),119769,INF174K01KZ9,Contra Fund,2025-10-31,Equity,Equity,Banks,Axis Bank,Large Cap,EQUITY,1.91,94.0626,763000
Kotak Contra Fund - Direct (G),119769,INF174K01KZ9,Contra Fund,2025-10-31,Equity,Equity,Steel,Jindal Steel,Mid Cap,EQUITY,1.1,54.1934,508000
Kotak Contra Fund - Direct (G),119769,INF174K01KZ9,Contra Fund,2025-10-31,Equity,Equity,Quick Service Restaurant,Sapphire Foods,Small Cap,EQUITY,0.93,45.8511,1602905
Kotak Contra Fund - Direct (G),119769,INF174K01KZ9,Contra Fund,2025-10-31,Equity,Equity,Finance,Aptus Value Hou.,Small Cap,EQUITY,1.01,49.8154,1568495
Kotak Contra Fund - Direct (G),119769,INF174K01KZ9,Contra Fund,2025-10-31,Equity,Equity,Readymade Garments/ Apparells,Pearl Global Ind,Small Cap,EQUITY,0.04,1.9889,15112
Kotak Contra Fund - Direct (G),119769,INF174K01KZ9,Contra Fund,2025-10-31,Equity,Equity,Banks,IndusInd Bank,Mid Cap,EQUITY,0.96,47.1316,593000
Kotak Contra Fund - Direct (G),119769,INF174K01KZ9,Contra Fund,2025-10-31,Equity,Equity,FMCG,Godrej Consumer,Large Cap,EQUITY,1.32,64.8788,580000
Kotak Contra Fund - Direct (G),119769,INF174K01KZ9,Contra Fund,2025-10-31,Equity,Equity,Healthcare,Metropolis Healt,Small Cap,EQUITY,1.05,51.8416,263102
Kotak Contra Fund - Direct (G),119769,INF174K01KZ9,Contra Fund,2025-10-31,Equity,Equity,Finance,Poonawalla Fin,Mid Cap,EQUITY,2.25,110.6694,2296761
Kotak Contra Fund - Direct (G),119769,INF174K01KZ9,Contra Fund,2025-10-31,Equity,Equity,Stock/ Commodity Brokers,Nuvama Wealth,Small Cap,EQUITY,0.98,48.0157,67704
Kotak Contra Fund - Direct (G),119769,INF174K01KZ9,Contra Fund,2025-10-31,Equity,Equity,FMCG,Emami,Small Cap,EQUITY,0.75,36.9071,690626
Kotak Contra Fund - Direct (G),119769,INF174K01KZ9,Contra Fund,2025-11-30,Equity,Equity,Banks,ICICI Bank,Large Cap,EQUITY,4.85,242.7693,1748051
Kotak Contra Fund - Direct (G),119769,INF174K01KZ9,Contra Fund,2025-11-30,Equity,Equity,Chemicals,Tata Chemicals,Small Cap,EQUITY,0.59,29.6148,370000
Kotak Contra Fund - Direct (G),119769,INF174K01KZ9,Contra Fund,2025-11-30,Equity,Equity,IT - Software,Hexaware Tech.,Mid Cap,EQUITY,0.81,40.7952,539084
Kotak Contra Fund - Direct (G),119769,INF174K01KZ9,Contra Fund,2025-11-30,Equity,Equity,Banks,IndusInd Bank,Mid Cap,EQUITY,1.14,56.9219,663000
Kotak Contra Fund - Direct (G),119769,INF174K01KZ9,Contra Fund,2025-11-30,Equity,Equity,Refineries,Reliance Industr,Large Cap,EQUITY,3.15,157.7921,1006648
Kotak Contra Fund - Direct (G),119769,INF174K01KZ9,Contra Fund,2025-11-30,Equity,Equity,IT - Software,Infosys,Large Cap,EQUITY,3.22,161.2058,1033304
Kotak Contra Fund - Direct (G),119769,INF174K01KZ9,Contra Fund,2025-11-30,Equity,Equity,Telecom-Service,Bharti Airtel,Large Cap,EQUITY,3.01,150.716,717149
Kotak Contra Fund - Direct (G),119769,INF174K01KZ9,Contra Fund,2025-11-30,Equity,Equity,Healthcare,Global Health,Small Cap,EQUITY,1.25,62.7833,503879
Kotak Contra Fund - Direct (G),119769,INF174K01KZ9,Contra Fund,2025-11-30,Equity,Equity,Cement,UltraTech Cem.,Large Cap,EQUITY,1.88,94.134,81150
Kotak Contra Fund - Direct (G),119769,INF174K01KZ9,Contra Fund,2025-11-30,Equity,Equity,Retail,Shoppers Stop,Small Cap,EQUITY,0.28,14.0596,330193
Kotak Contra Fund - Direct (G),119769,INF174K01KZ9,Contra Fund,2025-11-30,Equity,Equity,Automobile,Maruti Suzuki,Large Cap,EQUITY,2.88,144.3688,90798
Kotak Contra Fund - Direct (G),119769,INF174K01KZ9,Contra Fund,2025-11-30,Equity,Equity,Air Transport Service,Interglobe Aviat,Large Cap,EQUITY,1.45,72.7655,123300
Kotak Contra Fund - Direct (G),119769,INF174K01KZ9,Contra Fund,2025-11-30,Equity,Equity,Chemicals,SRF,Mid Cap,EQUITY,1.59,79.8676,272837
Kotak Contra Fund - Direct (G),119769,INF174K01KZ9,Contra Fund,2025-11-30,Equity,Equity,Automobile,Hero Motocorp,Large Cap,EQUITY,3.26,163.439,264700
Kotak Contra Fund - Direct (G),119769,INF174K01KZ9,Contra Fund,2025-11-30,Equity,Equity,Fertilizers,Coromandel Inter,Mid Cap,EQUITY,0.86,42.9493,180300
Kotak Contra Fund - Direct (G),119769,INF174K01KZ9,Contra Fund,2025-11-30,Equity,Equity,Auto Ancillaries,Tenneco Clean,Small Cap,EQUITY,0.49,24.381,503792
Kotak Contra Fund - Direct (G),119769,INF174K01KZ9,Contra Fund,2025-11-30,Equity,Equity,Capital Goods - Electrical Equipment,Emmvee Photovol.,Small Cap,EQUITY,0.59,29.4182,1354056
Kotak Contra Fund - Direct (G),119769,INF174K01KZ9,Contra Fund,2025-11-30,Equity,Equity,Banks,HDFC Bank,Large Cap,EQUITY,6.89,345.2908,3426864
Kotak Contra Fund - Direct (G),119769,INF174K01KZ9,Contra Fund,2025-11-30,Equity,Equity,Healthcare,Fortis Health.,Mid Cap,EQUITY,2.05,102.5348,1115600
Kotak Contra Fund - Direct (G),119769,INF174K01KZ9,Contra Fund,2025-11-30,Equity,Equity,Banks,SBI,Large Cap,EQUITY,3.71,185.7163,1897000
Kotak Contra Fund - Direct (G),119769,INF174K01KZ9,Contra Fund,2025-11-30,Equity,Equity,Finance,Bajaj Finance,Large Cap,EQUITY,2.09,104.5589,1007797
Kotak Contra Fund - Direct (G),119769,INF174K01KZ9,Contra Fund,2025-11-30,Equity,Equity,Consumer Durables,LG Electronics,Mid Cap,EQUITY,0.91,45.6702,275238
Kotak Contra Fund - Direct (G),119769,INF174K01KZ9,Contra Fund,2025-11-30,Equity,Equity,Plywood Boards/Laminates,Century Plyboard,Small Cap,EQUITY,1.27,63.8185,796934
Kotak Contra Fund - Direct (G),119769,INF174K01KZ9,Contra Fund,2025-11-30,Equity,Equity,IT - Software,Mphasis,Mid Cap,EQUITY,2.53,126.9777,451653
Kotak Contra Fund - Direct (G),119769,INF174K01KZ9,Contra Fund,2025-11-30,Equity,Equity,IT - Software,Tech Mahindra,Large Cap,EQUITY,2.88,144.447,952000
Kotak Contra Fund - Direct (G),119769,INF174K01KZ9,Contra Fund,2025-11-30,Equity,Equity,Pharmaceuticals,Jubilant Pharmo,Small Cap,EQUITY,1.26,63.0282,578400
Kotak Contra Fund - Direct (G),119769,INF174K01KZ9,Contra Fund,2025-11-30,Equity,Equity,Capital Goods-Non Electrical Equipment,APL Apollo Tubes,Mid Cap,EQUITY,0.85,42.8006,249000
Kotak Contra Fund - Direct (G),119769,INF174K01KZ9,Contra Fund,2025-11-30,Equity,Equity,Finance,Poonawalla Fin,Mid Cap,EQUITY,2.2,110.3134,2296761
Kotak Contra Fund - Direct (G),119769,INF174K01KZ9,Contra Fund,2025-11-30,Equity,Equity,Stock/ Commodity Brokers,Nuvama Wealth,Small Cap,EQUITY,1.01,50.5241,67704
Kotak Contra Fund - Direct (G),119769,INF174K01KZ9,Contra Fund,2025-11-30,Equity,Equity,FMCG,Emami,Small Cap,EQUITY,0.73,36.6377,690626
Kotak Contra Fund - Direct (G),119769,INF174K01KZ9,Contra Fund,2025-11-30,Equity,Equity,Finance,Shriram Finance,Large Cap,EQUITY,2.68,134.5015,1579305
Kotak Contra Fund - Direct (G),119769,INF174K01KZ9,Contra Fund,2025-11-30,Equity,Equity,Power Generation & Distribution,NTPC,Large Cap,EQUITY,1.82,91.406,2800000
Kotak Contra Fund - Direct (G),119769,INF174K01KZ9,Contra Fund,2025-11-30,Equity,Equity,Banks,Axis Bank,Large Cap,EQUITY,1.95,97.6411,763000
Kotak Contra Fund - Direct (G),119769,INF174K01KZ9,Contra Fund,2025-11-30,Equity,Equity,Aerospace & Defence,Bharat Electron,Large Cap,EQUITY,1.65,82.6382,2007000
Kotak Contra Fund - Direct (G),119769,INF174K01KZ9,Contra Fund,2025-11-30,Equity,Equity,Alcoholic Beverages,Radico Khaitan,Mid Cap,EQUITY,1.4,70.1172,218563
Kotak Contra Fund - Direct (G),119769,INF174K01KZ9,Contra Fund,2025-11-30,Equity,Equity,Finance,Tata Capital,Large Cap,EQUITY,0.24,11.9177,363456
Kotak Contra Fund - Direct (G),119769,INF174K01KZ9,Contra Fund,2025-11-30,Equity,Equity,FMCG,Godrej Consumer,Large Cap,EQUITY,1.33,66.4448,580000
Kotak Contra Fund - Direct (G),119769,INF174K01KZ9,Contra Fund,2025-11-30,Equity,Equity,E-Commerce/App based Aggregator,Swiggy,Mid Cap,EQUITY,2.42,121.0306,3199328
Kotak Contra Fund - Direct (G),119769,INF174K01KZ9,Contra Fund,2025-11-30,Equity,Equity,Cement,Dalmia BharatLtd,Mid Cap,EQUITY,1.0,50.0662,249160
Kotak Contra Fund - Direct (G),119769,INF174K01KZ9,Contra Fund,2025-11-30,Equity,Equity,Infrastructure Developers & Operators,Larsen & Toubro,Large Cap,EQUITY,1.0,50.2787,123547
Kotak Contra Fund - Direct (G),119769,INF174K01KZ9,Contra Fund,2025-11-30,Equity,Equity,Retail,Vishal Mega Mart,Mid Cap,EQUITY,0.7,35.0775,2583026
Kotak Contra Fund - Direct (G),119769,INF174K01KZ9,Contra Fund,2025-11-30,Equity,Equity,Banks,Bank of Baroda,Large Cap,EQUITY,1.38,68.9724,2380000
Kotak Contra Fund - Direct (G),119769,INF174K01KZ9,Contra Fund,2025-11-30,Equity,Equity,Refineries,B P C L,Large Cap,EQUITY,1.71,85.8192,2389840
Kotak Contra Fund - Direct (G),119769,INF174K01KZ9,Contra Fund,2025-11-30,Equity,Equity,Pharmaceuticals,Ajanta Pharma,Mid Cap,EQUITY,0.88,43.845,171216
Kotak Contra Fund - Direct (G),119769,INF174K01KZ9,Contra Fund,2025-11-30,Equity,Equity,Non Ferrous Metals,Hindalco Inds.,Large Cap,EQUITY,0.95,47.6956,590000
Kotak Contra Fund - Direct (G),119769,INF174K01KZ9,Contra Fund,2025-11-30,Equity,Equity,Capital Goods - Electrical Equipment,GE Vernova T&D,Mid Cap,EQUITY,2.07,103.7454,360052
Kotak Contra Fund - Direct (G),119769,INF174K01KZ9,Contra Fund,2025-11-30,Equity,Equity,Finance,Piramal Finance.,Mid Cap,EQUITY,0.57,28.7573,185687
Kotak Contra Fund - Direct (G),119769,INF174K01KZ9,Contra Fund,2025-11-30,Equity,Equity,Banks,Indian Bank,Large Cap,EQUITY,1.93,96.7457,1111700
Kotak Contra Fund - Direct (G),119769,INF174K01KZ9,Contra Fund,2025-11-30,Equity,Equity,Pharmaceuticals,Ipca Labs.,Mid Cap,EQUITY,1.47,73.8535,508248
Kotak Contra Fund - Direct (G),119769,INF174K01KZ9,Contra Fund,2025-11-30,Equity,Equity,Pharmaceuticals,J B Chemicals &,Small Cap,EQUITY,0.89,44.4093,250716
Kotak Contra Fund - Direct (G),119769,INF174K01KZ9,Contra Fund,2025-11-30,Equity,Equity,Steel,Jindal Steel,Large Cap,EQUITY,1.06,53.0555,508000
Kotak Contra Fund - Direct (G),119769,INF174K01KZ9,Contra Fund,2025-11-30,Equity,Equity,Quick Service Restaurant,Sapphire Foods,Small Cap,EQUITY,0.8,39.8642,1602905
Kotak Contra Fund - Direct (G),119769,INF174K01KZ9,Contra Fund,2025-11-30,Equity,Equity,Finance,Aptus Value Hou.,Small Cap,EQUITY,1.01,50.7542,1818495
Kotak Contra Fund - Direct (G),119769,INF174K01KZ9,Contra Fund,2025-11-30,Equity,Equity,Finance,Canara Robeco,Small Cap,EQUITY,0.9,45.0633,1485032
Kotak Contra Fund - Direct (G),119769,INF174K01KZ9,Contra Fund,2025-11-30,Equity,Equity,Infrastructure Developers & Operators,Kalpataru Proj.,Small Cap,EQUITY,1.07,53.5327,446217
Kotak Contra Fund - Direct (G),119769,INF174K01KZ9,Contra Fund,2025-11-30,Equity,Equity,Consumer Durables,Voltas,Mid Cap,EQUITY,1.08,53.951,392000
Kotak Contra Fund - Direct (G),119769,INF174K01KZ9,Contra Fund,2025-11-30,Equity,Equity,Healthcare,Metropolis Healt,Small Cap,EQUITY,1.01,50.805,263102
Kotak Contra Fund - Direct (G),119769,INF174K01KZ9,Contra Fund,2025-11-30,Equity,Equity,Insurance,SBI Life Insuran,Large Cap,EQUITY,0.57,28.507,145000
Kotak Contra Fund - Direct (G),119769,INF174K01KZ9,Contra Fund,2025-11-30,Equity,Equity,Gas Distribution,GAIL (India),Large Cap,EQUITY,0.93,46.573,2644839
Kotak Contra Fund - Direct (G),119769,INF174K01KZ9,Contra Fund,2025-11-30,Equity,Equity,Tobacco Products,ITC,Large Cap,EQUITY,1.08,54.0887,1338000
Kotak Contra Fund - Direct (G),119769,INF174K01KZ9,Contra Fund,2025-11-30,Equity,Equity,Capital Goods-Non Electrical Equipment,Jyoti CNC Auto.,Small Cap,EQUITY,0.76,38.2675,378792
Kotak Contra Fund - Direct (G),119769,INF174K01KZ9,Contra Fund,2025-12-31,Equity,Equity,Automobile,Hero Motocorp,Large Cap,EQUITY,2.97,152.7584,264700
Kotak Contra Fund - Direct (G),119769,INF174K01KZ9,Contra Fund,2025-12-31,Equity,Equity,Fertilizers,Coromandel Inter,Mid Cap,EQUITY,0.8,40.8632,180300
Kotak Contra Fund - Direct (G),119769,INF174K01KZ9,Contra Fund,2025-12-31,Equity,Equity,Auto Ancillaries,Tenneco Clean,Small Cap,EQUITY,0.5,25.5876,503792
Kotak Contra Fund - Direct (G),119769,INF174K01KZ9,Contra Fund,2025-12-31,Equity,Equity,Capital Goods - Electrical Equipment,Emmvee Photovol.,Small Cap,EQUITY,0.51,26.0453,1354056
Kotak Contra Fund - Direct (G),119769,INF174K01KZ9,Contra Fund,2025-12-31,Equity,Equity,Finance,Bajaj Finance,Large Cap,EQUITY,1.94,99.4494,1007797
Kotak Contra Fund - Direct (G),119769,INF174K01KZ9,Contra Fund,2025-12-31,Equity,Equity,Consumer Durables,LG Electronics,Mid Cap,EQUITY,0.82,41.8747,275238
Kotak Contra Fund - Direct (G),119769,INF174K01KZ9,Contra Fund,2025-12-31,Equity,Equity,Plywood Boards/Laminates,Century Plyboard,Small Cap,EQUITY,1.29,66.0499,796934
Kotak Contra Fund - Direct (G),119769,INF174K01KZ9,Contra Fund,2025-12-31,Equity,Equity,Finance,Shriram Finance,Large Cap,EQUITY,3.06,157.3304,1579305
Kotak Contra Fund - Direct (G),119769,INF174K01KZ9,Contra Fund,2025-12-31,Equity,Equity,Power Generation & Distribution,NTPC,Large Cap,EQUITY,1.99,102.1605,3100000
Kotak Contra Fund - Direct (G),119769,INF174K01KZ9,Contra Fund,2025-12-31,Equity,Equity,Banks,Axis Bank,Large Cap,EQUITY,1.89,96.8552,763000
Kotak Contra Fund - Direct (G),119769,INF174K01KZ9,Contra Fund,2025-12-31,Equity,Equity,Aerospace & Defence,Bharat Electron,Large Cap,EQUITY,1.56,80.1997,2007000
Kotak Contra Fund - Direct (G),119769,INF174K01KZ9,Contra Fund,2025-12-31,Equity,Equity,FMCG,Godrej Consumer,Large Cap,EQUITY,1.38,70.8876,580000
Kotak Contra Fund - Direct (G),119769,INF174K01KZ9,Contra Fund,2025-12-31,Equity,Equity,Healthcare,Metropolis Healt,Small Cap,EQUITY,0.99,50.7497,263102
Kotak Contra Fund - Direct (G),119769,INF174K01KZ9,Contra Fund,2025-12-31,Equity,Equity,Banks,ICICI Bank,Large Cap,EQUITY,4.57,234.7458,1748051
Kotak Contra Fund - Direct (G),119769,INF174K01KZ9,Contra Fund,2025-12-31,Equity,Equity,IT - Software,Tech Mahindra,Large Cap,EQUITY,3.09,158.6127,997000
Kotak Contra Fund - Direct (G),119769,INF174K01KZ9,Contra Fund,2025-12-31,Equity,Equity,Pharmaceuticals,Jubilant Pharmo,Small Cap,EQUITY,1.21,62.0797,578400
Kotak Contra Fund - Direct (G),119769,INF174K01KZ9,Contra Fund,2025-12-31,Equity,Equity,Capital Goods-Non Electrical Equipment,APL Apollo Tubes,Mid Cap,EQUITY,0.93,47.6586,249000
Kotak Contra Fund - Direct (G),119769,INF174K01KZ9,Contra Fund,2025-12-31,Equity,Equity,Chemicals,Tata Chemicals,Small Cap,EQUITY,0.45,23.2511,303718
Kotak Contra Fund - Direct (G),119769,INF174K01KZ9,Contra Fund,2025-12-31,Equity,Equity,Banks,IndusInd Bank,Mid Cap,EQUITY,1.12,57.2965,663000
Kotak Contra Fund - Direct (G),119769,INF174K01KZ9,Contra Fund,2025-12-31,Equity,Equity,Capital Goods-Non Electrical Equipment,Jyoti CNC Auto.,Small Cap,EQUITY,0.73,37.4739,378792
Kotak Contra Fund - Direct (G),119769,INF174K01KZ9,Contra Fund,2025-12-31,Equity,Equity,Alcoholic Beverages,Radico Khaitan,Mid Cap,EQUITY,1.4,72.0908,218563
Kotak Contra Fund - Direct (G),119769,INF174K01KZ9,Contra Fund,2025-12-31,Equity,Equity,Finance,Tata Capital,Large Cap,EQUITY,0.24,12.4247,363456
Kotak Contra Fund - Direct (G),119769,INF174K01KZ9,Contra Fund,2025-12-31,Equity,Equity,Healthcare,Park Medi World,Small Cap,EQUITY,1.13,57.8453,3947135
Kotak Contra Fund - Direct (G),119769,INF174K01KZ9,Contra Fund,2025-12-31,Equity,Equity,Insurance,SBI Life Insuran,Large Cap,EQUITY,1.03,52.9074,260000
Kotak Contra Fund - Direct (G),119769,INF174K01KZ9,Contra Fund,2025-12-31,Equity,Equity,Tobacco Products,ITC,Large Cap,EQUITY,1.05,53.9214,1338000
Kotak Contra Fund - Direct (G),119769,INF174K01KZ9,Contra Fund,2025-12-31,Equity,Equity,Cement,Dalmia BharatLtd,Mid Cap,EQUITY,1.39,71.2062,334160
Kotak Contra Fund - Direct (G),119769,INF174K01KZ9,Contra Fund,2025-12-31,Equity,Equity,Infrastructure Developers & Operators,Larsen & Toubro,Large Cap,EQUITY,0.98,50.4504,123547
Kotak Contra Fund - Direct (G),119769,INF174K01KZ9,Contra Fund,2025-12-31,Equity,Equity,Retail,Vishal Mega Mart,Mid Cap,EQUITY,0.68999,35.2247,2583026
Kotak Contra Fund - Direct (G),119769,INF174K01KZ9,Contra Fund,2025-12-31,Equity,Equity,Banks,Bank of Baroda,Large Cap,EQUITY,1.37,70.4242,2380000
Kotak Contra Fund - Direct (G),119769,INF174K01KZ9,Contra Fund,2025-12-31,Equity,Equity,Infrastructure Developers & Operators,Kalpataru Proj.,Small Cap,EQUITY,1.04,53.6531,446217
Kotak Contra Fund - Direct (G),119769,INF174K01KZ9,Contra Fund,2025-12-31,Equity,Equity,Consumer Durables,Voltas,Mid Cap,EQUITY,1.04,53.359,392000
Kotak Contra Fund - Direct (G),119769,INF174K01KZ9,Contra Fund,2025-12-31,Equity,Equity,Banks,Indian Bank,Large Cap,EQUITY,1.58,81.3556,971700
Kotak Contra Fund - Direct (G),119769,INF174K01KZ9,Contra Fund,2025-12-31,Equity,Equity,Pharmaceuticals,Ipca Labs.,Mid Cap,EQUITY,1.4,72.1153,508248
Kotak Contra Fund - Direct (G),119769,INF174K01KZ9,Contra Fund,2025-12-31,Equity,Equity,Pharmaceuticals,J B Chemicals &,Small Cap,EQUITY,0.89,45.6228,250716
Kotak Contra Fund - Direct (G),119769,INF174K01KZ9,Contra Fund,2025-12-31,Equity,Equity,Steel,Jindal Steel,Large Cap,EQUITY,1.04,53.533,508000
Kotak Contra Fund - Direct (G),119769,INF174K01KZ9,Contra Fund,2025-12-31,Equity,Equity,Quick Service Restaurant,Sapphire Foods,Small Cap,EQUITY,0.8,41.2027,1602905
Kotak Contra Fund - Direct (G),119769,INF174K01KZ9,Contra Fund,2025-12-31,Equity,Equity,Finance,Aptus Value Hou.,Small Cap,EQUITY,1.01,51.9467,1861221
Kotak Contra Fund - Direct (G),119769,INF174K01KZ9,Contra Fund,2025-12-31,Equity,Equity,Capital Goods - Electrical Equipment,GE Vernova T&D,Mid Cap,EQUITY,2.2,112.7863,360052
Kotak Contra Fund - Direct (G),119769,INF174K01KZ9,Contra Fund,2025-12-31,Equity,Equity,Finance,Piramal Finance.,Mid Cap,EQUITY,0.71,36.2589,220687
Kotak Contra Fund - Direct (G),119769,INF174K01KZ9,Contra Fund,2025-12-31,Equity,Equity,Finance,Canara Robeco,Small Cap,EQUITY,0.91,46.7488,1485032
Kotak Contra Fund - Direct (G),119769,INF174K01KZ9,Contra Fund,2025-12-31,Equity,Equity,Healthcare,Global Health,Small Cap,EQUITY,1.16,59.7802,503879
Kotak Contra Fund - Direct (G),119769,INF174K01KZ9,Contra Fund,2025-12-31,Equity,Equity,Cement,UltraTech Cem.,Large Cap,EQUITY,1.86,95.6272,81150
Kotak Contra Fund - Direct (G),119769,INF174K01KZ9,Contra Fund,2025-12-31,Equity,Equity,Retail,Shoppers Stop,Small Cap,EQUITY,0.03,1.3441,34920
Kotak Contra Fund - Direct (G),119769,INF174K01KZ9,Contra Fund,2025-12-31,Equity,Equity,IT - Software,Infosys,Large Cap,EQUITY,3.57,183.36,1135075
Kotak Contra Fund - Direct (G),119769,INF174K01KZ9,Contra Fund,2025-12-31,Equity,Equity,E-Commerce/App based Aggregator,Swiggy,Mid Cap,EQUITY,2.41,123.574,3199328
Kotak Contra Fund - Direct (G),119769,INF174K01KZ9,Contra Fund,2025-12-31,Equity,Equity,Automobile,Maruti Suzuki,Large Cap,EQUITY,2.95,151.6054,90798
Kotak Contra Fund - Direct (G),119769,INF174K01KZ9,Contra Fund,2025-12-31,Equity,Equity,Air Transport Service,Interglobe Aviat,Large Cap,EQUITY,1.35,69.4669,137300
Kotak Contra Fund - Direct (G),119769,INF174K01KZ9,Contra Fund,2025-12-31,Equity,Equity,Chemicals,SRF,Mid Cap,EQUITY,1.63,83.8974,272837
Kotak Contra Fund - Direct (G),119769,INF174K01KZ9,Contra Fund,2025-12-31,Equity,Equity,Refineries,B P C L,Large Cap,EQUITY,1.79,91.7699,2389840
Kotak Contra Fund - Direct (G),119769,INF174K01KZ9,Contra Fund,2025-12-31,Equity,Equity,Pharmaceuticals,Ajanta Pharma,Mid Cap,EQUITY,0.92,47.408,171216
Kotak Contra Fund - Direct (G),119769,INF174K01KZ9,Contra Fund,2025-12-31,Equity,Equity,Non Ferrous Metals,Hindalco Inds.,Large Cap,EQUITY,1.17,59.8523,675000
Kotak Contra Fund - Direct (G),119769,INF174K01KZ9,Contra Fund,2025-12-31,Equity,Equity,Refineries,Reliance Industr,Large Cap,EQUITY,3.08,158.084,1006648
Kotak Contra Fund - Direct (G),119769,INF174K01KZ9,Contra Fund,2025-12-31,Equity,Equity,IT - Software,Mphasis,Mid Cap,EQUITY,2.45,126.0654,451653
Kotak Contra Fund - Direct (G),119769,INF174K01KZ9,Contra Fund,2025-12-31,Equity,Equity,Banks,HDFC Bank,Large Cap,EQUITY,6.61,339.6708,3426864
Kotak Contra Fund - Direct (G),119769,INF174K01KZ9,Contra Fund,2025-12-31,Equity,Equity,Healthcare,Fortis Health.,Mid Cap,EQUITY,2.02,103.923,1175600
Kotak Contra Fund - Direct (G),119769,INF174K01KZ9,Contra Fund,2025-12-31,Equity,Equity,Banks,SBI,Large Cap,EQUITY,3.63,186.3233,1897000
Kotak Contra Fund - Direct (G),119769,INF174K01KZ9,Contra Fund,2025-12-31,Equity,Equity,Telecom-Service,Bharti Airtel,Large Cap,EQUITY,2.94,151.0029,717149
Kotak Contra Fund - Direct (G),119769,INF174K01KZ9,Contra Fund,2025-12-31,Equity,Equity,Banks,Bank of Maha,Mid Cap,EQUITY,1.11,57.1605,9212013
Kotak Contra Fund - Direct (G),119769,INF174K01KZ9,Contra Fund,2025-12-31,Equity,Equity,Finance,Poonawalla Fin,Mid Cap,EQUITY,2.16,110.9221,2296761
Kotak Contra Fund - Direct (G),119769,INF174K01KZ9,Contra Fund,2025-12-31,Equity,Equity,Stock/ Commodity Brokers,Nuvama Wealth,Small Cap,EQUITY,0.98,50.1179,338520
Kotak Contra Fund - Direct (G),119769,INF174K01KZ9,Contra Fund,2025-12-31,Equity,Equity,FMCG,Emami,Small Cap,EQUITY,0.71,36.5065,690626
Kotak Contra Fund - Direct (G),119769,INF174K01KZ9,Contra Fund,2026-01-31,Equity,Equity,Banks,ICICI Bank,Large Cap,EQUITY,4.66,236.8609,1748051
Kotak Contra Fund - Direct (G),119769,INF174K01KZ9,Contra Fund,2026-01-31,Equity,Equity,Banks,IndusInd Bank,Mid Cap,EQUITY,1.31,66.5802,743000
Kotak Contra Fund - Direct (G),119769,INF174K01KZ9,Contra Fund,2026-01-31,Equity,Equity,Refineries,Reliance Industr,Large Cap,EQUITY,3.1,157.9102,1131648
Kotak Contra Fund - Direct (G),119769,INF174K01KZ9,Contra Fund,2026-01-31,Equity,Equity,IT - Software,Infosys,Large Cap,EQUITY,3.66,186.2658,1135075
Kotak Contra Fund - Direct (G),119769,INF174K01KZ9,Contra Fund,2026-01-31,Equity,Equity,E-Commerce/App based Aggregator,Swiggy,Mid Cap,EQUITY,1.95,99.0992,3199328
Kotak Contra Fund - Direct (G),119769,INF174K01KZ9,Contra Fund,2026-01-31,Equity,Equity,IT - Software,Tech Mahindra,Large Cap,EQUITY,3.21,163.3285,937000
Kotak Contra Fund - Direct (G),119769,INF174K01KZ9,Contra Fund,2026-01-31,Equity,Equity,Pharmaceuticals,Jubilant Pharmo,Small Cap,EQUITY,1.12,56.7931,578400
Kotak Contra Fund - Direct (G),119769,INF174K01KZ9,Contra Fund,2026-01-31,Equity,Equity,Capital Goods-Non Electrical Equipment,APL Apollo Tubes,Mid Cap,EQUITY,1.0,50.9379,249000
Kotak Contra Fund - Direct (G),119769,INF174K01KZ9,Contra Fund,2026-01-31,Equity,Equity,Telecom-Service,Bharti Airtel,Large Cap,EQUITY,2.78,141.1851,717149
Kotak Contra Fund - Direct (G),119769,INF174K01KZ9,Contra Fund,2026-01-31,Equity,Equity,Banks,Bank of Maha,Mid Cap,EQUITY,1.18,60.1268,9212013
Kotak Contra Fund - Direct (G),119769,INF174K01KZ9,Contra Fund,2026-01-31,Equity,Equity,Healthcare,Global Health,Small Cap,EQUITY,1.04,53.0988,503879
Kotak Contra Fund - Direct (G),119769,INF174K01KZ9,Contra Fund,2026-01-31,Equity,Equity,IT - Software,Mphasis,Mid Cap,EQUITY,2.45,124.6111,451653
Kotak Contra Fund - Direct (G),119769,INF174K01KZ9,Contra Fund,2026-01-31,Equity,Equity,Finance,Bajaj Finance,Large Cap,EQUITY,1.98,100.6839,1082797
Kotak Contra Fund - Direct (G),119769,INF174K01KZ9,Contra Fund,2026-01-31,Equity,Equity,Consumer Durables,LG Electronics,Mid Cap,EQUITY,0.79,40.2563,275238
Kotak Contra Fund - Direct (G),119769,INF174K01KZ9,Contra Fund,2026-01-31,Equity,Equity,Plywood Boards/Laminates,Century Plyboard,Small Cap,EQUITY,1.26,64.0576,796934
Kotak Contra Fund - Direct (G),119769,INF174K01KZ9,Contra Fund,2026-01-31,Equity,Equity,Banks,HDFC Bank,Large Cap,EQUITY,6.26,318.4413,3426864
Kotak Contra Fund - Direct (G),119769,INF174K01KZ9,Contra Fund,2026-01-31,Equity,Equity,Healthcare,Fortis Health.,Mid Cap,EQUITY,2.09,106.0628,1245600
Kotak Contra Fund - Direct (G),119769,INF174K01KZ9,Contra Fund,2026-01-31,Equity,Equity,Banks,SBI,Large Cap,EQUITY,4.02,204.3354,1897000
Kotak Contra Fund - Direct (G),119769,INF174K01KZ9,Contra Fund,2026-01-31,Equity,Equity,Capital Goods - Electrical Equipment,GE Vernova T&D,Mid Cap,EQUITY,2.29,116.3076,360052
Kotak Contra Fund - Direct (G),119769,INF174K01KZ9,Contra Fund,2026-01-31,Equity,Equity,Automobile,Maruti Suzuki,Large Cap,EQUITY,2.61,132.556,90798
Kotak Contra Fund - Direct (G),119769,INF174K01KZ9,Contra Fund,2026-01-31,Equity,Equity,Air Transport Service,Interglobe Aviat,Large Cap,EQUITY,1.24,63.1099,137300
Kotak Contra Fund - Direct (G),119769,INF174K01KZ9,Contra Fund,2026-01-31,Equity,Equity,Chemicals,SRF,Mid Cap,EQUITY,1.51,76.8391,272837
Kotak Contra Fund - Direct (G),119769,INF174K01KZ9,Contra Fund,2026-01-31,Equity,Equity,Refineries,B P C L,Large Cap,EQUITY,1.71,87.1097,2389840
Kotak Contra Fund - Direct (G),119769,INF174K01KZ9,Contra Fund,2026-01-31,Equity,Equity,Pharmaceuticals,Ajanta Pharma,Mid Cap,EQUITY,0.93999,47.6306,171216
Kotak Contra Fund - Direct (G),119769,INF174K01KZ9,Contra Fund,2026-01-31,Equity,Equity,Non Ferrous Metals,Hindalco Inds.,Large Cap,EQUITY,1.28,64.9755,675000
Kotak Contra Fund - Direct (G),119769,INF174K01KZ9,Contra Fund,2026-01-31,Equity,Equity,Pharmaceuticals,Ipca Labs.,Mid Cap,EQUITY,1.47,74.7531,508248
Kotak Contra Fund - Direct (G),119769,INF174K01KZ9,Contra Fund,2026-01-31,Equity,Equity,Pharmaceuticals,J B Chemicals &,Mid Cap,EQUITY,0.92,46.8714,250716
Kotak Contra Fund - Direct (G),119769,INF174K01KZ9,Contra Fund,2026-01-31,Equity,Equity,Cement,Dalmia BharatLtd,Mid Cap,EQUITY,1.6,81.4137,394160
Kotak Contra Fund - Direct (G),119769,INF174K01KZ9,Contra Fund,2026-01-31,Equity,Equity,Infrastructure Developers & Operators,Larsen & Toubro,Large Cap,EQUITY,1.25,63.5251,161547
Kotak Contra Fund - Direct (G),119769,INF174K01KZ9,Contra Fund,2026-01-31,Equity,Equity,Retail,Vishal Mega Mart,Mid Cap,EQUITY,0.64,32.5332,2583026
Kotak Contra Fund - Direct (G),119769,INF174K01KZ9,Contra Fund,2026-01-31,Equity,Equity,Banks,Bank of Baroda,Large Cap,EQUITY,1.53,77.9937,2605000
Kotak Contra Fund - Direct (G),119769,INF174K01KZ9,Contra Fund,2026-01-31,Equity,Equity,Alcoholic Beverages,Radico Khaitan,Mid Cap,EQUITY,1.22,61.8118,218563
Kotak Contra Fund - Direct (G),119769,INF174K01KZ9,Contra Fund,2026-01-31,Equity,Equity,Capital Goods-Non Electrical Equipment,Jyoti CNC Auto.,Small Cap,EQUITY,0.6,30.5439,378792
Kotak Contra Fund - Direct (G),119769,INF174K01KZ9,Contra Fund,2026-01-31,Equity,Equity,FMCG,Godrej Consumer,Large Cap,EQUITY,1.32,66.9378,580000
Kotak Contra Fund - Direct (G),119769,INF174K01KZ9,Contra Fund,2026-01-31,Equity,Equity,Healthcare,Metropolis Healt,Small Cap,EQUITY,0.97,49.279,263102
Kotak Contra Fund - Direct (G),119769,INF174K01KZ9,Contra Fund,2026-01-31,Equity,Equity,Cement,UltraTech Cem.,Large Cap,EQUITY,2.19,111.2629,87650
Kotak Contra Fund - Direct (G),119769,INF174K01KZ9,Contra Fund,2026-01-31,Equity,Equity,Finance,Poonawalla Fin,Mid Cap,EQUITY,1.92,97.8253,2451761
Kotak Contra Fund - Direct (G),119769,INF174K01KZ9,Contra Fund,2026-01-31,Equity,Equity,Stock/ Commodity Brokers,Nuvama Wealth,Small Cap,EQUITY,0.9,45.5445,338520
Kotak Contra Fund - Direct (G),119769,INF174K01KZ9,Contra Fund,2026-01-31,Equity,Equity,FMCG,Emami,Small Cap,EQUITY,0.66,33.4125,690626
Kotak Contra Fund - Direct (G),119769,INF174K01KZ9,Contra Fund,2026-01-31,Equity,Equity,Finance,Shriram Finance,Large Cap,EQUITY,3.17,161.0891,1579305
Kotak Contra Fund - Direct (G),119769,INF174K01KZ9,Contra Fund,2026-01-31,Equity,Equity,Power Generation & Distribution,NTPC,Large Cap,EQUITY,2.51,127.448,3580000
Kotak Contra Fund - Direct (G),119769,INF174K01KZ9,Contra Fund,2026-01-31,Equity,Equity,Consumer Durables,Voltas,Mid Cap,EQUITY,1.02,52.0537,392000
Kotak Contra Fund - Direct (G),119769,INF174K01KZ9,Contra Fund,2026-01-31,Equity,Equity,Banks,Axis Bank,Large Cap,EQUITY,2.06,104.5615,763000
Kotak Contra Fund - Direct (G),119769,INF174K01KZ9,Contra Fund,2026-01-31,Equity,Equity,Aerospace & Defence,Bharat Electron,Large Cap,EQUITY,1.77,90.1143,2007000
Kotak Contra Fund - Direct (G),119769,INF174K01KZ9,Contra Fund,2026-01-31,Equity,Equity,Healthcare,Park Medi World,Small Cap,EQUITY,1.19,60.6398,3947135
Kotak Contra Fund - Direct (G),119769,INF174K01KZ9,Contra Fund,2026-01-31,Equity,Equity,Insurance,SBI Life Insuran,Large Cap,EQUITY,1.02,51.961,260000
Kotak Contra Fund - Direct (G),119769,INF174K01KZ9,Contra Fund,2026-01-31,Equity,Equity,Tobacco Products,ITC,Large Cap,EQUITY,0.85,43.1037,1338000
Kotak Contra Fund - Direct (G),119769,INF174K01KZ9,Contra Fund,2026-01-31,Equity,Equity,Automobile,Hero Motocorp,Large Cap,EQUITY,2.88,146.485,264700
Kotak Contra Fund - Direct (G),119769,INF174K01KZ9,Contra Fund,2026-01-31,Equity,Equity,Fertilizers,Coromandel Inter,Mid Cap,EQUITY,0.81,41.1553,180300
Kotak Contra Fund - Direct (G),119769,INF174K01KZ9,Contra Fund,2026-01-31,Equity,Equity,Auto Ancillaries,Tenneco Clean,Small Cap,EQUITY,0.52,26.3055,503792
Kotak Contra Fund - Direct (G),119769,INF174K01KZ9,Contra Fund,2026-01-31,Equity,Equity,Banks,Indian Bank,Large Cap,EQUITY,1.74,88.5899,971700
Kotak Contra Fund - Direct (G),119769,INF174K01KZ9,Contra Fund,2026-01-31,Equity,Equity,Steel,Jindal Steel,Large Cap,EQUITY,1.41,71.6556,633000
Kotak Contra Fund - Direct (G),119769,INF174K01KZ9,Contra Fund,2026-01-31,Equity,Equity,Quick Service Restaurant,Sapphire Foods,Small Cap,EQUITY,0.6,30.3831,1602905
Kotak Contra Fund - Direct (G),119769,INF174K01KZ9,Contra Fund,2026-01-31,Equity,Equity,Finance,Aptus Value Hou.,Small Cap,EQUITY,1.01,51.258,1861221
Kotak Contra Fund - Direct (G),119769,INF174K01KZ9,Contra Fund,2026-01-31,Equity,Equity,Finance,Piramal Finance.,Mid Cap,EQUITY,0.82,41.5112,238091
Kotak Contra Fund - Direct (G),119769,INF174K01KZ9,Contra Fund,2026-01-31,Equity,Equity,Automobile,Ashok Leyland,Large Cap,EQUITY,0.59,30.0936,1530000
Kotak Contra Fund - Direct (G),119769,INF174K01KZ9,Contra Fund,2026-01-31,Equity,Equity,Finance,Canara Robeco,Small Cap,EQUITY,0.73,37.2075,1485032
Kotak Contra Fund - Direct (G),119769,INF174K01KZ9,Contra Fund,2026-01-31,Equity,Equity,Infrastructure Developers & Operators,Kalpataru Proj.,Small Cap,EQUITY,1.0,51.0472,446217
Kotak Contra Fund - Direct (G),119769,INF174K01KZ9,Contra Fund,2026-01-31,Equity,Equity,Capital Goods - Electrical Equipment,Emmvee Photovol.,Small Cap,EQUITY,0.51,25.9532,1354056
Kotak Contra Fund - Direct (G),119769,INF174K01KZ9,Contra Fund,2026-02-28,Equity,Equity,Healthcare,Fortis Health.,Mid Cap,EQUITY,2.41,125.9003,1335600
Kotak Contra Fund - Direct (G),119769,INF174K01KZ9,Contra Fund,2026-02-28,Equity,Equity,Capital Goods - Electrical Equipment,GE Vernova T&D,Mid Cap,EQUITY,2.14,112.0608,291052
Kotak Contra Fund - Direct (G),119769,INF174K01KZ9,Contra Fund,2026-02-28,Equity,Equity,Cement,UltraTech Cem.,Large Cap,EQUITY,2.13,111.1139,87650
Kotak Contra Fund - Direct (G),119769,INF174K01KZ9,Contra Fund,2026-02-28,Equity,Equity,Banks,Axis Bank,Large Cap,EQUITY,2.02,105.5916,763000
Kotak Contra Fund - Direct (G),119769,INF174K01KZ9,Contra Fund,2026-02-28,Equity,Equity,Cement,Dalmia BharatLtd,Mid Cap,EQUITY,1.5,78.5561,394160
Kotak Contra Fund - Direct (G),119769,INF174K01KZ9,Contra Fund,2026-02-28,Equity,Equity,Pharmaceuticals,Ipca Labs.,Mid Cap,EQUITY,1.49,77.706,508248
Kotak Contra Fund - Direct (G),119769,INF174K01KZ9,Contra Fund,2026-02-28,Equity,Equity,Healthcare,Park Medi World,Small Cap,EQUITY,1.46,76.2073,3947135
Kotak Contra Fund - Direct (G),119769,INF174K01KZ9,Contra Fund,2026-02-28,Equity,Equity,Capital Goods - Electrical Equipment,Emmvee Photovol.,Small Cap,EQUITY,0.23,12.1042,620125
Kotak Contra Fund - Direct (G),119769,INF174K01KZ9,Contra Fund,2026-02-28,Equity,Equity,Pharmaceuticals,Jubilant Pharmo,Small Cap,EQUITY,0.96,50.1068,578400
Kotak Contra Fund - Direct (G),119769,INF174K01KZ9,Contra Fund,2026-02-28,Equity,Equity,Healthcare,Metropolis Healt,Small Cap,EQUITY,0.96,50.0894,263102
Kotak Contra Fund - Direct (G),119769,INF174K01KZ9,Contra Fund,2026-02-28,Equity,Equity,Tobacco Products,ITC,Large Cap,EQUITY,0.8,41.9597,1338000
Kotak Contra Fund - Direct (G),119769,INF174K01KZ9,Contra Fund,2026-02-28,Equity,Equity,Fertilizers,Coromandel Inter,Mid Cap,EQUITY,0.77,40.0266,180300
Kotak Contra Fund - Direct (G),119769,INF174K01KZ9,Contra Fund,2026-02-28,Equity,Equity,Finance,Aptus Value Hou.,Small Cap,EQUITY,0.87,45.4138,1861221
Kotak Contra Fund - Direct (G),119769,INF174K01KZ9,Contra Fund,2026-02-28,Equity,Equity,Quick Service Restaurant,Sapphire Foods,Small Cap,EQUITY,0.63,32.7457,1602905
Kotak Contra Fund - Direct (G),119769,INF174K01KZ9,Contra Fund,2026-02-28,Equity,Equity,Capital Goods-Non Electrical Equipment,Jyoti CNC Auto.,Small Cap,EQUITY,0.59,31.078,378792
Kotak Contra Fund - Direct (G),119769,INF174K01KZ9,Contra Fund,2026-02-28,Equity,Equity,Banks,Kotak Mah. Bank,Large Cap,EQUITY,0.58,30.102,725000
Kotak Contra Fund - Direct (G),119769,INF174K01KZ9,Contra Fund,2026-02-28,Equity,Equity,IT - Software,Mphasis,Mid Cap,EQUITY,1.99,103.7221,451653
Kotak Contra Fund - Direct (G),119769,INF174K01KZ9,Contra Fund,2026-02-28,Equity,Equity,IT - Software,Tech Mahindra,Large Cap,EQUITY,1.9,99.391,732000
Kotak Contra Fund - Direct (G),119769,INF174K01KZ9,Contra Fund,2026-02-28,Equity,Equity,Aerospace & Defence,Bharat Electron,Large Cap,EQUITY,1.71,89.2513,2007000
Kotak Contra Fund - Direct (G),119769,INF174K01KZ9,Contra Fund,2026-02-28,Equity,Equity,Retail,Vishal Mega Mart,Mid Cap,EQUITY,0.58,30.4229,2583026
Kotak Contra Fund - Direct (G),119769,INF174K01KZ9,Contra Fund,2026-02-28,Equity,Equity,Telecom Equipment & Infra Services,Indus Towers,Large Cap,EQUITY,1.41,73.7019,1620000
Kotak Contra Fund - Direct (G),119769,INF174K01KZ9,Contra Fund,2026-02-28,Equity,Equity,Finance,Piramal Finance.,Mid Cap,EQUITY,0.84,43.8131,252002
Kotak Contra Fund - Direct (G),119769,INF174K01KZ9,Contra Fund,2026-02-28,Equity,Equity,Consumer Durables,LG Electronics,Large Cap,EQUITY,0.84,43.7353,275238
Kotak Contra Fund - Direct (G),119769,INF174K01KZ9,Contra Fund,2026-02-28,Equity,Equity,Stock/ Commodity Brokers,Nuvama Wealth,Small Cap,EQUITY,0.81,42.1424,338520
Kotak Contra Fund - Direct (G),119769,INF174K01KZ9,Contra Fund,2026-02-28,Equity,Equity,Banks,Indian Bank,Large Cap,EQUITY,1.4,72.9701,736700
Kotak Contra Fund - Direct (G),119769,INF174K01KZ9,Contra Fund,2026-02-28,Equity,Equity,FMCG,Godrej Consumer,Large Cap,EQUITY,1.35,70.615,580000
Kotak Contra Fund - Direct (G),119769,INF174K01KZ9,Contra Fund,2026-02-28,Equity,Equity,Chemicals,SRF,Mid Cap,EQUITY,1.34,69.9063,272837
Kotak Contra Fund - Direct (G),119769,INF174K01KZ9,Contra Fund,2026-02-28,Equity,Equity,Finance,Poonawalla Fin,Mid Cap,EQUITY,2.13,111.5061,2451761
Kotak Contra Fund - Direct (G),119769,INF174K01KZ9,Contra Fund,2026-02-28,Equity,Equity,Steel,Jindal Steel,Large Cap,EQUITY,1.51,78.7579,633000
Kotak Contra Fund - Direct (G),119769,INF174K01KZ9,Contra Fund,2026-02-28,Equity,Equity,Non Ferrous Metals,Hindalco Inds.,Large Cap,EQUITY,1.05,55.0197,595000
Kotak Contra Fund - Direct (G),119769,INF174K01KZ9,Contra Fund,2026-02-28,Equity,Equity,Insurance,SBI Life Insuran,Large Cap,EQUITY,1.01,52.9672,260000
Kotak Contra Fund - Direct (G),119769,INF174K01KZ9,Contra Fund,2026-02-28,Equity,Equity,Steel,Tata Steel,Large Cap,EQUITY,0.99,51.8085,2440000
Kotak Contra Fund - Direct (G),119769,INF174K01KZ9,Contra Fund,2026-02-28,Equity,Equity,Infrastructure Developers & Operators,Kalpataru Proj.,Small Cap,EQUITY,1.06,55.3354,446217
Kotak Contra Fund - Direct (G),119769,INF174K01KZ9,Contra Fund,2026-02-28,Equity,Equity,Banks,Bank of Baroda,Large Cap,EQUITY,1.61,83.868,2605000
Kotak Contra Fund - Direct (G),119769,INF174K01KZ9,Contra Fund,2026-02-28,Equity,Equity,Automobile,Maruti Suzuki,Large Cap,EQUITY,2.58,134.8986,90798
Kotak Contra Fund - Direct (G),119769,INF174K01KZ9,Contra Fund,2026-02-28,Equity,Equity,Banks,Bank of Maha,Mid Cap,EQUITY,1.32,68.869,9212013
Kotak Contra Fund - Direct (G),119769,INF174K01KZ9,Contra Fund,2026-02-28,Equity,Equity,Air Transport Service,Interglobe Aviat,Large Cap,EQUITY,1.27,66.2775,137300
Kotak Contra Fund - Direct (G),119769,INF174K01KZ9,Contra Fund,2026-02-28,Equity,Equity,Consumer Durables,Voltas,Mid Cap,EQUITY,1.17,61.203,392000
Kotak Contra Fund - Direct (G),119769,INF174K01KZ9,Contra Fund,2026-02-28,Equity,Equity,Plywood Boards/Laminates,Century Plyboard,Small Cap,EQUITY,1.12,58.5786,796934
Kotak Contra Fund - Direct (G),119769,INF174K01KZ9,Contra Fund,2026-02-28,Equity,Equity,Finance,Bajaj Finance,Large Cap,EQUITY,2.06,107.8358,1082797
Kotak Contra Fund - Direct (G),119769,INF174K01KZ9,Contra Fund,2026-02-28,Equity,Equity,Auto Ancillaries,Tenneco Clean,Small Cap,EQUITY,0.57,29.9558,515324
Kotak Contra Fund - Direct (G),119769,INF174K01KZ9,Contra Fund,2026-02-28,Equity,Equity,E-Commerce/App based Aggregator,Swiggy,Mid Cap,EQUITY,1.85,96.5397,3199328
Kotak Contra Fund - Direct (G),119769,INF174K01KZ9,Contra Fund,2026-02-28,Equity,Equity,Infrastructure Developers & Operators,Larsen & Toubro,Large Cap,EQUITY,2.62,137.1396,320547
Kotak Contra Fund - Direct (G),119769,INF174K01KZ9,Contra Fund,2026-02-28,Equity,Equity,Power Generation & Distribution,NTPC,Large Cap,EQUITY,2.62,136.7202,3580000
Kotak Contra Fund - Direct (G),119769,INF174K01KZ9,Contra Fund,2026-02-28,Equity,Equity,Telecom-Service,Bharti Airtel,Large Cap,EQUITY,2.58,134.7738,717149
Kotak Contra Fund - Direct (G),119769,INF174K01KZ9,Contra Fund,2026-02-28,Equity,Equity,"Castings, Forgings & Fastners",Happy Forgings,Small Cap,EQUITY,0.64,33.3425,250000
Kotak Contra Fund - Direct (G),119769,INF174K01KZ9,Contra Fund,2026-02-28,Equity,Equity,Banks,HDFC Bank,Large Cap,EQUITY,5.82,304.2199,3426864
Kotak Contra Fund - Direct (G),119769,INF174K01KZ9,Contra Fund,2026-02-28,Equity,Equity,Banks,ICICI Bank,Large Cap,EQUITY,4.61,241.0388,1748051
Kotak Contra Fund - Direct (G),119769,INF174K01KZ9,Contra Fund,2026-02-28,Equity,Equity,Finance,Shriram Finance,Large Cap,EQUITY,3.26,170.4702,1579305
Kotak Contra Fund - Direct (G),119769,INF174K01KZ9,Contra Fund,2026-02-28,Equity,Equity,Refineries,Reliance Industr,Large Cap,EQUITY,3.02,157.7404,1131648
Kotak Contra Fund - Direct (G),119769,INF174K01KZ9,Contra Fund,2026-02-28,Equity,Equity,Automobile,Hero Motocorp,Mid Cap,EQUITY,2.89,151.1437,264700
Kotak Contra Fund - Direct (G),119769,INF174K01KZ9,Contra Fund,2026-02-28,Equity,Equity,Alcoholic Beverages,Radico Khaitan,Mid Cap,EQUITY,1.11,57.9083,218563
Kotak Contra Fund - Direct (G),119769,INF174K01KZ9,Contra Fund,2026-02-28,Equity,Equity,Banks,IndusInd Bank,Mid Cap,EQUITY,1.51,78.9319,825000
Kotak Contra Fund - Direct (G),119769,INF174K01KZ9,Contra Fund,2026-02-28,Equity,Equity,Automobile,Ashok Leyland,Mid Cap,EQUITY,1.51,78.9514,3740000
Kotak Contra Fund - Direct (G),119769,INF174K01KZ9,Contra Fund,2026-02-28,Equity,Equity,Refineries,B P C L,Large Cap,EQUITY,1.08,56.2622,1459840
Kotak Contra Fund - Direct (G),119769,INF174K01KZ9,Contra Fund,2026-02-28,Equity,Equity,IT - Software,Infosys,Large Cap,EQUITY,2.82,147.5711,1135075
Kotak Contra Fund - Direct (G),119769,INF174K01KZ9,Contra Fund,2026-02-28,Equity,Equity,Healthcare,Global Health,Small Cap,EQUITY,1.1,57.3817,503879
Kotak Contra Fund - Direct (G),119769,INF174K01KZ9,Contra Fund,2026-02-28,Equity,Equity,Pharmaceuticals,J B Chemicals &,Small Cap,EQUITY,0.99,51.4845,250716
Kotak Contra Fund - Direct (G),119769,INF174K01KZ9,Contra Fund,2026-02-28,Equity,Equity,Pharmaceuticals,Ajanta Pharma,Mid Cap,EQUITY,0.98,51.2604,171216
Kotak Contra Fund - Direct (G),119769,INF174K01KZ9,Contra Fund,2026-02-28,Equity,Equity,Banks,SBI,Large Cap,EQUITY,4.18,218.3489,1817000
Kotak Contra Fund - Direct (G),119769,INF174K01KZ9,Contra Fund,2026-03-31,Equity,Equity,Finance,Piramal Finance.,Mid Cap,EQUITY,1.4,65.5296,357207
Kotak Contra Fund - Direct (G),119769,INF174K01KZ9,Contra Fund,2026-03-31,Equity,Equity,Banks,Bank of Baroda,Large Cap,EQUITY,1.38,64.4998,2605000
Kotak Contra Fund - Direct (G),119769,INF174K01KZ9,Contra Fund,2026-03-31,Equity,Equity,Alcoholic Beverages,Radico Khaitan,Mid Cap,EQUITY,1.37,64.04,243563
Kotak Contra Fund - Direct (G),119769,INF174K01KZ9,Contra Fund,2026-03-31,Equity,Equity,Mining & Mineral products,Coal India,Large Cap,EQUITY,1.36,63.7387,1415000
Kotak Contra Fund - Direct (G),119769,INF174K01KZ9,Contra Fund,2026-03-31,Equity,Equity,Finance,Poonawalla Fin,Mid Cap,EQUITY,1.93,90.3229,2451761
Kotak Contra Fund - Direct (G),119769,INF174K01KZ9,Contra Fund,2026-03-31,Equity,Equity,Banks,Axis Bank,Large Cap,EQUITY,1.89,88.6072,763000
Kotak Contra Fund - Direct (G),119769,INF174K01KZ9,Contra Fund,2026-03-31,Equity,Equity,Finance,Bajaj Finance,Large Cap,EQUITY,1.85,86.7916,1082797
Kotak Contra Fund - Direct (G),119769,INF174K01KZ9,Contra Fund,2026-03-31,Equity,Equity,Healthcare,Fortis Health.,Mid Cap,EQUITY,2.27,106.1802,1335600
Kotak Contra Fund - Direct (G),119769,INF174K01KZ9,Contra Fund,2026-03-31,Equity,Equity,Capital Goods-Non Electrical Equipment,Jyoti CNC Auto.,Small Cap,EQUITY,0.58,27.3431,378792
Kotak Contra Fund - Direct (G),119769,INF174K01KZ9,Contra Fund,2026-03-31,Equity,Equity,Auto Ancillaries,Tenneco Clean,Small Cap,EQUITY,0.57,26.5443,515324
Kotak Contra Fund - Direct (G),119769,INF174K01KZ9,Contra Fund,2026-03-31,Equity,Equity,Banks,Kotak Mah. Bank,Large Cap,EQUITY,0.55,25.6215,725000
Kotak Contra Fund - Direct (G),119769,INF174K01KZ9,Contra Fund,2026-03-31,Equity,Equity,Refineries,B P C L,Large Cap,EQUITY,0.37,17.1365,609840
Kotak Contra Fund - Direct (G),119769,INF174K01KZ9,Contra Fund,2026-03-31,Equity,Equity,Cables,KEI Industries,Mid Cap,EQUITY,0.2,9.2874,23000
Kotak Contra Fund - Direct (G),119769,INF174K01KZ9,Contra Fund,2026-03-31,Equity,Equity,Healthcare,Metropolis Healt,Small Cap,EQUITY,0.98,45.6745,1052408
Kotak Contra Fund - Direct (G),119769,INF174K01KZ9,Contra Fund,2026-03-31,Equity,Equity,IT - Software,Tech Mahindra,Large Cap,EQUITY,2.17,101.3088,732000
Kotak Contra Fund - Direct (G),119769,INF174K01KZ9,Contra Fund,2026-03-31,Equity,Equity,Capital Goods - Electrical Equipment,GE Vernova T&D,Large Cap,EQUITY,2.12,99.0378,272052
Kotak Contra Fund - Direct (G),119769,INF174K01KZ9,Contra Fund,2026-03-31,Equity,Equity,Cement,UltraTech Cem.,Large Cap,EQUITY,2.01,94.1799,87650
Kotak Contra Fund - Direct (G),119769,INF174K01KZ9,Contra Fund,2026-03-31,Equity,Equity,IT - Software,Mphasis,Mid Cap,EQUITY,1.98,92.7244,451653
Kotak Contra Fund - Direct (G),119769,INF174K01KZ9,Contra Fund,2026-03-31,Equity,Equity,Finance,Aptus Value Hou.,Small Cap,EQUITY,0.93999,43.9966,2261221
Kotak Contra Fund - Direct (G),119769,INF174K01KZ9,Contra Fund,2026-03-31,Equity,Equity,Consumer Durables,LG Electronics,Mid Cap,EQUITY,0.85,39.6618,275238
Kotak Contra Fund - Direct (G),119769,INF174K01KZ9,Contra Fund,2026-03-31,Equity,Equity,Stock/ Commodity Brokers,Nuvama Wealth,Small Cap,EQUITY,0.84,39.3056,338520
Kotak Contra Fund - Direct (G),119769,INF174K01KZ9,Contra Fund,2026-03-31,Equity,Equity,Banks,IndusInd Bank,Mid Cap,EQUITY,1.33,62.0771,825000
Kotak Contra Fund - Direct (G),119769,INF174K01KZ9,Contra Fund,2026-03-31,Equity,Equity,E-Commerce/App based Aggregator,Swiggy,Mid Cap,EQUITY,1.78,83.1985,3199328
Kotak Contra Fund - Direct (G),119769,INF174K01KZ9,Contra Fund,2026-03-31,Equity,Equity,Automobile,Ashok Leyland,Mid Cap,EQUITY,1.23,57.6446,3740000
Kotak Contra Fund - Direct (G),119769,INF174K01KZ9,Contra Fund,2026-03-31,Equity,Equity,FMCG,Godrej Consumer,Mid Cap,EQUITY,1.22,57.1184,580000
Kotak Contra Fund - Direct (G),119769,INF174K01KZ9,Contra Fund,2026-03-31,Equity,Equity,Banks,Bank of Maha,Mid Cap,EQUITY,1.21,56.4973,9212013
Kotak Contra Fund - Direct (G),119769,INF174K01KZ9,Contra Fund,2026-03-31,Equity,Equity,Tobacco Products,ITC,Large Cap,EQUITY,0.68,31.5895,1098000
Kotak Contra Fund - Direct (G),119769,INF174K01KZ9,Contra Fund,2026-03-31,Equity,Equity,Auto Ancillaries,Uno Minda,Mid Cap,EQUITY,0.62,29.0911,282000
Kotak Contra Fund - Direct (G),119769,INF174K01KZ9,Contra Fund,2026-03-31,Equity,Equity,"Castings, Forgings & Fastners",Happy Forgings,Small Cap,EQUITY,0.62,28.9025,250000
Kotak Contra Fund - Direct (G),119769,INF174K01KZ9,Contra Fund,2026-03-31,Equity,Equity,Retail,Vishal Mega Mart,Mid Cap,EQUITY,0.58,27.1993,2583026
Kotak Contra Fund - Direct (G),119769,INF174K01KZ9,Contra Fund,2026-03-31,Equity,Equity,Pharmaceuticals,J B Chemicals &,Small Cap,EQUITY,1.11,51.7578,250716
Kotak Contra Fund - Direct (G),119769,INF174K01KZ9,Contra Fund,2026-03-31,Equity,Equity,Banks,HDFC Bank,Large Cap,EQUITY,5.86,274.1018,3746864
Kotak Contra Fund - Direct (G),119769,INF174K01KZ9,Contra Fund,2026-03-31,Equity,Equity,Banks,ICICI Bank,Large Cap,EQUITY,4.75,222.2535,1843051
Kotak Contra Fund - Direct (G),119769,INF174K01KZ9,Contra Fund,2026-03-31,Equity,Equity,Banks,SBI,Large Cap,EQUITY,3.67,171.5909,1752000
Kotak Contra Fund - Direct (G),119769,INF174K01KZ9,Contra Fund,2026-03-31,Equity,Equity,Refineries,Reliance Industr,Large Cap,EQUITY,3.39,158.8017,1181648
Kotak Contra Fund - Direct (G),119769,INF174K01KZ9,Contra Fund,2026-03-31,Equity,Equity,Pharmaceuticals,Ipca Labs.,Mid Cap,EQUITY,1.74,81.3807,508248
Kotak Contra Fund - Direct (G),119769,INF174K01KZ9,Contra Fund,2026-03-31,Equity,Equity,Healthcare,Park Medi World,Small Cap,EQUITY,1.73,80.721,4247135
Kotak Contra Fund - Direct (G),119769,INF174K01KZ9,Contra Fund,2026-03-31,Equity,Equity,Aerospace & Defence,Bharat Electron,Large Cap,EQUITY,1.72,80.4105,2007000
Kotak Contra Fund - Direct (G),119769,INF174K01KZ9,Contra Fund,2026-03-31,Equity,Equity,Plywood Boards/Laminates,Century Plyboard,Small Cap,EQUITY,1.19,55.9049,796934
Kotak Contra Fund - Direct (G),119769,INF174K01KZ9,Contra Fund,2026-03-31,Equity,Equity,Fertilizers,Coromandel Inter,Mid Cap,EQUITY,0.74,34.4337,180300
Kotak Contra Fund - Direct (G),119769,INF174K01KZ9,Contra Fund,2026-03-31,Equity,Equity,Steel,Jindal Steel,Large Cap,EQUITY,1.51,70.4592,633000
Kotak Contra Fund - Direct (G),119769,INF174K01KZ9,Contra Fund,2026-03-31,Equity,Equity,Air Transport Service,Interglobe Aviat,Large Cap,EQUITY,1.16,54.1443,137300
Kotak Contra Fund - Direct (G),119769,INF174K01KZ9,Contra Fund,2026-03-31,Equity,Equity,Healthcare,Global Health,Small Cap,EQUITY,1.15,53.7139,558879
Kotak Contra Fund - Direct (G),119769,INF174K01KZ9,Contra Fund,2026-03-31,Equity,Equity,Non Ferrous Metals,Hindalco Inds.,Large Cap,EQUITY,1.12,52.6248,595000
Kotak Contra Fund - Direct (G),119769,INF174K01KZ9,Contra Fund,2026-03-31,Equity,Equity,Consumer Durables,Voltas,Mid Cap,EQUITY,1.07,49.8938,392000
Kotak Contra Fund - Direct (G),119769,INF174K01KZ9,Contra Fund,2026-03-31,Equity,Equity,Pharmaceuticals,Ajanta Pharma,Mid Cap,EQUITY,1.03,48.0278,171216
Kotak Contra Fund - Direct (G),119769,INF174K01KZ9,Contra Fund,2026-03-31,Equity,Equity,Banks,Indian Bank,Large Cap,EQUITY,1.03,48.3487,571700
Kotak Contra Fund - Direct (G),119769,INF174K01KZ9,Contra Fund,2026-03-31,Equity,Equity,Infrastructure Developers & Operators,Kalpataru Proj.,Small Cap,EQUITY,1.01,47.1919,446217
Kotak Contra Fund - Direct (G),119769,INF174K01KZ9,Contra Fund,2026-03-31,Equity,Equity,Pharmaceuticals,Jubilant Pharmo,Small Cap,EQUITY,1.01,47.2235,578400
Kotak Contra Fund - Direct (G),119769,INF174K01KZ9,Contra Fund,2026-03-31,Equity,Equity,Steel,Tata Steel,Large Cap,EQUITY,1.0,46.8138,2440000
Kotak Contra Fund - Direct (G),119769,INF174K01KZ9,Contra Fund,2026-03-31,Equity,Equity,Insurance,SBI Life Insuran,Large Cap,EQUITY,0.99,46.2098,260000
Kotak Contra Fund - Direct (G),119769,INF174K01KZ9,Contra Fund,2026-03-31,Equity,Equity,IT - Software,Infosys,Large Cap,EQUITY,3.03,141.9525,1135075
Kotak Contra Fund - Direct (G),119769,INF174K01KZ9,Contra Fund,2026-03-31,Equity,Equity,Power Generation & Distribution,NTPC,Large Cap,EQUITY,2.99,140.1057,3780000
Kotak Contra Fund - Direct (G),119769,INF174K01KZ9,Contra Fund,2026-03-31,Equity,Equity,Automobile,Hero Motocorp,Mid Cap,EQUITY,2.86,134.0176,264700
Kotak Contra Fund - Direct (G),119769,INF174K01KZ9,Contra Fund,2026-03-31,Equity,Equity,Cement,Dalmia BharatLtd,Mid Cap,EQUITY,1.5,70.1289,394160
Kotak Contra Fund - Direct (G),119769,INF174K01KZ9,Contra Fund,2026-03-31,Equity,Equity,Telecom Equipment & Infra Services,Indus Towers,Mid Cap,EQUITY,1.45,67.7403,1620000
Kotak Contra Fund - Direct (G),119769,INF174K01KZ9,Contra Fund,2026-03-31,Equity,Equity,Chemicals,SRF,Mid Cap,EQUITY,1.42,66.5177,272837
Kotak Contra Fund - Direct (G),119769,INF174K01KZ9,Contra Fund,2026-03-31,Equity,Equity,Telecom-Service,Bharti Airtel,Large Cap,EQUITY,2.73,127.8246,717149
Kotak Contra Fund - Direct (G),119769,INF174K01KZ9,Contra Fund,2026-03-31,Equity,Equity,Finance,Shriram Finance,Large Cap,EQUITY,2.68,125.3474,1437305
Kotak Contra Fund - Direct (G),119769,INF174K01KZ9,Contra Fund,2026-03-31,Equity,Equity,Infrastructure Developers & Operators,Larsen & Toubro,Large Cap,EQUITY,2.4,112.3229,320547
Kotak Contra Fund - Direct (G),119769,INF174K01KZ9,Contra Fund,2026-03-31,Equity,Equity,Automobile,Maruti Suzuki,Large Cap,EQUITY,2.39,111.736,90798
Kotak Contra Fund - Direct (G),119769,INF174K01KZ9,Contra Fund,2026-04-30,Equity,Equity,Finance,Piramal Finance.,Mid Cap,EQUITY,1.42,73.0193,365352
Kotak Contra Fund - Direct (G),119769,INF174K01KZ9,Contra Fund,2026-04-30,Equity,Equity,Banks,Bank of Maha,Mid Cap,EQUITY,1.4,72.1945,9212013
Kotak Contra Fund - Direct (G),119769,INF174K01KZ9,Contra Fund,2026-04-30,Equity,Equity,Automobile,Ashok Leyland,Mid Cap,EQUITY,1.18,60.6217,3740000
Kotak Contra Fund - Direct (G),119769,INF174K01KZ9,Contra Fund,2026-04-30,Equity,Equity,Mining & Mineral products,Coal India,Large Cap,EQUITY,1.32,68.1252,1415000
Kotak Contra Fund - Direct (G),119769,INF174K01KZ9,Contra Fund,2026-04-30,Equity,Equity,Cables,KEI Industries,Mid Cap,EQUITY,1.17,60.233,124000
Kotak Contra Fund - Direct (G),119769,INF174K01KZ9,Contra Fund,2026-04-30,Equity,Equity,Air Transport Service,Interglobe Aviat,Large Cap,EQUITY,1.14,58.9745,137300
Kotak Contra Fund - Direct (G),119769,INF174K01KZ9,Contra Fund,2026-04-30,Equity,Equity,Banks,Indian Bank,Large Cap,EQUITY,1.14,58.4965,686700
Kotak Contra Fund - Direct (G),119769,INF174K01KZ9,Contra Fund,2026-04-30,Equity,Equity,Consumer Durables,Voltas,Mid Cap,EQUITY,1.09,56.0717,392000
Kotak Contra Fund - Direct (G),119769,INF174K01KZ9,Contra Fund,2026-04-30,Equity,Equity,Finance,Aptus Value Hou.,Small Cap,EQUITY,1.29,66.6276,2561221
Kotak Contra Fund - Direct (G),119769,INF174K01KZ9,Contra Fund,2026-04-30,Equity,Equity,IT - Software,Mphasis,Mid Cap,EQUITY,2.0,102.8278,451653
Kotak Contra Fund - Direct (G),119769,INF174K01KZ9,Contra Fund,2026-04-30,Equity,Equity,Retail,Vishal Mega Mart,Mid Cap,EQUITY,0.81,41.6156,3403026
Kotak Contra Fund - Direct (G),119769,INF174K01KZ9,Contra Fund,2026-04-30,Equity,Equity,Infrastructure Developers & Operators,Kalpataru Proj.,Small Cap,EQUITY,1.08,55.7905,446217
Kotak Contra Fund - Direct (G),119769,INF174K01KZ9,Contra Fund,2026-04-30,Equity,Equity,Pharmaceuticals,Jubilant Pharmo,Small Cap,EQUITY,1.04,53.5945,578400
Kotak Contra Fund - Direct (G),119769,INF174K01KZ9,Contra Fund,2026-04-30,Equity,Equity,Aerospace & Defence,Astra Microwave,Small Cap,EQUITY,1.04,53.3606,474232
Kotak Contra Fund - Direct (G),119769,INF174K01KZ9,Contra Fund,2026-04-30,Equity,Equity,Chemicals,SRF,Mid Cap,EQUITY,1.33,68.7167,272837
Kotak Contra Fund - Direct (G),119769,INF174K01KZ9,Contra Fund,2026-04-30,Equity,Equity,Consumer Durables,LG Electronics,Mid Cap,EQUITY,0.73,37.4734,235238
Kotak Contra Fund - Direct (G),119769,INF174K01KZ9,Contra Fund,2026-04-30,Equity,Equity,Banks,HDFC Bank,Large Cap,EQUITY,5.61,289.1455,3746864
Kotak Contra Fund - Direct (G),119769,INF174K01KZ9,Contra Fund,2026-04-30,Equity,Equity,Banks,ICICI Bank,Large Cap,EQUITY,4.52,232.8511,1843051
Kotak Contra Fund - Direct (G),119769,INF174K01KZ9,Contra Fund,2026-04-30,Equity,Equity,Banks,SBI,Large Cap,EQUITY,3.63,187.1924,1752000
Kotak Contra Fund - Direct (G),119769,INF174K01KZ9,Contra Fund,2026-04-30,Equity,Equity,Auto Ancillaries,Uno Minda,Mid Cap,EQUITY,1.03,53.0663,477000
Kotak Contra Fund - Direct (G),119769,INF174K01KZ9,Contra Fund,2026-04-30,Equity,Equity,Pharmaceuticals,Ajanta Pharma,Mid Cap,EQUITY,0.93999,48.3291,171216
Kotak Contra Fund - Direct (G),119769,INF174K01KZ9,Contra Fund,2026-04-30,Equity,Equity,Cement,Dalmia BharatLtd,Small Cap,EQUITY,1.46,75.1387,394160
Kotak Contra Fund - Direct (G),119769,INF174K01KZ9,Contra Fund,2026-04-30,Equity,Equity,Finance,Poonawalla Fin,Small Cap,EQUITY,1.98,102.2875,2451761
Kotak Contra Fund - Direct (G),119769,INF174K01KZ9,Contra Fund,2026-04-30,Equity,Equity,Steel,Tata Steel,Large Cap,EQUITY,1.27,65.3102,3090000
Kotak Contra Fund - Direct (G),119769,INF174K01KZ9,Contra Fund,2026-04-30,Equity,Equity,Plywood Boards/Laminates,Century Plyboard,Small Cap,EQUITY,1.23,63.5674,796934
Kotak Contra Fund - Direct (G),119769,INF174K01KZ9,Contra Fund,2026-04-30,Equity,Equity,Tobacco Products,ITC,Large Cap,EQUITY,0.67,34.576,1098000
Kotak Contra Fund - Direct (G),119769,INF174K01KZ9,Contra Fund,2026-04-30,Equity,Equity,Steel,Jindal Steel,Large Cap,EQUITY,1.5,77.4222,633000
Kotak Contra Fund - Direct (G),119769,INF174K01KZ9,Contra Fund,2026-04-30,Equity,Equity,Telecom Equipment & Infra Services,Indus Towers,Large Cap,EQUITY,1.49,76.6607,1870000
Kotak Contra Fund - Direct (G),119769,INF174K01KZ9,Contra Fund,2026-04-30,Equity,Equity,Banks,IndusInd Bank,Mid Cap,EQUITY,1.47,75.5741,825000
Kotak Contra Fund - Direct (G),119769,INF174K01KZ9,Contra Fund,2026-04-30,Equity,Equity,Finance,Bajaj Finance,Large Cap,EQUITY,1.97,101.4581,1082797
Kotak Contra Fund - Direct (G),119769,INF174K01KZ9,Contra Fund,2026-04-30,Equity,Equity,Healthcare,Park Medi World,Small Cap,EQUITY,1.9,97.9007,4247135
Kotak Contra Fund - Direct (G),119769,INF174K01KZ9,Contra Fund,2026-04-30,Equity,Equity,E-Commerce/App based Aggregator,Swiggy,Mid Cap,EQUITY,1.84,94.5868,3499328
Kotak Contra Fund - Direct (G),119769,INF174K01KZ9,Contra Fund,2026-04-30,Equity,Equity,Power Generation & Distribution,NTPC,Large Cap,EQUITY,2.93,150.8787,3780000
Kotak Contra Fund - Direct (G),119769,INF174K01KZ9,Contra Fund,2026-04-30,Equity,Equity,Cement,UltraTech Cem.,Large Cap,EQUITY,1.97,101.5513,87650
Kotak Contra Fund - Direct (G),119769,INF174K01KZ9,Contra Fund,2026-04-30,Equity,Equity,Banks,Kotak Mah. Bank,Large Cap,EQUITY,0.54,27.7893,725000
Kotak Contra Fund - Direct (G),119769,INF174K01KZ9,Contra Fund,2026-04-30,Equity,Equity,Finance,Shriram Finance,Large Cap,EQUITY,2.61,134.7258,1437305
Kotak Contra Fund - Direct (G),119769,INF174K01KZ9,Contra Fund,2026-04-30,Equity,Equity,Healthcare,Fortis Health.,Mid Cap,EQUITY,2.39,123.2692,1335600
Kotak Contra Fund - Direct (G),119769,INF174K01KZ9,Contra Fund,2026-04-30,Equity,Equity,Automobile,Maruti Suzuki,Large Cap,EQUITY,2.35,120.8885,90798
Kotak Contra Fund - Direct (G),119769,INF174K01KZ9,Contra Fund,2026-04-30,Equity,Equity,Refineries,B P C L,Large Cap,EQUITY,0.36,18.3226,609840
Kotak Contra Fund - Direct (G),119769,INF174K01KZ9,Contra Fund,2026-04-30,Equity,Equity,Auto Ancillaries,Tenneco Clean,Small Cap,EQUITY,0.62,32.0403,515324
Kotak Contra Fund - Direct (G),119769,INF174K01KZ9,Contra Fund,2026-04-30,Equity,Equity,Banks,J & K Bank,Small Cap,EQUITY,1.0,51.608,4000000
Kotak Contra Fund - Direct (G),119769,INF174K01KZ9,Contra Fund,2026-04-30,Equity,Equity,Pharmaceuticals,J B Chemicals &,Mid Cap,EQUITY,0.99,51.2313,250716
Kotak Contra Fund - Direct (G),119769,INF174K01KZ9,Contra Fund,2026-04-30,Equity,Equity,Healthcare,Metropolis Healt,Small Cap,EQUITY,0.97,50.1472,1052408
Kotak Contra Fund - Direct (G),119769,INF174K01KZ9,Contra Fund,2026-04-30,Equity,Equity,Finance,Power Fin.Corpn.,Large Cap,EQUITY,0.96,49.324,1100000
Kotak Contra Fund - Direct (G),119769,INF174K01KZ9,Contra Fund,2026-04-30,Equity,Equity,Healthcare,Global Health,Small Cap,EQUITY,1.21,62.4408,558879
Kotak Contra Fund - Direct (G),119769,INF174K01KZ9,Contra Fund,2026-04-30,Equity,Equity,FMCG,Godrej Consumer,Mid Cap,EQUITY,1.2,61.8918,580000
Kotak Contra Fund - Direct (G),119769,INF174K01KZ9,Contra Fund,2026-04-30,Equity,Equity,Non Ferrous Metals,Hindalco Inds.,Large Cap,EQUITY,1.2,61.761,595000
Kotak Contra Fund - Direct (G),119769,INF174K01KZ9,Contra Fund,2026-04-30,Equity,Equity,Refineries,Reliance Industr,Large Cap,EQUITY,3.28,169.0702,1181648
Kotak Contra Fund - Direct (G),119769,INF174K01KZ9,Contra Fund,2026-04-30,Equity,Equity,Banks,Axis Bank,Large Cap,EQUITY,2.15,110.7226,873000
Kotak Contra Fund - Direct (G),119769,INF174K01KZ9,Contra Fund,2026-04-30,Equity,Equity,Automobile,Hero Motocorp,Mid Cap,EQUITY,2.62,134.9705,264700
Kotak Contra Fund - Direct (G),119769,INF174K01KZ9,Contra Fund,2026-04-30,Equity,Equity,Pharmaceuticals,Ipca Labs.,Mid Cap,EQUITY,1.51,77.8077,508248
Kotak Contra Fund - Direct (G),119769,INF174K01KZ9,Contra Fund,2026-04-30,Equity,Equity,IT - Software,Tech Mahindra,Large Cap,EQUITY,2.09,107.8602,732000
Kotak Contra Fund - Direct (G),119769,INF174K01KZ9,Contra Fund,2026-04-30,Equity,Equity,Capital Goods - Electrical Equipment,GE Vernova T&D,Large Cap,EQUITY,1.81,93.1439,208553
Kotak Contra Fund - Direct (G),119769,INF174K01KZ9,Contra Fund,2026-04-30,Equity,Equity,IT - Software,Infosys,Large Cap,EQUITY,1.81,93.3711,790075
Kotak Contra Fund - Direct (G),119769,INF174K01KZ9,Contra Fund,2026-04-30,Equity,Equity,Aerospace & Defence,Bharat Electron,Large Cap,EQUITY,1.68,86.5619,2007000
Kotak Contra Fund - Direct (G),119769,INF174K01KZ9,Contra Fund,2026-04-30,Equity,Equity,Alcoholic Beverages,Radico Khaitan,Mid Cap,EQUITY,1.62,83.3741,243563
Kotak Contra Fund - Direct (G),119769,INF174K01KZ9,Contra Fund,2026-04-30,Equity,Equity,Infrastructure Developers & Operators,Larsen & Toubro,Large Cap,EQUITY,2.69,138.7026,345547
Kotak Contra Fund - Direct (G),119769,INF174K01KZ9,Contra Fund,2026-04-30,Equity,Equity,Telecom-Service,Bharti Airtel,Large Cap,EQUITY,2.63,135.3117,717149
Kotak Contra Fund - Direct (G),119769,INF174K01KZ9,Contra Fund,2026-04-30,Equity,Equity,"Castings, Forgings & Fastners",Happy Forgings,Small Cap,EQUITY,0.65,33.7,250000
Kotak Contra Fund - Direct (G),119769,INF174K01KZ9,Contra Fund,2026-04-30,Equity,Equity,Banks,Bank of Baroda,Large Cap,EQUITY,1.33,68.6313,2605000
Kotak Contra Fund - Direct (G),119769,INF174K01KZ9,Contra Fund,2026-05-31,Equity,Equity,Banks,Bank of Baroda,Large Cap,EQUITY,1.07,55.1768,2055000
Kotak Contra Fund - Direct (G),119769,INF174K01KZ9,Contra Fund,2026-05-31,Equity,Equity,Pharmaceuticals,J B Chemicals &,Mid Cap,EQUITY,1.05,54.3402,250716
Kotak Contra Fund - Direct (G),119769,INF174K01KZ9,Contra Fund,2026-05-31,Equity,Equity,Auto Ancillaries,Uno Minda,Mid Cap,EQUITY,1.02,52.5511,477000
Kotak Contra Fund - Direct (G),119769,INF174K01KZ9,Contra Fund,2026-05-31,Equity,Equity,Alcoholic Beverages,Radico Khaitan,Mid Cap,EQUITY,1.58,81.735,232294
Kotak Contra Fund - Direct (G),119769,INF174K01KZ9,Contra Fund,2026-05-31,Equity,Equity,Banks,J & K Bank,Small Cap,EQUITY,1.53,78.8116,5614961
Kotak Contra Fund - Direct (G),119769,INF174K01KZ9,Contra Fund,2026-05-31,Equity,Equity,Pharmaceuticals,Ipca Labs.,Mid Cap,EQUITY,1.5,77.4773,508248
Kotak Contra Fund - Direct (G),119769,INF174K01KZ9,Contra Fund,2026-05-31,Equity,Equity,Refineries,Reliance Industr,Large Cap,EQUITY,3.02,156.1193,1181648
Kotak Contra Fund - Direct (G),119769,INF174K01KZ9,Contra Fund,2026-05-31,Equity,Equity,Power Generation & Distribution,NTPC,Large Cap,EQUITY,2.96,153.019,3955000
Kotak Contra Fund - Direct (G),119769,INF174K01KZ9,Contra Fund,2026-05-31,Equity,Equity,Infrastructure Developers & Operators,Larsen & Toubro,Large Cap,EQUITY,2.73,140.8622,345547
Kotak Contra Fund - Direct (G),119769,INF174K01KZ9,Contra Fund,2026-05-31,Equity,Equity,Steel,Jindal Steel,Large Cap,EQUITY,1.48,76.4158,633000
Kotak Contra Fund - Direct (G),119769,INF174K01KZ9,Contra Fund,2026-05-31,Equity,Equity,Finance,Shriram Finance,Large Cap,EQUITY,2.64,136.1343,1437305
Kotak Contra Fund - Direct (G),119769,INF174K01KZ9,Contra Fund,2026-05-31,Equity,Equity,Telecom-Service,Bharti Airtel,Large Cap,EQUITY,2.54,131.1666,717149
Kotak Contra Fund - Direct (G),119769,INF174K01KZ9,Contra Fund,2026-05-31,Equity,Equity,Automobile,Hero Motocorp,Mid Cap,EQUITY,2.51,129.7824,264700
Kotak Contra Fund - Direct (G),119769,INF174K01KZ9,Contra Fund,2026-05-31,Equity,Equity,Healthcare,Fortis Health.,Mid Cap,EQUITY,2.4,124.0038,1335600
Kotak Contra Fund - Direct (G),119769,INF174K01KZ9,Contra Fund,2026-05-31,Equity,Equity,Healthcare,Park Medi World,Small Cap,EQUITY,2.37,122.5468,4247135
Kotak Contra Fund - Direct (G),119769,INF174K01KZ9,Contra Fund,2026-05-31,Equity,Equity,Banks,Axis Bank,Large Cap,EQUITY,2.18,112.3202,873000
Kotak Contra Fund - Direct (G),119769,INF174K01KZ9,Contra Fund,2026-05-31,Equity,Equity,Automobile,Maruti Suzuki,Large Cap,EQUITY,2.16,111.5769,84998
Kotak Contra Fund - Direct (G),119769,INF174K01KZ9,Contra Fund,2026-05-31,Equity,Equity,Telecom Equipment & Infra Services,Indus Towers,Large Cap,EQUITY,2.03,104.7659,2370000
Kotak Contra Fund - Direct (G),119769,INF174K01KZ9,Contra Fund,2026-05-31,Equity,Equity,IT - Software,Mphasis,Mid Cap,EQUITY,1.99,102.5885,451653
Kotak Contra Fund - Direct (G),119769,INF174K01KZ9,Contra Fund,2026-05-31,Equity,Equity,Capital Goods-Non Electrical Equipment,Carborundum Uni.,Small Cap,EQUITY,0.33,16.9793,165000
Kotak Contra Fund - Direct (G),119769,INF174K01KZ9,Contra Fund,2026-05-31,Equity,Equity,Bearings,Schaeffler India,Mid Cap,EQUITY,0.25,13.1053,31742
Kotak Contra Fund - Direct (G),119769,INF174K01KZ9,Contra Fund,2026-05-31,Equity,Equity,Steel,Tata Steel,Large Cap,EQUITY,1.25,64.2782,3090000
Kotak Contra Fund - Direct (G),119769,INF174K01KZ9,Contra Fund,2026-05-31,Equity,Equity,Plywood Boards/Laminates,Century Plyboard,Small Cap,EQUITY,1.19,61.6309,796934
Kotak Contra Fund - Direct (G),119769,INF174K01KZ9,Contra Fund,2026-05-31,Equity,Equity,Air Transport Service,Interglobe Aviat,Large Cap,EQUITY,1.17,60.4807,137300
Kotak Contra Fund - Direct (G),119769,INF174K01KZ9,Contra Fund,2026-05-31,Equity,Equity,FMCG,Godrej Consumer,Mid Cap,EQUITY,1.16,59.6994,580000
Kotak Contra Fund - Direct (G),119769,INF174K01KZ9,Contra Fund,2026-05-31,Equity,Equity,Healthcare,Metropolis Healt,Small Cap,EQUITY,1.13,58.4455,1052408
Kotak Contra Fund - Direct (G),119769,INF174K01KZ9,Contra Fund,2026-05-31,Equity,Equity,Automobile,Ashok Leyland,Mid Cap,EQUITY,1.13,58.1346,3740000
Kotak Contra Fund - Direct (G),119769,INF174K01KZ9,Contra Fund,2026-05-31,Equity,Equity,Infrastructure Developers & Operators,Kalpataru Proj.,Small Cap,EQUITY,1.13,58.2313,446217
Kotak Contra Fund - Direct (G),119769,INF174K01KZ9,Contra Fund,2026-05-31,Equity,Equity,Pharmaceuticals,Jubilant Pharmo,Small Cap,EQUITY,1.12,57.5508,578400
Kotak Contra Fund - Direct (G),119769,INF174K01KZ9,Contra Fund,2026-05-31,Equity,Equity,"Castings, Forgings & Fastners",Happy Forgings,Small Cap,EQUITY,0.63,32.2917,232750
Kotak Contra Fund - Direct (G),119769,INF174K01KZ9,Contra Fund,2026-05-31,Equity,Equity,Tobacco Products,ITC,Large Cap,EQUITY,0.61,31.5016,1098000
Kotak Contra Fund - Direct (G),119769,INF174K01KZ9,Contra Fund,2026-05-31,Equity,Equity,Auto Ancillaries,Tenneco Clean,Small Cap,EQUITY,0.59,30.3165,515324
Kotak Contra Fund - Direct (G),119769,INF174K01KZ9,Contra Fund,2026-05-31,Equity,Equity,Banks,IndusInd Bank,Mid Cap,EQUITY,1.46,75.4339,825000
Kotak Contra Fund - Direct (G),119769,INF174K01KZ9,Contra Fund,2026-05-31,Equity,Equity,Chemicals,SRF,Mid Cap,EQUITY,1.44,74.0971,272837
Kotak Contra Fund - Direct (G),119769,INF174K01KZ9,Contra Fund,2026-05-31,Equity,Equity,Banks,Bank of Maha,Mid Cap,EQUITY,1.41,73.0236,9212013
Kotak Contra Fund - Direct (G),119769,INF174K01KZ9,Contra Fund,2026-05-31,Equity,Equity,Healthcare,Global Health,Small Cap,EQUITY,1.41,72.9013,613131
Kotak Contra Fund - Direct (G),119769,INF174K01KZ9,Contra Fund,2026-05-31,Equity,Equity,Banks,HDFC Bank,Large Cap,EQUITY,5.12,264.0818,3546864
Kotak Contra Fund - Direct (G),119769,INF174K01KZ9,Contra Fund,2026-05-31,Equity,Equity,Banks,ICICI Bank,Large Cap,EQUITY,4.79,247.2659,1968051
Kotak Contra Fund - Direct (G),119769,INF174K01KZ9,Contra Fund,2026-05-31,Equity,Equity,Finance,Piramal Finance.,Mid Cap,EQUITY,1.36,70.396,365352
Kotak Contra Fund - Direct (G),119769,INF174K01KZ9,Contra Fund,2026-05-31,Equity,Equity,Cement,Dalmia BharatLtd,Small Cap,EQUITY,1.34,68.9071,394160
Kotak Contra Fund - Direct (G),119769,INF174K01KZ9,Contra Fund,2026-05-31,Equity,Equity,Banks,Indian Bank,Large Cap,EQUITY,1.31,67.6146,811700
Kotak Contra Fund - Direct (G),119769,INF174K01KZ9,Contra Fund,2026-05-31,Equity,Equity,Non Ferrous Metals,Hindalco Inds.,Large Cap,EQUITY,1.3,67.0387,595000
Kotak Contra Fund - Direct (G),119769,INF174K01KZ9,Contra Fund,2026-05-31,Equity,Equity,Aerospace & Defence,Astra Microwave,Small Cap,EQUITY,1.29,66.4731,474232
Kotak Contra Fund - Direct (G),119769,INF174K01KZ9,Contra Fund,2026-05-31,Equity,Equity,Finance,Aptus Value Hou.,Small Cap,EQUITY,1.29,66.6686,2561221
Kotak Contra Fund - Direct (G),119769,INF174K01KZ9,Contra Fund,2026-05-31,Equity,Equity,Cables,KEI Industries,Mid Cap,EQUITY,1.27,65.317,124000
Kotak Contra Fund - Direct (G),119769,INF174K01KZ9,Contra Fund,2026-05-31,Equity,Equity,Pharmaceuticals,Ajanta Pharma,Mid Cap,EQUITY,0.97,50.1475,171216
Kotak Contra Fund - Direct (G),119769,INF174K01KZ9,Contra Fund,2026-05-31,Equity,Equity,Finance,Power Fin.Corpn.,Large Cap,EQUITY,0.91,47.146,1100000
Kotak Contra Fund - Direct (G),119769,INF174K01KZ9,Contra Fund,2026-05-31,Equity,Equity,Retail,Vishal Mega Mart,Mid Cap,EQUITY,0.8,41.4386,3403026
Kotak Contra Fund - Direct (G),119769,INF174K01KZ9,Contra Fund,2026-05-31,Equity,Equity,Mining & Mineral products,Coal India,Large Cap,EQUITY,1.26,64.7929,1415000
Kotak Contra Fund - Direct (G),119769,INF174K01KZ9,Contra Fund,2026-05-31,Equity,Equity,Consumer Durables,LG Electronics,Mid Cap,EQUITY,0.68999,35.8479,235238
Kotak Contra Fund - Direct (G),119769,INF174K01KZ9,Contra Fund,2026-05-31,Equity,Equity,Cement,UltraTech Cem.,Large Cap,EQUITY,1.95,100.6397,87650
Kotak Contra Fund - Direct (G),119769,INF174K01KZ9,Contra Fund,2026-05-31,Equity,Equity,IT - Software,Tech Mahindra,Large Cap,EQUITY,1.95,100.46,677000
Kotak Contra Fund - Direct (G),119769,INF174K01KZ9,Contra Fund,2026-05-31,Equity,Equity,Finance,Bajaj Finance,Large Cap,EQUITY,1.91,98.345,1082797
Kotak Contra Fund - Direct (G),119769,INF174K01KZ9,Contra Fund,2026-05-31,Equity,Equity,Finance,Poonawalla Fin,Mid Cap,EQUITY,1.82,93.8657,2451761
Kotak Contra Fund - Direct (G),119769,INF174K01KZ9,Contra Fund,2026-05-31,Equity,Equity,Banks,SBI,Large Cap,EQUITY,3.27,168.9629,1752000
Kotak Contra Fund - Direct (G),119769,INF174K01KZ9,Contra Fund,2026-05-31,Equity,Equity,Capital Goods - Electrical Equipment,GE Vernova T&D,Large Cap,EQUITY,1.81,93.4744,181553
Kotak Contra Fund - Direct (G),119769,INF174K01KZ9,Contra Fund,2026-05-31,Equity,Equity,IT - Software,Infosys,Large Cap,EQUITY,1.78,91.7198,790075
Kotak Contra Fund - Direct (G),119769,INF174K01KZ9,Contra Fund,2026-05-31,Equity,Equity,E-Commerce/App based Aggregator,Swiggy,Mid Cap,EQUITY,1.75,90.2477,3499328
Kotak Contra Fund - Direct (G),119769,INF174K01KZ9,Contra Fund,2026-05-31,Equity,Equity,Aerospace & Defence,Bharat Electron,Large Cap,EQUITY,1.6,82.4375,2007000
SBI Contra Fund - Direct (G),119835,INF200K01RA0,Contra Fund,2025-06-30,Equity,Equity,Insurance,ICICI Pru Life,Mid Cap,EQUITY,1.23,580.5967,8824999
SBI Contra Fund - Direct (G),119835,INF200K01RA0,Contra Fund,2025-06-30,Equity,Equity,Finance,M & M Fin. Serv.,Mid Cap,EQUITY,1.12,532.2651,19717172
SBI Contra Fund - Direct (G),119835,INF200K01RA0,Contra Fund,2025-06-30,Equity,Equity,Auto Ancillaries,Samvardh. Mothe.,Large Cap,EQUITY,0.65,309.66,20000000
SBI Contra Fund - Direct (G),119835,INF200K01RA0,Contra Fund,2025-06-30,Equity,Equity,Non Ferrous Metals,Hindalco Inds.,Large Cap,EQUITY,1.17,555.6657,8020000
SBI Contra Fund - Direct (G),119835,INF200K01RA0,Contra Fund,2025-06-30,Equity,Equity,Pharmaceuticals,Biocon,Mid Cap,EQUITY,2.15,1020.4127,28687453
SBI Contra Fund - Direct (G),119835,INF200K01RA0,Contra Fund,2025-06-30,Equity,Equity,E-Commerce/App based Aggregator,FSN E-Commerce,Mid Cap,EQUITY,0.98,462.3948,22188917
SBI Contra Fund - Direct (G),119835,INF200K01RA0,Contra Fund,2025-06-30,Equity,Equity,Power Generation & Distribution,Torrent Power,Mid Cap,EQUITY,2.01,951.3585,6482410
SBI Contra Fund - Direct (G),119835,INF200K01RA0,Contra Fund,2025-06-30,Equity,Equity,Alcoholic Beverages,United Spirits,Mid Cap,EQUITY,0.89,419.4451,2937085
SBI Contra Fund - Direct (G),119835,INF200K01RA0,Contra Fund,2025-06-30,Equity,Equity,FMCG,Dabur India,Mid Cap,EQUITY,1.75,827.1893,17046663
SBI Contra Fund - Direct (G),119835,INF200K01RA0,Contra Fund,2025-06-30,Equity,Equity,Infrastructure Developers & Operators,Larsen & Toubro,Large Cap,EQUITY,0.78,368.8149,1005000
SBI Contra Fund - Direct (G),119835,INF200K01RA0,Contra Fund,2025-06-30,Equity,Equity,Paints/Varnish,Asian Paints,Large Cap,EQUITY,1.53,725.741,3100000
SBI Contra Fund - Direct (G),119835,INF200K01RA0,Contra Fund,2025-06-30,Equity,Equity,Financial Services,Indian Energy Ex,Small Cap,EQUITY,0.46,215.7613,11172975
SBI Contra Fund - Direct (G),119835,INF200K01RA0,Contra Fund,2025-06-30,Equity,Equity,Consumer Durables,Whirlpool India,Small Cap,EQUITY,1.19,566.1656,4040000
SBI Contra Fund - Direct (G),119835,INF200K01RA0,Contra Fund,2025-06-30,Equity,Equity,IT - Software,HCL Technologies,Large Cap,EQUITY,1.29,609.5216,3526100
SBI Contra Fund - Direct (G),119835,INF200K01RA0,Contra Fund,2025-06-30,Equity,Equity,Healthcare,Aster DM Health.,Small Cap,EQUITY,1.03,488.7375,8199605
SBI Contra Fund - Direct (G),119835,INF200K01RA0,Contra Fund,2025-06-30,Equity,Equity,Automobile,Bajaj Auto,Large Cap,EQUITY,0.86,408.33,487500
SBI Contra Fund - Direct (G),119835,INF200K01RA0,Contra Fund,2025-06-30,Equity,Equity,Readymade Garments/ Apparells,K P R Mill Ltd,Mid Cap,EQUITY,0.45,215.2077,1886132
SBI Contra Fund - Direct (G),119835,INF200K01RA0,Contra Fund,2025-06-30,Equity,Equity,Banks,Punjab Natl.Bank,Large Cap,EQUITY,2.34,1110.0453,100456586
SBI Contra Fund - Direct (G),119835,INF200K01RA0,Contra Fund,2025-06-30,Equity,Equity,Capital Goods-Non Electrical Equipment,Ingersoll-Rand,Small Cap,EQUITY,0.19,88.9526,229555
SBI Contra Fund - Direct (G),119835,INF200K01RA0,Contra Fund,2025-06-30,Equity,Equity,Infrastructure Developers & Operators,G R Infraproject,Small Cap,EQUITY,0.5,238.0887,1805754
SBI Contra Fund - Direct (G),119835,INF200K01RA0,Contra Fund,2025-06-30,Equity,Equity,Crude Oil & Natural Gas,O N G C,Large Cap,EQUITY,1.23,583.5804,23896662
SBI Contra Fund - Direct (G),119835,INF200K01RA0,Contra Fund,2025-06-30,Equity,Equity,Pharmaceuticals,Alkem Lab,Mid Cap,EQUITY,1.05,495.8791,1004007
SBI Contra Fund - Direct (G),119835,INF200K01RA0,Contra Fund,2025-06-30,Equity,Equity,Banks,Bandhan Bank,Small Cap,EQUITY,0.37,175.2803,9242793
SBI Contra Fund - Direct (G),119835,INF200K01RA0,Contra Fund,2025-06-30,Equity,Equity,Mining & Mineral products,NMDC,Mid Cap,EQUITY,0.42,199.773,28539000
SBI Contra Fund - Direct (G),119835,INF200K01RA0,Contra Fund,2025-06-30,Equity,Equity,Pharmaceuticals,Cipla,Large Cap,EQUITY,1.22,577.8116,3836985
SBI Contra Fund - Direct (G),119835,INF200K01RA0,Contra Fund,2025-06-30,Equity,Equity,Banks,St Bk of India,Large Cap,EQUITY,0.87,410.2176,5000519
SBI Contra Fund - Direct (G),119835,INF200K01RA0,Contra Fund,2025-06-30,Equity,Equity,Banks,Equitas Sma. Fin,Small Cap,EQUITY,0.47,222.1488,33102195
SBI Contra Fund - Direct (G),119835,INF200K01RA0,Contra Fund,2025-06-30,Equity,Equity,Pharmaceuticals,Gland Pharma,Small Cap,EQUITY,0.31,149.0764,813026
SBI Contra Fund - Direct (G),119835,INF200K01RA0,Contra Fund,2025-06-30,Equity,Equity,Telecomm Equipment & Infra Services,Indus Towers,Mid Cap,EQUITY,1.77,837.4286,19886692
SBI Contra Fund - Direct (G),119835,INF200K01RA0,Contra Fund,2025-06-30,Equity,Equity,Sugar,EID Parry,Small Cap,EQUITY,0.12,57.544,518414
SBI Contra Fund - Direct (G),119835,INF200K01RA0,Contra Fund,2025-06-30,Equity,Equity,Finance,HDFC AMC,Large Cap,EQUITY,0.68999,326.0544,628018
SBI Contra Fund - Direct (G),119835,INF200K01RA0,Contra Fund,2025-06-30,Equity,Equity,Automobile,Maruti Suzuki,Large Cap,EQUITY,1.03,487.8941,393463
SBI Contra Fund - Direct (G),119835,INF200K01RA0,Contra Fund,2025-06-30,Equity,Equity,Agro Chemicals,Rallis India,Small Cap,EQUITY,0.63,297.3704,9179514
SBI Contra Fund - Direct (G),119835,INF200K01RA0,Contra Fund,2025-06-30,Equity,Equity,Pharmaceuticals,Mankind Pharma,Large Cap,EQUITY,0.65,308.0785,1328039
SBI Contra Fund - Direct (G),119835,INF200K01RA0,Contra Fund,2025-06-30,Equity,Equity,IT - Software,Tech Mahindra,Large Cap,EQUITY,0.99,470.2378,2787420
SBI Contra Fund - Direct (G),119835,INF200K01RA0,Contra Fund,2025-06-30,Equity,Equity,Banks,ICICI Bank,Large Cap,EQUITY,1.61,763.6065,5281550
SBI Contra Fund - Direct (G),119835,INF200K01RA0,Contra Fund,2025-06-30,Equity,Equity,Auto Ancillaries,Motherson Wiring,Small Cap,EQUITY,0.09,42.1493,7057818
SBI Contra Fund - Direct (G),119835,INF200K01RA0,Contra Fund,2025-06-30,Equity,Equity,Insurance,Life Insurance,Large Cap,EQUITY,0.64,301.6867,3101220
SBI Contra Fund - Direct (G),119835,INF200K01RA0,Contra Fund,2025-06-30,Equity,Equity,Steel,NMDC Steel,Small Cap,EQUITY,0.02,10.6837,2606407
SBI Contra Fund - Direct (G),119835,INF200K01RA0,Contra Fund,2025-06-30,Equity,Equity,Realty,Ashiana Housing,Small Cap,EQUITY,0.52,248.4929,7189147
SBI Contra Fund - Direct (G),119835,INF200K01RA0,Contra Fund,2025-06-30,Equity,Equity,Refineries,I O C L,Large Cap,EQUITY,1.12,529.7846,36049578
SBI Contra Fund - Direct (G),119835,INF200K01RA0,Contra Fund,2025-06-30,Equity,Equity,Tobacco Products,ITC,Large Cap,EQUITY,3.41,1614.4409,38766741
SBI Contra Fund - Direct (G),119835,INF200K01RA0,Contra Fund,2025-06-30,Equity,Equity,Automobile,Tata Motors,Large Cap,EQUITY,0.81,384.8905,5594339
SBI Contra Fund - Direct (G),119835,INF200K01RA0,Contra Fund,2025-06-30,Equity,Equity,Automobile,Hero Motocorp,Mid Cap,EQUITY,0.4,190.1483,448770
SBI Contra Fund - Direct (G),119835,INF200K01RA0,Contra Fund,2025-06-30,Equity,Equity,Banks,Kotak Mah. Bank,Large Cap,EQUITY,2.92,1385.8879,6405768
SBI Contra Fund - Direct (G),119835,INF200K01RA0,Contra Fund,2025-06-30,Equity,Equity,Banks,Axis Bank,Large Cap,EQUITY,1.24,588.1183,4904255
SBI Contra Fund - Direct (G),119835,INF200K01RA0,Contra Fund,2025-06-30,Equity,Equity,Banks,HDFC Bank,Large Cap,EQUITY,8.54,4047.9595,20224629
SBI Contra Fund - Direct (G),119835,INF200K01RA0,Contra Fund,2025-06-30,Equity,Equity,Textiles,Grasim Inds,Large Cap,EQUITY,0.67,317.3282,1115585
SBI Contra Fund - Direct (G),119835,INF200K01RA0,Contra Fund,2025-06-30,Equity,Equity,Pharmaceuticals,Sanofi India,Small Cap,EQUITY,0.34,160.2916,251576
SBI Contra Fund - Direct (G),119835,INF200K01RA0,Contra Fund,2025-06-30,Equity,Equity,Gas Distribution,GAIL (India),Large Cap,EQUITY,2.09,992.2495,51993788
SBI Contra Fund - Direct (G),119835,INF200K01RA0,Contra Fund,2025-06-30,Equity,Equity,Capital Goods-Non Electrical Equipment,Disa India,Small Cap,EQUITY,0.34,161.146,114711
SBI Contra Fund - Direct (G),119835,INF200K01RA0,Contra Fund,2025-06-30,Equity,Equity,Chemicals,Neogen Chemicals,Small Cap,EQUITY,0.28,133.8847,808141
SBI Contra Fund - Direct (G),119835,INF200K01RA0,Contra Fund,2025-06-30,Equity,Equity,Alcoholic Beverages,Sula Vineyards,Small Cap,EQUITY,0.13,61.8256,2036417
SBI Contra Fund - Direct (G),119835,INF200K01RA0,Contra Fund,2025-06-30,Equity,Equity,Telecomm-Service,Bharti Airtel,Large Cap,EQUITY,1.34,633.4362,3152051
SBI Contra Fund - Direct (G),119835,INF200K01RA0,Contra Fund,2025-06-30,Equity,Equity,Pharmaceuticals,Aurobindo Pharma,Mid Cap,EQUITY,0.12,58.4422,515000
SBI Contra Fund - Direct (G),119835,INF200K01RA0,Contra Fund,2025-06-30,Equity,Equity,Auto Ancillaries,Automotive Axles,Small Cap,EQUITY,0.08,35.804,200000
SBI Contra Fund - Direct (G),119835,INF200K01RA0,Contra Fund,2025-06-30,Equity,Equity,Plywood Boards/Laminates,Greenply Industr,Small Cap,EQUITY,0.09,42.3484,1350179
SBI Contra Fund - Direct (G),119835,INF200K01RA0,Contra Fund,2025-06-30,Equity,Equity,Steel,Tata Steel,Large Cap,EQUITY,1.79,846.6565,52995525
SBI Contra Fund - Direct (G),119835,INF200K01RA0,Contra Fund,2025-06-30,Equity,Equity,Banks,Bank of India,Mid Cap,EQUITY,0.55,259.5329,21890429
SBI Contra Fund - Direct (G),119835,INF200K01RA0,Contra Fund,2025-06-30,Equity,Equity,IT - Software,Wipro,Large Cap,EQUITY,0.84,398.97,15000000
SBI Contra Fund - Direct (G),119835,INF200K01RA0,Contra Fund,2025-06-30,Equity,Equity,Logistics,Gateway Distri,Small Cap,EQUITY,0.14,65.5584,9934596
SBI Contra Fund - Direct (G),119835,INF200K01RA0,Contra Fund,2025-06-30,Equity,Equity,IT - Software,Infosys,Large Cap,EQUITY,1.02,482.3186,3011104
SBI Contra Fund - Direct (G),119835,INF200K01RA0,Contra Fund,2025-06-30,Equity,Equity,Cement,Prism Johnson,Small Cap,EQUITY,0.31,148.4867,9594645
SBI Contra Fund - Direct (G),119835,INF200K01RA0,Contra Fund,2025-06-30,Equity,Equity,Cement,ACC,Mid Cap,EQUITY,0.58,276.6847,1443171
SBI Contra Fund - Direct (G),119835,INF200K01RA0,Contra Fund,2025-06-30,Equity,Equity,Pharmaceuticals,Lupin,Mid Cap,EQUITY,0.41,192.831,995000
SBI Contra Fund - Direct (G),119835,INF200K01RA0,Contra Fund,2025-06-30,Equity,Equity,Cement,The Ramco Cement,Small Cap,EQUITY,0.48,226.5312,2106875
SBI Contra Fund - Direct (G),119835,INF200K01RA0,Contra Fund,2025-06-30,Equity,Equity,Gas Distribution,Petronet LNG,Mid Cap,EQUITY,1.11,527.5496,17474315
SBI Contra Fund - Direct (G),119835,INF200K01RA0,Contra Fund,2025-06-30,Equity,Equity,Capital Goods - Electrical Equipment,V-Guard Industri,Small Cap,EQUITY,0.22,104.8216,2706470
SBI Contra Fund - Direct (G),119835,INF200K01RA0,Contra Fund,2025-06-30,Equity,Equity,Steel,S A I L,Mid Cap,EQUITY,0.29,136.3961,10333817
SBI Contra Fund - Direct (G),119835,INF200K01RA0,Contra Fund,2025-06-30,Equity,Equity,Cement,Nuvoco Vistas,Small Cap,EQUITY,0.63,296.4808,8370435
SBI Contra Fund - Direct (G),119835,INF200K01RA0,Contra Fund,2025-06-30,Equity,Equity,Capital Goods-Non Electrical Equipment,Carborundum Uni.,Small Cap,EQUITY,0.18,86.7894,898953
SBI Contra Fund - Direct (G),119835,INF200K01RA0,Contra Fund,2025-06-30,Equity,Equity,Logistics,Delhivery,Mid Cap,EQUITY,0.58,273.9322,7156013
SBI Contra Fund - Direct (G),119835,INF200K01RA0,Contra Fund,2025-06-30,Equity,Equity,Power Generation & Distribution,CESC,Small Cap,EQUITY,0.79,375.3327,21853430
SBI Contra Fund - Direct (G),119835,INF200K01RA0,Contra Fund,2025-06-30,Equity,Equity,Capital Goods-Non Electrical Equipment,Grindwell Norton,Small Cap,EQUITY,0.29,137.7562,796647
SBI Contra Fund - Direct (G),119835,INF200K01RA0,Contra Fund,2025-06-30,Equity,Equity,Capital Goods-Non Electrical Equipment,Wendt India,Small Cap,EQUITY,0.23,107.2809,116363
SBI Contra Fund - Direct (G),119835,INF200K01RA0,Contra Fund,2025-06-30,Equity,Equity,Bearings,Timken India,Small Cap,EQUITY,0.27,126.755,362333
SBI Contra Fund - Direct (G),119835,INF200K01RA0,Contra Fund,2025-06-30,Equity,Equity,Refineries,Reliance Industr,Large Cap,EQUITY,6.24,2958.8181,19717567
SBI Contra Fund - Direct (G),119835,INF200K01RA0,Contra Fund,2025-07-31,Equity,Equity,Capital Goods-Non Electrical Equipment,Carborundum Uni.,Small Cap,EQUITY,0.18,83.6566,898953
SBI Contra Fund - Direct (G),119835,INF200K01RA0,Contra Fund,2025-07-31,Equity,Equity,Pharmaceuticals,Alkem Lab,Mid Cap,EQUITY,1.08,505.126,1004007
SBI Contra Fund - Direct (G),119835,INF200K01RA0,Contra Fund,2025-07-31,Equity,Equity,Banks,Bandhan Bank,Small Cap,EQUITY,0.55,256.2009,15242793
SBI Contra Fund - Direct (G),119835,INF200K01RA0,Contra Fund,2025-07-31,Equity,Equity,Mining & Mineral products,NMDC,Mid Cap,EQUITY,0.43,202.0276,28539000
SBI Contra Fund - Direct (G),119835,INF200K01RA0,Contra Fund,2025-07-31,Equity,Equity,Pharmaceuticals,Cipla,Large Cap,EQUITY,1.27,596.4977,3836985
SBI Contra Fund - Direct (G),119835,INF200K01RA0,Contra Fund,2025-07-31,Equity,Equity,Banks,SBI,Large Cap,EQUITY,0.85,398.3163,5000519
SBI Contra Fund - Direct (G),119835,INF200K01RA0,Contra Fund,2025-07-31,Equity,Equity,Banks,Equitas Sma. Fin,Small Cap,EQUITY,0.42,196.1636,33102195
SBI Contra Fund - Direct (G),119835,INF200K01RA0,Contra Fund,2025-07-31,Equity,Equity,Pharmaceuticals,Gland Pharma,Small Cap,EQUITY,0.36,167.8736,813026
SBI Contra Fund - Direct (G),119835,INF200K01RA0,Contra Fund,2025-07-31,Equity,Equity,Automobile,Maruti Suzuki,Large Cap,EQUITY,1.06,496.0782,393463
SBI Contra Fund - Direct (G),119835,INF200K01RA0,Contra Fund,2025-07-31,Equity,Equity,Agro Chemicals,Rallis India,Small Cap,EQUITY,0.74,345.5628,9179514
SBI Contra Fund - Direct (G),119835,INF200K01RA0,Contra Fund,2025-07-31,Equity,Equity,Pharmaceuticals,Mankind Pharma,Large Cap,EQUITY,0.73,340.9342,1328039
SBI Contra Fund - Direct (G),119835,INF200K01RA0,Contra Fund,2025-07-31,Equity,Equity,Refineries,I O C L,Large Cap,EQUITY,1.12,524.954,36049578
SBI Contra Fund - Direct (G),119835,INF200K01RA0,Contra Fund,2025-07-31,Equity,Equity,Cement,The Ramco Cement,Small Cap,EQUITY,0.53,248.0213,2106875
SBI Contra Fund - Direct (G),119835,INF200K01RA0,Contra Fund,2025-07-31,Equity,Equity,Gas Distribution,Petronet LNG,Mid Cap,EQUITY,1.07,503.6098,17474315
SBI Contra Fund - Direct (G),119835,INF200K01RA0,Contra Fund,2025-07-31,Equity,Equity,Realty,Ashiana Housing,Small Cap,EQUITY,0.48,227.4646,7189147
SBI Contra Fund - Direct (G),119835,INF200K01RA0,Contra Fund,2025-07-31,Equity,Equity,Tobacco Products,ITC,Large Cap,EQUITY,3.4,1596.9959,38766741
SBI Contra Fund - Direct (G),119835,INF200K01RA0,Contra Fund,2025-07-31,Equity,Equity,Automobile,Tata Motors,Large Cap,EQUITY,0.79,372.555,5594339
SBI Contra Fund - Direct (G),119835,INF200K01RA0,Contra Fund,2025-07-31,Equity,Equity,Automobile,Hero Motocorp,Large Cap,EQUITY,0.41,191.2074,448770
SBI Contra Fund - Direct (G),119835,INF200K01RA0,Contra Fund,2025-07-31,Equity,Equity,IT - Software,Wipro,Large Cap,EQUITY,0.79,372.45,15000000
SBI Contra Fund - Direct (G),119835,INF200K01RA0,Contra Fund,2025-07-31,Equity,Equity,Logistics,Gateway Distri,Small Cap,EQUITY,0.15,70.3767,9934596
SBI Contra Fund - Direct (G),119835,INF200K01RA0,Contra Fund,2025-07-31,Equity,Equity,IT - Software,Infosys,Large Cap,EQUITY,0.97,454.3756,3011104
SBI Contra Fund - Direct (G),119835,INF200K01RA0,Contra Fund,2025-07-31,Equity,Equity,Cement,Prism Johnson,Small Cap,EQUITY,0.31,147.0187,9594645
SBI Contra Fund - Direct (G),119835,INF200K01RA0,Contra Fund,2025-07-31,Equity,Equity,Cement,ACC,Mid Cap,EQUITY,0.55,258.0967,1443171
SBI Contra Fund - Direct (G),119835,INF200K01RA0,Contra Fund,2025-07-31,Equity,Equity,Banks,ICICI Bank,Large Cap,EQUITY,1.67,782.4088,5281550
SBI Contra Fund - Direct (G),119835,INF200K01RA0,Contra Fund,2025-07-31,Equity,Equity,Auto Ancillaries,Motherson Wiring,Small Cap,EQUITY,0.08,39.2768,10586727
SBI Contra Fund - Direct (G),119835,INF200K01RA0,Contra Fund,2025-07-31,Equity,Equity,Capital Goods - Electrical Equipment,V-Guard Industri,Small Cap,EQUITY,0.22,103.4007,2706470
SBI Contra Fund - Direct (G),119835,INF200K01RA0,Contra Fund,2025-07-31,Equity,Equity,Telecomm Equipment & Infra Services,Indus Towers,Mid Cap,EQUITY,1.54,721.8869,19886692
SBI Contra Fund - Direct (G),119835,INF200K01RA0,Contra Fund,2025-07-31,Equity,Equity,Sugar,EID Parry,Small Cap,EQUITY,0.14,63.9464,518414
SBI Contra Fund - Direct (G),119835,INF200K01RA0,Contra Fund,2025-07-31,Equity,Equity,Finance,HDFC AMC,Large Cap,EQUITY,0.76,354.8302,628018
SBI Contra Fund - Direct (G),119835,INF200K01RA0,Contra Fund,2025-07-31,Equity,Equity,Logistics,Delhivery,Mid Cap,EQUITY,0.65,304.3095,7156013
SBI Contra Fund - Direct (G),119835,INF200K01RA0,Contra Fund,2025-07-31,Equity,Equity,Power Generation & Distribution,CESC,Small Cap,EQUITY,0.79,370.4375,21853430
SBI Contra Fund - Direct (G),119835,INF200K01RA0,Contra Fund,2025-07-31,Equity,Equity,Capital Goods-Non Electrical Equipment,Grindwell Norton,Small Cap,EQUITY,0.26,122.7155,796647
SBI Contra Fund - Direct (G),119835,INF200K01RA0,Contra Fund,2025-07-31,Equity,Equity,Insurance,Life Insurance,Large Cap,EQUITY,0.59,277.5592,3101220
SBI Contra Fund - Direct (G),119835,INF200K01RA0,Contra Fund,2025-07-31,Equity,Equity,Steel,NMDC Steel,Small Cap,EQUITY,0.02,9.5316,2606407
SBI Contra Fund - Direct (G),119835,INF200K01RA0,Contra Fund,2025-07-31,Equity,Equity,Steel,S A I L,Mid Cap,EQUITY,0.27,128.346,10333817
SBI Contra Fund - Direct (G),119835,INF200K01RA0,Contra Fund,2025-07-31,Equity,Equity,Capital Goods-Non Electrical Equipment,Wendt India,Small Cap,EQUITY,0.25,115.8394,116363
SBI Contra Fund - Direct (G),119835,INF200K01RA0,Contra Fund,2025-07-31,Equity,Equity,Bearings,Timken India,Small Cap,EQUITY,0.26,120.2547,362333
SBI Contra Fund - Direct (G),119835,INF200K01RA0,Contra Fund,2025-07-31,Equity,Equity,Pharmaceuticals,Lupin,Mid Cap,EQUITY,0.41,191.9455,995000
SBI Contra Fund - Direct (G),119835,INF200K01RA0,Contra Fund,2025-07-31,Equity,Equity,Refineries,Reliance Industr,Large Cap,EQUITY,5.84,2741.1362,19717567
SBI Contra Fund - Direct (G),119835,INF200K01RA0,Contra Fund,2025-07-31,Equity,Equity,Banks,Kotak Mah. Bank,Large Cap,EQUITY,2.7,1267.4453,6405768
SBI Contra Fund - Direct (G),119835,INF200K01RA0,Contra Fund,2025-07-31,Equity,Equity,Banks,Axis Bank,Large Cap,EQUITY,1.12,523.9706,4904255
SBI Contra Fund - Direct (G),119835,INF200K01RA0,Contra Fund,2025-07-31,Equity,Equity,Banks,HDFC Bank,Large Cap,EQUITY,8.69,4081.7346,20224629
SBI Contra Fund - Direct (G),119835,INF200K01RA0,Contra Fund,2025-07-31,Equity,Equity,Textiles,Grasim Inds,Large Cap,EQUITY,0.65,306.3843,1115585
SBI Contra Fund - Direct (G),119835,INF200K01RA0,Contra Fund,2025-07-31,Equity,Equity,Pharmaceuticals,Sanofi India,Small Cap,EQUITY,0.31,146.543,251576
SBI Contra Fund - Direct (G),119835,INF200K01RA0,Contra Fund,2025-07-31,Equity,Equity,Gas Distribution,GAIL (India),Large Cap,EQUITY,1.97,923.8256,51993788
SBI Contra Fund - Direct (G),119835,INF200K01RA0,Contra Fund,2025-07-31,Equity,Equity,Capital Goods-Non Electrical Equipment,Disa India,Small Cap,EQUITY,0.35,163.8647,114711
SBI Contra Fund - Direct (G),119835,INF200K01RA0,Contra Fund,2025-07-31,Equity,Equity,Chemicals,Neogen Chemicals,Small Cap,EQUITY,0.27,124.583,808141
SBI Contra Fund - Direct (G),119835,INF200K01RA0,Contra Fund,2025-07-31,Equity,Equity,Alcoholic Beverages,Sula Vineyards,Small Cap,EQUITY,0.12,58.4146,2036417
SBI Contra Fund - Direct (G),119835,INF200K01RA0,Contra Fund,2025-07-31,Equity,Equity,Pharmaceuticals,Biocon,Mid Cap,EQUITY,2.39,1122.8269,28687453
SBI Contra Fund - Direct (G),119835,INF200K01RA0,Contra Fund,2025-07-31,Equity,Equity,E-Commerce/App based Aggregator,FSN E-Commerce,Mid Cap,EQUITY,0.99,465.1241,22188917
SBI Contra Fund - Direct (G),119835,INF200K01RA0,Contra Fund,2025-07-31,Equity,Equity,Steel,Tata Steel,Large Cap,EQUITY,1.95,915.9813,57995525
SBI Contra Fund - Direct (G),119835,INF200K01RA0,Contra Fund,2025-07-31,Equity,Equity,Banks,Bank of India,Mid Cap,EQUITY,0.52,243.8156,21890429
SBI Contra Fund - Direct (G),119835,INF200K01RA0,Contra Fund,2025-07-31,Equity,Equity,Non Ferrous Metals,Hindalco Inds.,Large Cap,EQUITY,1.17,547.8061,8020000
SBI Contra Fund - Direct (G),119835,INF200K01RA0,Contra Fund,2025-07-31,Equity,Equity,IT - Software,Tech Mahindra,Large Cap,EQUITY,1.31,612.7647,4186409
SBI Contra Fund - Direct (G),119835,INF200K01RA0,Contra Fund,2025-07-31,Equity,Equity,Consumer Durables,Whirlpool India,Small Cap,EQUITY,1.15,539.1784,4040000
SBI Contra Fund - Direct (G),119835,INF200K01RA0,Contra Fund,2025-07-31,Equity,Equity,Insurance,ICICI Pru Life,Mid Cap,EQUITY,1.16,543.5758,8824999
SBI Contra Fund - Direct (G),119835,INF200K01RA0,Contra Fund,2025-07-31,Equity,Equity,Finance,HDB FINANC SER,Mid Cap,EQUITY,0.06,28.2013,371779
SBI Contra Fund - Direct (G),119835,INF200K01RA0,Contra Fund,2025-07-31,Equity,Equity,Finance,M & M Fin. Serv.,Mid Cap,EQUITY,1.08,507.7172,19717172
SBI Contra Fund - Direct (G),119835,INF200K01RA0,Contra Fund,2025-07-31,Equity,Equity,Auto Ancillaries,Samvardh. Mothe.,Large Cap,EQUITY,0.62,291.51,30000000
SBI Contra Fund - Direct (G),119835,INF200K01RA0,Contra Fund,2025-07-31,Equity,Equity,Power Generation & Distribution,Torrent Power,Mid Cap,EQUITY,1.81,849.1957,6482410
SBI Contra Fund - Direct (G),119835,INF200K01RA0,Contra Fund,2025-07-31,Equity,Equity,Alcoholic Beverages,United Spirits,Mid Cap,EQUITY,0.84,393.6281,2937085
SBI Contra Fund - Direct (G),119835,INF200K01RA0,Contra Fund,2025-07-31,Equity,Equity,Telecomm-Service,Bharti Airtel,Large Cap,EQUITY,1.29,603.3971,3152051
SBI Contra Fund - Direct (G),119835,INF200K01RA0,Contra Fund,2025-07-31,Equity,Equity,Pharmaceuticals,Aurobindo Pharma,Mid Cap,EQUITY,0.13,58.6997,515000
SBI Contra Fund - Direct (G),119835,INF200K01RA0,Contra Fund,2025-07-31,Equity,Equity,Auto Ancillaries,Automotive Axles,Small Cap,EQUITY,0.08,37.574,200000
SBI Contra Fund - Direct (G),119835,INF200K01RA0,Contra Fund,2025-07-31,Equity,Equity,Plywood Boards/Laminates,Greenply Industr,Small Cap,EQUITY,0.09,43.5298,1350179
SBI Contra Fund - Direct (G),119835,INF200K01RA0,Contra Fund,2025-07-31,Equity,Equity,FMCG,Dabur India,Mid Cap,EQUITY,1.92,901.7685,17046663
SBI Contra Fund - Direct (G),119835,INF200K01RA0,Contra Fund,2025-07-31,Equity,Equity,Infrastructure Developers & Operators,Larsen & Toubro,Large Cap,EQUITY,0.78,365.4683,1005000
SBI Contra Fund - Direct (G),119835,INF200K01RA0,Contra Fund,2025-07-31,Equity,Equity,Paints/Varnish,Asian Paints,Large Cap,EQUITY,1.58,742.791,3100000
SBI Contra Fund - Direct (G),119835,INF200K01RA0,Contra Fund,2025-07-31,Equity,Equity,Financial Services,Indian Energy Ex,Small Cap,EQUITY,0.32,151.1704,11172975
SBI Contra Fund - Direct (G),119835,INF200K01RA0,Contra Fund,2025-07-31,Equity,Equity,IT - Software,HCL Technologies,Large Cap,EQUITY,1.1,517.5962,3526100
SBI Contra Fund - Direct (G),119835,INF200K01RA0,Contra Fund,2025-07-31,Equity,Equity,Healthcare,Aster DM Health.,Small Cap,EQUITY,1.06,495.9941,8199605
SBI Contra Fund - Direct (G),119835,INF200K01RA0,Contra Fund,2025-07-31,Equity,Equity,Automobile,Bajaj Auto,Large Cap,EQUITY,0.83,390.39,487500
SBI Contra Fund - Direct (G),119835,INF200K01RA0,Contra Fund,2025-07-31,Equity,Equity,Readymade Garments/ Apparells,K P R Mill Ltd,Mid Cap,EQUITY,0.46,215.019,1886132
SBI Contra Fund - Direct (G),119835,INF200K01RA0,Contra Fund,2025-07-31,Equity,Equity,Banks,Punjab Natl.Bank,Large Cap,EQUITY,2.25,1058.6115,100456586
SBI Contra Fund - Direct (G),119835,INF200K01RA0,Contra Fund,2025-07-31,Equity,Equity,Capital Goods-Non Electrical Equipment,Ingersoll-Rand,Small Cap,EQUITY,0.19,88.6955,229555
SBI Contra Fund - Direct (G),119835,INF200K01RA0,Contra Fund,2025-07-31,Equity,Equity,Infrastructure Developers & Operators,G R Infraproject,Small Cap,EQUITY,0.47,219.977,1805754
SBI Contra Fund - Direct (G),119835,INF200K01RA0,Contra Fund,2025-07-31,Equity,Equity,Crude Oil & Natural Gas,O N G C,Large Cap,EQUITY,1.23,575.9096,23896662
SBI Contra Fund - Direct (G),119835,INF200K01RA0,Contra Fund,2025-07-31,Equity,Equity,Cement,Nuvoco Vistas,Small Cap,EQUITY,0.77,360.3891,8370435
SBI Contra Fund - Direct (G),119835,INF200K01RA0,Contra Fund,2025-08-31,Equity,Equity,Plywood Boards/Laminates,Greenply Industr,Small Cap,EQUITY,0.09,41.6733,1350179
SBI Contra Fund - Direct (G),119835,INF200K01RA0,Contra Fund,2025-08-31,Equity,Equity,FMCG,Dabur India,Mid Cap,EQUITY,1.92,894.349,17162713
SBI Contra Fund - Direct (G),119835,INF200K01RA0,Contra Fund,2025-08-31,Equity,Equity,Infrastructure Developers & Operators,Larsen & Toubro,Large Cap,EQUITY,0.78,361.9005,1005000
SBI Contra Fund - Direct (G),119835,INF200K01RA0,Contra Fund,2025-08-31,Equity,Equity,Paints/Varnish,Asian Paints,Large Cap,EQUITY,1.67,780.766,3100000
SBI Contra Fund - Direct (G),119835,INF200K01RA0,Contra Fund,2025-08-31,Equity,Equity,Financial Services,Indian Energy Ex,Small Cap,EQUITY,0.33,156.1982,11172975
SBI Contra Fund - Direct (G),119835,INF200K01RA0,Contra Fund,2025-08-31,Equity,Equity,IT - Software,HCL Technologies,Large Cap,EQUITY,1.1,512.977,3526100
SBI Contra Fund - Direct (G),119835,INF200K01RA0,Contra Fund,2025-08-31,Equity,Equity,Healthcare,Aster DM Health.,Mid Cap,EQUITY,1.19,552.9423,9199605
SBI Contra Fund - Direct (G),119835,INF200K01RA0,Contra Fund,2025-08-31,Equity,Equity,Automobile,Bajaj Auto,Large Cap,EQUITY,1.21,562.615,651816
SBI Contra Fund - Direct (G),119835,INF200K01RA0,Contra Fund,2025-08-31,Equity,Equity,Readymade Garments/ Apparells,K P R Mill Ltd,Mid Cap,EQUITY,0.4,186.0481,1886132
SBI Contra Fund - Direct (G),119835,INF200K01RA0,Contra Fund,2025-08-31,Equity,Equity,Banks,Punjab Natl.Bank,Large Cap,EQUITY,2.17,1013.406,100456586
SBI Contra Fund - Direct (G),119835,INF200K01RA0,Contra Fund,2025-08-31,Equity,Equity,Capital Goods-Non Electrical Equipment,Ingersoll-Rand,Small Cap,EQUITY,0.19,87.4054,229555
SBI Contra Fund - Direct (G),119835,INF200K01RA0,Contra Fund,2025-08-31,Equity,Equity,Infrastructure Developers & Operators,G R Infraproject,Small Cap,EQUITY,0.48,225.6831,1805754
SBI Contra Fund - Direct (G),119835,INF200K01RA0,Contra Fund,2025-08-31,Equity,Equity,Crude Oil & Natural Gas,O N G C,Large Cap,EQUITY,1.2,558.4889,23896662
SBI Contra Fund - Direct (G),119835,INF200K01RA0,Contra Fund,2025-08-31,Equity,Equity,Pharmaceuticals,Alkem Lab,Mid Cap,EQUITY,1.14,532.4751,1004007
SBI Contra Fund - Direct (G),119835,INF200K01RA0,Contra Fund,2025-08-31,Equity,Equity,Banks,Bandhan Bank,Small Cap,EQUITY,0.53,246.6284,15242793
SBI Contra Fund - Direct (G),119835,INF200K01RA0,Contra Fund,2025-08-31,Equity,Equity,Mining & Mineral products,NMDC,Mid Cap,EQUITY,0.42,196.3483,28539000
SBI Contra Fund - Direct (G),119835,INF200K01RA0,Contra Fund,2025-08-31,Equity,Equity,Pharmaceuticals,Cipla,Large Cap,EQUITY,1.31,609.8504,3836985
SBI Contra Fund - Direct (G),119835,INF200K01RA0,Contra Fund,2025-08-31,Equity,Equity,Banks,SBI,Large Cap,EQUITY,0.86,401.2916,5000519
SBI Contra Fund - Direct (G),119835,INF200K01RA0,Contra Fund,2025-08-31,Equity,Equity,Banks,Equitas Sma. Fin,Small Cap,EQUITY,0.36,166.4047,33102195
SBI Contra Fund - Direct (G),119835,INF200K01RA0,Contra Fund,2025-08-31,Equity,Equity,Pharmaceuticals,Gland Pharma,Small Cap,EQUITY,0.33,152.1578,813026
SBI Contra Fund - Direct (G),119835,INF200K01RA0,Contra Fund,2025-08-31,Equity,Equity,Auto Ancillaries,Samvardh. Mothe.,Large Cap,EQUITY,0.6,278.25,30000000
SBI Contra Fund - Direct (G),119835,INF200K01RA0,Contra Fund,2025-08-31,Equity,Equity,Banks,ICICI Bank,Large Cap,EQUITY,1.58,738.2551,5281550
SBI Contra Fund - Direct (G),119835,INF200K01RA0,Contra Fund,2025-08-31,Equity,Equity,Auto Ancillaries,Motherson Wiring,Small Cap,EQUITY,0.09,43.9984,10586727
SBI Contra Fund - Direct (G),119835,INF200K01RA0,Contra Fund,2025-08-31,Equity,Equity,Automobile,Maruti Suzuki,Large Cap,EQUITY,1.25,581.9711,393463
SBI Contra Fund - Direct (G),119835,INF200K01RA0,Contra Fund,2025-08-31,Equity,Equity,Agro Chemicals,Rallis India,Small Cap,EQUITY,0.68999,319.7225,9179514
SBI Contra Fund - Direct (G),119835,INF200K01RA0,Contra Fund,2025-08-31,Equity,Equity,Pharmaceuticals,Mankind Pharma,Mid Cap,EQUITY,0.7,328.2116,1328039
SBI Contra Fund - Direct (G),119835,INF200K01RA0,Contra Fund,2025-08-31,Equity,Equity,Tobacco Products,ITC,Large Cap,EQUITY,2.72,1270.829,31014741
SBI Contra Fund - Direct (G),119835,INF200K01RA0,Contra Fund,2025-08-31,Equity,Equity,Automobile,Tata Motors,Large Cap,EQUITY,0.8,374.2613,5594339
SBI Contra Fund - Direct (G),119835,INF200K01RA0,Contra Fund,2025-08-31,Equity,Equity,Automobile,Hero Motocorp,Large Cap,EQUITY,0.49,228.3207,448770
SBI Contra Fund - Direct (G),119835,INF200K01RA0,Contra Fund,2025-08-31,Equity,Equity,Realty,Ashiana Housing,Small Cap,EQUITY,0.48,223.5465,7189147
SBI Contra Fund - Direct (G),119835,INF200K01RA0,Contra Fund,2025-08-31,Equity,Equity,Refineries,I O C L,Large Cap,EQUITY,1.06,492.5093,36049578
SBI Contra Fund - Direct (G),119835,INF200K01RA0,Contra Fund,2025-08-31,Equity,Equity,Cement,Nuvoco Vistas,Small Cap,EQUITY,0.82,381.7337,8370435
SBI Contra Fund - Direct (G),119835,INF200K01RA0,Contra Fund,2025-08-31,Equity,Equity,Capital Goods-Non Electrical Equipment,Carborundum Uni.,Small Cap,EQUITY,0.18,81.9486,898953
SBI Contra Fund - Direct (G),119835,INF200K01RA0,Contra Fund,2025-08-31,Equity,Equity,IT - Software,Wipro,Large Cap,EQUITY,0.8,374.115,15000000
SBI Contra Fund - Direct (G),119835,INF200K01RA0,Contra Fund,2025-08-31,Equity,Equity,Logistics,Gateway Distri,Small Cap,EQUITY,0.14,63.9689,9934596
SBI Contra Fund - Direct (G),119835,INF200K01RA0,Contra Fund,2025-08-31,Equity,Equity,IT - Software,Infosys,Large Cap,EQUITY,0.95,442.5118,3011104
SBI Contra Fund - Direct (G),119835,INF200K01RA0,Contra Fund,2025-08-31,Equity,Equity,Cement,Prism Johnson,Small Cap,EQUITY,0.3,140.1874,9594645
SBI Contra Fund - Direct (G),119835,INF200K01RA0,Contra Fund,2025-08-31,Equity,Equity,Cement,ACC,Mid Cap,EQUITY,0.56,260.0306,1443171
SBI Contra Fund - Direct (G),119835,INF200K01RA0,Contra Fund,2025-08-31,Equity,Equity,Pharmaceuticals,Lupin,Mid Cap,EQUITY,0.4,188.5426,995000
SBI Contra Fund - Direct (G),119835,INF200K01RA0,Contra Fund,2025-08-31,Equity,Equity,Cement,The Ramco Cement,Small Cap,EQUITY,0.47,220.5477,2106875
SBI Contra Fund - Direct (G),119835,INF200K01RA0,Contra Fund,2025-08-31,Equity,Equity,Gas Distribution,Petronet LNG,Mid Cap,EQUITY,1.01,470.9328,17474315
SBI Contra Fund - Direct (G),119835,INF200K01RA0,Contra Fund,2025-08-31,Equity,Equity,Capital Goods - Electrical Equipment,V-Guard Industri,Small Cap,EQUITY,0.21,98.3396,2706470
SBI Contra Fund - Direct (G),119835,INF200K01RA0,Contra Fund,2025-08-31,Equity,Equity,Telecom Equipment & Infra Services,Indus Towers,Mid Cap,EQUITY,1.44,673.3634,19886692
SBI Contra Fund - Direct (G),119835,INF200K01RA0,Contra Fund,2025-08-31,Equity,Equity,Sugar,EID Parry,Small Cap,EQUITY,0.13,58.363,518414
SBI Contra Fund - Direct (G),119835,INF200K01RA0,Contra Fund,2025-08-31,Equity,Equity,Finance,HDFC AMC,Large Cap,EQUITY,0.38,177.1476,324268
SBI Contra Fund - Direct (G),119835,INF200K01RA0,Contra Fund,2025-08-31,Equity,Equity,Logistics,Delhivery,Mid Cap,EQUITY,0.72,334.9372,7156013
SBI Contra Fund - Direct (G),119835,INF200K01RA0,Contra Fund,2025-08-31,Equity,Equity,Power Generation & Distribution,CESC,Small Cap,EQUITY,0.71,332.5874,21853430
SBI Contra Fund - Direct (G),119835,INF200K01RA0,Contra Fund,2025-08-31,Equity,Equity,Capital Goods-Non Electrical Equipment,Grindwell Norton,Small Cap,EQUITY,0.27,124.5558,796647
SBI Contra Fund - Direct (G),119835,INF200K01RA0,Contra Fund,2025-08-31,Equity,Equity,Insurance,ICICI Pru Life,Mid Cap,EQUITY,1.13,529.3676,8824999
SBI Contra Fund - Direct (G),119835,INF200K01RA0,Contra Fund,2025-08-31,Equity,Equity,Finance,HDB FINANC SER,Mid Cap,EQUITY,0.06,28.9318,371779
SBI Contra Fund - Direct (G),119835,INF200K01RA0,Contra Fund,2025-08-31,Equity,Equity,Finance,M & M Fin. Serv.,Mid Cap,EQUITY,1.07,500.7176,19717172
SBI Contra Fund - Direct (G),119835,INF200K01RA0,Contra Fund,2025-08-31,Equity,Equity,Insurance,Life Insurance,Large Cap,EQUITY,0.57,264.2705,3101220
SBI Contra Fund - Direct (G),119835,INF200K01RA0,Contra Fund,2025-08-31,Equity,Equity,Steel,NMDC Steel,Small Cap,EQUITY,0.02,9.8574,2606407
SBI Contra Fund - Direct (G),119835,INF200K01RA0,Contra Fund,2025-08-31,Equity,Equity,Steel,S A I L,Mid Cap,EQUITY,0.26,122.6211,10333817
SBI Contra Fund - Direct (G),119835,INF200K01RA0,Contra Fund,2025-08-31,Equity,Equity,Capital Goods-Non Electrical Equipment,Wendt India,Small Cap,EQUITY,0.24,114.1986,116363
SBI Contra Fund - Direct (G),119835,INF200K01RA0,Contra Fund,2025-08-31,Equity,Equity,Bearings,Timken India,Small Cap,EQUITY,0.22,104.649,362333
SBI Contra Fund - Direct (G),119835,INF200K01RA0,Contra Fund,2025-08-31,Equity,Equity,Refineries,Reliance Industr,Large Cap,EQUITY,5.74,2676.0682,19717567
SBI Contra Fund - Direct (G),119835,INF200K01RA0,Contra Fund,2025-08-31,Equity,Equity,Banks,Kotak Mah. Bank,Large Cap,EQUITY,2.69,1255.7227,6405768
SBI Contra Fund - Direct (G),119835,INF200K01RA0,Contra Fund,2025-08-31,Equity,Equity,Banks,Axis Bank,Large Cap,EQUITY,1.1,512.5927,4904255
SBI Contra Fund - Direct (G),119835,INF200K01RA0,Contra Fund,2025-08-31,Equity,Equity,Banks,HDFC Bank,Large Cap,EQUITY,8.25,3849.1514,40449258
SBI Contra Fund - Direct (G),119835,INF200K01RA0,Contra Fund,2025-08-31,Equity,Equity,Textiles,Grasim Inds,Large Cap,EQUITY,0.66,309.6418,1115585
SBI Contra Fund - Direct (G),119835,INF200K01RA0,Contra Fund,2025-08-31,Equity,Equity,Pharmaceuticals,Sanofi India,Small Cap,EQUITY,0.28,129.4107,251576
SBI Contra Fund - Direct (G),119835,INF200K01RA0,Contra Fund,2025-08-31,Equity,Equity,Gas Distribution,GAIL (India),Large Cap,EQUITY,1.93,899.8565,51993788
SBI Contra Fund - Direct (G),119835,INF200K01RA0,Contra Fund,2025-08-31,Equity,Equity,Capital Goods-Non Electrical Equipment,Disa India,Small Cap,EQUITY,0.33,154.2456,114711
SBI Contra Fund - Direct (G),119835,INF200K01RA0,Contra Fund,2025-08-31,Equity,Equity,Chemicals,Neogen Chemicals,Small Cap,EQUITY,0.24,113.4792,808141
SBI Contra Fund - Direct (G),119835,INF200K01RA0,Contra Fund,2025-08-31,Equity,Equity,Alcoholic Beverages,Sula Vineyards,Small Cap,EQUITY,0.11,50.7984,2036417
SBI Contra Fund - Direct (G),119835,INF200K01RA0,Contra Fund,2025-08-31,Equity,Equity,Steel,Tata Steel,Large Cap,EQUITY,1.92,895.9149,57995525
SBI Contra Fund - Direct (G),119835,INF200K01RA0,Contra Fund,2025-08-31,Equity,Equity,Banks,Bank of India,Mid Cap,EQUITY,0.52,241.4295,21890429
SBI Contra Fund - Direct (G),119835,INF200K01RA0,Contra Fund,2025-08-31,Equity,Equity,Pharmaceuticals,Biocon,Mid Cap,EQUITY,2.15,1003.508,28807465
SBI Contra Fund - Direct (G),119835,INF200K01RA0,Contra Fund,2025-08-31,Equity,Equity,E-Commerce/App based Aggregator,FSN E-Commerce,Mid Cap,EQUITY,1.09,510.6779,22188917
SBI Contra Fund - Direct (G),119835,INF200K01RA0,Contra Fund,2025-08-31,Equity,Equity,IT - Software,Tech Mahindra,Large Cap,EQUITY,1.33,620.1746,4186409
SBI Contra Fund - Direct (G),119835,INF200K01RA0,Contra Fund,2025-08-31,Equity,Equity,Consumer Durables,Whirlpool India,Small Cap,EQUITY,1.13,525.4424,4040000
SBI Contra Fund - Direct (G),119835,INF200K01RA0,Contra Fund,2025-08-31,Equity,Equity,Non Ferrous Metals,Hindalco Inds.,Large Cap,EQUITY,1.21,564.5679,8020000
SBI Contra Fund - Direct (G),119835,INF200K01RA0,Contra Fund,2025-08-31,Equity,Equity,Power Generation & Distribution,Torrent Power,Mid Cap,EQUITY,1.71,795.5862,6482410
SBI Contra Fund - Direct (G),119835,INF200K01RA0,Contra Fund,2025-08-31,Equity,Equity,Alcoholic Beverages,United Spirits,Mid Cap,EQUITY,0.83,385.0518,2937085
SBI Contra Fund - Direct (G),119835,INF200K01RA0,Contra Fund,2025-08-31,Equity,Equity,Telecom-Service,Bharti Airtel,Large Cap,EQUITY,1.28,595.3594,3152051
SBI Contra Fund - Direct (G),119835,INF200K01RA0,Contra Fund,2025-08-31,Equity,Equity,Pharmaceuticals,Aurobindo Pharma,Mid Cap,EQUITY,0.11,52.9369,515000
SBI Contra Fund - Direct (G),119835,INF200K01RA0,Contra Fund,2025-08-31,Equity,Equity,Auto Ancillaries,Automotive Axles,Small Cap,EQUITY,0.07,34.626,200000
SBI Contra Fund - Direct (G),119835,INF200K01RA0,Contra Fund,2025-09-30,Equity,Equity,Banks,HDFC Bank,Large Cap,EQUITY,8.15,3846.7244,40449258
SBI Contra Fund - Direct (G),119835,INF200K01RA0,Contra Fund,2025-09-30,Equity,Equity,Textiles,Grasim Inds,Large Cap,EQUITY,0.65,307.5556,1115585
SBI Contra Fund - Direct (G),119835,INF200K01RA0,Contra Fund,2025-09-30,Equity,Equity,Pharmaceuticals,Sanofi India,Small Cap,EQUITY,0.25,116.9828,251576
SBI Contra Fund - Direct (G),119835,INF200K01RA0,Contra Fund,2025-09-30,Equity,Equity,Banks,Kotak Mah. Bank,Large Cap,EQUITY,2.7,1276.4774,6405768
SBI Contra Fund - Direct (G),119835,INF200K01RA0,Contra Fund,2025-09-30,Equity,Equity,Banks,Axis Bank,Large Cap,EQUITY,1.18,554.9655,4904255
SBI Contra Fund - Direct (G),119835,INF200K01RA0,Contra Fund,2025-09-30,Equity,Equity,Tobacco Products,ITC,Large Cap,EQUITY,2.64,1245.3969,31014741
SBI Contra Fund - Direct (G),119835,INF200K01RA0,Contra Fund,2025-09-30,Equity,Equity,Automobile,Tata Motors,Large Cap,EQUITY,1.79,843.0629,12394339
SBI Contra Fund - Direct (G),119835,INF200K01RA0,Contra Fund,2025-09-30,Equity,Equity,Automobile,Hero Motocorp,Large Cap,EQUITY,0.52,245.5894,448770
SBI Contra Fund - Direct (G),119835,INF200K01RA0,Contra Fund,2025-09-30,Equity,Equity,Gas Distribution,GAIL (India),Large Cap,EQUITY,1.94,916.5985,51993788
SBI Contra Fund - Direct (G),119835,INF200K01RA0,Contra Fund,2025-09-30,Equity,Equity,Capital Goods-Non Electrical Equipment,Disa India,Small Cap,EQUITY,0.33,154.8346,114711
SBI Contra Fund - Direct (G),119835,INF200K01RA0,Contra Fund,2025-09-30,Equity,Equity,Non Ferrous Metals,Hindalco Inds.,Large Cap,EQUITY,1.29,611.0839,8020000
SBI Contra Fund - Direct (G),119835,INF200K01RA0,Contra Fund,2025-09-30,Equity,Equity,Pharmaceuticals,Biocon,Mid Cap,EQUITY,2.08,982.3346,28807465
SBI Contra Fund - Direct (G),119835,INF200K01RA0,Contra Fund,2025-09-30,Equity,Equity,E-Commerce/App based Aggregator,FSN E-Commerce,Mid Cap,EQUITY,1.09,515.6261,22188917
SBI Contra Fund - Direct (G),119835,INF200K01RA0,Contra Fund,2025-09-30,Equity,Equity,Automobile,Maruti Suzuki,Large Cap,EQUITY,1.34,630.6818,393463
SBI Contra Fund - Direct (G),119835,INF200K01RA0,Contra Fund,2025-09-30,Equity,Equity,Agro Chemicals,Rallis India,Small Cap,EQUITY,0.59,279.8375,9179514
SBI Contra Fund - Direct (G),119835,INF200K01RA0,Contra Fund,2025-09-30,Equity,Equity,Pharmaceuticals,Mankind Pharma,Mid Cap,EQUITY,0.68999,323.4705,1328039
SBI Contra Fund - Direct (G),119835,INF200K01RA0,Contra Fund,2025-09-30,Equity,Equity,Steel,Tata Steel,Large Cap,EQUITY,2.65,1249.8416,74055908
SBI Contra Fund - Direct (G),119835,INF200K01RA0,Contra Fund,2025-09-30,Equity,Equity,Banks,Bank of India,Mid Cap,EQUITY,0.57,270.1498,21890429
SBI Contra Fund - Direct (G),119835,INF200K01RA0,Contra Fund,2025-09-30,Equity,Equity,Automobile,Bajaj Auto,Large Cap,EQUITY,1.2,565.6785,651816
SBI Contra Fund - Direct (G),119835,INF200K01RA0,Contra Fund,2025-09-30,Equity,Equity,Readymade Garments/ Apparells,K P R Mill Ltd,Mid Cap,EQUITY,0.43,200.8448,1886132
SBI Contra Fund - Direct (G),119835,INF200K01RA0,Contra Fund,2025-09-30,Equity,Equity,Capital Goods - Electrical Equipment,V-Guard Industri,Small Cap,EQUITY,0.22,101.6279,2706470
SBI Contra Fund - Direct (G),119835,INF200K01RA0,Contra Fund,2025-09-30,Equity,Equity,Power Generation & Distribution,Torrent Power,Mid Cap,EQUITY,1.67,790.141,6482410
SBI Contra Fund - Direct (G),119835,INF200K01RA0,Contra Fund,2025-09-30,Equity,Equity,Alcoholic Beverages,United Spirits,Mid Cap,EQUITY,0.82,388.9582,2937085
SBI Contra Fund - Direct (G),119835,INF200K01RA0,Contra Fund,2025-09-30,Equity,Equity,IT - Software,HCL Technologies,Large Cap,EQUITY,1.03,488.4001,3526100
SBI Contra Fund - Direct (G),119835,INF200K01RA0,Contra Fund,2025-09-30,Equity,Equity,Healthcare,Aster DM Health.,Mid Cap,EQUITY,1.22,576.7692,9199605
SBI Contra Fund - Direct (G),119835,INF200K01RA0,Contra Fund,2025-09-30,Equity,Equity,IT - Software,Tech Mahindra,Large Cap,EQUITY,1.24,586.2229,4186409
SBI Contra Fund - Direct (G),119835,INF200K01RA0,Contra Fund,2025-09-30,Equity,Equity,Consumer Durables,Whirlpool India,Small Cap,EQUITY,1.02,481.2448,4040000
SBI Contra Fund - Direct (G),119835,INF200K01RA0,Contra Fund,2025-09-30,Equity,Equity,FMCG,Dabur India,Mid Cap,EQUITY,1.96,925.9366,18846663
SBI Contra Fund - Direct (G),119835,INF200K01RA0,Contra Fund,2025-09-30,Equity,Equity,Infrastructure Developers & Operators,Larsen & Toubro,Large Cap,EQUITY,0.78,367.7295,1005000
SBI Contra Fund - Direct (G),119835,INF200K01RA0,Contra Fund,2025-09-30,Equity,Equity,Paints/Varnish,Asian Paints,Large Cap,EQUITY,1.54,728.5,3100000
SBI Contra Fund - Direct (G),119835,INF200K01RA0,Contra Fund,2025-09-30,Equity,Equity,Financial Services,Indian Energy Ex,Small Cap,EQUITY,0.33,155.5166,11172975
SBI Contra Fund - Direct (G),119835,INF200K01RA0,Contra Fund,2025-09-30,Equity,Equity,Telecom-Service,Bharti Airtel,Large Cap,EQUITY,1.25,592.0813,3152051
SBI Contra Fund - Direct (G),119835,INF200K01RA0,Contra Fund,2025-09-30,Equity,Equity,Pharmaceuticals,Aurobindo Pharma,Mid Cap,EQUITY,0.12,55.8209,515000
SBI Contra Fund - Direct (G),119835,INF200K01RA0,Contra Fund,2025-09-30,Equity,Equity,Auto Ancillaries,Automotive Axles,Small Cap,EQUITY,0.07,34.548,200000
SBI Contra Fund - Direct (G),119835,INF200K01RA0,Contra Fund,2025-09-30,Equity,Equity,Plywood Boards/Laminates,Greenply Industr,Small Cap,EQUITY,0.09,40.7214,1350179
SBI Contra Fund - Direct (G),119835,INF200K01RA0,Contra Fund,2025-09-30,Equity,Equity,Insurance,ICICI Pru Life,Mid Cap,EQUITY,1.11,525.2639,8824999
SBI Contra Fund - Direct (G),119835,INF200K01RA0,Contra Fund,2025-09-30,Equity,Equity,Finance,HDB FINANC SER,Mid Cap,EQUITY,0.06,27.8946,371779
SBI Contra Fund - Direct (G),119835,INF200K01RA0,Contra Fund,2025-09-30,Equity,Equity,Finance,M & M Fin. Serv.,Mid Cap,EQUITY,1.15,542.8137,19717172
SBI Contra Fund - Direct (G),119835,INF200K01RA0,Contra Fund,2025-09-30,Equity,Equity,Auto Ancillaries,Samvardh. Mothe.,Large Cap,EQUITY,0.67,316.95,30000000
SBI Contra Fund - Direct (G),119835,INF200K01RA0,Contra Fund,2025-09-30,Equity,Equity,Pharmaceuticals,Cipla,Large Cap,EQUITY,1.22,576.814,3836985
SBI Contra Fund - Direct (G),119835,INF200K01RA0,Contra Fund,2025-09-30,Equity,Equity,Banks,SBI,Large Cap,EQUITY,0.92,436.2703,5000519
SBI Contra Fund - Direct (G),119835,INF200K01RA0,Contra Fund,2025-09-30,Equity,Equity,Banks,Equitas Sma. Fin,Small Cap,EQUITY,0.4,189.2784,33102195
SBI Contra Fund - Direct (G),119835,INF200K01RA0,Contra Fund,2025-09-30,Equity,Equity,Pharmaceuticals,Gland Pharma,Small Cap,EQUITY,0.34,161.9223,813026
SBI Contra Fund - Direct (G),119835,INF200K01RA0,Contra Fund,2025-09-30,Equity,Equity,Banks,ICICI Bank,Large Cap,EQUITY,1.51,711.9529,5281550
SBI Contra Fund - Direct (G),119835,INF200K01RA0,Contra Fund,2025-09-30,Equity,Equity,Auto Ancillaries,Motherson Wiring,Small Cap,EQUITY,0.1,48.3919,10586727
SBI Contra Fund - Direct (G),119835,INF200K01RA0,Contra Fund,2025-09-30,Equity,Equity,Banks,Punjab Natl.Bank,Large Cap,EQUITY,2.4,1133.4517,100456586
SBI Contra Fund - Direct (G),119835,INF200K01RA0,Contra Fund,2025-09-30,Equity,Equity,Capital Goods-Non Electrical Equipment,Ingersoll-Rand,Small Cap,EQUITY,0.19,90.3506,229555
SBI Contra Fund - Direct (G),119835,INF200K01RA0,Contra Fund,2025-09-30,Equity,Equity,Infrastructure Developers & Operators,G R Infraproject,Small Cap,EQUITY,0.47,220.5187,1805754
SBI Contra Fund - Direct (G),119835,INF200K01RA0,Contra Fund,2025-09-30,Equity,Equity,Crude Oil & Natural Gas,O N G C,Large Cap,EQUITY,1.21,572.3251,23896662
SBI Contra Fund - Direct (G),119835,INF200K01RA0,Contra Fund,2025-09-30,Equity,Equity,Mining & Mineral products,NMDC,Mid Cap,EQUITY,0.46,217.8953,28539000
SBI Contra Fund - Direct (G),119835,INF200K01RA0,Contra Fund,2025-09-30,Equity,Equity,Realty,Ashiana Housing,Small Cap,EQUITY,0.46,215.2071,7189147
SBI Contra Fund - Direct (G),119835,INF200K01RA0,Contra Fund,2025-09-30,Equity,Equity,Refineries,I O C L,Large Cap,EQUITY,1.14,539.9866,36049578
SBI Contra Fund - Direct (G),119835,INF200K01RA0,Contra Fund,2025-09-30,Equity,Equity,Cement,Nuvoco Vistas,Small Cap,EQUITY,0.74,351.2235,8370435
SBI Contra Fund - Direct (G),119835,INF200K01RA0,Contra Fund,2025-09-30,Equity,Equity,Capital Goods-Non Electrical Equipment,Carborundum Uni.,Small Cap,EQUITY,0.18,83.1217,898953
SBI Contra Fund - Direct (G),119835,INF200K01RA0,Contra Fund,2025-09-30,Equity,Equity,IT - Software,Wipro,Large Cap,EQUITY,0.76,359.055,15000000
SBI Contra Fund - Direct (G),119835,INF200K01RA0,Contra Fund,2025-09-30,Equity,Equity,Logistics,Gateway Distri,Small Cap,EQUITY,0.13,60.8792,9934596
SBI Contra Fund - Direct (G),119835,INF200K01RA0,Contra Fund,2025-09-30,Equity,Equity,IT - Software,Infosys,Large Cap,EQUITY,0.92,434.141,3011104
SBI Contra Fund - Direct (G),119835,INF200K01RA0,Contra Fund,2025-09-30,Equity,Equity,Cement,Prism Johnson,Small Cap,EQUITY,0.32,152.219,9594645
SBI Contra Fund - Direct (G),119835,INF200K01RA0,Contra Fund,2025-09-30,Equity,Equity,Cement,ACC,Mid Cap,EQUITY,0.56,263.3354,1443171
SBI Contra Fund - Direct (G),119835,INF200K01RA0,Contra Fund,2025-09-30,Equity,Equity,Pharmaceuticals,Alkem Lab,Mid Cap,EQUITY,1.15,544.6738,1004007
SBI Contra Fund - Direct (G),119835,INF200K01RA0,Contra Fund,2025-09-30,Equity,Equity,Banks,Bandhan Bank,Small Cap,EQUITY,0.52,247.2533,15242793
SBI Contra Fund - Direct (G),119835,INF200K01RA0,Contra Fund,2025-09-30,Equity,Equity,Pharmaceuticals,Lupin,Mid Cap,EQUITY,0.4,190.1744,995000
SBI Contra Fund - Direct (G),119835,INF200K01RA0,Contra Fund,2025-09-30,Equity,Equity,Cement,The Ramco Cement,Small Cap,EQUITY,0.44,207.6115,2106875
SBI Contra Fund - Direct (G),119835,INF200K01RA0,Contra Fund,2025-09-30,Equity,Equity,Gas Distribution,Petronet LNG,Mid Cap,EQUITY,1.03,487.1839,17474315
SBI Contra Fund - Direct (G),119835,INF200K01RA0,Contra Fund,2025-09-30,Equity,Equity,Telecom Equipment & Infra Services,Indus Towers,Large Cap,EQUITY,1.44,681.9147,19886692
SBI Contra Fund - Direct (G),119835,INF200K01RA0,Contra Fund,2025-09-30,Equity,Equity,Sugar,EID Parry,Small Cap,EQUITY,0.11,53.1634,518414
SBI Contra Fund - Direct (G),119835,INF200K01RA0,Contra Fund,2025-09-30,Equity,Equity,Finance,HDFC AMC,Large Cap,EQUITY,0.38,179.4013,324268
SBI Contra Fund - Direct (G),119835,INF200K01RA0,Contra Fund,2025-09-30,Equity,Equity,Chemicals,Neogen Chemicals,Small Cap,EQUITY,0.39,181.7664,1211372
SBI Contra Fund - Direct (G),119835,INF200K01RA0,Contra Fund,2025-09-30,Equity,Equity,Alcoholic Beverages,Sula Vineyards,Small Cap,EQUITY,0.11,53.0242,2036417
SBI Contra Fund - Direct (G),119835,INF200K01RA0,Contra Fund,2025-09-30,Equity,Equity,Logistics,Delhivery,Small Cap,EQUITY,0.68,322.0564,7156013
SBI Contra Fund - Direct (G),119835,INF200K01RA0,Contra Fund,2025-09-30,Equity,Equity,Power Generation & Distribution,CESC,Small Cap,EQUITY,0.75,353.9163,21853430
SBI Contra Fund - Direct (G),119835,INF200K01RA0,Contra Fund,2025-09-30,Equity,Equity,Capital Goods-Non Electrical Equipment,Grindwell Norton,Small Cap,EQUITY,0.27,126.5235,796647
SBI Contra Fund - Direct (G),119835,INF200K01RA0,Contra Fund,2025-09-30,Equity,Equity,Insurance,Life Insurance,Large Cap,EQUITY,0.59,279.2183,3101220
SBI Contra Fund - Direct (G),119835,INF200K01RA0,Contra Fund,2025-09-30,Equity,Equity,Steel,NMDC Steel,Small Cap,EQUITY,0.02,11.6923,2606407
SBI Contra Fund - Direct (G),119835,INF200K01RA0,Contra Fund,2025-09-30,Equity,Equity,Steel,S A I L,Mid Cap,EQUITY,0.29,138.9692,10333817
SBI Contra Fund - Direct (G),119835,INF200K01RA0,Contra Fund,2025-09-30,Equity,Equity,Capital Goods-Non Electrical Equipment,Wendt India,Small Cap,EQUITY,0.22,102.3005,116363
SBI Contra Fund - Direct (G),119835,INF200K01RA0,Contra Fund,2025-09-30,Equity,Equity,Bearings,Timken India,Small Cap,EQUITY,0.23,109.0586,362333
SBI Contra Fund - Direct (G),119835,INF200K01RA0,Contra Fund,2025-09-30,Equity,Equity,Refineries,Reliance Industr,Large Cap,EQUITY,5.7,2689.4761,19717567
SBI Contra Fund - Direct (G),119835,INF200K01RA0,Contra Fund,2025-10-31,Equity,Equity,Banks,Kotak Mah. Bank,Large Cap,EQUITY,2.74,1346.6205,6405768
SBI Contra Fund - Direct (G),119835,INF200K01RA0,Contra Fund,2025-10-31,Equity,Equity,Banks,Axis Bank,Large Cap,EQUITY,1.23,604.5966,4904255
SBI Contra Fund - Direct (G),119835,INF200K01RA0,Contra Fund,2025-10-31,Equity,Equity,Banks,HDFC Bank,Large Cap,EQUITY,8.11,3993.5552,40449258
SBI Contra Fund - Direct (G),119835,INF200K01RA0,Contra Fund,2025-10-31,Equity,Equity,Textiles,Grasim Inds,Large Cap,EQUITY,0.66,322.5937,1115585
SBI Contra Fund - Direct (G),119835,INF200K01RA0,Contra Fund,2025-10-31,Equity,Equity,Pharmaceuticals,Sanofi India,Small Cap,EQUITY,0.24,120.2684,251576
SBI Contra Fund - Direct (G),119835,INF200K01RA0,Contra Fund,2025-10-31,Equity,Equity,Tobacco Products,ITC,Large Cap,EQUITY,2.65,1303.7046,31014741
SBI Contra Fund - Direct (G),119835,INF200K01RA0,Contra Fund,2025-10-31,Equity,Equity,Automobile,Tata Motors PVeh,Large Cap,EQUITY,1.03,508.1679,12394339
SBI Contra Fund - Direct (G),119835,INF200K01RA0,Contra Fund,2025-10-31,Equity,Equity,Automobile,Hero Motocorp,Large Cap,EQUITY,0.51,248.7981,448770
SBI Contra Fund - Direct (G),119835,INF200K01RA0,Contra Fund,2025-10-31,Equity,Equity,Steel,Tata Steel,Large Cap,EQUITY,2.75,1354.2465,74067300
SBI Contra Fund - Direct (G),119835,INF200K01RA0,Contra Fund,2025-10-31,Equity,Equity,Banks,Bank of India,Mid Cap,EQUITY,0.34,166.8269,11926429
SBI Contra Fund - Direct (G),119835,INF200K01RA0,Contra Fund,2025-10-31,Equity,Equity,Power Generation & Distribution,Torrent Power,Mid Cap,EQUITY,1.73,853.4093,6482410
SBI Contra Fund - Direct (G),119835,INF200K01RA0,Contra Fund,2025-10-31,Equity,Equity,Alcoholic Beverages,United Spirits,Mid Cap,EQUITY,0.85,420.4143,2937085
SBI Contra Fund - Direct (G),119835,INF200K01RA0,Contra Fund,2025-10-31,Equity,Equity,FMCG,Dabur India,Mid Cap,EQUITY,1.87,918.8691,18846663
SBI Contra Fund - Direct (G),119835,INF200K01RA0,Contra Fund,2025-10-31,Equity,Equity,Infrastructure Developers & Operators,Larsen & Toubro,Large Cap,EQUITY,0.82,405.1055,1005000
SBI Contra Fund - Direct (G),119835,INF200K01RA0,Contra Fund,2025-10-31,Equity,Equity,Finance,M & M Fin. Serv.,Mid Cap,EQUITY,1.26,622.1754,19717172
SBI Contra Fund - Direct (G),119835,INF200K01RA0,Contra Fund,2025-10-31,Equity,Equity,Auto Ancillaries,Samvardh. Mothe.,Large Cap,EQUITY,0.64,316.17,30000000
SBI Contra Fund - Direct (G),119835,INF200K01RA0,Contra Fund,2025-10-31,Equity,Equity,Pharmaceuticals,Biocon,Mid Cap,EQUITY,2.18,1071.9258,28807465
SBI Contra Fund - Direct (G),119835,INF200K01RA0,Contra Fund,2025-10-31,Equity,Equity,E-Commerce/App based Aggregator,FSN E-Commerce,Mid Cap,EQUITY,1.12,550.152,22188917
SBI Contra Fund - Direct (G),119835,INF200K01RA0,Contra Fund,2025-10-31,Equity,Equity,Consumer Durables,Whirlpool India,Small Cap,EQUITY,1.15,565.2364,4040000
SBI Contra Fund - Direct (G),119835,INF200K01RA0,Contra Fund,2025-10-31,Equity,Equity,Insurance,ICICI Pru Life,Mid Cap,EQUITY,1.06,521.6898,8824999
SBI Contra Fund - Direct (G),119835,INF200K01RA0,Contra Fund,2025-10-31,Equity,Equity,Finance,HDB FINANC SER,Mid Cap,EQUITY,0.06,27.1882,371779
SBI Contra Fund - Direct (G),119835,INF200K01RA0,Contra Fund,2025-10-31,Equity,Equity,Automobile,Maruti Suzuki,Large Cap,EQUITY,1.29,636.8592,393463
SBI Contra Fund - Direct (G),119835,INF200K01RA0,Contra Fund,2025-10-31,Equity,Equity,Agro Chemicals,Rallis India,Small Cap,EQUITY,0.48,237.1986,9179514
SBI Contra Fund - Direct (G),119835,INF200K01RA0,Contra Fund,2025-10-31,Equity,Equity,Pharmaceuticals,Mankind Pharma,Mid Cap,EQUITY,0.64,316.6045,1328039
SBI Contra Fund - Direct (G),119835,INF200K01RA0,Contra Fund,2025-10-31,Equity,Equity,IT - Software,Tech Mahindra,Large Cap,EQUITY,1.21,596.3121,4186409
SBI Contra Fund - Direct (G),119835,INF200K01RA0,Contra Fund,2025-10-31,Equity,Equity,IT - Software,HCL Technologies,Large Cap,EQUITY,1.1,543.5483,3526100
SBI Contra Fund - Direct (G),119835,INF200K01RA0,Contra Fund,2025-10-31,Equity,Equity,Healthcare,Aster DM Health.,Small Cap,EQUITY,1.27,623.7792,9199605
SBI Contra Fund - Direct (G),119835,INF200K01RA0,Contra Fund,2025-10-31,Equity,Equity,Automobile,Bajaj Auto,Large Cap,EQUITY,1.18,579.6274,651816
SBI Contra Fund - Direct (G),119835,INF200K01RA0,Contra Fund,2025-10-31,Equity,Equity,Readymade Garments/ Apparells,K P R Mill Ltd,Small Cap,EQUITY,0.41,201.703,1886132
SBI Contra Fund - Direct (G),119835,INF200K01RA0,Contra Fund,2025-10-31,Equity,Equity,Telecom-Service,Bharti Airtel,Large Cap,EQUITY,1.32,647.5889,3152051
SBI Contra Fund - Direct (G),119835,INF200K01RA0,Contra Fund,2025-10-31,Equity,Equity,Pharmaceuticals,Aurobindo Pharma,Mid Cap,EQUITY,0.12,58.6534,515000
SBI Contra Fund - Direct (G),119835,INF200K01RA0,Contra Fund,2025-10-31,Equity,Equity,Auto Ancillaries,Automotive Axles,Small Cap,EQUITY,0.07,34.014,200000
SBI Contra Fund - Direct (G),119835,INF200K01RA0,Contra Fund,2025-10-31,Equity,Equity,Plywood Boards/Laminates,Greenply Industr,Small Cap,EQUITY,0.08,41.248,1350179
SBI Contra Fund - Direct (G),119835,INF200K01RA0,Contra Fund,2025-10-31,Equity,Equity,Telecom Equipment & Infra Services,Indus Towers,Large Cap,EQUITY,1.47,723.0801,19886692
SBI Contra Fund - Direct (G),119835,INF200K01RA0,Contra Fund,2025-10-31,Equity,Equity,Sugar,EID Parry,Small Cap,EQUITY,0.11,55.5947,518414
SBI Contra Fund - Direct (G),119835,INF200K01RA0,Contra Fund,2025-10-31,Equity,Equity,Finance,HDFC AMC,Large Cap,EQUITY,0.35,174.4238,324268
SBI Contra Fund - Direct (G),119835,INF200K01RA0,Contra Fund,2025-10-31,Equity,Equity,Banks,Punjab Natl.Bank,Large Cap,EQUITY,2.51,1234.511,100456586
SBI Contra Fund - Direct (G),119835,INF200K01RA0,Contra Fund,2025-10-31,Equity,Equity,Capital Goods-Non Electrical Equipment,Ingersoll-Rand,Small Cap,EQUITY,0.18,87.7244,229555
SBI Contra Fund - Direct (G),119835,INF200K01RA0,Contra Fund,2025-10-31,Equity,Equity,Pharmaceuticals,Cipla,Large Cap,EQUITY,1.17,576.0466,3836985
SBI Contra Fund - Direct (G),119835,INF200K01RA0,Contra Fund,2025-10-31,Equity,Equity,Banks,SBI,Large Cap,EQUITY,0.95,468.5486,5000519
SBI Contra Fund - Direct (G),119835,INF200K01RA0,Contra Fund,2025-10-31,Equity,Equity,Banks,Equitas Sma. Fin,Small Cap,EQUITY,0.38,188.6494,33102195
SBI Contra Fund - Direct (G),119835,INF200K01RA0,Contra Fund,2025-10-31,Equity,Equity,Pharmaceuticals,Gland Pharma,Small Cap,EQUITY,0.32,156.8246,813026
SBI Contra Fund - Direct (G),119835,INF200K01RA0,Contra Fund,2025-10-31,Equity,Equity,Refineries,I O C L,Large Cap,EQUITY,1.22,598.0625,36049578
SBI Contra Fund - Direct (G),119835,INF200K01RA0,Contra Fund,2025-10-31,Equity,Equity,Mining & Mineral products,NMDC,Mid Cap,EQUITY,0.44,216.2971,28539000
SBI Contra Fund - Direct (G),119835,INF200K01RA0,Contra Fund,2025-10-31,Equity,Equity,Cement,The Ramco Cement,Small Cap,EQUITY,0.45,220.0526,2106875
SBI Contra Fund - Direct (G),119835,INF200K01RA0,Contra Fund,2025-10-31,Equity,Equity,Gas Distribution,Petronet LNG,Mid Cap,EQUITY,1.0,491.4651,17474315
SBI Contra Fund - Direct (G),119835,INF200K01RA0,Contra Fund,2025-10-31,Equity,Equity,Realty,Ashiana Housing,Small Cap,EQUITY,0.41,202.8418,7189147
SBI Contra Fund - Direct (G),119835,INF200K01RA0,Contra Fund,2025-10-31,Equity,Equity,Gas Distribution,GAIL (India),Large Cap,EQUITY,1.93,950.2385,51993788
SBI Contra Fund - Direct (G),119835,INF200K01RA0,Contra Fund,2025-10-31,Equity,Equity,Capital Goods-Non Electrical Equipment,Disa India,Small Cap,EQUITY,0.32,157.2671,114711
SBI Contra Fund - Direct (G),119835,INF200K01RA0,Contra Fund,2025-10-31,Equity,Equity,Banks,ICICI Bank,Large Cap,EQUITY,1.44,710.5269,5281550
SBI Contra Fund - Direct (G),119835,INF200K01RA0,Contra Fund,2025-10-31,Equity,Equity,Auto Ancillaries,Motherson Wiring,Small Cap,EQUITY,0.1,49.9799,10586727
SBI Contra Fund - Direct (G),119835,INF200K01RA0,Contra Fund,2025-10-31,Equity,Equity,Insurance,Life Insurance,Large Cap,EQUITY,0.56,277.4662,3101220
SBI Contra Fund - Direct (G),119835,INF200K01RA0,Contra Fund,2025-10-31,Equity,Equity,Steel,NMDC Steel,Small Cap,EQUITY,0.02,11.2206,2606407
SBI Contra Fund - Direct (G),119835,INF200K01RA0,Contra Fund,2025-10-31,Equity,Equity,IT - Software,Wipro,Large Cap,EQUITY,0.73,361.005,15000000
SBI Contra Fund - Direct (G),119835,INF200K01RA0,Contra Fund,2025-10-31,Equity,Equity,Logistics,Gateway Distri,Small Cap,EQUITY,0.13,63.492,9934596
SBI Contra Fund - Direct (G),119835,INF200K01RA0,Contra Fund,2025-10-31,Equity,Equity,Paints/Varnish,Asian Paints,Large Cap,EQUITY,1.29,632.7844,2520250
SBI Contra Fund - Direct (G),119835,INF200K01RA0,Contra Fund,2025-10-31,Equity,Equity,Financial Services,Indian Energy Ex,Small Cap,EQUITY,0.32,155.3714,11172975
SBI Contra Fund - Direct (G),119835,INF200K01RA0,Contra Fund,2025-10-31,Equity,Equity,Non Ferrous Metals,Hindalco Inds.,Large Cap,EQUITY,1.38,679.9757,8020000
SBI Contra Fund - Direct (G),119835,INF200K01RA0,Contra Fund,2025-10-31,Equity,Equity,IT - Software,Infosys,Large Cap,EQUITY,0.91,446.3359,3011104
SBI Contra Fund - Direct (G),119835,INF200K01RA0,Contra Fund,2025-10-31,Equity,Equity,Cement,Prism Johnson,Small Cap,EQUITY,0.3,145.7618,9594645
SBI Contra Fund - Direct (G),119835,INF200K01RA0,Contra Fund,2025-10-31,Equity,Equity,Cement,ACC,Mid Cap,EQUITY,0.55,271.5326,1443171
SBI Contra Fund - Direct (G),119835,INF200K01RA0,Contra Fund,2025-10-31,Equity,Equity,Pharmaceuticals,Alkem Lab,Mid Cap,EQUITY,1.12,552.8565,1004007
SBI Contra Fund - Direct (G),119835,INF200K01RA0,Contra Fund,2025-10-31,Equity,Equity,Banks,Bandhan Bank,Small Cap,EQUITY,0.48,238.6412,15242793
SBI Contra Fund - Direct (G),119835,INF200K01RA0,Contra Fund,2025-10-31,Equity,Equity,Capital Goods - Electrical Equipment,V-Guard Industri,Small Cap,EQUITY,0.2,98.0419,2706470
SBI Contra Fund - Direct (G),119835,INF200K01RA0,Contra Fund,2025-10-31,Equity,Equity,Automobile,TML Commercial,Large Cap,EQUITY,0.66,323.1824,12394339
SBI Contra Fund - Direct (G),119835,INF200K01RA0,Contra Fund,2025-10-31,Equity,Equity,Infrastructure Developers & Operators,G R Infraproject,Small Cap,EQUITY,0.43,210.6593,1805754
SBI Contra Fund - Direct (G),119835,INF200K01RA0,Contra Fund,2025-10-31,Equity,Equity,Crude Oil & Natural Gas,O N G C,Large Cap,EQUITY,1.24,610.2491,23896662
SBI Contra Fund - Direct (G),119835,INF200K01RA0,Contra Fund,2025-10-31,Equity,Equity,Steel,S A I L,Mid Cap,EQUITY,0.29,141.4183,10333817
SBI Contra Fund - Direct (G),119835,INF200K01RA0,Contra Fund,2025-10-31,Equity,Equity,Cement,Nuvoco Vistas,Small Cap,EQUITY,0.71,347.0801,8370435
SBI Contra Fund - Direct (G),119835,INF200K01RA0,Contra Fund,2025-10-31,Equity,Equity,Capital Goods-Non Electrical Equipment,Carborundum Uni.,Small Cap,EQUITY,0.16,80.9507,898953
SBI Contra Fund - Direct (G),119835,INF200K01RA0,Contra Fund,2025-10-31,Equity,Equity,Chemicals,Neogen Chemicals,Small Cap,EQUITY,0.37,180.0757,1248272
SBI Contra Fund - Direct (G),119835,INF200K01RA0,Contra Fund,2025-10-31,Equity,Equity,Alcoholic Beverages,Sula Vineyards,Small Cap,EQUITY,0.1,51.3075,2036417
SBI Contra Fund - Direct (G),119835,INF200K01RA0,Contra Fund,2025-10-31,Equity,Equity,Logistics,Delhivery,Small Cap,EQUITY,0.68,333.4344,7156013
SBI Contra Fund - Direct (G),119835,INF200K01RA0,Contra Fund,2025-10-31,Equity,Equity,Power Generation & Distribution,CESC,Small Cap,EQUITY,0.8,393.2743,21853430
SBI Contra Fund - Direct (G),119835,INF200K01RA0,Contra Fund,2025-10-31,Equity,Equity,Capital Goods-Non Electrical Equipment,Grindwell Norton,Small Cap,EQUITY,0.27,134.5616,796647
SBI Contra Fund - Direct (G),119835,INF200K01RA0,Contra Fund,2025-10-31,Equity,Equity,Capital Goods-Non Electrical Equipment,Wendt India,Small Cap,EQUITY,0.2,100.5784,116363
SBI Contra Fund - Direct (G),119835,INF200K01RA0,Contra Fund,2025-10-31,Equity,Equity,Bearings,Timken India,Small Cap,EQUITY,0.23,113.9175,362333
SBI Contra Fund - Direct (G),119835,INF200K01RA0,Contra Fund,2025-10-31,Equity,Equity,Pharmaceuticals,Lupin,Mid Cap,EQUITY,0.4,195.3683,995000
SBI Contra Fund - Direct (G),119835,INF200K01RA0,Contra Fund,2025-10-31,Equity,Equity,Refineries,Reliance Industr,Large Cap,EQUITY,5.95,2930.8192,19717567
SBI Contra Fund - Direct (G),119835,INF200K01RA0,Contra Fund,2025-11-30,Equity,Equity,Sugar,EID Parry,Small Cap,EQUITY,0.11,53.4433,518414
SBI Contra Fund - Direct (G),119835,INF200K01RA0,Contra Fund,2025-11-30,Equity,Equity,Finance,HDFC AMC,Large Cap,EQUITY,0.35,173.3537,648536
SBI Contra Fund - Direct (G),119835,INF200K01RA0,Contra Fund,2025-11-30,Equity,Equity,Pharmaceuticals,Biocon,Mid Cap,EQUITY,2.3,1147.5454,28807465
SBI Contra Fund - Direct (G),119835,INF200K01RA0,Contra Fund,2025-11-30,Equity,Equity,E-Commerce/App based Aggregator,FSN E-Commerce,Mid Cap,EQUITY,1.19,593.1319,22188917
SBI Contra Fund - Direct (G),119835,INF200K01RA0,Contra Fund,2025-11-30,Equity,Equity,Finance,M & M Fin. Serv.,Mid Cap,EQUITY,1.47,733.183,19717172
SBI Contra Fund - Direct (G),119835,INF200K01RA0,Contra Fund,2025-11-30,Equity,Equity,Auto Ancillaries,Samvardh. Mothe.,Large Cap,EQUITY,0.7,348.93,30000000
SBI Contra Fund - Direct (G),119835,INF200K01RA0,Contra Fund,2025-11-30,Equity,Equity,Telecom-Service,Bharti Airtel,Large Cap,EQUITY,1.33,662.435,3152051
SBI Contra Fund - Direct (G),119835,INF200K01RA0,Contra Fund,2025-11-30,Equity,Equity,Pharmaceuticals,Aurobindo Pharma,Mid Cap,EQUITY,0.13,63.1751,515000
SBI Contra Fund - Direct (G),119835,INF200K01RA0,Contra Fund,2025-11-30,Equity,Equity,Auto Ancillaries,Automotive Axles,Small Cap,EQUITY,0.07,35.816,200000
SBI Contra Fund - Direct (G),119835,INF200K01RA0,Contra Fund,2025-11-30,Equity,Equity,Plywood Boards/Laminates,Greenply Industr,Small Cap,EQUITY,0.08,38.1358,1350179
SBI Contra Fund - Direct (G),119835,INF200K01RA0,Contra Fund,2025-11-30,Equity,Equity,Healthcare,Aster DM Health.,Small Cap,EQUITY,1.23,612.1877,9199605
SBI Contra Fund - Direct (G),119835,INF200K01RA0,Contra Fund,2025-11-30,Equity,Equity,Automobile,Bajaj Auto,Large Cap,EQUITY,1.19,591.4252,651816
SBI Contra Fund - Direct (G),119835,INF200K01RA0,Contra Fund,2025-11-30,Equity,Equity,Readymade Garments/ Apparells,K P R Mill Ltd,Small Cap,EQUITY,0.41,203.6079,1886132
SBI Contra Fund - Direct (G),119835,INF200K01RA0,Contra Fund,2025-11-30,Equity,Equity,Capital Goods - Electrical Equipment,V-Guard Industri,Small Cap,EQUITY,0.19,93.1838,2706470
SBI Contra Fund - Direct (G),119835,INF200K01RA0,Contra Fund,2025-11-30,Equity,Equity,Banks,Kotak Mah. Bank,Large Cap,EQUITY,2.73,1360.8414,6405768
SBI Contra Fund - Direct (G),119835,INF200K01RA0,Contra Fund,2025-11-30,Equity,Equity,Banks,Axis Bank,Large Cap,EQUITY,1.26,627.5975,4904255
SBI Contra Fund - Direct (G),119835,INF200K01RA0,Contra Fund,2025-11-30,Equity,Equity,Banks,HDFC Bank,Large Cap,EQUITY,8.18,4075.6672,40449258
SBI Contra Fund - Direct (G),119835,INF200K01RA0,Contra Fund,2025-11-30,Equity,Equity,Textiles,Grasim Inds,Large Cap,EQUITY,0.61,305.6034,1115585
SBI Contra Fund - Direct (G),119835,INF200K01RA0,Contra Fund,2025-11-30,Equity,Equity,Pharmaceuticals,Sanofi India,Small Cap,EQUITY,0.22,110.384,251576
SBI Contra Fund - Direct (G),119835,INF200K01RA0,Contra Fund,2025-11-30,Equity,Equity,Tobacco Products,ITC,Large Cap,EQUITY,2.52,1253.7709,31014741
SBI Contra Fund - Direct (G),119835,INF200K01RA0,Contra Fund,2025-11-30,Equity,Equity,Automobile,Tata Motors PVeh,Large Cap,EQUITY,0.89,442.23,12394339
SBI Contra Fund - Direct (G),119835,INF200K01RA0,Contra Fund,2025-11-30,Equity,Equity,Automobile,Hero Motocorp,Large Cap,EQUITY,0.56,277.093,448770
SBI Contra Fund - Direct (G),119835,INF200K01RA0,Contra Fund,2025-11-30,Equity,Equity,Telecom Equipment & Infra Services,Indus Towers,Large Cap,EQUITY,2.03,1014.1228,25286692
SBI Contra Fund - Direct (G),119835,INF200K01RA0,Contra Fund,2025-11-30,Equity,Equity,Mining & Mineral products,NMDC,Mid Cap,EQUITY,0.42,210.9603,28539000
SBI Contra Fund - Direct (G),119835,INF200K01RA0,Contra Fund,2025-11-30,Equity,Equity,Cement,The Ramco Cement,Small Cap,EQUITY,0.44,218.5883,2106875
SBI Contra Fund - Direct (G),119835,INF200K01RA0,Contra Fund,2025-11-30,Equity,Equity,Gas Distribution,Petronet LNG,Mid Cap,EQUITY,0.95,475.0393,17474315
SBI Contra Fund - Direct (G),119835,INF200K01RA0,Contra Fund,2025-11-30,Equity,Equity,Realty,Ashiana Housing,Small Cap,EQUITY,0.43,216.1417,7189147
SBI Contra Fund - Direct (G),119835,INF200K01RA0,Contra Fund,2025-11-30,Equity,Equity,Banks,ICICI Bank,Large Cap,EQUITY,1.47,733.5017,5281550
SBI Contra Fund - Direct (G),119835,INF200K01RA0,Contra Fund,2025-11-30,Equity,Equity,Auto Ancillaries,Motherson Wiring,Small Cap,EQUITY,0.1,48.339,10586727
SBI Contra Fund - Direct (G),119835,INF200K01RA0,Contra Fund,2025-11-30,Equity,Equity,Insurance,Life Insurance,Large Cap,EQUITY,0.56,277.3886,3101220
SBI Contra Fund - Direct (G),119835,INF200K01RA0,Contra Fund,2025-11-30,Equity,Equity,Steel,NMDC Steel,Small Cap,EQUITY,0.02,10.913,2606407
SBI Contra Fund - Direct (G),119835,INF200K01RA0,Contra Fund,2025-11-30,Equity,Equity,Paints/Varnish,Asian Paints,Large Cap,EQUITY,0.95,472.1202,1642500
SBI Contra Fund - Direct (G),119835,INF200K01RA0,Contra Fund,2025-11-30,Equity,Equity,Financial Services,Indian Energy Ex,Small Cap,EQUITY,0.31,155.6284,11172975
SBI Contra Fund - Direct (G),119835,INF200K01RA0,Contra Fund,2025-11-30,Equity,Equity,Non Ferrous Metals,Hindalco Inds.,Large Cap,EQUITY,1.3,648.3368,8020000
SBI Contra Fund - Direct (G),119835,INF200K01RA0,Contra Fund,2025-11-30,Equity,Equity,Gas Distribution,GAIL (India),Large Cap,EQUITY,1.84,915.5586,51993788
SBI Contra Fund - Direct (G),119835,INF200K01RA0,Contra Fund,2025-11-30,Equity,Equity,Capital Goods-Non Electrical Equipment,Disa India,Small Cap,EQUITY,0.29,146.0506,114711
SBI Contra Fund - Direct (G),119835,INF200K01RA0,Contra Fund,2025-11-30,Equity,Equity,Chemicals,Neogen Chemicals,Small Cap,EQUITY,0.28,140.468,1248272
SBI Contra Fund - Direct (G),119835,INF200K01RA0,Contra Fund,2025-11-30,Equity,Equity,Alcoholic Beverages,Sula Vineyards,Small Cap,EQUITY,0.1,47.5911,2036417
SBI Contra Fund - Direct (G),119835,INF200K01RA0,Contra Fund,2025-11-30,Equity,Equity,IT - Software,Wipro,Large Cap,EQUITY,0.75,374.295,15000000
SBI Contra Fund - Direct (G),119835,INF200K01RA0,Contra Fund,2025-11-30,Equity,Equity,Logistics,Gateway Distri,Small Cap,EQUITY,0.12,58.4552,9934596
SBI Contra Fund - Direct (G),119835,INF200K01RA0,Contra Fund,2025-11-30,Equity,Equity,IT - Software,Infosys,Large Cap,EQUITY,0.92,458.4504,2938596
SBI Contra Fund - Direct (G),119835,INF200K01RA0,Contra Fund,2025-11-30,Equity,Equity,Cement,Prism Johnson,Small Cap,EQUITY,0.26,130.9189,9594645
SBI Contra Fund - Direct (G),119835,INF200K01RA0,Contra Fund,2025-11-30,Equity,Equity,Cement,ACC,Small Cap,EQUITY,0.54,267.0732,1443171
SBI Contra Fund - Direct (G),119835,INF200K01RA0,Contra Fund,2025-11-30,Equity,Equity,Pharmaceuticals,Alkem Lab,Mid Cap,EQUITY,1.15,570.778,1004007
SBI Contra Fund - Direct (G),119835,INF200K01RA0,Contra Fund,2025-11-30,Equity,Equity,Banks,Bandhan Bank,Small Cap,EQUITY,0.46,229.1906,15242793
SBI Contra Fund - Direct (G),119835,INF200K01RA0,Contra Fund,2025-11-30,Equity,Equity,Automobile,Maruti Suzuki,Large Cap,EQUITY,1.26,625.6062,393463
SBI Contra Fund - Direct (G),119835,INF200K01RA0,Contra Fund,2025-11-30,Equity,Equity,Agro Chemicals,Rallis India,Small Cap,EQUITY,0.49,242.0179,9179514
SBI Contra Fund - Direct (G),119835,INF200K01RA0,Contra Fund,2025-11-30,Equity,Equity,Pharmaceuticals,Mankind Pharma,Mid Cap,EQUITY,0.6,298.9416,1328039
SBI Contra Fund - Direct (G),119835,INF200K01RA0,Contra Fund,2025-11-30,Equity,Equity,Steel,Tata Steel,Large Cap,EQUITY,2.5,1244.0344,74067300
SBI Contra Fund - Direct (G),119835,INF200K01RA0,Contra Fund,2025-11-30,Equity,Equity,Banks,Bank of India,Mid Cap,EQUITY,0.35,175.4855,11926429
SBI Contra Fund - Direct (G),119835,INF200K01RA0,Contra Fund,2025-11-30,Equity,Equity,FMCG,Dabur India,Mid Cap,EQUITY,1.96,975.1263,18846663
SBI Contra Fund - Direct (G),119835,INF200K01RA0,Contra Fund,2025-11-30,Equity,Equity,Infrastructure Developers & Operators,Larsen & Toubro,Large Cap,EQUITY,0.82,408.9948,1005000
SBI Contra Fund - Direct (G),119835,INF200K01RA0,Contra Fund,2025-11-30,Equity,Equity,Banks,Punjab Natl.Bank,Large Cap,EQUITY,2.83,1410.0445,113256586
SBI Contra Fund - Direct (G),119835,INF200K01RA0,Contra Fund,2025-11-30,Equity,Equity,Capital Goods-Non Electrical Equipment,Ingersoll-Rand,Small Cap,EQUITY,0.17,85.7044,229555
SBI Contra Fund - Direct (G),119835,INF200K01RA0,Contra Fund,2025-11-30,Equity,Equity,Power Generation & Distribution,Torrent Power,Mid Cap,EQUITY,1.71,852.1128,6482410
SBI Contra Fund - Direct (G),119835,INF200K01RA0,Contra Fund,2025-11-30,Equity,Equity,Alcoholic Beverages,United Spirits,Mid Cap,EQUITY,0.86,426.3473,2937085
SBI Contra Fund - Direct (G),119835,INF200K01RA0,Contra Fund,2025-11-30,Equity,Equity,IT - Software,HCL Technologies,Large Cap,EQUITY,1.15,572.7092,3526100
SBI Contra Fund - Direct (G),119835,INF200K01RA0,Contra Fund,2025-11-30,Equity,Equity,Pharmaceuticals,Cipla,Large Cap,EQUITY,1.18,587.5575,3836985
SBI Contra Fund - Direct (G),119835,INF200K01RA0,Contra Fund,2025-11-30,Equity,Equity,Banks,SBI,Large Cap,EQUITY,0.98,489.5508,5000519
SBI Contra Fund - Direct (G),119835,INF200K01RA0,Contra Fund,2025-11-30,Equity,Equity,Banks,Equitas Sma. Fin,Small Cap,EQUITY,0.43,212.3837,33102195
SBI Contra Fund - Direct (G),119835,INF200K01RA0,Contra Fund,2025-11-30,Equity,Equity,Pharmaceuticals,Gland Pharma,Small Cap,EQUITY,0.29,143.0601,813026
SBI Contra Fund - Direct (G),119835,INF200K01RA0,Contra Fund,2025-11-30,Equity,Equity,IT - Software,Tech Mahindra,Large Cap,EQUITY,1.27,635.2038,4186409
SBI Contra Fund - Direct (G),119835,INF200K01RA0,Contra Fund,2025-11-30,Equity,Equity,Consumer Durables,Whirlpool India,Small Cap,EQUITY,0.87,433.1284,4040000
SBI Contra Fund - Direct (G),119835,INF200K01RA0,Contra Fund,2025-11-30,Equity,Equity,Insurance,ICICI Pru Life,Mid Cap,EQUITY,1.1,546.9293,8824999
SBI Contra Fund - Direct (G),119835,INF200K01RA0,Contra Fund,2025-11-30,Equity,Equity,Finance,HDB FINANC SER,Mid Cap,EQUITY,0.06,28.5229,371779
SBI Contra Fund - Direct (G),119835,INF200K01RA0,Contra Fund,2025-11-30,Equity,Equity,Refineries,I O C L,Large Cap,EQUITY,1.17,583.1019,36049578
SBI Contra Fund - Direct (G),119835,INF200K01RA0,Contra Fund,2025-11-30,Equity,Equity,Automobile,Tata Motors,Large Cap,EQUITY,0.88,436.2807,12394339
SBI Contra Fund - Direct (G),119835,INF200K01RA0,Contra Fund,2025-11-30,Equity,Equity,Infrastructure Developers & Operators,G R Infraproject,Small Cap,EQUITY,0.39,194.1005,1805754
SBI Contra Fund - Direct (G),119835,INF200K01RA0,Contra Fund,2025-11-30,Equity,Equity,Crude Oil & Natural Gas,O N G C,Large Cap,EQUITY,1.17,581.2863,23896662
SBI Contra Fund - Direct (G),119835,INF200K01RA0,Contra Fund,2025-11-30,Equity,Equity,Steel,S A I L,Mid Cap,EQUITY,0.28,139.4135,10333817
SBI Contra Fund - Direct (G),119835,INF200K01RA0,Contra Fund,2025-11-30,Equity,Equity,Cement,Nuvoco Vistas,Small Cap,EQUITY,0.6,298.3642,8370435
SBI Contra Fund - Direct (G),119835,INF200K01RA0,Contra Fund,2025-11-30,Equity,Equity,Capital Goods-Non Electrical Equipment,Carborundum Uni.,Small Cap,EQUITY,0.15,77.0268,898953
SBI Contra Fund - Direct (G),119835,INF200K01RA0,Contra Fund,2025-11-30,Equity,Equity,Logistics,Delhivery,Small Cap,EQUITY,0.61,304.9893,7156013
SBI Contra Fund - Direct (G),119835,INF200K01RA0,Contra Fund,2025-11-30,Equity,Equity,Power Generation & Distribution,CESC,Small Cap,EQUITY,0.75,372.5573,21853430
SBI Contra Fund - Direct (G),119835,INF200K01RA0,Contra Fund,2025-11-30,Equity,Equity,Capital Goods-Non Electrical Equipment,Grindwell Norton,Small Cap,EQUITY,0.25,123.9264,796647
SBI Contra Fund - Direct (G),119835,INF200K01RA0,Contra Fund,2025-11-30,Equity,Equity,Capital Goods-Non Electrical Equipment,Wendt India,Small Cap,EQUITY,0.19,93.7188,116363
SBI Contra Fund - Direct (G),119835,INF200K01RA0,Contra Fund,2025-11-30,Equity,Equity,Bearings,Timken India,Small Cap,EQUITY,0.23,114.2943,362333
SBI Contra Fund - Direct (G),119835,INF200K01RA0,Contra Fund,2025-11-30,Equity,Equity,Pharmaceuticals,Lupin,Mid Cap,EQUITY,0.42,207.1789,995000
SBI Contra Fund - Direct (G),119835,INF200K01RA0,Contra Fund,2025-11-30,Equity,Equity,Refineries,Reliance Industr,Large Cap,EQUITY,6.2,3090.7286,19717567
SBI Contra Fund - Direct (G),119835,INF200K01RA0,Contra Fund,2025-12-31,Equity,Equity,Banks,Punjab Natl.Bank,Large Cap,EQUITY,2.8,1399.6249,113256586
SBI Contra Fund - Direct (G),119835,INF200K01RA0,Contra Fund,2025-12-31,Equity,Equity,Capital Goods-Non Electrical Equipment,Ingersoll-Rand,Small Cap,EQUITY,0.16,80.2754,229555
SBI Contra Fund - Direct (G),119835,INF200K01RA0,Contra Fund,2025-12-31,Equity,Equity,Tobacco Products,ITC,Large Cap,EQUITY,2.5,1249.8941,31014741
SBI Contra Fund - Direct (G),119835,INF200K01RA0,Contra Fund,2025-12-31,Equity,Equity,Automobile,Tata Motors PVeh,Large Cap,EQUITY,0.91,455.306,12394339
SBI Contra Fund - Direct (G),119835,INF200K01RA0,Contra Fund,2025-12-31,Equity,Equity,Automobile,Hero Motocorp,Large Cap,EQUITY,0.52,258.9852,448770
SBI Contra Fund - Direct (G),119835,INF200K01RA0,Contra Fund,2025-12-31,Equity,Equity,Pharmaceuticals,Biocon,Mid Cap,EQUITY,2.27,1134.726,28807465
SBI Contra Fund - Direct (G),119835,INF200K01RA0,Contra Fund,2025-12-31,Equity,Equity,Capital Goods - Electrical Equipment,V-Guard Industri,Small Cap,EQUITY,0.18,88.7722,2706470
SBI Contra Fund - Direct (G),119835,INF200K01RA0,Contra Fund,2025-12-31,Equity,Equity,E-Commerce/App based Aggregator,FSN E-Commerce,Mid Cap,EQUITY,1.18,588.3391,22188917
SBI Contra Fund - Direct (G),119835,INF200K01RA0,Contra Fund,2025-12-31,Equity,Equity,IT - Software,Tech Mahindra,Large Cap,EQUITY,1.68,841.3287,5288382
SBI Contra Fund - Direct (G),119835,INF200K01RA0,Contra Fund,2025-12-31,Equity,Equity,Consumer Durables,Whirlpool India,Small Cap,EQUITY,0.73,363.2364,4040000
SBI Contra Fund - Direct (G),119835,INF200K01RA0,Contra Fund,2025-12-31,Equity,Equity,Insurance,ICICI Pru Life,Mid Cap,EQUITY,1.18,589.7306,8824999
SBI Contra Fund - Direct (G),119835,INF200K01RA0,Contra Fund,2025-12-31,Equity,Equity,Finance,HDB FINANC SER,Mid Cap,EQUITY,0.06,28.4615,371779
SBI Contra Fund - Direct (G),119835,INF200K01RA0,Contra Fund,2025-12-31,Equity,Equity,Finance,M & M Fin. Serv.,Mid Cap,EQUITY,1.59,794.602,19717172
SBI Contra Fund - Direct (G),119835,INF200K01RA0,Contra Fund,2025-12-31,Equity,Equity,Auto Ancillaries,Samvardh. Mothe.,Large Cap,EQUITY,0.72,359.82,30000000
SBI Contra Fund - Direct (G),119835,INF200K01RA0,Contra Fund,2025-12-31,Equity,Equity,Power Generation & Distribution,Torrent Power,Mid Cap,EQUITY,1.7,847.0565,6482410
SBI Contra Fund - Direct (G),119835,INF200K01RA0,Contra Fund,2025-12-31,Equity,Equity,Alcoholic Beverages,United Spirits,Mid Cap,EQUITY,0.85,424.027,2937085
SBI Contra Fund - Direct (G),119835,INF200K01RA0,Contra Fund,2025-12-31,Equity,Equity,Banks,Kotak Mah. Bank,Large Cap,EQUITY,2.82,1409.9736,6405768
SBI Contra Fund - Direct (G),119835,INF200K01RA0,Contra Fund,2025-12-31,Equity,Equity,Banks,Axis Bank,Large Cap,EQUITY,1.25,622.5461,4904255
SBI Contra Fund - Direct (G),119835,INF200K01RA0,Contra Fund,2025-12-31,Equity,Equity,Automobile,Bajaj Auto,Large Cap,EQUITY,1.22,608.9917,651816
SBI Contra Fund - Direct (G),119835,INF200K01RA0,Contra Fund,2025-12-31,Equity,Equity,Readymade Garments/ Apparells,K P R Mill Ltd,Small Cap,EQUITY,0.36,177.7491,1886132
SBI Contra Fund - Direct (G),119835,INF200K01RA0,Contra Fund,2025-12-31,Equity,Equity,Telecom-Service,Bharti Airtel,Large Cap,EQUITY,1.33,663.6959,3152051
SBI Contra Fund - Direct (G),119835,INF200K01RA0,Contra Fund,2025-12-31,Equity,Equity,Pharmaceuticals,Aurobindo Pharma,Mid Cap,EQUITY,0.21,105.9495,895600
SBI Contra Fund - Direct (G),119835,INF200K01RA0,Contra Fund,2025-12-31,Equity,Equity,Auto Ancillaries,Automotive Axles,Small Cap,EQUITY,0.08,37.65,200000
SBI Contra Fund - Direct (G),119835,INF200K01RA0,Contra Fund,2025-12-31,Equity,Equity,Plywood Boards/Laminates,Greenply Industr,Small Cap,EQUITY,0.07,36.2388,1350179
SBI Contra Fund - Direct (G),119835,INF200K01RA0,Contra Fund,2025-12-31,Equity,Equity,Refineries,Reliance Industr,Large Cap,EQUITY,6.2,3096.4467,19717567
SBI Contra Fund - Direct (G),119835,INF200K01RA0,Contra Fund,2025-12-31,Equity,Equity,IT - Software,Infosys,Large Cap,EQUITY,0.89,447.0314,2767311
SBI Contra Fund - Direct (G),119835,INF200K01RA0,Contra Fund,2025-12-31,Equity,Equity,Cement,Prism Johnson,Small Cap,EQUITY,0.26,130.4296,9594645
SBI Contra Fund - Direct (G),119835,INF200K01RA0,Contra Fund,2025-12-31,Equity,Equity,Cement,ACC,Small Cap,EQUITY,0.5,250.7798,1443171
SBI Contra Fund - Direct (G),119835,INF200K01RA0,Contra Fund,2025-12-31,Equity,Equity,Telecom Equipment & Infra Services,Indus Towers,Large Cap,EQUITY,2.12,1058.8802,25286692
SBI Contra Fund - Direct (G),119835,INF200K01RA0,Contra Fund,2025-12-31,Equity,Equity,Sugar,EID Parry,Small Cap,EQUITY,0.11,53.6403,518414
SBI Contra Fund - Direct (G),119835,INF200K01RA0,Contra Fund,2025-12-31,Equity,Equity,Finance,HDFC AMC,Large Cap,EQUITY,0.35,173.3018,648536
SBI Contra Fund - Direct (G),119835,INF200K01RA0,Contra Fund,2025-12-31,Equity,Equity,Banks,ICICI Bank,Large Cap,EQUITY,1.42,709.2593,5281550
SBI Contra Fund - Direct (G),119835,INF200K01RA0,Contra Fund,2025-12-31,Equity,Equity,Auto Ancillaries,Motherson Wiring,Small Cap,EQUITY,0.1,51.3668,10586727
SBI Contra Fund - Direct (G),119835,INF200K01RA0,Contra Fund,2025-12-31,Equity,Equity,Insurance,Life Insurance,Large Cap,EQUITY,0.53,265.1233,3101220
SBI Contra Fund - Direct (G),119835,INF200K01RA0,Contra Fund,2025-12-31,Equity,Equity,Steel,NMDC Steel,Small Cap,EQUITY,0.02,11.5334,2606407
SBI Contra Fund - Direct (G),119835,INF200K01RA0,Contra Fund,2025-12-31,Equity,Equity,Banks,HDFC Bank,Large Cap,EQUITY,8.02,4009.3305,40449258
SBI Contra Fund - Direct (G),119835,INF200K01RA0,Contra Fund,2025-12-31,Equity,Equity,Textiles,Grasim Inds,Large Cap,EQUITY,0.63,315.599,1115585
SBI Contra Fund - Direct (G),119835,INF200K01RA0,Contra Fund,2025-12-31,Equity,Equity,Pharmaceuticals,Sanofi India,Small Cap,EQUITY,0.21,102.8241,251576
SBI Contra Fund - Direct (G),119835,INF200K01RA0,Contra Fund,2025-12-31,Equity,Equity,Steel,Tata Steel,Large Cap,EQUITY,2.67,1333.8039,74067300
SBI Contra Fund - Direct (G),119835,INF200K01RA0,Contra Fund,2025-12-31,Equity,Equity,Banks,Bank of India,Mid Cap,EQUITY,0.34,171.5617,11926429
SBI Contra Fund - Direct (G),119835,INF200K01RA0,Contra Fund,2025-12-31,Equity,Equity,FMCG,Dabur India,Mid Cap,EQUITY,1.9,949.1179,18846663
SBI Contra Fund - Direct (G),119835,INF200K01RA0,Contra Fund,2025-12-31,Equity,Equity,Infrastructure Developers & Operators,Larsen & Toubro,Large Cap,EQUITY,0.82,410.3918,1005000
SBI Contra Fund - Direct (G),119835,INF200K01RA0,Contra Fund,2025-12-31,Equity,Equity,IT - Software,HCL Technologies,Large Cap,EQUITY,1.15,572.3918,3526100
SBI Contra Fund - Direct (G),119835,INF200K01RA0,Contra Fund,2025-12-31,Equity,Equity,Healthcare,Aster DM Health.,Small Cap,EQUITY,1.14,567.4776,9199605
SBI Contra Fund - Direct (G),119835,INF200K01RA0,Contra Fund,2025-12-31,Equity,Equity,Pharmaceuticals,Cipla,Large Cap,EQUITY,1.16,579.8835,3836985
SBI Contra Fund - Direct (G),119835,INF200K01RA0,Contra Fund,2025-12-31,Equity,Equity,Banks,SBI,Large Cap,EQUITY,0.98,491.151,5000519
SBI Contra Fund - Direct (G),119835,INF200K01RA0,Contra Fund,2025-12-31,Equity,Equity,Banks,Equitas Sma. Fin,Small Cap,EQUITY,0.42,208.5107,33102195
SBI Contra Fund - Direct (G),119835,INF200K01RA0,Contra Fund,2025-12-31,Equity,Equity,Pharmaceuticals,Gland Pharma,Small Cap,EQUITY,0.28,140.0031,813026
SBI Contra Fund - Direct (G),119835,INF200K01RA0,Contra Fund,2025-12-31,Equity,Equity,Power Generation & Distribution,CESC,Small Cap,EQUITY,0.73,366.1761,21853430
SBI Contra Fund - Direct (G),119835,INF200K01RA0,Contra Fund,2025-12-31,Equity,Equity,Capital Goods-Non Electrical Equipment,Grindwell Norton,Small Cap,EQUITY,0.25,124.6036,796647
SBI Contra Fund - Direct (G),119835,INF200K01RA0,Contra Fund,2025-12-31,Equity,Equity,Automobile,Maruti Suzuki,Large Cap,EQUITY,1.31,656.9652,393463
SBI Contra Fund - Direct (G),119835,INF200K01RA0,Contra Fund,2025-12-31,Equity,Equity,Agro Chemicals,Rallis India,Small Cap,EQUITY,0.51,257.0264,9179514
SBI Contra Fund - Direct (G),119835,INF200K01RA0,Contra Fund,2025-12-31,Equity,Equity,Pharmaceuticals,Mankind Pharma,Mid Cap,EQUITY,0.58,291.7038,1328039
SBI Contra Fund - Direct (G),119835,INF200K01RA0,Contra Fund,2025-12-31,Equity,Equity,Refineries,I O C L,Large Cap,EQUITY,1.2,600.0813,36049578
SBI Contra Fund - Direct (G),119835,INF200K01RA0,Contra Fund,2025-12-31,Equity,Equity,Cement,The Ramco Cement,Small Cap,EQUITY,0.45,222.6124,2106875
SBI Contra Fund - Direct (G),119835,INF200K01RA0,Contra Fund,2025-12-31,Equity,Equity,Finance,ICICI AMC,Large Cap,EQUITY,0.04,17.6561,66349
SBI Contra Fund - Direct (G),119835,INF200K01RA0,Contra Fund,2025-12-31,Equity,Equity,Gas Distribution,Petronet LNG,Mid Cap,EQUITY,0.99,496.4453,17474315
SBI Contra Fund - Direct (G),119835,INF200K01RA0,Contra Fund,2025-12-31,Equity,Equity,Realty,Ashiana Housing,Small Cap,EQUITY,0.41,207.2991,7189147
SBI Contra Fund - Direct (G),119835,INF200K01RA0,Contra Fund,2025-12-31,Equity,Equity,Paints/Varnish,Asian Paints,Large Cap,EQUITY,0.91,454.8904,1642500
SBI Contra Fund - Direct (G),119835,INF200K01RA0,Contra Fund,2025-12-31,Equity,Equity,Financial Services,Indian Energy Ex,Small Cap,EQUITY,0.3,149.9637,11172975
SBI Contra Fund - Direct (G),119835,INF200K01RA0,Contra Fund,2025-12-31,Equity,Equity,Non Ferrous Metals,Hindalco Inds.,Large Cap,EQUITY,1.42,711.1334,8020000
SBI Contra Fund - Direct (G),119835,INF200K01RA0,Contra Fund,2025-12-31,Equity,Equity,Gas Distribution,GAIL (India),Large Cap,EQUITY,1.79,895.1251,51993788
SBI Contra Fund - Direct (G),119835,INF200K01RA0,Contra Fund,2025-12-31,Equity,Equity,Capital Goods-Non Electrical Equipment,Disa India,Small Cap,EQUITY,0.28,139.4197,114711
SBI Contra Fund - Direct (G),119835,INF200K01RA0,Contra Fund,2025-12-31,Equity,Equity,IT - Software,Wipro,Large Cap,EQUITY,0.79,394.92,15000000
SBI Contra Fund - Direct (G),119835,INF200K01RA0,Contra Fund,2025-12-31,Equity,Equity,Logistics,Gateway Distri,Small Cap,EQUITY,0.12,59.2698,9934596
SBI Contra Fund - Direct (G),119835,INF200K01RA0,Contra Fund,2025-12-31,Equity,Equity,Pharmaceuticals,Alkem Lab,Mid Cap,EQUITY,1.11,552.8565,1004007
SBI Contra Fund - Direct (G),119835,INF200K01RA0,Contra Fund,2025-12-31,Equity,Equity,Automobile,Tata Motors,Large Cap,EQUITY,1.03,514.9848,12394339
SBI Contra Fund - Direct (G),119835,INF200K01RA0,Contra Fund,2025-12-31,Equity,Equity,Infrastructure Developers & Operators,G R Infraproject,Small Cap,EQUITY,0.36,180.3407,1805754
SBI Contra Fund - Direct (G),119835,INF200K01RA0,Contra Fund,2025-12-31,Equity,Equity,Crude Oil & Natural Gas,O N G C,Large Cap,EQUITY,1.15,574.428,23896662
SBI Contra Fund - Direct (G),119835,INF200K01RA0,Contra Fund,2025-12-31,Equity,Equity,Steel,S A I L,Mid Cap,EQUITY,0.3,151.8968,10333817
SBI Contra Fund - Direct (G),119835,INF200K01RA0,Contra Fund,2025-12-31,Equity,Equity,Cement,Nuvoco Vistas,Small Cap,EQUITY,0.6,297.9456,8370435
SBI Contra Fund - Direct (G),119835,INF200K01RA0,Contra Fund,2025-12-31,Equity,Equity,Capital Goods-Non Electrical Equipment,Carborundum Uni.,Small Cap,EQUITY,0.15,76.9414,898953
SBI Contra Fund - Direct (G),119835,INF200K01RA0,Contra Fund,2025-12-31,Equity,Equity,Chemicals,Neogen Chemicals,Small Cap,EQUITY,0.3,147.8204,1248272
SBI Contra Fund - Direct (G),119835,INF200K01RA0,Contra Fund,2025-12-31,Equity,Equity,Alcoholic Beverages,Sula Vineyards,Small Cap,EQUITY,0.09,44.2045,2036417
SBI Contra Fund - Direct (G),119835,INF200K01RA0,Contra Fund,2025-12-31,Equity,Equity,Logistics,Delhivery,Small Cap,EQUITY,0.58,288.9956,7156013
SBI Contra Fund - Direct (G),119835,INF200K01RA0,Contra Fund,2025-12-31,Equity,Equity,IT - Software,TCS,Large Cap,EQUITY,0.6,298.9461,932400
SBI Contra Fund - Direct (G),119835,INF200K01RA0,Contra Fund,2025-12-31,Equity,Equity,Banks,Bandhan Bank,Small Cap,EQUITY,0.44,222.2704,15242793
SBI Contra Fund - Direct (G),119835,INF200K01RA0,Contra Fund,2025-12-31,Equity,Equity,Mining & Mineral products,NMDC,Mid Cap,EQUITY,0.48,237.3589,28539000
SBI Contra Fund - Direct (G),119835,INF200K01RA0,Contra Fund,2025-12-31,Equity,Equity,Capital Goods-Non Electrical Equipment,Wendt India,Small Cap,EQUITY,0.18,90.7282,116363
SBI Contra Fund - Direct (G),119835,INF200K01RA0,Contra Fund,2025-12-31,Equity,Equity,Bearings,Timken India,Small Cap,EQUITY,0.22,108.8122,362333
SBI Contra Fund - Direct (G),119835,INF200K01RA0,Contra Fund,2025-12-31,Equity,Equity,Pharmaceuticals,Lupin,Mid Cap,EQUITY,0.42,209.8953,995000
SBI Contra Fund - Direct (G),119835,INF200K01RA0,Contra Fund,2026-01-31,Equity,Equity,IT - Software,TCS,Large Cap,EQUITY,0.6,291.2724,932400
SBI Contra Fund - Direct (G),119835,INF200K01RA0,Contra Fund,2026-01-31,Equity,Equity,Banks,Bandhan Bank,Small Cap,EQUITY,0.48,235.7298,15242793
SBI Contra Fund - Direct (G),119835,INF200K01RA0,Contra Fund,2026-01-31,Equity,Equity,Mining & Mineral products,NMDC,Mid Cap,EQUITY,0.48,231.7652,28539000
SBI Contra Fund - Direct (G),119835,INF200K01RA0,Contra Fund,2026-01-31,Equity,Equity,Capital Goods-Non Electrical Equipment,Wendt India,Small Cap,EQUITY,0.16,80.2381,116363
SBI Contra Fund - Direct (G),119835,INF200K01RA0,Contra Fund,2026-01-31,Equity,Equity,Bearings,Timken India,Small Cap,EQUITY,0.22,106.5839,362333
SBI Contra Fund - Direct (G),119835,INF200K01RA0,Contra Fund,2026-01-31,Equity,Equity,Pharmaceuticals,Lupin,Mid Cap,EQUITY,0.44,214.2036,995000
SBI Contra Fund - Direct (G),119835,INF200K01RA0,Contra Fund,2026-01-31,Equity,Equity,Refineries,Reliance Industr,Large Cap,EQUITY,5.65,2751.3893,19717567
SBI Contra Fund - Direct (G),119835,INF200K01RA0,Contra Fund,2026-01-31,Equity,Equity,Textiles,Grasim Inds,Large Cap,EQUITY,0.65,314.4834,1115585
SBI Contra Fund - Direct (G),119835,INF200K01RA0,Contra Fund,2026-01-31,Equity,Equity,Pharmaceuticals,Sanofi India,Small Cap,EQUITY,0.21,101.0757,251576
SBI Contra Fund - Direct (G),119835,INF200K01RA0,Contra Fund,2026-01-31,Equity,Equity,Pharmaceuticals,Cipla,Mid Cap,EQUITY,1.04,508.0168,3836985
SBI Contra Fund - Direct (G),119835,INF200K01RA0,Contra Fund,2026-01-31,Equity,Equity,Banks,HDFC Bank,Large Cap,EQUITY,7.71,3758.7473,40449258
SBI Contra Fund - Direct (G),119835,INF200K01RA0,Contra Fund,2026-01-31,Equity,Equity,Banks,Punjab Natl.Bank,Large Cap,EQUITY,2.98,1450.2865,115846832
SBI Contra Fund - Direct (G),119835,INF200K01RA0,Contra Fund,2026-01-31,Equity,Equity,Capital Goods-Non Electrical Equipment,Ingersoll-Rand,Small Cap,EQUITY,0.16,76.7448,229555
SBI Contra Fund - Direct (G),119835,INF200K01RA0,Contra Fund,2026-01-31,Equity,Equity,Power Generation & Distribution,Torrent Power,Mid Cap,EQUITY,1.85,899.4992,6482410
SBI Contra Fund - Direct (G),119835,INF200K01RA0,Contra Fund,2026-01-31,Equity,Equity,Alcoholic Beverages,United Spirits,Mid Cap,EQUITY,0.82,400.2072,2937085
SBI Contra Fund - Direct (G),119835,INF200K01RA0,Contra Fund,2026-01-31,Equity,Equity,Telecom Equipment & Infra Services,Indus Towers,Large Cap,EQUITY,2.31,1123.4877,25286692
SBI Contra Fund - Direct (G),119835,INF200K01RA0,Contra Fund,2026-01-31,Equity,Equity,Sugar,EID Parry,Small Cap,EQUITY,0.1,47.8548,518414
SBI Contra Fund - Direct (G),119835,INF200K01RA0,Contra Fund,2026-01-31,Equity,Equity,Finance,HDFC AMC,Large Cap,EQUITY,0.33,163.1522,648536
SBI Contra Fund - Direct (G),119835,INF200K01RA0,Contra Fund,2026-01-31,Equity,Equity,Pharmaceuticals,Biocon,Mid Cap,EQUITY,3.02,1469.9116,40073925
SBI Contra Fund - Direct (G),119835,INF200K01RA0,Contra Fund,2026-01-31,Equity,Equity,E-Commerce/App based Aggregator,FSN E-Commerce,Mid Cap,EQUITY,1.08,526.9868,22188917
SBI Contra Fund - Direct (G),119835,INF200K01RA0,Contra Fund,2026-01-31,Equity,Equity,Banks,Kotak Mah. Bank,Large Cap,EQUITY,2.68,1306.7767,32028840
SBI Contra Fund - Direct (G),119835,INF200K01RA0,Contra Fund,2026-01-31,Equity,Equity,Banks,Axis Bank,Large Cap,EQUITY,1.38,672.0791,4904255
SBI Contra Fund - Direct (G),119835,INF200K01RA0,Contra Fund,2026-01-31,Equity,Equity,IT - Software,Tech Mahindra,Large Cap,EQUITY,1.89,923.0902,5295681
SBI Contra Fund - Direct (G),119835,INF200K01RA0,Contra Fund,2026-01-31,Equity,Equity,Consumer Durables,Whirlpool India,Small Cap,EQUITY,0.64,314.211,4040000
SBI Contra Fund - Direct (G),119835,INF200K01RA0,Contra Fund,2026-01-31,Equity,Equity,Telecom-Service,Bharti Airtel,Large Cap,EQUITY,1.27,620.5443,3152051
SBI Contra Fund - Direct (G),119835,INF200K01RA0,Contra Fund,2026-01-31,Equity,Equity,Pharmaceuticals,Aurobindo Pharma,Mid Cap,EQUITY,0.22,108.1616,895600
SBI Contra Fund - Direct (G),119835,INF200K01RA0,Contra Fund,2026-01-31,Equity,Equity,Auto Ancillaries,Automotive Axles,Small Cap,EQUITY,0.08,37.474,200000
SBI Contra Fund - Direct (G),119835,INF200K01RA0,Contra Fund,2026-01-31,Equity,Equity,Plywood Boards/Laminates,Greenply Industr,Small Cap,EQUITY,0.06,30.3925,1350179
SBI Contra Fund - Direct (G),119835,INF200K01RA0,Contra Fund,2026-01-31,Equity,Equity,Banks,SBI,Large Cap,EQUITY,1.11,538.6309,5000519
SBI Contra Fund - Direct (G),119835,INF200K01RA0,Contra Fund,2026-01-31,Equity,Equity,Banks,Equitas Sma. Fin,Small Cap,EQUITY,0.48,232.0795,33102195
SBI Contra Fund - Direct (G),119835,INF200K01RA0,Contra Fund,2026-01-31,Equity,Equity,FMCG,Dabur India,Mid Cap,EQUITY,1.96,954.7719,18846663
SBI Contra Fund - Direct (G),119835,INF200K01RA0,Contra Fund,2026-01-31,Equity,Equity,Infrastructure Developers & Operators,Larsen & Toubro,Large Cap,EQUITY,0.81,395.1962,1005000
SBI Contra Fund - Direct (G),119835,INF200K01RA0,Contra Fund,2026-01-31,Equity,Equity,IT - Software,HCL Technologies,Large Cap,EQUITY,1.23,597.8855,3526100
SBI Contra Fund - Direct (G),119835,INF200K01RA0,Contra Fund,2026-01-31,Equity,Equity,Healthcare,Aster DM Health.,Mid Cap,EQUITY,1.04,507.9562,9199605
SBI Contra Fund - Direct (G),119835,INF200K01RA0,Contra Fund,2026-01-31,Equity,Equity,Automobile,Bajaj Auto,Large Cap,EQUITY,1.28,625.5804,651816
SBI Contra Fund - Direct (G),119835,INF200K01RA0,Contra Fund,2026-01-31,Equity,Equity,Readymade Garments/ Apparells,K P R Mill Ltd,Small Cap,EQUITY,0.34,164.0086,1886132
SBI Contra Fund - Direct (G),119835,INF200K01RA0,Contra Fund,2026-01-31,Equity,Equity,Insurance,ICICI Pru Life,Mid Cap,EQUITY,1.15,562.0201,8824999
SBI Contra Fund - Direct (G),119835,INF200K01RA0,Contra Fund,2026-01-31,Equity,Equity,Finance,M & M Fin. Serv.,Mid Cap,EQUITY,1.52,740.4784,19717172
SBI Contra Fund - Direct (G),119835,INF200K01RA0,Contra Fund,2026-01-31,Equity,Equity,Auto Ancillaries,Samvardh. Mothe.,Large Cap,EQUITY,0.7,338.7,30000000
SBI Contra Fund - Direct (G),119835,INF200K01RA0,Contra Fund,2026-01-31,Equity,Equity,Tobacco Products,ITC,Large Cap,EQUITY,2.05,999.1399,31014741
SBI Contra Fund - Direct (G),119835,INF200K01RA0,Contra Fund,2026-01-31,Equity,Equity,Automobile,Tata Motors PVeh,Large Cap,EQUITY,0.89,433.8638,12394339
SBI Contra Fund - Direct (G),119835,INF200K01RA0,Contra Fund,2026-01-31,Equity,Equity,Automobile,Hero Motocorp,Large Cap,EQUITY,0.51,248.3493,448770
SBI Contra Fund - Direct (G),119835,INF200K01RA0,Contra Fund,2026-01-31,Equity,Equity,Power Generation & Distribution,CESC,Small Cap,EQUITY,0.67,328.1511,21853430
SBI Contra Fund - Direct (G),119835,INF200K01RA0,Contra Fund,2026-01-31,Equity,Equity,Capital Goods-Non Electrical Equipment,Grindwell Norton,Small Cap,EQUITY,0.25,122.9545,796647
SBI Contra Fund - Direct (G),119835,INF200K01RA0,Contra Fund,2026-01-31,Equity,Equity,Steel,Tata Steel,Large Cap,EQUITY,2.94,1430.4618,74067300
SBI Contra Fund - Direct (G),119835,INF200K01RA0,Contra Fund,2026-01-31,Equity,Equity,Banks,Bank of India,Mid Cap,EQUITY,0.4,195.7127,11926429
SBI Contra Fund - Direct (G),119835,INF200K01RA0,Contra Fund,2026-01-31,Equity,Equity,Automobile,Maruti Suzuki,Large Cap,EQUITY,1.18,574.4166,393463
SBI Contra Fund - Direct (G),119835,INF200K01RA0,Contra Fund,2026-01-31,Equity,Equity,Agro Chemicals,Rallis India,Small Cap,EQUITY,0.52,252.1612,9179514
SBI Contra Fund - Direct (G),119835,INF200K01RA0,Contra Fund,2026-01-31,Equity,Equity,Pharmaceuticals,Mankind Pharma,Mid Cap,EQUITY,0.58,282.0755,1328039
SBI Contra Fund - Direct (G),119835,INF200K01RA0,Contra Fund,2026-01-31,Equity,Equity,Refineries,I O C L,Large Cap,EQUITY,1.21,588.4733,36049578
SBI Contra Fund - Direct (G),119835,INF200K01RA0,Contra Fund,2026-01-31,Equity,Equity,Cement,The Ramco Cement,Small Cap,EQUITY,0.48,236.1807,2106875
SBI Contra Fund - Direct (G),119835,INF200K01RA0,Contra Fund,2026-01-31,Equity,Equity,Finance,ICICI AMC,Large Cap,EQUITY,0.04,19.7229,66349
SBI Contra Fund - Direct (G),119835,INF200K01RA0,Contra Fund,2026-01-31,Equity,Equity,Gas Distribution,Petronet LNG,Mid Cap,EQUITY,1.04,506.3183,17474315
SBI Contra Fund - Direct (G),119835,INF200K01RA0,Contra Fund,2026-01-31,Equity,Equity,Realty,Ashiana Housing,Small Cap,EQUITY,0.44,212.4393,7189147
SBI Contra Fund - Direct (G),119835,INF200K01RA0,Contra Fund,2026-01-31,Equity,Equity,Banks,ICICI Bank,Large Cap,EQUITY,1.47,715.65,5281550
SBI Contra Fund - Direct (G),119835,INF200K01RA0,Contra Fund,2026-01-31,Equity,Equity,Auto Ancillaries,Motherson Wiring,Small Cap,EQUITY,0.09,45.6923,10586727
SBI Contra Fund - Direct (G),119835,INF200K01RA0,Contra Fund,2026-01-31,Equity,Equity,Insurance,Life Insurance,Large Cap,EQUITY,0.52,255.6956,3101220
SBI Contra Fund - Direct (G),119835,INF200K01RA0,Contra Fund,2026-01-31,Equity,Equity,Steel,NMDC Steel,Small Cap,EQUITY,0.02,11.0668,2606407
SBI Contra Fund - Direct (G),119835,INF200K01RA0,Contra Fund,2026-01-31,Equity,Equity,Gas Distribution,GAIL (India),Mid Cap,EQUITY,1.78,869.8041,51993788
SBI Contra Fund - Direct (G),119835,INF200K01RA0,Contra Fund,2026-01-31,Equity,Equity,Capital Goods-Non Electrical Equipment,Disa India,Small Cap,EQUITY,0.28,135.9905,114711
SBI Contra Fund - Direct (G),119835,INF200K01RA0,Contra Fund,2026-01-31,Equity,Equity,Paints/Varnish,Asian Paints,Large Cap,EQUITY,0.82,398.8483,1642500
SBI Contra Fund - Direct (G),119835,INF200K01RA0,Contra Fund,2026-01-31,Equity,Equity,Financial Services,Indian Energy Ex,Small Cap,EQUITY,0.29,141.6622,11172975
SBI Contra Fund - Direct (G),119835,INF200K01RA0,Contra Fund,2026-01-31,Equity,Equity,Non Ferrous Metals,Hindalco Inds.,Large Cap,EQUITY,1.58,772.0052,8020000
SBI Contra Fund - Direct (G),119835,INF200K01RA0,Contra Fund,2026-01-31,Equity,Equity,IT - Software,Infosys,Large Cap,EQUITY,0.93,454.1157,2767311
SBI Contra Fund - Direct (G),119835,INF200K01RA0,Contra Fund,2026-01-31,Equity,Equity,Cement,Prism Johnson,Small Cap,EQUITY,0.25,121.3435,9594645
SBI Contra Fund - Direct (G),119835,INF200K01RA0,Contra Fund,2026-01-31,Equity,Equity,Cement,ACC,Small Cap,EQUITY,0.48,236.2327,1443171
SBI Contra Fund - Direct (G),119835,INF200K01RA0,Contra Fund,2026-01-31,Equity,Equity,Pharmaceuticals,Alkem Lab,Mid Cap,EQUITY,1.17,570.025,1004007
SBI Contra Fund - Direct (G),119835,INF200K01RA0,Contra Fund,2026-01-31,Equity,Equity,Capital Goods - Electrical Equipment,V-Guard Industri,Small Cap,EQUITY,0.2,95.2542,2706470
SBI Contra Fund - Direct (G),119835,INF200K01RA0,Contra Fund,2026-01-31,Equity,Equity,Automobile,Tata Motors,Large Cap,EQUITY,1.17,568.2804,12394339
SBI Contra Fund - Direct (G),119835,INF200K01RA0,Contra Fund,2026-01-31,Equity,Equity,Infrastructure Developers & Operators,G R Infraproject,Small Cap,EQUITY,0.36,174.1379,1805754
SBI Contra Fund - Direct (G),119835,INF200K01RA0,Contra Fund,2026-01-31,Equity,Equity,Crude Oil & Natural Gas,O N G C,Large Cap,EQUITY,1.32,642.7246,23896662
SBI Contra Fund - Direct (G),119835,INF200K01RA0,Contra Fund,2026-01-31,Equity,Equity,Steel,S A I L,Mid Cap,EQUITY,0.32,156.175,10333817
SBI Contra Fund - Direct (G),119835,INF200K01RA0,Contra Fund,2026-01-31,Equity,Equity,Cement,Nuvoco Vistas,Small Cap,EQUITY,0.6,291.0819,8370435
SBI Contra Fund - Direct (G),119835,INF200K01RA0,Contra Fund,2026-01-31,Equity,Equity,Capital Goods-Non Electrical Equipment,Carborundum Uni.,Small Cap,EQUITY,0.15,70.86,898953
SBI Contra Fund - Direct (G),119835,INF200K01RA0,Contra Fund,2026-01-31,Equity,Equity,Pharmaceuticals,Gland Pharma,Small Cap,EQUITY,0.31,150.1334,813026
SBI Contra Fund - Direct (G),119835,INF200K01RA0,Contra Fund,2026-01-31,Equity,Equity,IT - Software,Wipro,Large Cap,EQUITY,0.73,355.35,15000000
SBI Contra Fund - Direct (G),119835,INF200K01RA0,Contra Fund,2026-01-31,Equity,Equity,Logistics,Gateway Distri,Small Cap,EQUITY,0.12,58.2167,9934596
SBI Contra Fund - Direct (G),119835,INF200K01RA0,Contra Fund,2026-01-31,Equity,Equity,Chemicals,Neogen Chemicals,Small Cap,EQUITY,0.31,151.8523,1248272
SBI Contra Fund - Direct (G),119835,INF200K01RA0,Contra Fund,2026-01-31,Equity,Equity,Alcoholic Beverages,Sula Vineyards,Small Cap,EQUITY,0.08,37.3031,2036417
SBI Contra Fund - Direct (G),119835,INF200K01RA0,Contra Fund,2026-01-31,Equity,Equity,Logistics,Delhivery,Small Cap,EQUITY,0.62,302.6636,7156013
SBI Contra Fund - Direct (G),119835,INF200K01RA0,Contra Fund,2026-02-28,Equity,Equity,Banks,Bandhan Bank,Small Cap,EQUITY,0.56,277.3883,15242793
SBI Contra Fund - Direct (G),119835,INF200K01RA0,Contra Fund,2026-02-28,Equity,Equity,Insurance,Life Insurance,Large Cap,EQUITY,0.54,263.4176,3101220
SBI Contra Fund - Direct (G),119835,INF200K01RA0,Contra Fund,2026-02-28,Equity,Equity,Agro Chemicals,Rallis India,Small Cap,EQUITY,0.52,253.5841,9179514
SBI Contra Fund - Direct (G),119835,INF200K01RA0,Contra Fund,2026-02-28,Equity,Equity,Non Ferrous Metals,Hindalco Inds.,Large Cap,EQUITY,1.51,741.6094,8020000
SBI Contra Fund - Direct (G),119835,INF200K01RA0,Contra Fund,2026-02-28,Equity,Equity,Logistics,Gateway Distri,Small Cap,EQUITY,0.12,58.4552,9934596
SBI Contra Fund - Direct (G),119835,INF200K01RA0,Contra Fund,2026-02-28,Equity,Equity,Automobile,Maruti Suzuki,Large Cap,EQUITY,1.19,584.568,393463
SBI Contra Fund - Direct (G),119835,INF200K01RA0,Contra Fund,2026-02-28,Equity,Equity,Gas Distribution,Petronet LNG,Mid Cap,EQUITY,1.15,565.1193,17474315
SBI Contra Fund - Direct (G),119835,INF200K01RA0,Contra Fund,2026-02-28,Equity,Equity,Pharmaceuticals,Alkem Lab,Mid Cap,EQUITY,1.15,566.2097,1004007
SBI Contra Fund - Direct (G),119835,INF200K01RA0,Contra Fund,2026-02-28,Equity,Equity,Pharmaceuticals,Cipla,Mid Cap,EQUITY,1.05,517.3023,3836985
SBI Contra Fund - Direct (G),119835,INF200K01RA0,Contra Fund,2026-02-28,Equity,Equity,IT - Software,HCL Technologies,Large Cap,EQUITY,1.0,489.8106,3526100
SBI Contra Fund - Direct (G),119835,INF200K01RA0,Contra Fund,2026-02-28,Equity,Equity,Automobile,Tata Motors PVeh,Large Cap,EQUITY,0.97,474.2694,12394339
SBI Contra Fund - Direct (G),119835,INF200K01RA0,Contra Fund,2026-02-28,Equity,Equity,Steel,Tata Steel,Large Cap,EQUITY,3.2,1572.671,74067300
SBI Contra Fund - Direct (G),119835,INF200K01RA0,Contra Fund,2026-02-28,Equity,Equity,Refineries,I O C L,Large Cap,EQUITY,1.38,675.8214,36049578
SBI Contra Fund - Direct (G),119835,INF200K01RA0,Contra Fund,2026-02-28,Equity,Equity,Crude Oil & Natural Gas,O N G C,Large Cap,EQUITY,1.36,668.3896,23896662
SBI Contra Fund - Direct (G),119835,INF200K01RA0,Contra Fund,2026-02-28,Equity,Equity,Banks,Bank of India,Mid Cap,EQUITY,0.26,129.263,7342400
SBI Contra Fund - Direct (G),119835,INF200K01RA0,Contra Fund,2026-02-28,Equity,Equity,Cement,Prism Johnson,Small Cap,EQUITY,0.25,120.6719,9594645
SBI Contra Fund - Direct (G),119835,INF200K01RA0,Contra Fund,2026-02-28,Equity,Equity,Pharmaceuticals,Sanofi India,Small Cap,EQUITY,0.2,99.7524,251576
SBI Contra Fund - Direct (G),119835,INF200K01RA0,Contra Fund,2026-02-28,Equity,Equity,Automobile,Bajaj Auto,Large Cap,EQUITY,1.32,650.0235,651816
SBI Contra Fund - Direct (G),119835,INF200K01RA0,Contra Fund,2026-02-28,Equity,Equity,Power Generation & Distribution,CESC,Small Cap,EQUITY,0.7,345.612,21853430
SBI Contra Fund - Direct (G),119835,INF200K01RA0,Contra Fund,2026-02-28,Equity,Equity,Capital Goods-Non Electrical Equipment,Ingersoll-Rand,Small Cap,EQUITY,0.19,91.9689,229555
SBI Contra Fund - Direct (G),119835,INF200K01RA0,Contra Fund,2026-02-28,Equity,Equity,Automobile,Tata Motors,Large Cap,EQUITY,1.28,626.2859,12394339
SBI Contra Fund - Direct (G),119835,INF200K01RA0,Contra Fund,2026-02-28,Equity,Equity,Healthcare,Aster DM Health.,Mid Cap,EQUITY,1.23,602.2061,9199605
SBI Contra Fund - Direct (G),119835,INF200K01RA0,Contra Fund,2026-02-28,Equity,Equity,Banks,SBI,Large Cap,EQUITY,1.22,600.9124,5000519
SBI Contra Fund - Direct (G),119835,INF200K01RA0,Contra Fund,2026-02-28,Equity,Equity,Telecom-Service,Bharti Airtel,Large Cap,EQUITY,1.21,592.3649,3152051
SBI Contra Fund - Direct (G),119835,INF200K01RA0,Contra Fund,2026-02-28,Equity,Equity,Capital Goods - Electrical Equipment,V-Guard Industri,Small Cap,EQUITY,0.17,84.7666,2706470
SBI Contra Fund - Direct (G),119835,INF200K01RA0,Contra Fund,2026-02-28,Equity,Equity,Capital Goods-Non Electrical Equipment,Wendt India,Small Cap,EQUITY,0.16,79.761,116363
SBI Contra Fund - Direct (G),119835,INF200K01RA0,Contra Fund,2026-02-28,Equity,Equity,Capital Goods-Non Electrical Equipment,Carborundum Uni.,Small Cap,EQUITY,0.15,74.0063,898953
SBI Contra Fund - Direct (G),119835,INF200K01RA0,Contra Fund,2026-02-28,Equity,Equity,Textiles,Grasim Inds,Large Cap,EQUITY,0.64,312.3415,1115585
SBI Contra Fund - Direct (G),119835,INF200K01RA0,Contra Fund,2026-02-28,Equity,Equity,Logistics,Delhivery,Mid Cap,EQUITY,0.63,310.1416,7156013
SBI Contra Fund - Direct (G),119835,INF200K01RA0,Contra Fund,2026-02-28,Equity,Equity,IT - Software,Wipro,Large Cap,EQUITY,0.61,301.44,15000000
SBI Contra Fund - Direct (G),119835,INF200K01RA0,Contra Fund,2026-02-28,Equity,Equity,Pharmaceuticals,Mankind Pharma,Mid Cap,EQUITY,0.61,298.49,1328039
SBI Contra Fund - Direct (G),119835,INF200K01RA0,Contra Fund,2026-02-28,Equity,Equity,Realty,Ashiana Housing,Small Cap,EQUITY,0.47,233.144,7189147
SBI Contra Fund - Direct (G),119835,INF200K01RA0,Contra Fund,2026-02-28,Equity,Equity,Pharmaceuticals,Lupin,Large Cap,EQUITY,0.47,229.0391,995000
SBI Contra Fund - Direct (G),119835,INF200K01RA0,Contra Fund,2026-02-28,Equity,Equity,Mining & Mineral products,NMDC,Mid Cap,EQUITY,0.47,233.2778,28539000
SBI Contra Fund - Direct (G),119835,INF200K01RA0,Contra Fund,2026-02-28,Equity,Equity,Infrastructure Developers & Operators,Larsen & Toubro,Large Cap,EQUITY,0.88,429.9692,1005000
SBI Contra Fund - Direct (G),119835,INF200K01RA0,Contra Fund,2026-02-28,Equity,Equity,Alcoholic Beverages,United Spirits,Mid Cap,EQUITY,0.83,405.5527,2937085
SBI Contra Fund - Direct (G),119835,INF200K01RA0,Contra Fund,2026-02-28,Equity,Equity,Auto Ancillaries,Samvardh. Mothe.,Large Cap,EQUITY,0.81,400.02,30000000
SBI Contra Fund - Direct (G),119835,INF200K01RA0,Contra Fund,2026-02-28,Equity,Equity,IT - Software,Tech Mahindra,Large Cap,EQUITY,1.46,719.0476,5295681
SBI Contra Fund - Direct (G),119835,INF200K01RA0,Contra Fund,2026-02-28,Equity,Equity,Insurance,ICICI Pru Life,Mid Cap,EQUITY,1.46,715.7677,10936099
SBI Contra Fund - Direct (G),119835,INF200K01RA0,Contra Fund,2026-02-28,Equity,Equity,Banks,Axis Bank,Large Cap,EQUITY,1.38,678.6998,4904255
SBI Contra Fund - Direct (G),119835,INF200K01RA0,Contra Fund,2026-02-28,Equity,Equity,Steel,S A I L,Mid Cap,EQUITY,0.35,171.2417,10333817
SBI Contra Fund - Direct (G),119835,INF200K01RA0,Contra Fund,2026-02-28,Equity,Equity,Readymade Garments/ Apparells,K P R Mill Ltd,Small Cap,EQUITY,0.34,169.3369,1886132
SBI Contra Fund - Direct (G),119835,INF200K01RA0,Contra Fund,2026-02-28,Equity,Equity,Pharmaceuticals,Aurobindo Pharma,Mid Cap,EQUITY,0.31,150.1092,1230000
SBI Contra Fund - Direct (G),119835,INF200K01RA0,Contra Fund,2026-02-28,Equity,Equity,Pharmaceuticals,Gland Pharma,Small Cap,EQUITY,0.3,148.1496,813026
SBI Contra Fund - Direct (G),119835,INF200K01RA0,Contra Fund,2026-02-28,Equity,Equity,Capital Goods-Non Electrical Equipment,Disa India,Small Cap,EQUITY,0.29,141.0372,114711
SBI Contra Fund - Direct (G),119835,INF200K01RA0,Contra Fund,2026-02-28,Equity,Equity,Financial Services,Indian Energy Ex,Small Cap,EQUITY,0.29,140.3773,11172975
SBI Contra Fund - Direct (G),119835,INF200K01RA0,Contra Fund,2026-02-28,Equity,Equity,Pharmaceuticals,Biocon,Mid Cap,EQUITY,3.18,1562.0816,40073925
SBI Contra Fund - Direct (G),119835,INF200K01RA0,Contra Fund,2026-02-28,Equity,Equity,Paints/Varnish,Asian Paints,Large Cap,EQUITY,0.57,279.0757,1174462
SBI Contra Fund - Direct (G),119835,INF200K01RA0,Contra Fund,2026-02-28,Equity,Equity,Cement,Nuvoco Vistas,Small Cap,EQUITY,0.56,274.6758,8370435
SBI Contra Fund - Direct (G),119835,INF200K01RA0,Contra Fund,2026-02-28,Equity,Equity,E-Commerce/App based Aggregator,FSN E-Commerce,Mid Cap,EQUITY,1.2,589.0714,22188917
SBI Contra Fund - Direct (G),119835,INF200K01RA0,Contra Fund,2026-02-28,Equity,Equity,Infrastructure Developers & Operators,G R Infraproject,Small Cap,EQUITY,0.35,171.664,1805754
SBI Contra Fund - Direct (G),119835,INF200K01RA0,Contra Fund,2026-02-28,Equity,Equity,Auto Ancillaries,Motherson Wiring,Small Cap,EQUITY,0.09,45.7347,10586727
SBI Contra Fund - Direct (G),119835,INF200K01RA0,Contra Fund,2026-02-28,Equity,Equity,Banks,Equitas Sma. Fin,Small Cap,EQUITY,0.43,213.0788,33102195
SBI Contra Fund - Direct (G),119835,INF200K01RA0,Contra Fund,2026-02-28,Equity,Equity,Chemicals,Neogen Chemicals,Small Cap,EQUITY,0.37,182.7845,1248272
SBI Contra Fund - Direct (G),119835,INF200K01RA0,Contra Fund,2026-02-28,Equity,Equity,Finance,HDFC AMC,Large Cap,EQUITY,0.36,175.0139,648536
SBI Contra Fund - Direct (G),119835,INF200K01RA0,Contra Fund,2026-02-28,Equity,Equity,Auto Ancillaries,Automotive Axles,Small Cap,EQUITY,0.08,40.914,200000
SBI Contra Fund - Direct (G),119835,INF200K01RA0,Contra Fund,2026-02-28,Equity,Equity,Alcoholic Beverages,Sula Vineyards,Small Cap,EQUITY,0.07,34.8533,2036417
SBI Contra Fund - Direct (G),119835,INF200K01RA0,Contra Fund,2026-02-28,Equity,Equity,Plywood Boards/Laminates,Greenply Industr,Small Cap,EQUITY,0.06,29.812,1350179
SBI Contra Fund - Direct (G),119835,INF200K01RA0,Contra Fund,2026-02-28,Equity,Equity,Banks,Punjab Natl.Bank,Large Cap,EQUITY,3.05,1499.5214,115846832
SBI Contra Fund - Direct (G),119835,INF200K01RA0,Contra Fund,2026-02-28,Equity,Equity,Banks,Kotak Mah. Bank,Large Cap,EQUITY,2.71,1329.8374,32028840
SBI Contra Fund - Direct (G),119835,INF200K01RA0,Contra Fund,2026-02-28,Equity,Equity,Banks,HDFC Bank,Large Cap,EQUITY,7.31,3590.8829,40449258
SBI Contra Fund - Direct (G),119835,INF200K01RA0,Contra Fund,2026-02-28,Equity,Equity,Refineries,Reliance Industr,Large Cap,EQUITY,5.03,2469.6517,17717567
SBI Contra Fund - Direct (G),119835,INF200K01RA0,Contra Fund,2026-02-28,Equity,Equity,Telecom Equipment & Infra Services,Indus Towers,Large Cap,EQUITY,2.6,1277.8041,28086692
SBI Contra Fund - Direct (G),119835,INF200K01RA0,Contra Fund,2026-02-28,Equity,Equity,Gas Distribution,GAIL (India),Large Cap,EQUITY,2.12,1042.8432,61513788
SBI Contra Fund - Direct (G),119835,INF200K01RA0,Contra Fund,2026-02-28,Equity,Equity,Power Generation & Distribution,Torrent Power,Mid Cap,EQUITY,2.09,1025.3346,6545803
SBI Contra Fund - Direct (G),119835,INF200K01RA0,Contra Fund,2026-02-28,Equity,Equity,FMCG,Dabur India,Mid Cap,EQUITY,1.99,977.1995,18846663
SBI Contra Fund - Direct (G),119835,INF200K01RA0,Contra Fund,2026-02-28,Equity,Equity,Tobacco Products,ITC,Large Cap,EQUITY,1.98,972.6223,31014741
SBI Contra Fund - Direct (G),119835,INF200K01RA0,Contra Fund,2026-02-28,Equity,Equity,Banks,ICICI Bank,Large Cap,EQUITY,1.96,962.6859,6981550
SBI Contra Fund - Direct (G),119835,INF200K01RA0,Contra Fund,2026-02-28,Equity,Equity,Finance,M & M Fin. Serv.,Mid Cap,EQUITY,1.54,757.1477,20228366
SBI Contra Fund - Direct (G),119835,INF200K01RA0,Contra Fund,2026-02-28,Equity,Equity,Consumer Durables,Whirlpool India,Small Cap,EQUITY,0.76,372.4274,4040000
SBI Contra Fund - Direct (G),119835,INF200K01RA0,Contra Fund,2026-02-28,Equity,Equity,IT - Software,Infosys,Large Cap,EQUITY,0.73,359.7781,2767311
SBI Contra Fund - Direct (G),119835,INF200K01RA0,Contra Fund,2026-02-28,Equity,Equity,Bearings,Timken India,Small Cap,EQUITY,0.26,125.8346,362333
SBI Contra Fund - Direct (G),119835,INF200K01RA0,Contra Fund,2026-02-28,Equity,Equity,Capital Goods-Non Electrical Equipment,Grindwell Norton,Small Cap,EQUITY,0.27,132.4346,796647
SBI Contra Fund - Direct (G),119835,INF200K01RA0,Contra Fund,2026-02-28,Equity,Equity,Sugar,EID Parry,Small Cap,EQUITY,0.27,131.3732,1518414
SBI Contra Fund - Direct (G),119835,INF200K01RA0,Contra Fund,2026-02-28,Equity,Equity,Agro Chemicals,UPL,Mid Cap,EQUITY,0.26,127.48,2000000
SBI Contra Fund - Direct (G),119835,INF200K01RA0,Contra Fund,2026-02-28,Equity,Equity,Automobile,Hero Motocorp,Mid Cap,EQUITY,0.52,256.2477,448770
SBI Contra Fund - Direct (G),119835,INF200K01RA0,Contra Fund,2026-02-28,Equity,Equity,IT - Software,TCS,Large Cap,EQUITY,0.5,245.9112,932400
SBI Contra Fund - Direct (G),119835,INF200K01RA0,Contra Fund,2026-02-28,Equity,Equity,Cement,The Ramco Cement,Small Cap,EQUITY,0.48,238.0347,2106875
SBI Contra Fund - Direct (G),119835,INF200K01RA0,Contra Fund,2026-02-28,Equity,Equity,Steel,NMDC Steel,Small Cap,EQUITY,0.02,10.5742,2606407
SBI Contra Fund - Direct (G),119835,INF200K01RA0,Contra Fund,2026-02-28,Equity,Equity,Cement,ACC,Small Cap,EQUITY,0.47,229.8106,1443171
SBI Contra Fund - Direct (G),119835,INF200K01RA0,Contra Fund,2026-03-31,Equity,Equity,Textiles,Grasim Inds,Large Cap,EQUITY,0.65,285.3332,1115585
SBI Contra Fund - Direct (G),119835,INF200K01RA0,Contra Fund,2026-03-31,Equity,Equity,IT - Software,Wipro,Large Cap,EQUITY,0.64,281.46,15000000
SBI Contra Fund - Direct (G),119835,INF200K01RA0,Contra Fund,2026-03-31,Equity,Equity,Pharmaceuticals,Mankind Pharma,Mid Cap,EQUITY,0.61,266.3781,1328039
SBI Contra Fund - Direct (G),119835,INF200K01RA0,Contra Fund,2026-03-31,Equity,Equity,Cement,Nuvoco Vistas,Small Cap,EQUITY,0.54,235.2929,8370435
SBI Contra Fund - Direct (G),119835,INF200K01RA0,Contra Fund,2026-03-31,Equity,Equity,E-Commerce/App based Aggregator,FSN E-Commerce,Mid Cap,EQUITY,1.19,521.4395,22188917
SBI Contra Fund - Direct (G),119835,INF200K01RA0,Contra Fund,2026-03-31,Equity,Equity,Refineries,I O C L,Large Cap,EQUITY,1.12,488.1113,36049578
SBI Contra Fund - Direct (G),119835,INF200K01RA0,Contra Fund,2026-03-31,Equity,Equity,Banks,SBI,Large Cap,EQUITY,1.12,489.7508,5000519
SBI Contra Fund - Direct (G),119835,INF200K01RA0,Contra Fund,2026-03-31,Equity,Equity,Automobile,Tata Motors,Large Cap,EQUITY,1.12,489.3285,12394339
SBI Contra Fund - Direct (G),119835,INF200K01RA0,Contra Fund,2026-03-31,Equity,Equity,Infrastructure Developers & Operators,G R Infraproject,Small Cap,EQUITY,0.33,143.729,1805754
SBI Contra Fund - Direct (G),119835,INF200K01RA0,Contra Fund,2026-03-31,Equity,Equity,Chemicals,Neogen Chemicals,Small Cap,EQUITY,0.32,138.8078,1248272
SBI Contra Fund - Direct (G),119835,INF200K01RA0,Contra Fund,2026-03-31,Equity,Equity,Capital Goods-Non Electrical Equipment,Disa India,Small Cap,EQUITY,0.29,126.5199,114711
SBI Contra Fund - Direct (G),119835,INF200K01RA0,Contra Fund,2026-03-31,Equity,Equity,Auto Ancillaries,Motherson Wiring,Small Cap,EQUITY,0.09,39.065,10586727
SBI Contra Fund - Direct (G),119835,INF200K01RA0,Contra Fund,2026-03-31,Equity,Equity,Financial Services,Indian Energy Ex,Small Cap,EQUITY,0.29,128.2099,11172975
SBI Contra Fund - Direct (G),119835,INF200K01RA0,Contra Fund,2026-03-31,Equity,Equity,Banks,HDFC Bank,Large Cap,EQUITY,6.76,2959.0655,40449258
SBI Contra Fund - Direct (G),119835,INF200K01RA0,Contra Fund,2026-03-31,Equity,Equity,Refineries,Reliance Industr,Large Cap,EQUITY,5.44,2381.0638,17717567
SBI Contra Fund - Direct (G),119835,INF200K01RA0,Contra Fund,2026-03-31,Equity,Equity,Pharmaceuticals,Biocon,Mid Cap,EQUITY,3.31,1446.268,40073925
SBI Contra Fund - Direct (G),119835,INF200K01RA0,Contra Fund,2026-03-31,Equity,Equity,Steel,Tata Steel,Large Cap,EQUITY,3.25,1421.0552,74067300
SBI Contra Fund - Direct (G),119835,INF200K01RA0,Contra Fund,2026-03-31,Equity,Equity,Banks,ICICI Bank,Large Cap,EQUITY,3.03,1324.2651,10981550
SBI Contra Fund - Direct (G),119835,INF200K01RA0,Contra Fund,2026-03-31,Equity,Equity,Telecom Equipment & Infra Services,Indus Towers,Mid Cap,EQUITY,2.68,1174.445,28086692
SBI Contra Fund - Direct (G),119835,INF200K01RA0,Contra Fund,2026-03-31,Equity,Equity,Alcoholic Beverages,United Spirits,Mid Cap,EQUITY,0.82,357.9719,2937085
SBI Contra Fund - Direct (G),119835,INF200K01RA0,Contra Fund,2026-03-31,Equity,Equity,Infrastructure Developers & Operators,Larsen & Toubro,Large Cap,EQUITY,0.8,352.1621,1005000
SBI Contra Fund - Direct (G),119835,INF200K01RA0,Contra Fund,2026-03-31,Equity,Equity,IT - Software,Infosys,Large Cap,EQUITY,0.79,346.0799,2767311
SBI Contra Fund - Direct (G),119835,INF200K01RA0,Contra Fund,2026-03-31,Equity,Equity,Banks,Punjab Natl.Bank,Large Cap,EQUITY,2.66,1164.9557,115846832
SBI Contra Fund - Direct (G),119835,INF200K01RA0,Contra Fund,2026-03-31,Equity,Equity,Banks,Kotak Mah. Bank,Large Cap,EQUITY,2.59,1131.8992,32028840
SBI Contra Fund - Direct (G),119835,INF200K01RA0,Contra Fund,2026-03-31,Equity,Equity,Power Generation & Distribution,Torrent Power,Mid Cap,EQUITY,2.08,911.7631,6982410
SBI Contra Fund - Direct (G),119835,INF200K01RA0,Contra Fund,2026-03-31,Equity,Equity,Tobacco Products,ITC,Large Cap,EQUITY,2.04,892.2941,31014741
SBI Contra Fund - Direct (G),119835,INF200K01RA0,Contra Fund,2026-03-31,Equity,Equity,Banks,Equitas Sma. Fin,Small Cap,EQUITY,0.39,171.2377,33102195
SBI Contra Fund - Direct (G),119835,INF200K01RA0,Contra Fund,2026-03-31,Equity,Equity,Pharmaceuticals,Sanofi India,Small Cap,EQUITY,0.18,80.7483,251576
SBI Contra Fund - Direct (G),119835,INF200K01RA0,Contra Fund,2026-03-31,Equity,Equity,Gas Distribution,GAIL (India),Large Cap,EQUITY,1.94,847.1064,61513788
SBI Contra Fund - Direct (G),119835,INF200K01RA0,Contra Fund,2026-03-31,Equity,Equity,Capital Goods-Non Electrical Equipment,Grindwell Norton,Small Cap,EQUITY,0.25,107.7943,796647
SBI Contra Fund - Direct (G),119835,INF200K01RA0,Contra Fund,2026-03-31,Equity,Equity,Agro Chemicals,Rallis India,Small Cap,EQUITY,0.46,200.3429,9179514
SBI Contra Fund - Direct (G),119835,INF200K01RA0,Contra Fund,2026-03-31,Equity,Equity,Cement,The Ramco Cement,Small Cap,EQUITY,0.44,193.8536,2106875
SBI Contra Fund - Direct (G),119835,INF200K01RA0,Contra Fund,2026-03-31,Equity,Equity,Pharmaceuticals,Gland Pharma,Small Cap,EQUITY,0.43,188.7803,1113026
SBI Contra Fund - Direct (G),119835,INF200K01RA0,Contra Fund,2026-03-31,Equity,Equity,FMCG,Dabur India,Mid Cap,EQUITY,1.77,773.5613,18846663
SBI Contra Fund - Direct (G),119835,INF200K01RA0,Contra Fund,2026-03-31,Equity,Equity,IT - Software,Tech Mahindra,Large Cap,EQUITY,1.68,732.9223,5295681
SBI Contra Fund - Direct (G),119835,INF200K01RA0,Contra Fund,2026-03-31,Equity,Equity,Non Ferrous Metals,Hindalco Inds.,Large Cap,EQUITY,1.62,709.3289,8020000
SBI Contra Fund - Direct (G),119835,INF200K01RA0,Contra Fund,2026-03-31,Equity,Equity,Crude Oil & Natural Gas,O N G C,Large Cap,EQUITY,1.55,680.2185,23896662
SBI Contra Fund - Direct (G),119835,INF200K01RA0,Contra Fund,2026-03-31,Equity,Equity,Capital Goods-Non Electrical Equipment,Wendt India,Small Cap,EQUITY,0.23,98.5618,166363
SBI Contra Fund - Direct (G),119835,INF200K01RA0,Contra Fund,2026-03-31,Equity,Equity,Capital Goods - Electrical Equipment,V-Guard Industri,Small Cap,EQUITY,0.19,85.2673,2706470
SBI Contra Fund - Direct (G),119835,INF200K01RA0,Contra Fund,2026-03-31,Equity,Equity,Capital Goods-Non Electrical Equipment,Ingersoll-Rand,Small Cap,EQUITY,0.18,80.0871,229555
SBI Contra Fund - Direct (G),119835,INF200K01RA0,Contra Fund,2026-03-31,Equity,Equity,Automobile,Maruti Suzuki,Large Cap,EQUITY,1.11,484.1956,393463
SBI Contra Fund - Direct (G),119835,INF200K01RA0,Contra Fund,2026-03-31,Equity,Equity,IT - Software,TCS,Large Cap,EQUITY,0.5,219.9438,932400
SBI Contra Fund - Direct (G),119835,INF200K01RA0,Contra Fund,2026-03-31,Equity,Equity,Capital Goods-Non Electrical Equipment,Carborundum Uni.,Small Cap,EQUITY,0.16,69.7318,898953
SBI Contra Fund - Direct (G),119835,INF200K01RA0,Contra Fund,2026-03-31,Equity,Equity,Logistics,Gateway Distri,Small Cap,EQUITY,0.11,50.2194,9934596
SBI Contra Fund - Direct (G),119835,INF200K01RA0,Contra Fund,2026-03-31,Equity,Equity,Banks,Bank of India,Mid Cap,EQUITY,0.1,45.0204,3286400
SBI Contra Fund - Direct (G),119835,INF200K01RA0,Contra Fund,2026-03-31,Equity,Equity,Steel,NMDC Steel,Small Cap,EQUITY,0.02,8.6533,2606407
SBI Contra Fund - Direct (G),119835,INF200K01RA0,Contra Fund,2026-03-31,Equity,Equity,IT - Software,HCL Technologies,Large Cap,EQUITY,1.08,473.0616,3526100
SBI Contra Fund - Direct (G),119835,INF200K01RA0,Contra Fund,2026-03-31,Equity,Equity,Pharmaceuticals,Cipla,Mid Cap,EQUITY,1.07,469.7237,3836985
SBI Contra Fund - Direct (G),119835,INF200K01RA0,Contra Fund,2026-03-31,Equity,Equity,Gas Distribution,Petronet LNG,Mid Cap,EQUITY,0.99,434.1494,17474315
SBI Contra Fund - Direct (G),119835,INF200K01RA0,Contra Fund,2026-03-31,Equity,Equity,Cement,ACC,Small Cap,EQUITY,0.41,181.0602,1443171
SBI Contra Fund - Direct (G),119835,INF200K01RA0,Contra Fund,2026-03-31,Equity,Equity,Pharmaceuticals,Lupin,Large Cap,EQUITY,0.53,230.2331,995000
SBI Contra Fund - Direct (G),119835,INF200K01RA0,Contra Fund,2026-03-31,Equity,Equity,Automobile,Tata Motors PVeh,Large Cap,EQUITY,0.84,367.1203,12394339
SBI Contra Fund - Direct (G),119835,INF200K01RA0,Contra Fund,2026-03-31,Equity,Equity,Automobile,Hero Motocorp,Mid Cap,EQUITY,0.52,227.2123,448770
SBI Contra Fund - Direct (G),119835,INF200K01RA0,Contra Fund,2026-03-31,Equity,Equity,Agro Chemicals,UPL,Mid Cap,EQUITY,0.52,227.18,4000000
SBI Contra Fund - Direct (G),119835,INF200K01RA0,Contra Fund,2026-03-31,Equity,Equity,Insurance,Life Insurance,Large Cap,EQUITY,0.51,225.04,3101220
SBI Contra Fund - Direct (G),119835,INF200K01RA0,Contra Fund,2026-03-31,Equity,Equity,Telecom-Service,Bharti Airtel,Large Cap,EQUITY,1.28,561.8216,3152051
SBI Contra Fund - Direct (G),119835,INF200K01RA0,Contra Fund,2026-03-31,Equity,Equity,Insurance,ICICI Pru Life,Mid Cap,EQUITY,1.27,557.2489,10936099
SBI Contra Fund - Direct (G),119835,INF200K01RA0,Contra Fund,2026-03-31,Equity,Equity,Pharmaceuticals,Alkem Lab,Mid Cap,EQUITY,1.22,532.0233,1004007
SBI Contra Fund - Direct (G),119835,INF200K01RA0,Contra Fund,2026-03-31,Equity,Equity,Finance,HDFC AMC,Large Cap,EQUITY,0.33,143.7415,648536
SBI Contra Fund - Direct (G),119835,INF200K01RA0,Contra Fund,2026-03-31,Equity,Equity,Sugar,EID Parry,Small Cap,EQUITY,0.27,117.753,1518414
SBI Contra Fund - Direct (G),119835,INF200K01RA0,Contra Fund,2026-03-31,Equity,Equity,Cement,Prism Johnson,Small Cap,EQUITY,0.27,119.9906,9594645
SBI Contra Fund - Direct (G),119835,INF200K01RA0,Contra Fund,2026-03-31,Equity,Equity,Bearings,Timken India,Small Cap,EQUITY,0.27,116.8633,362333
SBI Contra Fund - Direct (G),119835,INF200K01RA0,Contra Fund,2026-03-31,Equity,Equity,Power Generation & Distribution,CESC,Small Cap,EQUITY,0.75,328.173,21853430
SBI Contra Fund - Direct (G),119835,INF200K01RA0,Contra Fund,2026-03-31,Equity,Equity,Pharmaceuticals,Aurobindo Pharma,Mid Cap,EQUITY,0.37,160.4412,1230000
SBI Contra Fund - Direct (G),119835,INF200K01RA0,Contra Fund,2026-03-31,Equity,Equity,Readymade Garments/ Apparells,K P R Mill Ltd,Small Cap,EQUITY,0.36,156.4452,1886132
SBI Contra Fund - Direct (G),119835,INF200K01RA0,Contra Fund,2026-03-31,Equity,Equity,Steel,S A I L,Mid Cap,EQUITY,0.36,156.4747,10333817
SBI Contra Fund - Direct (G),119835,INF200K01RA0,Contra Fund,2026-03-31,Equity,Equity,Realty,Ashiana Housing,Small Cap,EQUITY,0.46,201.0804,7189147
SBI Contra Fund - Direct (G),119835,INF200K01RA0,Contra Fund,2026-03-31,Equity,Equity,Consumer Durables,Whirlpool India,Small Cap,EQUITY,0.73,319.0388,4040000
SBI Contra Fund - Direct (G),119835,INF200K01RA0,Contra Fund,2026-03-31,Equity,Equity,Auto Ancillaries,Samvardh. Mothe.,Large Cap,EQUITY,0.72,315.24,30000000
SBI Contra Fund - Direct (G),119835,INF200K01RA0,Contra Fund,2026-03-31,Equity,Equity,Logistics,Delhivery,Mid Cap,EQUITY,0.68,298.1911,7156013
SBI Contra Fund - Direct (G),119835,INF200K01RA0,Contra Fund,2026-03-31,Equity,Equity,Auto Ancillaries,Automotive Axles,Small Cap,EQUITY,0.07,30.942,200000
SBI Contra Fund - Direct (G),119835,INF200K01RA0,Contra Fund,2026-03-31,Equity,Equity,Alcoholic Beverages,Sula Vineyards,Small Cap,EQUITY,0.06,28.3754,2036417
SBI Contra Fund - Direct (G),119835,INF200K01RA0,Contra Fund,2026-03-31,Equity,Equity,Plywood Boards/Laminates,Greenply Industr,Small Cap,EQUITY,0.06,24.3451,1350179
SBI Contra Fund - Direct (G),119835,INF200K01RA0,Contra Fund,2026-03-31,Equity,Equity,Mining & Mineral products,NMDC,Mid Cap,EQUITY,0.5,217.667,28539000
SBI Contra Fund - Direct (G),119835,INF200K01RA0,Contra Fund,2026-03-31,Equity,Equity,Banks,Bandhan Bank,Small Cap,EQUITY,0.49,215.4569,15242793
SBI Contra Fund - Direct (G),119835,INF200K01RA0,Contra Fund,2026-03-31,Equity,Equity,Paints/Varnish,Asian Paints,Large Cap,EQUITY,0.47,203.7912,941212
SBI Contra Fund - Direct (G),119835,INF200K01RA0,Contra Fund,2026-03-31,Equity,Equity,Finance,M & M Fin. Serv.,Mid Cap,EQUITY,1.55,678.5483,23717172
SBI Contra Fund - Direct (G),119835,INF200K01RA0,Contra Fund,2026-03-31,Equity,Equity,Healthcare,Aster DM Health.,Mid Cap,EQUITY,1.41,616.3735,9199605
SBI Contra Fund - Direct (G),119835,INF200K01RA0,Contra Fund,2026-03-31,Equity,Equity,Automobile,Bajaj Auto,Large Cap,EQUITY,1.31,572.3922,651816
SBI Contra Fund - Direct (G),119835,INF200K01RA0,Contra Fund,2026-03-31,Equity,Equity,Banks,Axis Bank,Large Cap,EQUITY,1.3,569.5311,4904255
SBI Contra Fund - Direct (G),119835,INF200K01RA0,Contra Fund,2026-04-30,Equity,Equity,IT - Software,Wipro,Large Cap,EQUITY,0.64,300.975,15000000
SBI Contra Fund - Direct (G),119835,INF200K01RA0,Contra Fund,2026-04-30,Equity,Equity,Pharmaceuticals,Mankind Pharma,Mid Cap,EQUITY,0.63,298.3705,1328039
SBI Contra Fund - Direct (G),119835,INF200K01RA0,Contra Fund,2026-04-30,Equity,Equity,Agro Chemicals,UPL,Mid Cap,EQUITY,0.57,268.4782,4182881
SBI Contra Fund - Direct (G),119835,INF200K01RA0,Contra Fund,2026-04-30,Equity,Equity,Cement,Prism Johnson,Small Cap,EQUITY,0.54,255.3311,19077339
SBI Contra Fund - Direct (G),119835,INF200K01RA0,Contra Fund,2026-04-30,Equity,Equity,Mining & Mineral products,NMDC,Mid Cap,EQUITY,0.54,257.9069,28539000
SBI Contra Fund - Direct (G),119835,INF200K01RA0,Contra Fund,2026-04-30,Equity,Equity,Insurance,Life Insurance,Large Cap,EQUITY,0.52,247.4463,3101220
SBI Contra Fund - Direct (G),119835,INF200K01RA0,Contra Fund,2026-04-30,Equity,Equity,Cement,Nuvoco Vistas,Small Cap,EQUITY,0.52,248.3508,8370435
SBI Contra Fund - Direct (G),119835,INF200K01RA0,Contra Fund,2026-04-30,Equity,Equity,Steel,NMDC Steel,Small Cap,EQUITY,0.02,11.1346,2606407
SBI Contra Fund - Direct (G),119835,INF200K01RA0,Contra Fund,2026-04-30,Equity,Equity,Realty,Ashiana Housing,Small Cap,EQUITY,0.52,246.3361,7189147
SBI Contra Fund - Direct (G),119835,INF200K01RA0,Contra Fund,2026-04-30,Equity,Equity,Agro Chemicals,Rallis India,Small Cap,EQUITY,0.52,244.0925,9179514
SBI Contra Fund - Direct (G),119835,INF200K01RA0,Contra Fund,2026-04-30,Equity,Equity,IT - Software,TCS,Large Cap,EQUITY,0.49,230.6664,932400
SBI Contra Fund - Direct (G),119835,INF200K01RA0,Contra Fund,2026-04-30,Equity,Equity,Pharmaceuticals,Lupin,Mid Cap,EQUITY,0.48,229.3674,995000
SBI Contra Fund - Direct (G),119835,INF200K01RA0,Contra Fund,2026-04-30,Equity,Equity,Automobile,Hero Motocorp,Mid Cap,EQUITY,0.48,228.8278,448770
SBI Contra Fund - Direct (G),119835,INF200K01RA0,Contra Fund,2026-04-30,Equity,Equity,Automobile,Bajaj Auto,Large Cap,EQUITY,1.38,651.4249,651816
SBI Contra Fund - Direct (G),119835,INF200K01RA0,Contra Fund,2026-04-30,Equity,Equity,Banks,Equitas Sma. Fin,Small Cap,EQUITY,0.47,221.2882,33102195
SBI Contra Fund - Direct (G),119835,INF200K01RA0,Contra Fund,2026-04-30,Equity,Equity,Cement,ACC,Small Cap,EQUITY,0.43,205.2333,1443171
SBI Contra Fund - Direct (G),119835,INF200K01RA0,Contra Fund,2026-04-30,Equity,Equity,Chemicals,Neogen Chemicals,Small Cap,EQUITY,0.43,204.4045,1248272
SBI Contra Fund - Direct (G),119835,INF200K01RA0,Contra Fund,2026-04-30,Equity,Equity,Cement,The Ramco Cement,Small Cap,EQUITY,0.42,197.0139,2106875
SBI Contra Fund - Direct (G),119835,INF200K01RA0,Contra Fund,2026-04-30,Equity,Equity,Pharmaceuticals,Gland Pharma,Mid Cap,EQUITY,0.41,194.8686,1113026
SBI Contra Fund - Direct (G),119835,INF200K01RA0,Contra Fund,2026-04-30,Equity,Equity,Steel,S A I L,Mid Cap,EQUITY,0.4,190.7829,10333817
SBI Contra Fund - Direct (G),119835,INF200K01RA0,Contra Fund,2026-04-30,Equity,Equity,Paints/Varnish,Asian Paints,Large Cap,EQUITY,0.39,183.216,749503
SBI Contra Fund - Direct (G),119835,INF200K01RA0,Contra Fund,2026-04-30,Equity,Equity,Readymade Garments/ Apparells,K P R Mill Ltd,Mid Cap,EQUITY,0.37,176.6551,1886132
SBI Contra Fund - Direct (G),119835,INF200K01RA0,Contra Fund,2026-04-30,Equity,Equity,Finance,HDFC AMC,Mid Cap,EQUITY,0.37,175.9219,648536
SBI Contra Fund - Direct (G),119835,INF200K01RA0,Contra Fund,2026-04-30,Equity,Equity,Pharmaceuticals,Aurobindo Pharma,Mid Cap,EQUITY,0.36,169.5353,1220117
SBI Contra Fund - Direct (G),119835,INF200K01RA0,Contra Fund,2026-04-30,Equity,Equity,Infrastructure Developers & Operators,G R Infraproject,Small Cap,EQUITY,0.36,169.2353,1805754
SBI Contra Fund - Direct (G),119835,INF200K01RA0,Contra Fund,2026-04-30,Equity,Equity,Capital Goods-Non Electrical Equipment,Disa India,Small Cap,EQUITY,0.3,142.6145,114711
SBI Contra Fund - Direct (G),119835,INF200K01RA0,Contra Fund,2026-04-30,Equity,Equity,Financial Services,Indian Energy Ex,Small Cap,EQUITY,0.3,139.8745,11172975
SBI Contra Fund - Direct (G),119835,INF200K01RA0,Contra Fund,2026-04-30,Equity,Equity,Sugar,EID Parry,Small Cap,EQUITY,0.27,128.1541,1518414
SBI Contra Fund - Direct (G),119835,INF200K01RA0,Contra Fund,2026-04-30,Equity,Equity,Capital Goods-Non Electrical Equipment,Grindwell Norton,Small Cap,EQUITY,0.27,125.5436,796647
SBI Contra Fund - Direct (G),119835,INF200K01RA0,Contra Fund,2026-04-30,Equity,Equity,Bearings,Timken India,Small Cap,EQUITY,0.26,124.2367,362333
SBI Contra Fund - Direct (G),119835,INF200K01RA0,Contra Fund,2026-04-30,Equity,Equity,Capital Goods-Non Electrical Equipment,Wendt India,Small Cap,EQUITY,0.24,115.3894,166363
SBI Contra Fund - Direct (G),119835,INF200K01RA0,Contra Fund,2026-04-30,Equity,Equity,Capital Goods-Non Electrical Equipment,Ingersoll-Rand,Small Cap,EQUITY,0.21,101.4105,229555
SBI Contra Fund - Direct (G),119835,INF200K01RA0,Contra Fund,2026-04-30,Equity,Equity,Capital Goods - Electrical Equipment,V-Guard Industri,Small Cap,EQUITY,0.19,89.3676,2706470
SBI Contra Fund - Direct (G),119835,INF200K01RA0,Contra Fund,2026-04-30,Equity,Equity,Alcoholic Beverages,Sula Vineyards,Small Cap,EQUITY,0.07,35.454,2036417
SBI Contra Fund - Direct (G),119835,INF200K01RA0,Contra Fund,2026-04-30,Equity,Equity,Healthcare,Aster DM Health.,Mid Cap,EQUITY,1.36,644.9383,9199605
SBI Contra Fund - Direct (G),119835,INF200K01RA0,Contra Fund,2026-04-30,Equity,Equity,Banks,Axis Bank,Large Cap,EQUITY,1.31,622.0067,4904255
SBI Contra Fund - Direct (G),119835,INF200K01RA0,Contra Fund,2026-04-30,Equity,Equity,Non Ferrous Metals,Hindalco Inds.,Large Cap,EQUITY,1.3,614.496,5920000
SBI Contra Fund - Direct (G),119835,INF200K01RA0,Contra Fund,2026-04-30,Equity,Equity,Telecom-Service,Bharti Airtel,Large Cap,EQUITY,1.26,594.729,3152051
SBI Contra Fund - Direct (G),119835,INF200K01RA0,Contra Fund,2026-04-30,Equity,Equity,Pharmaceuticals,Sanofi India,Small Cap,EQUITY,0.18,85.717,251576
SBI Contra Fund - Direct (G),119835,INF200K01RA0,Contra Fund,2026-04-30,Equity,Equity,E-Commerce/App based Aggregator,FSN E-Commerce,Mid Cap,EQUITY,1.24,587.4738,22188917
SBI Contra Fund - Direct (G),119835,INF200K01RA0,Contra Fund,2026-04-30,Equity,Equity,Insurance,ICICI Pru Life,Mid Cap,EQUITY,1.19,561.9514,10936099
SBI Contra Fund - Direct (G),119835,INF200K01RA0,Contra Fund,2026-04-30,Equity,Equity,Pharmaceuticals,Alkem Lab,Mid Cap,EQUITY,1.14,542.1638,1004007
SBI Contra Fund - Direct (G),119835,INF200K01RA0,Contra Fund,2026-04-30,Equity,Equity,Banks,SBI,Large Cap,EQUITY,1.13,534.2805,5000519
SBI Contra Fund - Direct (G),119835,INF200K01RA0,Contra Fund,2026-04-30,Equity,Equity,Automobile,Maruti Suzuki,Large Cap,EQUITY,1.11,523.8566,393463
SBI Contra Fund - Direct (G),119835,INF200K01RA0,Contra Fund,2026-04-30,Equity,Equity,Refineries,I O C L,Large Cap,EQUITY,1.08,512.8052,36049578
SBI Contra Fund - Direct (G),119835,INF200K01RA0,Contra Fund,2026-04-30,Equity,Equity,Automobile,Tata Motors,Large Cap,EQUITY,1.07,508.044,12394339
SBI Contra Fund - Direct (G),119835,INF200K01RA0,Contra Fund,2026-04-30,Equity,Equity,Pharmaceuticals,Cipla,Large Cap,EQUITY,1.06,502.4916,3836985
SBI Contra Fund - Direct (G),119835,INF200K01RA0,Contra Fund,2026-04-30,Equity,Equity,Gas Distribution,Petronet LNG,Mid Cap,EQUITY,1.02,483.6191,17474315
SBI Contra Fund - Direct (G),119835,INF200K01RA0,Contra Fund,2026-04-30,Equity,Equity,Logistics,Delhivery,Small Cap,EQUITY,0.9,425.8303,9117446
SBI Contra Fund - Direct (G),119835,INF200K01RA0,Contra Fund,2026-04-30,Equity,Equity,IT - Software,HCL Technologies,Large Cap,EQUITY,0.89,422.8147,3526100
SBI Contra Fund - Direct (G),119835,INF200K01RA0,Contra Fund,2026-04-30,Equity,Equity,Automobile,Tata Motors PVeh,Large Cap,EQUITY,0.89,423.3286,12394339
SBI Contra Fund - Direct (G),119835,INF200K01RA0,Contra Fund,2026-04-30,Equity,Equity,Banks,HDFC Bank,Large Cap,EQUITY,6.59,3121.4692,40449258
SBI Contra Fund - Direct (G),119835,INF200K01RA0,Contra Fund,2026-04-30,Equity,Equity,Refineries,Reliance Industr,Large Cap,EQUITY,5.35,2535.0295,17717567
SBI Contra Fund - Direct (G),119835,INF200K01RA0,Contra Fund,2026-04-30,Equity,Equity,Pharmaceuticals,Biocon,Mid Cap,EQUITY,3.04,1441.2587,40073925
SBI Contra Fund - Direct (G),119835,INF200K01RA0,Contra Fund,2026-04-30,Equity,Equity,Steel,Tata Steel,Large Cap,EQUITY,2.98,1412.2716,66818300
SBI Contra Fund - Direct (G),119835,INF200K01RA0,Contra Fund,2026-04-30,Equity,Equity,Banks,ICICI Bank,Large Cap,EQUITY,2.93,1387.409,10981550
SBI Contra Fund - Direct (G),119835,INF200K01RA0,Contra Fund,2026-04-30,Equity,Equity,Banks,Punjab Natl.Bank,Large Cap,EQUITY,2.68,1266.901,115846832
SBI Contra Fund - Direct (G),119835,INF200K01RA0,Contra Fund,2026-04-30,Equity,Equity,Banks,Kotak Mah. Bank,Large Cap,EQUITY,2.59,1227.6654,32028840
SBI Contra Fund - Direct (G),119835,INF200K01RA0,Contra Fund,2026-04-30,Equity,Equity,Power Generation & Distribution,Torrent Power,Mid Cap,EQUITY,2.56,1212.1464,6982410
SBI Contra Fund - Direct (G),119835,INF200K01RA0,Contra Fund,2026-04-30,Equity,Equity,Telecom Equipment & Infra Services,Indus Towers,Large Cap,EQUITY,2.43,1151.4139,28086692
SBI Contra Fund - Direct (G),119835,INF200K01RA0,Contra Fund,2026-04-30,Equity,Equity,Gas Distribution,GAIL (India),Large Cap,EQUITY,2.12,1004.0896,61513788
SBI Contra Fund - Direct (G),119835,INF200K01RA0,Contra Fund,2026-04-30,Equity,Equity,Tobacco Products,ITC,Large Cap,EQUITY,2.06,976.6542,31014741
SBI Contra Fund - Direct (G),119835,INF200K01RA0,Contra Fund,2026-04-30,Equity,Equity,Capital Goods-Non Electrical Equipment,Carborundum Uni.,Small Cap,EQUITY,0.18,85.5579,898953
SBI Contra Fund - Direct (G),119835,INF200K01RA0,Contra Fund,2026-04-30,Equity,Equity,Logistics,Gateway Distri,Small Cap,EQUITY,0.12,56.9948,9934596
SBI Contra Fund - Direct (G),119835,INF200K01RA0,Contra Fund,2026-04-30,Equity,Equity,Banks,Bank of India,Mid Cap,EQUITY,0.1,45.9669,3286400
SBI Contra Fund - Direct (G),119835,INF200K01RA0,Contra Fund,2026-04-30,Equity,Equity,FMCG,Dabur India,Mid Cap,EQUITY,1.76,832.0802,18846663
SBI Contra Fund - Direct (G),119835,INF200K01RA0,Contra Fund,2026-04-30,Equity,Equity,Auto Ancillaries,Motherson Wiring,Small Cap,EQUITY,0.09,42.9186,10586727
SBI Contra Fund - Direct (G),119835,INF200K01RA0,Contra Fund,2026-04-30,Equity,Equity,IT - Software,Tech Mahindra,Large Cap,EQUITY,1.65,780.3186,5295681
SBI Contra Fund - Direct (G),119835,INF200K01RA0,Contra Fund,2026-04-30,Equity,Equity,Finance,M & M Fin. Serv.,Mid Cap,EQUITY,1.56,736.8925,23717172
SBI Contra Fund - Direct (G),119835,INF200K01RA0,Contra Fund,2026-04-30,Equity,Equity,Crude Oil & Natural Gas,O N G C,Large Cap,EQUITY,1.51,715.8245,23896662
SBI Contra Fund - Direct (G),119835,INF200K01RA0,Contra Fund,2026-04-30,Equity,Equity,Power Generation & Distribution,CESC,Small Cap,EQUITY,0.87,409.8174,21853430
SBI Contra Fund - Direct (G),119835,INF200K01RA0,Contra Fund,2026-04-30,Equity,Equity,Infrastructure Developers & Operators,Larsen & Toubro,Large Cap,EQUITY,0.85,403.407,1005000
SBI Contra Fund - Direct (G),119835,INF200K01RA0,Contra Fund,2026-04-30,Equity,Equity,Consumer Durables,Whirlpool India,Small Cap,EQUITY,0.84,398.1824,4040000
SBI Contra Fund - Direct (G),119835,INF200K01RA0,Contra Fund,2026-04-30,Equity,Equity,Plywood Boards/Laminates,Greenply Industr,Small Cap,EQUITY,0.08,36.097,1350179
SBI Contra Fund - Direct (G),119835,INF200K01RA0,Contra Fund,2026-04-30,Equity,Equity,Auto Ancillaries,Automotive Axles,Small Cap,EQUITY,0.08,36.916,200000
SBI Contra Fund - Direct (G),119835,INF200K01RA0,Contra Fund,2026-04-30,Equity,Equity,Alcoholic Beverages,United Spirits,Mid Cap,EQUITY,0.82,389.34,2937085
SBI Contra Fund - Direct (G),119835,INF200K01RA0,Contra Fund,2026-04-30,Equity,Equity,Auto Ancillaries,Samvardh. Mothe.,Large Cap,EQUITY,0.77,363.63,30000000
SBI Contra Fund - Direct (G),119835,INF200K01RA0,Contra Fund,2026-04-30,Equity,Equity,IT - Software,Infosys,Large Cap,EQUITY,0.68999,327.0408,2767311
SBI Contra Fund - Direct (G),119835,INF200K01RA0,Contra Fund,2026-04-30,Equity,Equity,Textiles,Grasim Inds,Large Cap,EQUITY,0.66,311.7502,1115585
SBI Contra Fund - Direct (G),119835,INF200K01RA0,Contra Fund,2026-04-30,Equity,Equity,Banks,Bandhan Bank,Small Cap,EQUITY,0.64,304.4291,15242793
SBI Contra Fund - Direct (G),119835,INF200K01RA0,Contra Fund,2026-05-31,Equity,Equity,Insurance,Life Insurance,Large Cap,EQUITY,0.54,255.1374,6202440
SBI Contra Fund - Direct (G),119835,INF200K01RA0,Contra Fund,2026-05-31,Equity,Equity,Auto Ancillaries,Samvardh. Mothe.,Large Cap,EQUITY,0.93,437.22,30000000
SBI Contra Fund - Direct (G),119835,INF200K01RA0,Contra Fund,2026-05-31,Equity,Equity,IT - Software,HCL Technologies,Large Cap,EQUITY,0.88,417.4197,3526100
SBI Contra Fund - Direct (G),119835,INF200K01RA0,Contra Fund,2026-05-31,Equity,Equity,Pharmaceuticals,Alkem Lab,Mid Cap,EQUITY,0.87,408.889,743705
SBI Contra Fund - Direct (G),119835,INF200K01RA0,Contra Fund,2026-05-31,Equity,Equity,Banks,HDFC Bank,Large Cap,EQUITY,5.82,2750.7181,36944706
SBI Contra Fund - Direct (G),119835,INF200K01RA0,Contra Fund,2026-05-31,Equity,Equity,Refineries,Reliance Industr,Large Cap,EQUITY,4.95,2340.845,17717567
SBI Contra Fund - Direct (G),119835,INF200K01RA0,Contra Fund,2026-05-31,Equity,Equity,Infrastructure Developers & Operators,Larsen & Toubro,Large Cap,EQUITY,0.87,409.6883,1005000
SBI Contra Fund - Direct (G),119835,INF200K01RA0,Contra Fund,2026-05-31,Equity,Equity,Pharmaceuticals,Biocon,Mid Cap,EQUITY,3.63,1717.7688,40073925
SBI Contra Fund - Direct (G),119835,INF200K01RA0,Contra Fund,2026-05-31,Equity,Equity,Banks,Equitas Sma. Fin,Small Cap,EQUITY,0.49,232.4105,33102195
SBI Contra Fund - Direct (G),119835,INF200K01RA0,Contra Fund,2026-05-31,Equity,Equity,Chemicals,Neogen Chemicals,Small Cap,EQUITY,0.49,231.9414,1248272
SBI Contra Fund - Direct (G),119835,INF200K01RA0,Contra Fund,2026-05-31,Equity,Equity,Pharmaceuticals,Lupin,Mid Cap,EQUITY,0.48,225.6362,995000
SBI Contra Fund - Direct (G),119835,INF200K01RA0,Contra Fund,2026-05-31,Equity,Equity,Logistics,Delhivery,Small Cap,EQUITY,0.87,412.4277,9117446
SBI Contra Fund - Direct (G),119835,INF200K01RA0,Contra Fund,2026-05-31,Equity,Equity,Power Generation & Distribution,CESC,Small Cap,EQUITY,0.84,397.9291,21853430
SBI Contra Fund - Direct (G),119835,INF200K01RA0,Contra Fund,2026-05-31,Equity,Equity,Alcoholic Beverages,United Spirits,Mid Cap,EQUITY,0.79,373.0098,2937085
SBI Contra Fund - Direct (G),119835,INF200K01RA0,Contra Fund,2026-05-31,Equity,Equity,Cement,Prism Johnson,Small Cap,EQUITY,0.54,253.5594,21056254
SBI Contra Fund - Direct (G),119835,INF200K01RA0,Contra Fund,2026-05-31,Equity,Equity,Mining & Mineral products,NMDC,Mid Cap,EQUITY,0.53,251.1147,28539000
SBI Contra Fund - Direct (G),119835,INF200K01RA0,Contra Fund,2026-05-31,Equity,Equity,Steel,JSW Steel,Large Cap,EQUITY,0.78,370.62,2900000
SBI Contra Fund - Direct (G),119835,INF200K01RA0,Contra Fund,2026-05-31,Equity,Equity,Banks,Bandhan Bank,Small Cap,EQUITY,0.77,361.6834,17363580
SBI Contra Fund - Direct (G),119835,INF200K01RA0,Contra Fund,2026-05-31,Equity,Equity,Textiles,Grasim Inds,Large Cap,EQUITY,0.74,348.3303,1115585
SBI Contra Fund - Direct (G),119835,INF200K01RA0,Contra Fund,2026-05-31,Equity,Equity,Consumer Durables,Whirlpool India,Small Cap,EQUITY,0.7,332.29,4040000
SBI Contra Fund - Direct (G),119835,INF200K01RA0,Contra Fund,2026-05-31,Equity,Equity,Capital Goods-Non Electrical Equipment,Grindwell Norton,Small Cap,EQUITY,0.31,146.5671,796647
SBI Contra Fund - Direct (G),119835,INF200K01RA0,Contra Fund,2026-05-31,Equity,Equity,Financial Services,Indian Energy Ex,Small Cap,EQUITY,0.3,143.3604,11172975
SBI Contra Fund - Direct (G),119835,INF200K01RA0,Contra Fund,2026-05-31,Equity,Equity,Capital Goods-Non Electrical Equipment,Disa India,Small Cap,EQUITY,0.28,131.4359,114711
SBI Contra Fund - Direct (G),119835,INF200K01RA0,Contra Fund,2026-05-31,Equity,Equity,IT - Software,TCS,Large Cap,EQUITY,0.45,210.6198,932400
SBI Contra Fund - Direct (G),119835,INF200K01RA0,Contra Fund,2026-05-31,Equity,Equity,Cement,ACC,Small Cap,EQUITY,0.43,201.9429,1443171
SBI Contra Fund - Direct (G),119835,INF200K01RA0,Contra Fund,2026-05-31,Equity,Equity,Cement,The Ramco Cement,Small Cap,EQUITY,0.39,183.551,2106875
SBI Contra Fund - Direct (G),119835,INF200K01RA0,Contra Fund,2026-05-31,Equity,Equity,Bearings,Timken India,Small Cap,EQUITY,0.28,131.5414,362333
SBI Contra Fund - Direct (G),119835,INF200K01RA0,Contra Fund,2026-05-31,Equity,Equity,Banks,ICICI Bank,Large Cap,EQUITY,3.58,1693.8219,13481550
SBI Contra Fund - Direct (G),119835,INF200K01RA0,Contra Fund,2026-05-31,Equity,Equity,Telecom Equipment & Infra Services,Indus Towers,Large Cap,EQUITY,2.78,1315.2383,29753158
SBI Contra Fund - Direct (G),119835,INF200K01RA0,Contra Fund,2026-05-31,Equity,Equity,Banks,Punjab Natl.Bank,Large Cap,EQUITY,2.6,1228.5557,115846832
SBI Contra Fund - Direct (G),119835,INF200K01RA0,Contra Fund,2026-05-31,Equity,Equity,Banks,Kotak Mah. Bank,Large Cap,EQUITY,2.6,1230.548,32028840
SBI Contra Fund - Direct (G),119835,INF200K01RA0,Contra Fund,2026-05-31,Equity,Equity,Power Generation & Distribution,Torrent Power,Mid Cap,EQUITY,2.5,1179.5465,8304911
SBI Contra Fund - Direct (G),119835,INF200K01RA0,Contra Fund,2026-05-31,Equity,Equity,Steel,Tata Steel,Large Cap,EQUITY,2.29,1083.104,52067300
SBI Contra Fund - Direct (G),119835,INF200K01RA0,Contra Fund,2026-05-31,Equity,Equity,Gas Distribution,GAIL (India),Large Cap,EQUITY,2.14,1011.9633,61513788
SBI Contra Fund - Direct (G),119835,INF200K01RA0,Contra Fund,2026-05-31,Equity,Equity,Sugar,EID Parry,Small Cap,EQUITY,0.25,118.9281,1574372
SBI Contra Fund - Direct (G),119835,INF200K01RA0,Contra Fund,2026-05-31,Equity,Equity,Capital Goods-Non Electrical Equipment,Wendt India,Small Cap,EQUITY,0.24,114.4245,166363
SBI Contra Fund - Direct (G),119835,INF200K01RA0,Contra Fund,2026-05-31,Equity,Equity,Steel,S A I L,Mid Cap,EQUITY,0.22,102.185,5000000
SBI Contra Fund - Direct (G),119835,INF200K01RA0,Contra Fund,2026-05-31,Equity,Equity,Tobacco Products,ITC,Large Cap,EQUITY,1.88,889.8129,31014741
SBI Contra Fund - Direct (G),119835,INF200K01RA0,Contra Fund,2026-05-31,Equity,Equity,Agro Chemicals,Rallis India,Small Cap,EQUITY,0.47,223.154,9179514
SBI Contra Fund - Direct (G),119835,INF200K01RA0,Contra Fund,2026-05-31,Equity,Equity,Capital Goods-Non Electrical Equipment,Ingersoll-Rand,Small Cap,EQUITY,0.21,99.9023,229555
SBI Contra Fund - Direct (G),119835,INF200K01RA0,Contra Fund,2026-05-31,Equity,Equity,FMCG,Dabur India,Mid Cap,EQUITY,1.77,835.661,18846663
SBI Contra Fund - Direct (G),119835,INF200K01RA0,Contra Fund,2026-05-31,Equity,Equity,IT - Software,Tech Mahindra,Large Cap,EQUITY,1.66,785.8261,5295681
SBI Contra Fund - Direct (G),119835,INF200K01RA0,Contra Fund,2026-05-31,Equity,Equity,Finance,M & M Fin. Serv.,Mid Cap,EQUITY,1.62,765.7194,25217172
SBI Contra Fund - Direct (G),119835,INF200K01RA0,Contra Fund,2026-05-31,Equity,Equity,Capital Goods-Non Electrical Equipment,Carborundum Uni.,Small Cap,EQUITY,0.2,92.5068,898953
SBI Contra Fund - Direct (G),119835,INF200K01RA0,Contra Fund,2026-05-31,Equity,Equity,Capital Goods - Electrical Equipment,V-Guard Industri,Small Cap,EQUITY,0.18,83.021,2706470
SBI Contra Fund - Direct (G),119835,INF200K01RA0,Contra Fund,2026-05-31,Equity,Equity,Pharmaceuticals,Sanofi India,Small Cap,EQUITY,0.16,77.9156,251576
SBI Contra Fund - Direct (G),119835,INF200K01RA0,Contra Fund,2026-05-31,Equity,Equity,Automobile,Bajaj Auto,Large Cap,EQUITY,1.44,681.7995,651816
SBI Contra Fund - Direct (G),119835,INF200K01RA0,Contra Fund,2026-05-31,Equity,Equity,Banks,SBI,Large Cap,EQUITY,1.43,675.1301,7000519
SBI Contra Fund - Direct (G),119835,INF200K01RA0,Contra Fund,2026-05-31,Equity,Equity,Healthcare,Aster DM Health.,Mid Cap,EQUITY,1.42,670.0532,9199605
SBI Contra Fund - Direct (G),119835,INF200K01RA0,Contra Fund,2026-05-31,Equity,Equity,Non Ferrous Metals,Hindalco Inds.,Large Cap,EQUITY,1.34,635.4588,5640000
SBI Contra Fund - Direct (G),119835,INF200K01RA0,Contra Fund,2026-05-31,Equity,Equity,Logistics,Gateway Distri,Small Cap,EQUITY,0.12,55.6337,9934596
SBI Contra Fund - Direct (G),119835,INF200K01RA0,Contra Fund,2026-05-31,Equity,Equity,Banks,Bank of India,Mid Cap,EQUITY,0.1,45.98,3286400
SBI Contra Fund - Direct (G),119835,INF200K01RA0,Contra Fund,2026-05-31,Equity,Equity,Auto Ancillaries,Motherson Wiring,Small Cap,EQUITY,0.09,41.2565,10586727
SBI Contra Fund - Direct (G),119835,INF200K01RA0,Contra Fund,2026-05-31,Equity,Equity,Alcoholic Beverages,Sula Vineyards,Small Cap,EQUITY,0.07,31.9921,2036417
SBI Contra Fund - Direct (G),119835,INF200K01RA0,Contra Fund,2026-05-31,Equity,Equity,Plywood Boards/Laminates,Greenply Industr,Small Cap,EQUITY,0.07,33.4979,1350179
SBI Contra Fund - Direct (G),119835,INF200K01RA0,Contra Fund,2026-05-31,Equity,Equity,Crude Oil & Natural Gas,O N G C,Large Cap,EQUITY,1.34,634.2174,23896662
SBI Contra Fund - Direct (G),119835,INF200K01RA0,Contra Fund,2026-05-31,Equity,Equity,Auto Ancillaries,Automotive Axles,Small Cap,EQUITY,0.07,34.612,200000
SBI Contra Fund - Direct (G),119835,INF200K01RA0,Contra Fund,2026-05-31,Equity,Equity,Banks,Axis Bank,Large Cap,EQUITY,1.34,630.9814,4904255
SBI Contra Fund - Direct (G),119835,INF200K01RA0,Contra Fund,2026-05-31,Equity,Equity,E-Commerce/App based Aggregator,FSN E-Commerce,Mid Cap,EQUITY,1.23,582.0153,22188917
SBI Contra Fund - Direct (G),119835,INF200K01RA0,Contra Fund,2026-05-31,Equity,Equity,Telecom-Service,Bharti Airtel,Large Cap,EQUITY,1.22,576.5101,3152051
SBI Contra Fund - Direct (G),119835,INF200K01RA0,Contra Fund,2026-05-31,Equity,Equity,Insurance,ICICI Pru Life,Mid Cap,EQUITY,1.17,551.1247,10936099
SBI Contra Fund - Direct (G),119835,INF200K01RA0,Contra Fund,2026-05-31,Equity,Equity,Readymade Garments/ Apparells,K P R Mill Ltd,Mid Cap,EQUITY,0.39,182.2947,1886132
SBI Contra Fund - Direct (G),119835,INF200K01RA0,Contra Fund,2026-05-31,Equity,Equity,Pharmaceuticals,Cipla,Large Cap,EQUITY,1.14,537.5616,3836985
SBI Contra Fund - Direct (G),119835,INF200K01RA0,Contra Fund,2026-05-31,Equity,Equity,Automobile,Maruti Suzuki,Large Cap,EQUITY,1.09,516.4989,393463
SBI Contra Fund - Direct (G),119835,INF200K01RA0,Contra Fund,2026-05-31,Equity,Equity,Refineries,I O C L,Large Cap,EQUITY,1.07,505.5593,36049578
SBI Contra Fund - Direct (G),119835,INF200K01RA0,Contra Fund,2026-05-31,Equity,Equity,Finance,HDFC AMC,Mid Cap,EQUITY,0.37,173.438,648536
SBI Contra Fund - Direct (G),119835,INF200K01RA0,Contra Fund,2026-05-31,Equity,Equity,Pharmaceuticals,Aurobindo Pharma,Mid Cap,EQUITY,0.35,165.057,1157158
SBI Contra Fund - Direct (G),119835,INF200K01RA0,Contra Fund,2026-05-31,Equity,Equity,Infrastructure Developers & Operators,G R Infraproject,Small Cap,EQUITY,0.34,162.4637,1805754
SBI Contra Fund - Direct (G),119835,INF200K01RA0,Contra Fund,2026-05-31,Equity,Equity,Steel,NMDC Steel,Small Cap,EQUITY,0.02,11.6298,2606407
SBI Contra Fund - Direct (G),119835,INF200K01RA0,Contra Fund,2026-05-31,Equity,Equity,IT - Software,Wipro,Large Cap,EQUITY,0.33,157.8444,7728000
SBI Contra Fund - Direct (G),119835,INF200K01RA0,Contra Fund,2026-05-31,Equity,Equity,Pharmaceuticals,Gland Pharma,Mid Cap,EQUITY,0.53,250.4309,1113026
SBI Contra Fund - Direct (G),119835,INF200K01RA0,Contra Fund,2026-05-31,Equity,Equity,IT - Software,Infosys,Large Cap,EQUITY,0.68,321.2571,2767311
SBI Contra Fund - Direct (G),119835,INF200K01RA0,Contra Fund,2026-05-31,Equity,Equity,Agro Chemicals,UPL,Mid Cap,EQUITY,1.06,500.0424,7755000
SBI Contra Fund - Direct (G),119835,INF200K01RA0,Contra Fund,2026-05-31,Equity,Equity,Automobile,Tata Motors PVeh,Large Cap,EQUITY,1.03,488.213,12394339
SBI Contra Fund - Direct (G),119835,INF200K01RA0,Contra Fund,2026-05-31,Equity,Equity,Gas Distribution,Petronet LNG,Mid Cap,EQUITY,1.0,473.6413,17474315
SBI Contra Fund - Direct (G),119835,INF200K01RA0,Contra Fund,2026-05-31,Equity,Equity,Automobile,Tata Motors,Large Cap,EQUITY,1.0,470.3652,12394339
SBI Contra Fund - Direct (G),119835,INF200K01RA0,Contra Fund,2026-05-31,Equity,Equity,Power Generation & Distribution,JSW Energy,Mid Cap,EQUITY,0.95,447.7043,7523810
SBI Contra Fund - Direct (G),119835,INF200K01RA0,Contra Fund,2026-05-31,Equity,Equity,Pharmaceuticals,Mankind Pharma,Mid Cap,EQUITY,0.67,315.4889,1328039
SBI Contra Fund - Direct (G),119835,INF200K01RA0,Contra Fund,2026-05-31,Equity,Equity,Cement,Nuvoco Vistas,Small Cap,EQUITY,0.62,291.8352,8370435
SBI Contra Fund - Direct (G),119835,INF200K01RA0,Contra Fund,2026-05-31,Equity,Equity,Realty,Ashiana Housing,Small Cap,EQUITY,0.55,261.9725,7189147
SBI Contra Fund - Direct (G),119835,INF200K01RA0,Contra Fund,2026-05-31,Equity,Equity,Automobile,Hero Motocorp,Mid Cap,EQUITY,0.47,220.0319,448770
Invesco India Contra Fund - Direct (G),120348,INF205K01LE4,Contra Fund,2025-06-30,Equity,Equity,Capital Goods-Non Electrical Equipment,Jyoti CNC Auto.,Small Cap,EQUITY,0.77,148.6427,1403614
Invesco India Contra Fund - Direct (G),120348,INF205K01LE4,Contra Fund,2025-06-30,Equity,Equity,Pharmaceuticals,Glenmark Pharma.,Mid Cap,EQUITY,1.52,294.0346,1676485
Invesco India Contra Fund - Direct (G),120348,INF205K01LE4,Contra Fund,2025-06-30,Equity,Equity,Pharmaceuticals,Cohance Life,Mid Cap,EQUITY,0.96,184.5854,1907071
Invesco India Contra Fund - Direct (G),120348,INF205K01LE4,Contra Fund,2025-06-30,Equity,Equity,Infrastructure Developers & Operators,Larsen & Toubro,Large Cap,EQUITY,2.97,572.3243,1559418
Invesco India Contra Fund - Direct (G),120348,INF205K01LE4,Contra Fund,2025-06-30,Equity,Equity,Finance,REC Ltd,Large Cap,EQUITY,1.76,339.2526,8429427
Invesco India Contra Fund - Direct (G),120348,INF205K01LE4,Contra Fund,2025-06-30,Equity,Equity,Paints/Varnish,Asian Paints,Large Cap,EQUITY,0.75,144.679,616626
Invesco India Contra Fund - Direct (G),120348,INF205K01LE4,Contra Fund,2025-06-30,Equity,Equity,Pharmaceuticals,Ajanta Pharma,Small Cap,EQUITY,1.0,193.4104,751371
Invesco India Contra Fund - Direct (G),120348,INF205K01LE4,Contra Fund,2025-06-30,Equity,Equity,Cables,KEI Industries,Mid Cap,EQUITY,0.97,186.6198,492063
Invesco India Contra Fund - Direct (G),120348,INF205K01LE4,Contra Fund,2025-06-30,Equity,Equity,Finance,Aadhar Hsg. Fin.,Small Cap,EQUITY,0.58,110.7566,2436353
Invesco India Contra Fund - Direct (G),120348,INF205K01LE4,Contra Fund,2025-06-30,Equity,Equity,Tobacco Products,ITC,Large Cap,EQUITY,0.72,139.2417,3343540
Invesco India Contra Fund - Direct (G),120348,INF205K01LE4,Contra Fund,2025-06-30,Equity,Equity,Aerospace & Defence,Bharat Electron,Large Cap,EQUITY,1.93,371.1487,8805427
Invesco India Contra Fund - Direct (G),120348,INF205K01LE4,Contra Fund,2025-06-30,Equity,Equity,IT - Software,Sonata Software,Small Cap,EQUITY,0.39,75.9497,1852206
Invesco India Contra Fund - Direct (G),120348,INF205K01LE4,Contra Fund,2025-06-30,Equity,Equity,Chemicals,Deepak Nitrite,Small Cap,EQUITY,0.43,82.9813,417600
Invesco India Contra Fund - Direct (G),120348,INF205K01LE4,Contra Fund,2025-06-30,Equity,Equity,Pharmaceuticals,Mankind Pharma,Large Cap,EQUITY,1.33,255.8927,1103081
Invesco India Contra Fund - Direct (G),120348,INF205K01LE4,Contra Fund,2025-06-30,Equity,Equity,E-Commerce/App based Aggregator,Info Edg.(India),Mid Cap,EQUITY,0.13,24.1618,162345
Invesco India Contra Fund - Direct (G),120348,INF205K01LE4,Contra Fund,2025-06-30,Equity,Equity,Retail,V-Mart Retail,Small Cap,EQUITY,0.55,106.0834,1235108
Invesco India Contra Fund - Direct (G),120348,INF205K01LE4,Contra Fund,2025-06-30,Equity,Equity,FMCG,Varun Beverages,Large Cap,EQUITY,1.08,208.1108,4548372
Invesco India Contra Fund - Direct (G),120348,INF205K01LE4,Contra Fund,2025-06-30,Equity,Equity,IT - Software,LTIMindtree,Large Cap,EQUITY,1.43,274.7076,516659
Invesco India Contra Fund - Direct (G),120348,INF205K01LE4,Contra Fund,2025-06-30,Equity,Equity,FMCG,Britannia Inds.,Large Cap,EQUITY,0.54,103.9606,177680
Invesco India Contra Fund - Direct (G),120348,INF205K01LE4,Contra Fund,2025-06-30,Equity,Equity,Consumer Durables,Voltas,Mid Cap,EQUITY,0.5,96.6567,735535
Invesco India Contra Fund - Direct (G),120348,INF205K01LE4,Contra Fund,2025-06-30,Equity,Equity,Steel,Shyam Metalics,Small Cap,EQUITY,1.1,211.9376,2434945
Invesco India Contra Fund - Direct (G),120348,INF205K01LE4,Contra Fund,2025-06-30,Equity,Equity,Electronics,Honeywell Auto,Small Cap,EQUITY,0.88,169.1202,42973
Invesco India Contra Fund - Direct (G),120348,INF205K01LE4,Contra Fund,2025-06-30,Equity,Equity,Consumer Durables,Whirlpool India,Small Cap,EQUITY,0.52,99.9773,713410
Invesco India Contra Fund - Direct (G),120348,INF205K01LE4,Contra Fund,2025-06-30,Equity,Equity,Finance,Shriram Finance,Large Cap,EQUITY,0.54,103.4664,1463768
Invesco India Contra Fund - Direct (G),120348,INF205K01LE4,Contra Fund,2025-06-30,Equity,Equity,Logistics,Zinka Logistics,Small Cap,EQUITY,0.52,99.569,2283692
Invesco India Contra Fund - Direct (G),120348,INF205K01LE4,Contra Fund,2025-06-30,Equity,Equity,Retail,Medplus Health,Small Cap,EQUITY,0.51,99.0081,1094617
Invesco India Contra Fund - Direct (G),120348,INF205K01LE4,Contra Fund,2025-06-30,Equity,Equity,Consumer Durables,Crompton Gr. Con,Small Cap,EQUITY,0.66,127.3592,3586745
Invesco India Contra Fund - Direct (G),120348,INF205K01LE4,Contra Fund,2025-06-30,Equity,Equity,"Diamond, Gems and Jewellery",Kalyan Jewellers,Mid Cap,EQUITY,0.74,142.2803,2559689
Invesco India Contra Fund - Direct (G),120348,INF205K01LE4,Contra Fund,2025-06-30,Equity,Equity,Bearings,Timken India,Small Cap,EQUITY,0.17,33.4,95475
Invesco India Contra Fund - Direct (G),120348,INF205K01LE4,Contra Fund,2025-06-30,Equity,Equity,Pharmaceuticals,Lupin,Mid Cap,EQUITY,1.19,229.5314,1184025
Invesco India Contra Fund - Direct (G),120348,INF205K01LE4,Contra Fund,2025-06-30,Equity,Equity,IT - Software,Mphasis,Mid Cap,EQUITY,0.6,114.6874,401346
Invesco India Contra Fund - Direct (G),120348,INF205K01LE4,Contra Fund,2025-06-30,Equity,Equity,Pharmaceuticals,Wockhardt,Small Cap,EQUITY,0.41,79.8832,466063
Invesco India Contra Fund - Direct (G),120348,INF205K01LE4,Contra Fund,2025-06-30,Equity,Equity,Realty,A B Real Estate,Small Cap,EQUITY,0.95,183.7782,754488
Invesco India Contra Fund - Direct (G),120348,INF205K01LE4,Contra Fund,2025-06-30,Equity,Equity,Banks,Equitas Sma. Fin,Small Cap,EQUITY,0.07,14.4408,2151806
Invesco India Contra Fund - Direct (G),120348,INF205K01LE4,Contra Fund,2025-06-30,Equity,Equity,Pharmaceuticals,Gland Pharma,Small Cap,EQUITY,0.13,24.5576,133931
Invesco India Contra Fund - Direct (G),120348,INF205K01LE4,Contra Fund,2025-06-30,Equity,Equity,Telecomm-Service,Bharti Airtel PP,Mid Cap,EQUITY,2.09,402.095,2628845
Invesco India Contra Fund - Direct (G),120348,INF205K01LE4,Contra Fund,2025-06-30,Equity,Equity,Banks,HDFC Bank,Large Cap,EQUITY,8.11,1561.751,7802903
Invesco India Contra Fund - Direct (G),120348,INF205K01LE4,Contra Fund,2025-06-30,Equity,Equity,Capital Goods - Electrical Equipment,Suzlon Energy,Mid Cap,EQUITY,0.99,191.404,28264022
Invesco India Contra Fund - Direct (G),120348,INF205K01LE4,Contra Fund,2025-06-30,Equity,Equity,E-Commerce/App based Aggregator,Eternal Ltd,Large Cap,EQUITY,3.21,617.6438,23382312
Invesco India Contra Fund - Direct (G),120348,INF205K01LE4,Contra Fund,2025-06-30,Equity,Equity,Insurance,ICICI Lombard,Mid Cap,EQUITY,1.35,260.2916,1275814
Invesco India Contra Fund - Direct (G),120348,INF205K01LE4,Contra Fund,2025-06-30,Equity,Equity,Auto Ancillaries,Samvardh. Mothe.,Large Cap,EQUITY,0.93999,181.2645,11707326
Invesco India Contra Fund - Direct (G),120348,INF205K01LE4,Contra Fund,2025-06-30,Equity,Equity,Quick Service Restaurant,Jubilant Food.,Mid Cap,EQUITY,1.37,263.6392,3741524
Invesco India Contra Fund - Direct (G),120348,INF205K01LE4,Contra Fund,2025-06-30,Equity,Equity,Automobile,M & M,Large Cap,EQUITY,3.54,681.7173,2141610
Invesco India Contra Fund - Direct (G),120348,INF205K01LE4,Contra Fund,2025-06-30,Equity,Equity,Financial Services,BSE,Large Cap,EQUITY,0.93999,180.326,650973
Invesco India Contra Fund - Direct (G),120348,INF205K01LE4,Contra Fund,2025-06-30,Equity,Equity,Finance,Cholaman.Inv.&Fn,Large Cap,EQUITY,1.87,360.8763,2216685
Invesco India Contra Fund - Direct (G),120348,INF205K01LE4,Contra Fund,2025-06-30,Equity,Equity,Insurance,SBI Life Insuran,Large Cap,EQUITY,0.82,157.4386,856436
Invesco India Contra Fund - Direct (G),120348,INF205K01LE4,Contra Fund,2025-06-30,Equity,Equity,Power Generation & Distribution,NTPC,Large Cap,EQUITY,2.19,422.6584,12620437
Invesco India Contra Fund - Direct (G),120348,INF205K01LE4,Contra Fund,2025-06-30,Equity,Equity,Financial Services,C D S L,Small Cap,EQUITY,0.8,153.9338,858048
Invesco India Contra Fund - Direct (G),120348,INF205K01LE4,Contra Fund,2025-06-30,Equity,Equity,Financial Services,Multi Comm. Exc.,Mid Cap,EQUITY,1.45,279.0617,312010
Invesco India Contra Fund - Direct (G),120348,INF205K01LE4,Contra Fund,2025-06-30,Equity,Equity,IT - Software,Infosys,Large Cap,EQUITY,5.42,1043.7135,6515879
Invesco India Contra Fund - Direct (G),120348,INF205K01LE4,Contra Fund,2025-06-30,Equity,Equity,Auto Ancillaries,Craftsman Auto,Small Cap,EQUITY,0.77,148.5842,266734
Invesco India Contra Fund - Direct (G),120348,INF205K01LE4,Contra Fund,2025-06-30,Equity,Equity,Retail,Entero Healthcar,Small Cap,EQUITY,0.93999,180.9569,1577379
Invesco India Contra Fund - Direct (G),120348,INF205K01LE4,Contra Fund,2025-06-30,Equity,Equity,Healthcare,Apollo Hospitals,Large Cap,EQUITY,2.68,515.5297,711861
Invesco India Contra Fund - Direct (G),120348,INF205K01LE4,Contra Fund,2025-06-30,Equity,Equity,Healthcare,Global Health,Mid Cap,EQUITY,1.02,197.2825,1735420
Invesco India Contra Fund - Direct (G),120348,INF205K01LE4,Contra Fund,2025-06-30,Equity,Equity,Banks,Axis Bank,Large Cap,EQUITY,3.24,623.7219,5201150
Invesco India Contra Fund - Direct (G),120348,INF205K01LE4,Contra Fund,2025-06-30,Equity,Equity,Banks,Kotak Mah. Bank,Large Cap,EQUITY,1.84,354.0637,1636532
Invesco India Contra Fund - Direct (G),120348,INF205K01LE4,Contra Fund,2025-06-30,Equity,Equity,Banks,Federal Bank,Mid Cap,EQUITY,1.6,309.0064,14499174
Invesco India Contra Fund - Direct (G),120348,INF205K01LE4,Contra Fund,2025-06-30,Equity,Equity,Pharmaceuticals,Orchid Pharma,Small Cap,EQUITY,0.44,84.8288,1187580
Invesco India Contra Fund - Direct (G),120348,INF205K01LE4,Contra Fund,2025-06-30,Equity,Equity,Retail,Avenue Super.,Large Cap,EQUITY,1.4,270.3669,618363
Invesco India Contra Fund - Direct (G),120348,INF205K01LE4,Contra Fund,2025-06-30,Equity,Equity,Realty,Prestige Estates,Mid Cap,EQUITY,1.56,300.4158,1812573
Invesco India Contra Fund - Direct (G),120348,INF205K01LE4,Contra Fund,2025-06-30,Equity,Equity,Quick Service Restaurant,Devyani Intl.,Small Cap,EQUITY,0.82,157.9919,9417175
Invesco India Contra Fund - Direct (G),120348,INF205K01LE4,Contra Fund,2025-06-30,Equity,Equity,Pharmaceuticals,Divi's Lab.,Large Cap,EQUITY,1.23,236.9829,348018
Invesco India Contra Fund - Direct (G),120348,INF205K01LE4,Contra Fund,2025-06-30,Equity,Equity,Hotels & Restaurants,ITC Hotels,Mid Cap,EQUITY,0.04,7.4357,334354
Invesco India Contra Fund - Direct (G),120348,INF205K01LE4,Contra Fund,2025-06-30,Equity,Equity,E-Commerce/App based Aggregator,FSN E-Commerce,Mid Cap,EQUITY,1.45,278.4871,13390863
Invesco India Contra Fund - Direct (G),120348,INF205K01LE4,Contra Fund,2025-06-30,Equity,Equity,Automobile,TVS Motor Co.,Large Cap,EQUITY,1.32,254.2824,871427
Invesco India Contra Fund - Direct (G),120348,INF205K01LE4,Contra Fund,2025-06-30,Equity,Equity,Pharmaceuticals,J B Chemicals &,Small Cap,EQUITY,0.52,100.537,598684
Invesco India Contra Fund - Direct (G),120348,INF205K01LE4,Contra Fund,2025-06-30,Equity,Equity,IT - Software,Coforge,Mid Cap,EQUITY,2.36,453.7153,2357575
Invesco India Contra Fund - Direct (G),120348,INF205K01LE4,Contra Fund,2025-06-30,Equity,Equity,Agro Chemicals,P I Industries,Mid Cap,EQUITY,0.4,76.4587,186271
Invesco India Contra Fund - Direct (G),120348,INF205K01LE4,Contra Fund,2025-06-30,Equity,Equity,Cement,Ambuja Cements,Large Cap,EQUITY,1.24,238.3391,4127441
Invesco India Contra Fund - Direct (G),120348,INF205K01LE4,Contra Fund,2025-06-30,Equity,Equity,Banks,ICICI Bank,Large Cap,EQUITY,7.41,1427.711,9874886
Invesco India Contra Fund - Direct (G),120348,INF205K01LE4,Contra Fund,2025-06-30,Equity,Equity,Refineries,H P C L,Mid Cap,EQUITY,1.51,291.4581,6651939
Invesco India Contra Fund - Direct (G),120348,INF205K01LE4,Contra Fund,2025-06-30,Equity,Equity,Banks,IndusInd Bank,Mid Cap,EQUITY,0.66,127.2236,1458819
Invesco India Contra Fund - Direct (G),120348,INF205K01LE4,Contra Fund,2025-07-31,Equity,Equity,Retail,Medplus Health,Small Cap,EQUITY,0.53,101.8596,1094617
Invesco India Contra Fund - Direct (G),120348,INF205K01LE4,Contra Fund,2025-07-31,Equity,Equity,Finance,REC Ltd,Mid Cap,EQUITY,1.73,332.9586,8429427
Invesco India Contra Fund - Direct (G),120348,INF205K01LE4,Contra Fund,2025-07-31,Equity,Equity,Paints/Varnish,Asian Paints,Large Cap,EQUITY,0.77,148.0336,616626
Invesco India Contra Fund - Direct (G),120348,INF205K01LE4,Contra Fund,2025-07-31,Equity,Equity,FMCG,Hind. Unilever,Large Cap,EQUITY,1.0,192.5778,762126
Invesco India Contra Fund - Direct (G),120348,INF205K01LE4,Contra Fund,2025-07-31,Equity,Equity,Pharmaceuticals,Cohance Life,Mid Cap,EQUITY,0.99,190.4115,1907071
Invesco India Contra Fund - Direct (G),120348,INF205K01LE4,Contra Fund,2025-07-31,Equity,Equity,Financial Services,Multi Comm. Exc.,Mid Cap,EQUITY,0.92,178.0691,231469
Invesco India Contra Fund - Direct (G),120348,INF205K01LE4,Contra Fund,2025-07-31,Equity,Equity,Financial Services,C D S L,Small Cap,EQUITY,0.19,36.7272,248023
Invesco India Contra Fund - Direct (G),120348,INF205K01LE4,Contra Fund,2025-07-31,Equity,Equity,Pharmaceuticals,Wockhardt,Small Cap,EQUITY,0.4,77.716,466063
Invesco India Contra Fund - Direct (G),120348,INF205K01LE4,Contra Fund,2025-07-31,Equity,Equity,Realty,A B Real Estate,Small Cap,EQUITY,0.95,182.6891,969327
Invesco India Contra Fund - Direct (G),120348,INF205K01LE4,Contra Fund,2025-07-31,Equity,Equity,Banks,Equitas Sma. Fin,Small Cap,EQUITY,0.01,1.399,236080
Invesco India Contra Fund - Direct (G),120348,INF205K01LE4,Contra Fund,2025-07-31,Equity,Equity,Telecomm-Service,Bharti Airtel PP,Mid Cap,EQUITY,1.96,378.4354,2628845
Invesco India Contra Fund - Direct (G),120348,INF205K01LE4,Contra Fund,2025-07-31,Equity,Equity,Banks,HDFC Bank,Large Cap,EQUITY,7.79,1502.7283,7445884
Invesco India Contra Fund - Direct (G),120348,INF205K01LE4,Contra Fund,2025-07-31,Equity,Equity,Capital Goods - Electrical Equipment,Suzlon Energy,Mid Cap,EQUITY,0.9,174.1064,28264022
Invesco India Contra Fund - Direct (G),120348,INF205K01LE4,Contra Fund,2025-07-31,Equity,Equity,E-Commerce/App based Aggregator,Eternal Ltd,Large Cap,EQUITY,3.73,719.7076,23382312
Invesco India Contra Fund - Direct (G),120348,INF205K01LE4,Contra Fund,2025-07-31,Equity,Equity,Insurance,ICICI Lombard,Mid Cap,EQUITY,1.27,245.8494,1275814
Invesco India Contra Fund - Direct (G),120348,INF205K01LE4,Contra Fund,2025-07-31,Equity,Equity,Healthcare,Apollo Hospitals,Large Cap,EQUITY,2.77,533.7534,711861
Invesco India Contra Fund - Direct (G),120348,INF205K01LE4,Contra Fund,2025-07-31,Equity,Equity,Healthcare,Global Health,Mid Cap,EQUITY,1.32,254.0538,1937567
Invesco India Contra Fund - Direct (G),120348,INF205K01LE4,Contra Fund,2025-07-31,Equity,Equity,Automobile,TVS Motor Co.,Large Cap,EQUITY,1.27,244.1564,871427
Invesco India Contra Fund - Direct (G),120348,INF205K01LE4,Contra Fund,2025-07-31,Equity,Equity,Pharmaceuticals,J B Chemicals &,Small Cap,EQUITY,0.55,105.9252,598684
Invesco India Contra Fund - Direct (G),120348,INF205K01LE4,Contra Fund,2025-07-31,Equity,Equity,IT - Software,Infosys,Large Cap,EQUITY,4.74,915.1288,6064472
Invesco India Contra Fund - Direct (G),120348,INF205K01LE4,Contra Fund,2025-07-31,Equity,Equity,E-Commerce/App based Aggregator,Swiggy,Large Cap,EQUITY,0.32,62.3265,1543690
Invesco India Contra Fund - Direct (G),120348,INF205K01LE4,Contra Fund,2025-07-31,Equity,Equity,Auto Ancillaries,Craftsman Auto,Small Cap,EQUITY,0.95,182.4357,270195
Invesco India Contra Fund - Direct (G),120348,INF205K01LE4,Contra Fund,2025-07-31,Equity,Equity,Healthcare,Entero Healthcar,Small Cap,EQUITY,1.05,202.9456,1577379
Invesco India Contra Fund - Direct (G),120348,INF205K01LE4,Contra Fund,2025-07-31,Equity,Equity,Automobile,M & M,Large Cap,EQUITY,3.56,685.9791,2141610
Invesco India Contra Fund - Direct (G),120348,INF205K01LE4,Contra Fund,2025-07-31,Equity,Equity,Financial Services,BSE,Mid Cap,EQUITY,0.82,158.0172,650973
Invesco India Contra Fund - Direct (G),120348,INF205K01LE4,Contra Fund,2025-07-31,Equity,Equity,Finance,Cholaman.Inv.&Fn,Large Cap,EQUITY,1.66,319.912,2216685
Invesco India Contra Fund - Direct (G),120348,INF205K01LE4,Contra Fund,2025-07-31,Equity,Equity,Insurance,SBI Life Insuran,Large Cap,EQUITY,0.82,157.6442,856436
Invesco India Contra Fund - Direct (G),120348,INF205K01LE4,Contra Fund,2025-07-31,Equity,Equity,Banks,Kotak Mah. Bank,Large Cap,EQUITY,1.68,323.8042,1636532
Invesco India Contra Fund - Direct (G),120348,INF205K01LE4,Contra Fund,2025-07-31,Equity,Equity,Banks,Axis Bank,Large Cap,EQUITY,2.88,555.6909,5201150
Invesco India Contra Fund - Direct (G),120348,INF205K01LE4,Contra Fund,2025-07-31,Equity,Equity,Banks,Federal Bank,Mid Cap,EQUITY,1.52,293.5068,14499174
Invesco India Contra Fund - Direct (G),120348,INF205K01LE4,Contra Fund,2025-07-31,Equity,Equity,Pharmaceuticals,Orchid Pharma,Small Cap,EQUITY,0.4,77.3138,1044216
Invesco India Contra Fund - Direct (G),120348,INF205K01LE4,Contra Fund,2025-07-31,Equity,Equity,Retail,Avenue Super.,Large Cap,EQUITY,1.53,295.6433,692795
Invesco India Contra Fund - Direct (G),120348,INF205K01LE4,Contra Fund,2025-07-31,Equity,Equity,Realty,Prestige Estates,Mid Cap,EQUITY,1.68,324.6383,1995932
Invesco India Contra Fund - Direct (G),120348,INF205K01LE4,Contra Fund,2025-07-31,Equity,Equity,Quick Service Restaurant,Devyani Intl.,Small Cap,EQUITY,0.8,153.5941,9417175
Invesco India Contra Fund - Direct (G),120348,INF205K01LE4,Contra Fund,2025-07-31,Equity,Equity,IT - Software,Coforge,Mid Cap,EQUITY,2.14,412.1513,2357575
Invesco India Contra Fund - Direct (G),120348,INF205K01LE4,Contra Fund,2025-07-31,Equity,Equity,Agro Chemicals,P I Industries,Mid Cap,EQUITY,0.41,79.1819,186271
Invesco India Contra Fund - Direct (G),120348,INF205K01LE4,Contra Fund,2025-07-31,Equity,Equity,Pharmaceuticals,Mankind Pharma,Large Cap,EQUITY,1.47,283.183,1103081
Invesco India Contra Fund - Direct (G),120348,INF205K01LE4,Contra Fund,2025-07-31,Equity,Equity,Retail,V-Mart Retail,Small Cap,EQUITY,0.51,97.6353,1235108
Invesco India Contra Fund - Direct (G),120348,INF205K01LE4,Contra Fund,2025-07-31,Equity,Equity,E-Commerce/App based Aggregator,FSN E-Commerce,Mid Cap,EQUITY,1.71,329.8351,15718988
Invesco India Contra Fund - Direct (G),120348,INF205K01LE4,Contra Fund,2025-07-31,Equity,Equity,Aerospace & Defence,Bharat Electron,Large Cap,EQUITY,1.75,337.3359,8805427
Invesco India Contra Fund - Direct (G),120348,INF205K01LE4,Contra Fund,2025-07-31,Equity,Equity,IT - Software,Sonata Software,Small Cap,EQUITY,0.55,105.5051,2691799
Invesco India Contra Fund - Direct (G),120348,INF205K01LE4,Contra Fund,2025-07-31,Equity,Equity,Chemicals,Deepak Nitrite,Small Cap,EQUITY,0.4,76.8551,417600
Invesco India Contra Fund - Direct (G),120348,INF205K01LE4,Contra Fund,2025-07-31,Equity,Equity,Infrastructure Developers & Operators,Larsen & Toubro,Large Cap,EQUITY,3.3,636.1933,1749371
Invesco India Contra Fund - Direct (G),120348,INF205K01LE4,Contra Fund,2025-07-31,Equity,Equity,FMCG,Varun Beverages,Large Cap,EQUITY,1.23,237.6979,4548372
Invesco India Contra Fund - Direct (G),120348,INF205K01LE4,Contra Fund,2025-07-31,Equity,Equity,IT - Software,LTIMindtree,Large Cap,EQUITY,1.37,263.8061,516659
Invesco India Contra Fund - Direct (G),120348,INF205K01LE4,Contra Fund,2025-07-31,Equity,Equity,FMCG,Britannia Inds.,Large Cap,EQUITY,0.53,102.5391,177680
Invesco India Contra Fund - Direct (G),120348,INF205K01LE4,Contra Fund,2025-07-31,Equity,Equity,Consumer Durables,Voltas,Mid Cap,EQUITY,0.97,186.7332,1406441
Invesco India Contra Fund - Direct (G),120348,INF205K01LE4,Contra Fund,2025-07-31,Equity,Equity,Cement,Ambuja Cements,Large Cap,EQUITY,1.27,244.6334,4127441
Invesco India Contra Fund - Direct (G),120348,INF205K01LE4,Contra Fund,2025-07-31,Equity,Equity,Banks,ICICI Bank,Large Cap,EQUITY,6.97,1344.6435,9076843
Invesco India Contra Fund - Direct (G),120348,INF205K01LE4,Contra Fund,2025-07-31,Equity,Equity,Refineries,H P C L,Mid Cap,EQUITY,1.45,278.3504,6651939
Invesco India Contra Fund - Direct (G),120348,INF205K01LE4,Contra Fund,2025-07-31,Equity,Equity,Banks,IndusInd Bank,Mid Cap,EQUITY,0.85,163.6341,2048242
Invesco India Contra Fund - Direct (G),120348,INF205K01LE4,Contra Fund,2025-07-31,Equity,Equity,Cables,KEI Industries,Mid Cap,EQUITY,1.44,278.4827,724423
Invesco India Contra Fund - Direct (G),120348,INF205K01LE4,Contra Fund,2025-07-31,Equity,Equity,Finance,Aadhar Hsg. Fin.,Small Cap,EQUITY,0.82,157.9647,3115367
Invesco India Contra Fund - Direct (G),120348,INF205K01LE4,Contra Fund,2025-07-31,Equity,Equity,Finance,HDB FINANC SER,Mid Cap,EQUITY,0.7,134.068,1767425
Invesco India Contra Fund - Direct (G),120348,INF205K01LE4,Contra Fund,2025-07-31,Equity,Equity,Pharmaceuticals,Lupin,Mid Cap,EQUITY,1.41,272.1853,1410508
Invesco India Contra Fund - Direct (G),120348,INF205K01LE4,Contra Fund,2025-07-31,Equity,Equity,IT - Software,Mphasis,Mid Cap,EQUITY,0.81,156.1716,559021
Invesco India Contra Fund - Direct (G),120348,INF205K01LE4,Contra Fund,2025-07-31,Equity,Equity,Pharmaceuticals,Divi's Lab.,Large Cap,EQUITY,1.12,215.1023,326135
Invesco India Contra Fund - Direct (G),120348,INF205K01LE4,Contra Fund,2025-07-31,Equity,Equity,Consumer Durables,Crompton Gr. Con,Small Cap,EQUITY,0.6,115.8942,3586745
Invesco India Contra Fund - Direct (G),120348,INF205K01LE4,Contra Fund,2025-07-31,Equity,Equity,"Diamond, Gems and Jewellery",Kalyan Jewellers,Mid Cap,EQUITY,1.1,212.806,3578375
Invesco India Contra Fund - Direct (G),120348,INF205K01LE4,Contra Fund,2025-07-31,Equity,Equity,Bearings,Timken India,Small Cap,EQUITY,0.6,115.3991,347703
Invesco India Contra Fund - Direct (G),120348,INF205K01LE4,Contra Fund,2025-07-31,Equity,Equity,Logistics,Zinka Logistics,Small Cap,EQUITY,0.55,106.4315,2283692
Invesco India Contra Fund - Direct (G),120348,INF205K01LE4,Contra Fund,2025-07-31,Equity,Equity,Steel,Shyam Metalics,Small Cap,EQUITY,1.25,240.2317,2434945
Invesco India Contra Fund - Direct (G),120348,INF205K01LE4,Contra Fund,2025-07-31,Equity,Equity,Electronics,Honeywell Auto,Small Cap,EQUITY,0.98,189.8683,48973
Invesco India Contra Fund - Direct (G),120348,INF205K01LE4,Contra Fund,2025-07-31,Equity,Equity,Consumer Durables,Whirlpool India,Small Cap,EQUITY,0.49,95.2117,713410
Invesco India Contra Fund - Direct (G),120348,INF205K01LE4,Contra Fund,2025-07-31,Equity,Equity,Finance,Shriram Finance,Large Cap,EQUITY,0.48,92.3418,1463768
Invesco India Contra Fund - Direct (G),120348,INF205K01LE4,Contra Fund,2025-07-31,Equity,Equity,Power Generation & Distribution,NTPC,Large Cap,EQUITY,0.31,59.1274,1768958
Invesco India Contra Fund - Direct (G),120348,INF205K01LE4,Contra Fund,2025-07-31,Equity,Equity,Auto Ancillaries,Samvardh. Mothe.,Large Cap,EQUITY,0.88,170.6401,17560989
Invesco India Contra Fund - Direct (G),120348,INF205K01LE4,Contra Fund,2025-07-31,Equity,Equity,Tyres,Balkrishna Inds,Mid Cap,EQUITY,0.34,64.6902,241724
Invesco India Contra Fund - Direct (G),120348,INF205K01LE4,Contra Fund,2025-07-31,Equity,Equity,Quick Service Restaurant,Jubilant Food.,Mid Cap,EQUITY,1.28,245.8149,3741524
Invesco India Contra Fund - Direct (G),120348,INF205K01LE4,Contra Fund,2025-07-31,Equity,Equity,Pharmaceuticals,Glenmark Pharma.,Mid Cap,EQUITY,1.86,357.7947,1676485
Invesco India Contra Fund - Direct (G),120348,INF205K01LE4,Contra Fund,2025-07-31,Equity,Equity,Capital Goods-Non Electrical Equipment,Jyoti CNC Auto.,Small Cap,EQUITY,0.74,143.1686,1403614
Invesco India Contra Fund - Direct (G),120348,INF205K01LE4,Contra Fund,2025-08-31,Equity,Equity,Banks,HDFC Bank,Large Cap,EQUITY,7.47,1417.1006,14891768
Invesco India Contra Fund - Direct (G),120348,INF205K01LE4,Contra Fund,2025-08-31,Equity,Equity,Capital Goods - Electrical Equipment,Suzlon Energy,Mid Cap,EQUITY,0.84,159.4939,28264022
Invesco India Contra Fund - Direct (G),120348,INF205K01LE4,Contra Fund,2025-08-31,Equity,Equity,E-Commerce/App based Aggregator,Eternal Ltd,Large Cap,EQUITY,3.87,734.0877,23382312
Invesco India Contra Fund - Direct (G),120348,INF205K01LE4,Contra Fund,2025-08-31,Equity,Equity,Insurance,ICICI Lombard,Mid Cap,EQUITY,1.24,234.6987,1275814
Invesco India Contra Fund - Direct (G),120348,INF205K01LE4,Contra Fund,2025-08-31,Equity,Equity,Healthcare,Apollo Hospitals,Large Cap,EQUITY,2.85,541.7262,711861
Invesco India Contra Fund - Direct (G),120348,INF205K01LE4,Contra Fund,2025-08-31,Equity,Equity,Healthcare,Global Health,Mid Cap,EQUITY,1.4,266.2217,1937567
Invesco India Contra Fund - Direct (G),120348,INF205K01LE4,Contra Fund,2025-08-31,Equity,Equity,IT - Software,Infosys,Large Cap,EQUITY,4.7,891.2348,6064472
Invesco India Contra Fund - Direct (G),120348,INF205K01LE4,Contra Fund,2025-08-31,Equity,Equity,E-Commerce/App based Aggregator,Swiggy,Large Cap,EQUITY,0.33,63.2527,1543690
Invesco India Contra Fund - Direct (G),120348,INF205K01LE4,Contra Fund,2025-08-31,Equity,Equity,Auto Ancillaries,Craftsman Auto,Small Cap,EQUITY,0.98,186.7723,270195
Invesco India Contra Fund - Direct (G),120348,INF205K01LE4,Contra Fund,2025-08-31,Equity,Equity,Healthcare,Entero Healthcar,Small Cap,EQUITY,0.98,186.4462,1577379
Invesco India Contra Fund - Direct (G),120348,INF205K01LE4,Contra Fund,2025-08-31,Equity,Equity,Automobile,M & M,Large Cap,EQUITY,3.61,685.2081,2141610
Invesco India Contra Fund - Direct (G),120348,INF205K01LE4,Contra Fund,2025-08-31,Equity,Equity,Financial Services,BSE,Mid Cap,EQUITY,0.97,183.6506,876112
Invesco India Contra Fund - Direct (G),120348,INF205K01LE4,Contra Fund,2025-08-31,Equity,Equity,Retail,Avenue Super.,Large Cap,EQUITY,1.74,329.4656,692795
Invesco India Contra Fund - Direct (G),120348,INF205K01LE4,Contra Fund,2025-08-31,Equity,Equity,FMCG,Varun Beverages,Large Cap,EQUITY,1.17,221.5739,4548372
Invesco India Contra Fund - Direct (G),120348,INF205K01LE4,Contra Fund,2025-08-31,Equity,Equity,Banks,Kotak Mah. Bank,Large Cap,EQUITY,1.69,320.8094,1636532
Invesco India Contra Fund - Direct (G),120348,INF205K01LE4,Contra Fund,2025-08-31,Equity,Equity,Banks,Axis Bank,Large Cap,EQUITY,2.86,543.6242,5201150
Invesco India Contra Fund - Direct (G),120348,INF205K01LE4,Contra Fund,2025-08-31,Equity,Equity,Automobile,TVS Motor Co.,Large Cap,EQUITY,1.5,285.5318,871427
Invesco India Contra Fund - Direct (G),120348,INF205K01LE4,Contra Fund,2025-08-31,Equity,Equity,Pharmaceuticals,J B Chemicals &,Small Cap,EQUITY,0.54,103.2311,598684
Invesco India Contra Fund - Direct (G),120348,INF205K01LE4,Contra Fund,2025-08-31,Equity,Equity,Aerospace & Defence,Bharat Electron,Large Cap,EQUITY,1.71,325.2725,8805427
Invesco India Contra Fund - Direct (G),120348,INF205K01LE4,Contra Fund,2025-08-31,Equity,Equity,IT - Software,Sonata Software,Small Cap,EQUITY,0.5,94.4418,2691799
Invesco India Contra Fund - Direct (G),120348,INF205K01LE4,Contra Fund,2025-08-31,Equity,Equity,Chemicals,Deepak Nitrite,Small Cap,EQUITY,0.39,74.6627,417600
Invesco India Contra Fund - Direct (G),120348,INF205K01LE4,Contra Fund,2025-08-31,Equity,Equity,Realty,Prestige Estates,Mid Cap,EQUITY,1.64,311.7247,1995932
Invesco India Contra Fund - Direct (G),120348,INF205K01LE4,Contra Fund,2025-08-31,Equity,Equity,Quick Service Restaurant,Devyani Intl.,Small Cap,EQUITY,0.86,164.066,9417175
Invesco India Contra Fund - Direct (G),120348,INF205K01LE4,Contra Fund,2025-08-31,Equity,Equity,Financial Services,Multi Comm. Exc.,Mid Cap,EQUITY,0.98,186.9367,252959
Invesco India Contra Fund - Direct (G),120348,INF205K01LE4,Contra Fund,2025-08-31,Equity,Equity,Finance,HDB FINANC SER,Mid Cap,EQUITY,0.72,137.541,1767425
Invesco India Contra Fund - Direct (G),120348,INF205K01LE4,Contra Fund,2025-08-31,Equity,Equity,Infrastructure Developers & Operators,Larsen & Toubro,Large Cap,EQUITY,3.54,672.1956,1866571
Invesco India Contra Fund - Direct (G),120348,INF205K01LE4,Contra Fund,2025-08-31,Equity,Equity,Pharmaceuticals,Lupin,Mid Cap,EQUITY,1.41,267.4483,1410508
Invesco India Contra Fund - Direct (G),120348,INF205K01LE4,Contra Fund,2025-08-31,Equity,Equity,IT - Software,Mphasis,Mid Cap,EQUITY,0.83,156.2467,559021
Invesco India Contra Fund - Direct (G),120348,INF205K01LE4,Contra Fund,2025-08-31,Equity,Equity,Pharmaceuticals,Divi's Lab.,Large Cap,EQUITY,1.05,199.9697,326135
Invesco India Contra Fund - Direct (G),120348,INF205K01LE4,Contra Fund,2025-08-31,Equity,Equity,E-Commerce/App based Aggregator,FSN E-Commerce,Mid Cap,EQUITY,1.9,360.5871,15718988
Invesco India Contra Fund - Direct (G),120348,INF205K01LE4,Contra Fund,2025-08-31,Equity,Equity,Cement,Ambuja Cements,Large Cap,EQUITY,1.22,232.4575,4127441
Invesco India Contra Fund - Direct (G),120348,INF205K01LE4,Contra Fund,2025-08-31,Equity,Equity,Banks,ICICI Bank,Large Cap,EQUITY,6.68,1268.7611,9076843
Invesco India Contra Fund - Direct (G),120348,INF205K01LE4,Contra Fund,2025-08-31,Equity,Equity,Refineries,H P C L,Mid Cap,EQUITY,1.32,250.1022,6651939
Invesco India Contra Fund - Direct (G),120348,INF205K01LE4,Contra Fund,2025-08-31,Equity,Equity,Banks,IndusInd Bank,Mid Cap,EQUITY,0.8,151.4675,2048242
Invesco India Contra Fund - Direct (G),120348,INF205K01LE4,Contra Fund,2025-08-31,Equity,Equity,Cables,KEI Industries,Mid Cap,EQUITY,1.45,276.0486,724423
Invesco India Contra Fund - Direct (G),120348,INF205K01LE4,Contra Fund,2025-08-31,Equity,Equity,Finance,Aadhar Hsg. Fin.,Small Cap,EQUITY,0.83,156.6874,3115367
Invesco India Contra Fund - Direct (G),120348,INF205K01LE4,Contra Fund,2025-08-31,Equity,Equity,Finance,Cholaman.Inv.&Fn,Large Cap,EQUITY,1.97,373.9885,2632424
Invesco India Contra Fund - Direct (G),120348,INF205K01LE4,Contra Fund,2025-08-31,Equity,Equity,Insurance,SBI Life Insuran,Large Cap,EQUITY,0.81,154.6295,856436
Invesco India Contra Fund - Direct (G),120348,INF205K01LE4,Contra Fund,2025-08-31,Equity,Equity,Logistics,Delhivery,Mid Cap,EQUITY,0.14,27.3725,584819
Invesco India Contra Fund - Direct (G),120348,INF205K01LE4,Contra Fund,2025-08-31,Equity,Equity,Logistics,Zinka Logistics,Small Cap,EQUITY,0.77,145.4141,2283692
Invesco India Contra Fund - Direct (G),120348,INF205K01LE4,Contra Fund,2025-08-31,Equity,Equity,IT - Software,LTIMindtree,Large Cap,EQUITY,1.4,265.2269,516659
Invesco India Contra Fund - Direct (G),120348,INF205K01LE4,Contra Fund,2025-08-31,Equity,Equity,FMCG,Britannia Inds.,Large Cap,EQUITY,0.55,103.4808,177680
Invesco India Contra Fund - Direct (G),120348,INF205K01LE4,Contra Fund,2025-08-31,Equity,Equity,Consumer Durables,Voltas,Mid Cap,EQUITY,1.01,193.0648,1406441
Invesco India Contra Fund - Direct (G),120348,INF205K01LE4,Contra Fund,2025-08-31,Equity,Equity,IT - Software,Coforge,Mid Cap,EQUITY,2.14,406.5167,2357575
Invesco India Contra Fund - Direct (G),120348,INF205K01LE4,Contra Fund,2025-08-31,Equity,Equity,Agro Chemicals,P I Industries,Mid Cap,EQUITY,0.36,68.8234,186271
Invesco India Contra Fund - Direct (G),120348,INF205K01LE4,Contra Fund,2025-08-31,Equity,Equity,Pharmaceuticals,Mankind Pharma,Mid Cap,EQUITY,1.44,272.6154,1103081
Invesco India Contra Fund - Direct (G),120348,INF205K01LE4,Contra Fund,2025-08-31,Equity,Equity,Retail,V-Mart Retail,Small Cap,EQUITY,0.48,91.7191,1235108
Invesco India Contra Fund - Direct (G),120348,INF205K01LE4,Contra Fund,2025-08-31,Equity,Equity,Consumer Durables,Crompton Gr. Con,Small Cap,EQUITY,0.62,118.3992,3586745
Invesco India Contra Fund - Direct (G),120348,INF205K01LE4,Contra Fund,2025-08-31,Equity,Equity,"Diamond, Gems and Jewellery",Kalyan Jewellers,Mid Cap,EQUITY,0.95,180.4038,3578375
Invesco India Contra Fund - Direct (G),120348,INF205K01LE4,Contra Fund,2025-08-31,Equity,Equity,Bearings,Timken India,Small Cap,EQUITY,0.53,100.4236,347703
Invesco India Contra Fund - Direct (G),120348,INF205K01LE4,Contra Fund,2025-08-31,Equity,Equity,Steel,Shyam Metalics,Small Cap,EQUITY,1.16,220.4356,2434945
Invesco India Contra Fund - Direct (G),120348,INF205K01LE4,Contra Fund,2025-08-31,Equity,Equity,Electronics,Honeywell Auto,Small Cap,EQUITY,1.0,189.7214,48973
Invesco India Contra Fund - Direct (G),120348,INF205K01LE4,Contra Fund,2025-08-31,Equity,Equity,Consumer Durables,Whirlpool India,Small Cap,EQUITY,0.49,92.7861,713410
Invesco India Contra Fund - Direct (G),120348,INF205K01LE4,Contra Fund,2025-08-31,Equity,Equity,Finance,Shriram Finance,Large Cap,EQUITY,0.45,84.9351,1463768
Invesco India Contra Fund - Direct (G),120348,INF205K01LE4,Contra Fund,2025-08-31,Equity,Equity,Power Generation & Distribution,NTPC,Large Cap,EQUITY,0.05,9.8265,300000
Invesco India Contra Fund - Direct (G),120348,INF205K01LE4,Contra Fund,2025-08-31,Equity,Equity,Auto Ancillaries,Samvardh. Mothe.,Large Cap,EQUITY,0.86,162.8782,17560989
Invesco India Contra Fund - Direct (G),120348,INF205K01LE4,Contra Fund,2025-08-31,Equity,Equity,Tyres,Balkrishna Inds,Mid Cap,EQUITY,0.29,55.3403,241724
Invesco India Contra Fund - Direct (G),120348,INF205K01LE4,Contra Fund,2025-08-31,Equity,Equity,Quick Service Restaurant,Jubilant Food.,Mid Cap,EQUITY,1.24,235.398,3741524
Invesco India Contra Fund - Direct (G),120348,INF205K01LE4,Contra Fund,2025-08-31,Equity,Equity,Retail,Medplus Health,Small Cap,EQUITY,0.49,92.1613,1094617
Invesco India Contra Fund - Direct (G),120348,INF205K01LE4,Contra Fund,2025-08-31,Equity,Equity,Finance,REC Ltd,Mid Cap,EQUITY,1.55,295.1076,8429427
Invesco India Contra Fund - Direct (G),120348,INF205K01LE4,Contra Fund,2025-08-31,Equity,Equity,Paints/Varnish,Asian Paints,Large Cap,EQUITY,0.83,155.8412,616626
Invesco India Contra Fund - Direct (G),120348,INF205K01LE4,Contra Fund,2025-08-31,Equity,Equity,FMCG,Hind. Unilever,Large Cap,EQUITY,1.07,203.3199,762126
Invesco India Contra Fund - Direct (G),120348,INF205K01LE4,Contra Fund,2025-08-31,Equity,Equity,Pharmaceuticals,Cohance Life,Small Cap,EQUITY,1.01,191.3854,2173352
Invesco India Contra Fund - Direct (G),120348,INF205K01LE4,Contra Fund,2025-08-31,Equity,Equity,Banks,Federal Bank,Mid Cap,EQUITY,1.46,277.9637,14499174
Invesco India Contra Fund - Direct (G),120348,INF205K01LE4,Contra Fund,2025-08-31,Equity,Equity,Pharmaceuticals,Orchid Pharma,Small Cap,EQUITY,0.4,76.6507,1044216
Invesco India Contra Fund - Direct (G),120348,INF205K01LE4,Contra Fund,2025-08-31,Equity,Equity,Financial Services,C D S L,Small Cap,EQUITY,0.04,7.1472,50177
Invesco India Contra Fund - Direct (G),120348,INF205K01LE4,Contra Fund,2025-08-31,Equity,Equity,Pharmaceuticals,Wockhardt,Small Cap,EQUITY,0.35,66.5305,466063
Invesco India Contra Fund - Direct (G),120348,INF205K01LE4,Contra Fund,2025-08-31,Equity,Equity,Realty,A B Real Estate,Small Cap,EQUITY,0.89,169.6516,969327
Invesco India Contra Fund - Direct (G),120348,INF205K01LE4,Contra Fund,2025-08-31,Equity,Equity,Banks,Equitas Sma. Fin,Small Cap,EQUITY,0.01,1.1868,236080
Invesco India Contra Fund - Direct (G),120348,INF205K01LE4,Contra Fund,2025-08-31,Equity,Equity,Telecom-Service,Bharti Airtel PP,Mid Cap,EQUITY,2.0,379.855,2628845
Invesco India Contra Fund - Direct (G),120348,INF205K01LE4,Contra Fund,2025-08-31,Equity,Equity,Capital Goods-Non Electrical Equipment,Jyoti CNC Auto.,Small Cap,EQUITY,0.67,127.8973,1403614
Invesco India Contra Fund - Direct (G),120348,INF205K01LE4,Contra Fund,2025-08-31,Equity,Equity,Pharmaceuticals,Glenmark Pharma.,Mid Cap,EQUITY,1.69,322.5439,1676485
Invesco India Contra Fund - Direct (G),120348,INF205K01LE4,Contra Fund,2025-09-30,Equity,Equity,Aerospace & Defence,Bharat Electron,Large Cap,EQUITY,1.86,355.6952,8805427
Invesco India Contra Fund - Direct (G),120348,INF205K01LE4,Contra Fund,2025-09-30,Equity,Equity,IT - Software,Sonata Software,Small Cap,EQUITY,0.49,93.1632,2691799
Invesco India Contra Fund - Direct (G),120348,INF205K01LE4,Contra Fund,2025-09-30,Equity,Equity,Chemicals,Deepak Nitrite,Small Cap,EQUITY,0.4,76.6338,417600
Invesco India Contra Fund - Direct (G),120348,INF205K01LE4,Contra Fund,2025-09-30,Equity,Equity,IT - Software,Infosys,Large Cap,EQUITY,4.77,914.2768,6341218
Invesco India Contra Fund - Direct (G),120348,INF205K01LE4,Contra Fund,2025-09-30,Equity,Equity,E-Commerce/App based Aggregator,Swiggy,Mid Cap,EQUITY,0.34,65.2904,1543690
Invesco India Contra Fund - Direct (G),120348,INF205K01LE4,Contra Fund,2025-09-30,Equity,Equity,Auto Ancillaries,Craftsman Auto,Small Cap,EQUITY,0.96,183.557,270195
Invesco India Contra Fund - Direct (G),120348,INF205K01LE4,Contra Fund,2025-09-30,Equity,Equity,Healthcare,Entero Healthcar,Small Cap,EQUITY,0.92,175.7358,1577379
Invesco India Contra Fund - Direct (G),120348,INF205K01LE4,Contra Fund,2025-09-30,Equity,Equity,Healthcare,Apollo Hospitals,Large Cap,EQUITY,2.75,527.4178,711861
Invesco India Contra Fund - Direct (G),120348,INF205K01LE4,Contra Fund,2025-09-30,Equity,Equity,Healthcare,Global Health,Mid Cap,EQUITY,1.33,254.5963,1937567
Invesco India Contra Fund - Direct (G),120348,INF205K01LE4,Contra Fund,2025-09-30,Equity,Equity,E-Commerce/App based Aggregator,Eternal Ltd,Large Cap,EQUITY,3.78,725.2693,22281699
Invesco India Contra Fund - Direct (G),120348,INF205K01LE4,Contra Fund,2025-09-30,Equity,Equity,Insurance,ICICI Lombard,Mid Cap,EQUITY,1.26,241.1033,1275814
Invesco India Contra Fund - Direct (G),120348,INF205K01LE4,Contra Fund,2025-09-30,Equity,Equity,Banks,Kotak Mah. Bank,Large Cap,EQUITY,1.7,326.1117,1636532
Invesco India Contra Fund - Direct (G),120348,INF205K01LE4,Contra Fund,2025-09-30,Equity,Equity,Retail,Avenue Super.,Large Cap,EQUITY,1.62,310.0535,692795
Invesco India Contra Fund - Direct (G),120348,INF205K01LE4,Contra Fund,2025-09-30,Equity,Equity,FMCG,Varun Beverages,Large Cap,EQUITY,1.19,227.5416,5128275
Invesco India Contra Fund - Direct (G),120348,INF205K01LE4,Contra Fund,2025-09-30,Equity,Equity,Automobile,TVS Motor Co.,Large Cap,EQUITY,1.56,299.6576,871427
Invesco India Contra Fund - Direct (G),120348,INF205K01LE4,Contra Fund,2025-09-30,Equity,Equity,Realty,Prestige Estates,Mid Cap,EQUITY,1.57,301.4057,1995932
Invesco India Contra Fund - Direct (G),120348,INF205K01LE4,Contra Fund,2025-09-30,Equity,Equity,Quick Service Restaurant,Devyani Intl.,Small Cap,EQUITY,0.83,158.2368,9417175
Invesco India Contra Fund - Direct (G),120348,INF205K01LE4,Contra Fund,2025-09-30,Equity,Equity,E-Commerce/App based Aggregator,FSN E-Commerce,Mid Cap,EQUITY,1.9,365.6423,15718988
Invesco India Contra Fund - Direct (G),120348,INF205K01LE4,Contra Fund,2025-09-30,Equity,Equity,Infrastructure Developers & Operators,Larsen & Toubro,Large Cap,EQUITY,3.57,683.0311,1866571
Invesco India Contra Fund - Direct (G),120348,INF205K01LE4,Contra Fund,2025-09-30,Equity,Equity,Pharmaceuticals,Mankind Pharma,Mid Cap,EQUITY,1.4,268.6774,1103081
Invesco India Contra Fund - Direct (G),120348,INF205K01LE4,Contra Fund,2025-09-30,Equity,Equity,Retail,V-Mart Retail,Small Cap,EQUITY,0.46,87.668,1235108
Invesco India Contra Fund - Direct (G),120348,INF205K01LE4,Contra Fund,2025-09-30,Equity,Equity,Cement,Ambuja Cements,Large Cap,EQUITY,1.23,235.2435,4127441
Invesco India Contra Fund - Direct (G),120348,INF205K01LE4,Contra Fund,2025-09-30,Equity,Equity,Banks,ICICI Bank,Large Cap,EQUITY,6.38,1223.5584,9076843
Invesco India Contra Fund - Direct (G),120348,INF205K01LE4,Contra Fund,2025-09-30,Equity,Equity,Refineries,H P C L,Mid Cap,EQUITY,1.54,295.0247,6651939
Invesco India Contra Fund - Direct (G),120348,INF205K01LE4,Contra Fund,2025-09-30,Equity,Equity,Banks,IndusInd Bank,Mid Cap,EQUITY,0.79,150.6584,2048242
Invesco India Contra Fund - Direct (G),120348,INF205K01LE4,Contra Fund,2025-09-30,Equity,Equity,Pharmaceuticals,Lupin,Mid Cap,EQUITY,1.41,269.8036,1410508
Invesco India Contra Fund - Direct (G),120348,INF205K01LE4,Contra Fund,2025-09-30,Equity,Equity,IT - Software,Mphasis,Mid Cap,EQUITY,0.85,162.4525,610536
Invesco India Contra Fund - Direct (G),120348,INF205K01LE4,Contra Fund,2025-09-30,Equity,Equity,Pharmaceuticals,Divi's Lab.,Large Cap,EQUITY,0.97,185.5545,326135
Invesco India Contra Fund - Direct (G),120348,INF205K01LE4,Contra Fund,2025-09-30,Equity,Equity,Cables,KEI Industries,Mid Cap,EQUITY,1.54,294.2824,724423
Invesco India Contra Fund - Direct (G),120348,INF205K01LE4,Contra Fund,2025-09-30,Equity,Equity,Finance,Aadhar Hsg. Fin.,Small Cap,EQUITY,0.83,158.9616,3115367
Invesco India Contra Fund - Direct (G),120348,INF205K01LE4,Contra Fund,2025-09-30,Equity,Equity,Pharmaceuticals,Glenmark Pharma.,Mid Cap,EQUITY,1.7,327.3792,1676485
Invesco India Contra Fund - Direct (G),120348,INF205K01LE4,Contra Fund,2025-09-30,Equity,Equity,Capital Goods-Non Electrical Equipment,Jyoti CNC Auto.,Small Cap,EQUITY,0.62,119.2932,1403614
Invesco India Contra Fund - Direct (G),120348,INF205K01LE4,Contra Fund,2025-09-30,Equity,Equity,Finance,Cholaman.Inv.&Fn,Large Cap,EQUITY,2.45,469.1426,2912482
Invesco India Contra Fund - Direct (G),120348,INF205K01LE4,Contra Fund,2025-09-30,Equity,Equity,Insurance,SBI Life Insuran,Large Cap,EQUITY,0.8,153.3534,856436
Invesco India Contra Fund - Direct (G),120348,INF205K01LE4,Contra Fund,2025-09-30,Equity,Equity,Logistics,Blackbuck,Small Cap,EQUITY,0.74,142.2512,2283692
Invesco India Contra Fund - Direct (G),120348,INF205K01LE4,Contra Fund,2025-09-30,Equity,Equity,"Diamond, Gems and Jewellery",Kalyan Jewellers,Mid Cap,EQUITY,0.85,162.5656,3578375
Invesco India Contra Fund - Direct (G),120348,INF205K01LE4,Contra Fund,2025-09-30,Equity,Equity,Bearings,Timken India,Small Cap,EQUITY,0.75,144.4851,480033
Invesco India Contra Fund - Direct (G),120348,INF205K01LE4,Contra Fund,2025-09-30,Equity,Equity,Financial Services,Multi Comm. Exc.,Mid Cap,EQUITY,1.03,197.2068,252959
Invesco India Contra Fund - Direct (G),120348,INF205K01LE4,Contra Fund,2025-09-30,Equity,Equity,Finance,HDB FINANC SER,Mid Cap,EQUITY,0.68999,132.6099,1767425
Invesco India Contra Fund - Direct (G),120348,INF205K01LE4,Contra Fund,2025-09-30,Equity,Equity,Steel,Shyam Metalics,Small Cap,EQUITY,1.16,222.3835,2434945
Invesco India Contra Fund - Direct (G),120348,INF205K01LE4,Contra Fund,2025-09-30,Equity,Equity,IT - Software,LTIMindtree,Large Cap,EQUITY,1.47,282.483,547713
Invesco India Contra Fund - Direct (G),120348,INF205K01LE4,Contra Fund,2025-09-30,Equity,Equity,FMCG,Britannia Inds.,Large Cap,EQUITY,0.45,85.6845,143022
Invesco India Contra Fund - Direct (G),120348,INF205K01LE4,Contra Fund,2025-09-30,Equity,Equity,Consumer Durables,Voltas,Mid Cap,EQUITY,0.99,190.221,1406441
Invesco India Contra Fund - Direct (G),120348,INF205K01LE4,Contra Fund,2025-09-30,Equity,Equity,Electronics,Honeywell Auto,Small Cap,EQUITY,0.92,176.768,48973
Invesco India Contra Fund - Direct (G),120348,INF205K01LE4,Contra Fund,2025-09-30,Equity,Equity,Consumer Durables,Whirlpool India,Small Cap,EQUITY,0.44,84.9814,713410
Invesco India Contra Fund - Direct (G),120348,INF205K01LE4,Contra Fund,2025-09-30,Equity,Equity,Finance,Shriram Finance,Large Cap,EQUITY,0.47,90.1827,1463768
Invesco India Contra Fund - Direct (G),120348,INF205K01LE4,Contra Fund,2025-09-30,Equity,Equity,Retail,Medplus Health,Small Cap,EQUITY,0.43,82.9118,1094617
Invesco India Contra Fund - Direct (G),120348,INF205K01LE4,Contra Fund,2025-09-30,Equity,Equity,Consumer Durables,Crompton Gr. Con,Small Cap,EQUITY,0.54,104.5174,3586745
Invesco India Contra Fund - Direct (G),120348,INF205K01LE4,Contra Fund,2025-09-30,Equity,Equity,Logistics,Delhivery,Small Cap,EQUITY,0.59,114.0577,2534333
Invesco India Contra Fund - Direct (G),120348,INF205K01LE4,Contra Fund,2025-09-30,Equity,Equity,Banks,Federal Bank,Mid Cap,EQUITY,1.46,279.7326,14499174
Invesco India Contra Fund - Direct (G),120348,INF205K01LE4,Contra Fund,2025-09-30,Equity,Equity,Pharmaceuticals,Orchid Pharma,Small Cap,EQUITY,0.38,73.304,1044216
Invesco India Contra Fund - Direct (G),120348,INF205K01LE4,Contra Fund,2025-09-30,Equity,Equity,Finance,REC Ltd,Mid Cap,EQUITY,1.64,314.3655,8429427
Invesco India Contra Fund - Direct (G),120348,INF205K01LE4,Contra Fund,2025-09-30,Equity,Equity,Paints/Varnish,Asian Paints,Large Cap,EQUITY,0.76,145.2378,616626
Invesco India Contra Fund - Direct (G),120348,INF205K01LE4,Contra Fund,2025-09-30,Equity,Equity,FMCG,Hind. Unilever,Large Cap,EQUITY,1.0,192.2843,762126
Invesco India Contra Fund - Direct (G),120348,INF205K01LE4,Contra Fund,2025-09-30,Equity,Equity,Pharmaceuticals,Cohance Life,Small Cap,EQUITY,1.52,292.2081,3323946
Invesco India Contra Fund - Direct (G),120348,INF205K01LE4,Contra Fund,2025-09-30,Equity,Equity,Auto Ancillaries,Samvardh. Mothe.,Large Cap,EQUITY,0.97,185.5318,17560989
Invesco India Contra Fund - Direct (G),120348,INF205K01LE4,Contra Fund,2025-09-30,Equity,Equity,Tyres,Balkrishna Inds,Mid Cap,EQUITY,0.29,55.4708,241724
Invesco India Contra Fund - Direct (G),120348,INF205K01LE4,Contra Fund,2025-09-30,Equity,Equity,Quick Service Restaurant,Jubilant Food.,Mid Cap,EQUITY,1.21,232.0721,3741524
Invesco India Contra Fund - Direct (G),120348,INF205K01LE4,Contra Fund,2025-09-30,Equity,Equity,Telecom-Service,Bharti Airtel PP,Mid Cap,EQUITY,1.93,370.0625,2628845
Invesco India Contra Fund - Direct (G),120348,INF205K01LE4,Contra Fund,2025-09-30,Equity,Equity,Pharmaceuticals,J B Chemicals &,Small Cap,EQUITY,0.53,102.357,598684
Invesco India Contra Fund - Direct (G),120348,INF205K01LE4,Contra Fund,2025-09-30,Equity,Equity,IT - Software,Coforge,Mid Cap,EQUITY,2.07,397.5026,2498445
Invesco India Contra Fund - Direct (G),120348,INF205K01LE4,Contra Fund,2025-09-30,Equity,Equity,Agro Chemicals,P I Industries,Mid Cap,EQUITY,0.34,65.4463,186271
Invesco India Contra Fund - Direct (G),120348,INF205K01LE4,Contra Fund,2025-09-30,Equity,Equity,Banks,HDFC Bank,Large Cap,EQUITY,7.39,1416.2071,14891768
Invesco India Contra Fund - Direct (G),120348,INF205K01LE4,Contra Fund,2025-09-30,Equity,Equity,Capital Goods - Electrical Equipment,Suzlon Energy,Mid Cap,EQUITY,0.81,155.5934,28264022
Invesco India Contra Fund - Direct (G),120348,INF205K01LE4,Contra Fund,2025-09-30,Equity,Equity,Pharmaceuticals,Wockhardt,Small Cap,EQUITY,0.37,70.6552,466063
Invesco India Contra Fund - Direct (G),120348,INF205K01LE4,Contra Fund,2025-09-30,Equity,Equity,Realty,A B Real Estate,Small Cap,EQUITY,0.85,163.7581,969327
Invesco India Contra Fund - Direct (G),120348,INF205K01LE4,Contra Fund,2025-09-30,Equity,Equity,Automobile,M & M,Large Cap,EQUITY,3.97,761.6316,2222444
Invesco India Contra Fund - Direct (G),120348,INF205K01LE4,Contra Fund,2025-09-30,Equity,Equity,Infrastructure Developers & Operators,Afcons Infrastr.,Small Cap,EQUITY,0.52,99.3465,2182960
Invesco India Contra Fund - Direct (G),120348,INF205K01LE4,Contra Fund,2025-09-30,Equity,Equity,Financial Services,BSE,Mid Cap,EQUITY,0.93,178.7444,876112
Invesco India Contra Fund - Direct (G),120348,INF205K01LE4,Contra Fund,2025-09-30,Equity,Equity,Banks,Axis Bank,Large Cap,EQUITY,3.07,588.5621,5201150
Invesco India Contra Fund - Direct (G),120348,INF205K01LE4,Contra Fund,2025-10-31,Equity,Equity,Capital Goods-Non Electrical Equipment,Jyoti CNC Auto.,Small Cap,EQUITY,0.6,121.2722,1403614
Invesco India Contra Fund - Direct (G),120348,INF205K01LE4,Contra Fund,2025-10-31,Equity,Equity,Banks,HDFC Bank,Large Cap,EQUITY,7.29,1470.2643,14891768
Invesco India Contra Fund - Direct (G),120348,INF205K01LE4,Contra Fund,2025-10-31,Equity,Equity,Capital Goods - Electrical Equipment,Suzlon Energy,Mid Cap,EQUITY,0.83,167.6057,28264022
Invesco India Contra Fund - Direct (G),120348,INF205K01LE4,Contra Fund,2025-10-31,Equity,Equity,Pharmaceuticals,Wockhardt,Small Cap,EQUITY,0.3,59.726,466063
Invesco India Contra Fund - Direct (G),120348,INF205K01LE4,Contra Fund,2025-10-31,Equity,Equity,E-Commerce/App based Aggregator,Eternal Ltd,Large Cap,EQUITY,2.81,567.5108,17860293
Invesco India Contra Fund - Direct (G),120348,INF205K01LE4,Contra Fund,2025-10-31,Equity,Equity,Insurance,ICICI Lombard,Mid Cap,EQUITY,1.26,254.359,1275814
Invesco India Contra Fund - Direct (G),120348,INF205K01LE4,Contra Fund,2025-10-31,Equity,Equity,Automobile,M & M,Large Cap,EQUITY,3.84,775.0107,2222444
Invesco India Contra Fund - Direct (G),120348,INF205K01LE4,Contra Fund,2025-10-31,Equity,Equity,Infrastructure Developers & Operators,Afcons Infrastr.,Small Cap,EQUITY,0.48,97.8075,2182960
Invesco India Contra Fund - Direct (G),120348,INF205K01LE4,Contra Fund,2025-10-31,Equity,Equity,Banks,Axis Bank,Large Cap,EQUITY,3.18,641.1978,5201150
Invesco India Contra Fund - Direct (G),120348,INF205K01LE4,Contra Fund,2025-10-31,Equity,Equity,Aerospace & Defence,Bharat Electron,Large Cap,EQUITY,1.86,375.1992,8805427
Invesco India Contra Fund - Direct (G),120348,INF205K01LE4,Contra Fund,2025-10-31,Equity,Equity,Banks,Kotak Mah. Bank,Large Cap,EQUITY,1.71,344.0318,1636532
Invesco India Contra Fund - Direct (G),120348,INF205K01LE4,Contra Fund,2025-10-31,Equity,Equity,Healthcare,Apollo Hospitals,Mid Cap,EQUITY,2.71,546.7804,711861
Invesco India Contra Fund - Direct (G),120348,INF205K01LE4,Contra Fund,2025-10-31,Equity,Equity,Healthcare,Global Health,Small Cap,EQUITY,1.26,254.1119,1937567
Invesco India Contra Fund - Direct (G),120348,INF205K01LE4,Contra Fund,2025-10-31,Equity,Equity,IT - Software,Infosys,Large Cap,EQUITY,4.66,939.9587,6341218
Invesco India Contra Fund - Direct (G),120348,INF205K01LE4,Contra Fund,2025-10-31,Equity,Equity,E-Commerce/App based Aggregator,Swiggy,Mid Cap,EQUITY,0.31,63.2836,1543690
Invesco India Contra Fund - Direct (G),120348,INF205K01LE4,Contra Fund,2025-10-31,Equity,Equity,Auto Ancillaries,Craftsman Auto,Small Cap,EQUITY,0.89,180.4903,270195
Invesco India Contra Fund - Direct (G),120348,INF205K01LE4,Contra Fund,2025-10-31,Equity,Equity,Healthcare,Entero Healthcar,Small Cap,EQUITY,0.86,174.3635,1577379
Invesco India Contra Fund - Direct (G),120348,INF205K01LE4,Contra Fund,2025-10-31,Equity,Equity,Banks,Federal Bank,Mid Cap,EQUITY,1.7,343.065,14499174
Invesco India Contra Fund - Direct (G),120348,INF205K01LE4,Contra Fund,2025-10-31,Equity,Equity,Pharmaceuticals,Orchid Pharma,Small Cap,EQUITY,0.36,71.9591,990763
Invesco India Contra Fund - Direct (G),120348,INF205K01LE4,Contra Fund,2025-10-31,Equity,Equity,Retail,Avenue Super.,Large Cap,EQUITY,1.43,287.7524,692795
Invesco India Contra Fund - Direct (G),120348,INF205K01LE4,Contra Fund,2025-10-31,Equity,Equity,Realty,Prestige Estates,Mid Cap,EQUITY,1.73,348.2303,1995932
Invesco India Contra Fund - Direct (G),120348,INF205K01LE4,Contra Fund,2025-10-31,Equity,Equity,Quick Service Restaurant,Devyani Intl.,Small Cap,EQUITY,0.76,152.3699,9417175
Invesco India Contra Fund - Direct (G),120348,INF205K01LE4,Contra Fund,2025-10-31,Equity,Equity,Automobile,TVS Motor Co.,Large Cap,EQUITY,1.52,305.7576,871427
Invesco India Contra Fund - Direct (G),120348,INF205K01LE4,Contra Fund,2025-10-31,Equity,Equity,Pharmaceuticals,J B Chemicals &,Small Cap,EQUITY,0.5,100.7166,598684
Invesco India Contra Fund - Direct (G),120348,INF205K01LE4,Contra Fund,2025-10-31,Equity,Equity,IT - Software,Coforge,Mid Cap,EQUITY,2.2,444.2485,2498445
Invesco India Contra Fund - Direct (G),120348,INF205K01LE4,Contra Fund,2025-10-31,Equity,Equity,E-Commerce/App based Aggregator,FSN E-Commerce,Mid Cap,EQUITY,1.93,390.1581,15718988
Invesco India Contra Fund - Direct (G),120348,INF205K01LE4,Contra Fund,2025-10-31,Equity,Equity,Banks,ICICI Bank,Large Cap,EQUITY,6.05,1221.1077,9076843
Invesco India Contra Fund - Direct (G),120348,INF205K01LE4,Contra Fund,2025-10-31,Equity,Equity,Refineries,H P C L,Mid Cap,EQUITY,1.57,316.5779,6651939
Invesco India Contra Fund - Direct (G),120348,INF205K01LE4,Contra Fund,2025-10-31,Equity,Equity,Banks,IndusInd Bank,Mid Cap,EQUITY,0.99,199.7149,2512769
Invesco India Contra Fund - Direct (G),120348,INF205K01LE4,Contra Fund,2025-10-31,Equity,Equity,Logistics,Blackbuck,Small Cap,EQUITY,0.77,156.2959,2283692
Invesco India Contra Fund - Direct (G),120348,INF205K01LE4,Contra Fund,2025-10-31,Equity,Equity,FMCG,Varun Beverages,Large Cap,EQUITY,1.19,240.8494,5128275
Invesco India Contra Fund - Direct (G),120348,INF205K01LE4,Contra Fund,2025-10-31,Equity,Equity,IT - Software,LTIMindtree,Large Cap,EQUITY,1.54,311.3475,547713
Invesco India Contra Fund - Direct (G),120348,INF205K01LE4,Contra Fund,2025-10-31,Equity,Equity,FMCG,Britannia Inds.,Large Cap,EQUITY,0.41,83.4748,143022
Invesco India Contra Fund - Direct (G),120348,INF205K01LE4,Contra Fund,2025-10-31,Equity,Equity,Consumer Durables,Voltas,Mid Cap,EQUITY,0.96,194.4572,1406441
Invesco India Contra Fund - Direct (G),120348,INF205K01LE4,Contra Fund,2025-10-31,Equity,Equity,Pharmaceuticals,Lupin,Mid Cap,EQUITY,1.38,277.1482,1410508
Invesco India Contra Fund - Direct (G),120348,INF205K01LE4,Contra Fund,2025-10-31,Equity,Equity,IT - Software,Mphasis,Mid Cap,EQUITY,0.84,169.1506,610536
Invesco India Contra Fund - Direct (G),120348,INF205K01LE4,Contra Fund,2025-10-31,Equity,Equity,Pharmaceuticals,Divi's Lab.,Large Cap,EQUITY,1.09,219.7498,326135
Invesco India Contra Fund - Direct (G),120348,INF205K01LE4,Contra Fund,2025-10-31,Equity,Equity,Infrastructure Developers & Operators,Larsen & Toubro,Large Cap,EQUITY,3.85,776.1482,1925354
Invesco India Contra Fund - Direct (G),120348,INF205K01LE4,Contra Fund,2025-10-31,Equity,Equity,Paints/Varnish,Asian Paints,Large Cap,EQUITY,0.77,155.2299,616626
Invesco India Contra Fund - Direct (G),120348,INF205K01LE4,Contra Fund,2025-10-31,Equity,Equity,Pharmaceuticals,Mankind Pharma,Mid Cap,EQUITY,1.3,262.9745,1103081
Invesco India Contra Fund - Direct (G),120348,INF205K01LE4,Contra Fund,2025-10-31,Equity,Equity,Retail,V-Mart Retail,Small Cap,EQUITY,0.51,102.446,1235108
Invesco India Contra Fund - Direct (G),120348,INF205K01LE4,Contra Fund,2025-10-31,Equity,Equity,Cables,KEI Industries,Mid Cap,EQUITY,1.45,292.0874,724423
Invesco India Contra Fund - Direct (G),120348,INF205K01LE4,Contra Fund,2025-10-31,Equity,Equity,Finance,Aadhar Hsg. Fin.,Small Cap,EQUITY,0.79,158.837,3115367
Invesco India Contra Fund - Direct (G),120348,INF205K01LE4,Contra Fund,2025-10-31,Equity,Equity,Logistics,Delhivery,Small Cap,EQUITY,0.59,118.0872,2534333
Invesco India Contra Fund - Direct (G),120348,INF205K01LE4,Contra Fund,2025-10-31,Equity,Equity,Financial Services,Multi Comm. Exc.,Mid Cap,EQUITY,1.16,233.8227,252959
Invesco India Contra Fund - Direct (G),120348,INF205K01LE4,Contra Fund,2025-10-31,Equity,Equity,Finance,HDB FINANC SER,Mid Cap,EQUITY,0.64,129.2518,1767425
Invesco India Contra Fund - Direct (G),120348,INF205K01LE4,Contra Fund,2025-10-31,Equity,Equity,Electronics,Honeywell Auto,Small Cap,EQUITY,0.89,178.727,48973
Invesco India Contra Fund - Direct (G),120348,INF205K01LE4,Contra Fund,2025-10-31,Equity,Equity,Consumer Durables,Whirlpool India,Small Cap,EQUITY,0.49,99.8132,713410
Invesco India Contra Fund - Direct (G),120348,INF205K01LE4,Contra Fund,2025-10-31,Equity,Equity,Finance,Shriram Finance,Large Cap,EQUITY,0.54,109.6216,1463768
Invesco India Contra Fund - Direct (G),120348,INF205K01LE4,Contra Fund,2025-10-31,Equity,Equity,"Diamond, Gems and Jewellery",Kalyan Jewellers,Mid Cap,EQUITY,0.9,182.3898,3578375
Invesco India Contra Fund - Direct (G),120348,INF205K01LE4,Contra Fund,2025-10-31,Equity,Equity,Bearings,Timken India,Small Cap,EQUITY,0.75,150.9224,480033
Invesco India Contra Fund - Direct (G),120348,INF205K01LE4,Contra Fund,2025-10-31,Equity,Equity,Financial Services,BSE,Large Cap,EQUITY,1.28,257.4776,1038635
Invesco India Contra Fund - Direct (G),120348,INF205K01LE4,Contra Fund,2025-10-31,Equity,Equity,Finance,Cholaman.Inv.&Fn,Large Cap,EQUITY,2.45,494.1899,2912482
Invesco India Contra Fund - Direct (G),120348,INF205K01LE4,Contra Fund,2025-10-31,Equity,Equity,Insurance,SBI Life Insuran,Large Cap,EQUITY,0.83,167.4932,856436
Invesco India Contra Fund - Direct (G),120348,INF205K01LE4,Contra Fund,2025-10-31,Equity,Equity,Steel,Shyam Metalics,Small Cap,EQUITY,1.19,240.4255,2738799
Invesco India Contra Fund - Direct (G),120348,INF205K01LE4,Contra Fund,2025-10-31,Equity,Equity,Retail,Medplus Health,Small Cap,EQUITY,0.41,83.5029,1094617
Invesco India Contra Fund - Direct (G),120348,INF205K01LE4,Contra Fund,2025-10-31,Equity,Equity,IT - Software,Sonata Software,Small Cap,EQUITY,0.49,99.5562,2691799
Invesco India Contra Fund - Direct (G),120348,INF205K01LE4,Contra Fund,2025-10-31,Equity,Equity,Chemicals,Deepak Nitrite,Small Cap,EQUITY,0.36,72.178,417600
Invesco India Contra Fund - Direct (G),120348,INF205K01LE4,Contra Fund,2025-10-31,Equity,Equity,Consumer Durables,Crompton Gr. Con,Small Cap,EQUITY,0.5,101.4362,3586745
Invesco India Contra Fund - Direct (G),120348,INF205K01LE4,Contra Fund,2025-10-31,Equity,Equity,Banks,Bank of Baroda,Large Cap,EQUITY,1.01,203.0771,7294435
Invesco India Contra Fund - Direct (G),120348,INF205K01LE4,Contra Fund,2025-10-31,Equity,Equity,FMCG,Hind. Unilever,Large Cap,EQUITY,0.94,187.784,762126
Invesco India Contra Fund - Direct (G),120348,INF205K01LE4,Contra Fund,2025-10-31,Equity,Equity,Pharmaceuticals,Cohance Life,Small Cap,EQUITY,1.24,250.4261,3323946
Invesco India Contra Fund - Direct (G),120348,INF205K01LE4,Contra Fund,2025-10-31,Equity,Equity,Realty,A B Real Estate,Small Cap,EQUITY,0.9,181.9136,969327
Invesco India Contra Fund - Direct (G),120348,INF205K01LE4,Contra Fund,2025-10-31,Equity,Equity,Cement,Ambuja Cements,Large Cap,EQUITY,1.16,233.3655,4127441
Invesco India Contra Fund - Direct (G),120348,INF205K01LE4,Contra Fund,2025-10-31,Equity,Equity,Auto Ancillaries,Samvardh. Mothe.,Large Cap,EQUITY,0.92,185.0753,17560989
Invesco India Contra Fund - Direct (G),120348,INF205K01LE4,Contra Fund,2025-10-31,Equity,Equity,Tyres,Balkrishna Inds,Mid Cap,EQUITY,0.27,55.1082,241724
Invesco India Contra Fund - Direct (G),120348,INF205K01LE4,Contra Fund,2025-10-31,Equity,Equity,Quick Service Restaurant,Jubilant Food.,Mid Cap,EQUITY,1.11,224.3817,3741524
Invesco India Contra Fund - Direct (G),120348,INF205K01LE4,Contra Fund,2025-10-31,Equity,Equity,Pharmaceuticals,Glenmark Pharma.,Mid Cap,EQUITY,1.57,317.0738,1676485
Invesco India Contra Fund - Direct (G),120348,INF205K01LE4,Contra Fund,2025-10-31,Equity,Equity,Finance,Tata Capital,Large Cap,EQUITY,0.12,25.098,766820
Invesco India Contra Fund - Direct (G),120348,INF205K01LE4,Contra Fund,2025-10-31,Equity,Equity,Telecom-Service,Bharti Airtel PP,Mid Cap,EQUITY,2.04,411.848,2628845
Invesco India Contra Fund - Direct (G),120348,INF205K01LE4,Contra Fund,2025-10-31,Equity,Equity,Refineries,Reliance Industr,Large Cap,EQUITY,1.52,305.858,2057710
Invesco India Contra Fund - Direct (G),120348,INF205K01LE4,Contra Fund,2025-11-30,Equity,Equity,Banks,HDFC Bank,Large Cap,EQUITY,7.76,1599.0124,15869516
Invesco India Contra Fund - Direct (G),120348,INF205K01LE4,Contra Fund,2025-11-30,Equity,Equity,Capital Goods - Electrical Equipment,Suzlon Energy,Mid Cap,EQUITY,0.74,152.654,28264022
Invesco India Contra Fund - Direct (G),120348,INF205K01LE4,Contra Fund,2025-11-30,Equity,Equity,Pharmaceuticals,Wockhardt,Small Cap,EQUITY,0.28,57.5588,466063
Invesco India Contra Fund - Direct (G),120348,INF205K01LE4,Contra Fund,2025-11-30,Equity,Equity,IT - Software,Infosys,Large Cap,EQUITY,4.8,989.2934,6341218
Invesco India Contra Fund - Direct (G),120348,INF205K01LE4,Contra Fund,2025-11-30,Equity,Equity,E-Commerce/App based Aggregator,Swiggy,Mid Cap,EQUITY,0.28,58.3978,1543690
Invesco India Contra Fund - Direct (G),120348,INF205K01LE4,Contra Fund,2025-11-30,Equity,Equity,Auto Ancillaries,Craftsman Auto,Small Cap,EQUITY,0.92,189.7985,270195
Invesco India Contra Fund - Direct (G),120348,INF205K01LE4,Contra Fund,2025-11-30,Equity,Equity,Healthcare,Entero Healthcar,Small Cap,EQUITY,0.81,167.6281,1577379
Invesco India Contra Fund - Direct (G),120348,INF205K01LE4,Contra Fund,2025-11-30,Equity,Equity,Healthcare,Apollo Hospitals,Large Cap,EQUITY,2.54,522.1856,711861
Invesco India Contra Fund - Direct (G),120348,INF205K01LE4,Contra Fund,2025-11-30,Equity,Equity,Healthcare,Global Health,Small Cap,EQUITY,1.27,261.9097,2102004
Invesco India Contra Fund - Direct (G),120348,INF205K01LE4,Contra Fund,2025-11-30,Equity,Equity,Automobile,M & M,Large Cap,EQUITY,4.05,835.0389,2222444
Invesco India Contra Fund - Direct (G),120348,INF205K01LE4,Contra Fund,2025-11-30,Equity,Equity,Infrastructure Developers & Operators,Afcons Infrastr.,Small Cap,EQUITY,0.43,88.2134,2182960
Invesco India Contra Fund - Direct (G),120348,INF205K01LE4,Contra Fund,2025-11-30,Equity,Equity,Financial Services,BSE,Large Cap,EQUITY,1.46,301.4534,1038635
Invesco India Contra Fund - Direct (G),120348,INF205K01LE4,Contra Fund,2025-11-30,Equity,Equity,Banks,Federal Bank,Mid Cap,EQUITY,1.82,373.9627,14499174
Invesco India Contra Fund - Direct (G),120348,INF205K01LE4,Contra Fund,2025-11-30,Equity,Equity,Pharmaceuticals,Orchid Pharma,Small Cap,EQUITY,0.4,82.5504,990763
Invesco India Contra Fund - Direct (G),120348,INF205K01LE4,Contra Fund,2025-11-30,Equity,Equity,Retail,Avenue Super.,Large Cap,EQUITY,1.34,276.8755,692795
Invesco India Contra Fund - Direct (G),120348,INF205K01LE4,Contra Fund,2025-11-30,Equity,Equity,Automobile,Tata Motors,Large Cap,EQUITY,0.35,72.9533,2072536
Invesco India Contra Fund - Direct (G),120348,INF205K01LE4,Contra Fund,2025-11-30,Equity,Equity,E-Commerce/App based Aggregator,Eternal Ltd,Large Cap,EQUITY,2.24,460.7108,15351909
Invesco India Contra Fund - Direct (G),120348,INF205K01LE4,Contra Fund,2025-11-30,Equity,Equity,Insurance,ICICI Lombard,Mid Cap,EQUITY,1.22,251.3991,1275814
Invesco India Contra Fund - Direct (G),120348,INF205K01LE4,Contra Fund,2025-11-30,Equity,Equity,Banks,Kotak Mah. Bank,Large Cap,EQUITY,1.69,347.6649,1636532
Invesco India Contra Fund - Direct (G),120348,INF205K01LE4,Contra Fund,2025-11-30,Equity,Equity,Banks,Axis Bank,Large Cap,EQUITY,3.23,665.5912,5201150
Invesco India Contra Fund - Direct (G),120348,INF205K01LE4,Contra Fund,2025-11-30,Equity,Equity,Aerospace & Defence,Bharat Electron,Large Cap,EQUITY,1.76,362.5635,8805427
Invesco India Contra Fund - Direct (G),120348,INF205K01LE4,Contra Fund,2025-11-30,Equity,Equity,IT - Software,Sonata Software,Small Cap,EQUITY,0.47,96.2049,2691799
Invesco India Contra Fund - Direct (G),120348,INF205K01LE4,Contra Fund,2025-11-30,Equity,Equity,Chemicals,Deepak Nitrite,Small Cap,EQUITY,0.32,65.0871,417600
Invesco India Contra Fund - Direct (G),120348,INF205K01LE4,Contra Fund,2025-11-30,Equity,Equity,Consumer Durables,Crompton Gr. Con,Small Cap,EQUITY,0.46,95.2166,3586745
Invesco India Contra Fund - Direct (G),120348,INF205K01LE4,Contra Fund,2025-11-30,Equity,Equity,Automobile,TVS Motor Co.,Large Cap,EQUITY,1.49,307.7444,871427
Invesco India Contra Fund - Direct (G),120348,INF205K01LE4,Contra Fund,2025-11-30,Equity,Equity,Realty,Prestige Estates,Mid Cap,EQUITY,1.63,334.7777,1995932
Invesco India Contra Fund - Direct (G),120348,INF205K01LE4,Contra Fund,2025-11-30,Equity,Equity,Quick Service Restaurant,Devyani Intl.,Small Cap,EQUITY,0.01,3.0003,221193
Invesco India Contra Fund - Direct (G),120348,INF205K01LE4,Contra Fund,2025-11-30,Equity,Equity,Cables,KEI Industries,Mid Cap,EQUITY,1.46,300.3168,724423
Invesco India Contra Fund - Direct (G),120348,INF205K01LE4,Contra Fund,2025-11-30,Equity,Equity,Banks,ICICI Bank,Large Cap,EQUITY,5.64,1162.212,8368462
Invesco India Contra Fund - Direct (G),120348,INF205K01LE4,Contra Fund,2025-11-30,Equity,Equity,Refineries,H P C L,Mid Cap,EQUITY,1.42,292.4678,6392739
Invesco India Contra Fund - Direct (G),120348,INF205K01LE4,Contra Fund,2025-11-30,Equity,Equity,Banks,IndusInd Bank,Mid Cap,EQUITY,1.05,215.7338,2512769
Invesco India Contra Fund - Direct (G),120348,INF205K01LE4,Contra Fund,2025-11-30,Equity,Equity,Logistics,Blackbuck,Small Cap,EQUITY,0.74,152.4935,2283692
Invesco India Contra Fund - Direct (G),120348,INF205K01LE4,Contra Fund,2025-11-30,Equity,Equity,Infrastructure Developers & Operators,Larsen & Toubro,Large Cap,EQUITY,3.76,773.5003,1900679
Invesco India Contra Fund - Direct (G),120348,INF205K01LE4,Contra Fund,2025-11-30,Equity,Equity,Paints/Varnish,Asian Paints,Large Cap,EQUITY,0.86,177.8709,616626
Invesco India Contra Fund - Direct (G),120348,INF205K01LE4,Contra Fund,2025-11-30,Equity,Equity,Banks,Bank of Baroda,Large Cap,EQUITY,1.03,211.3927,7294435
Invesco India Contra Fund - Direct (G),120348,INF205K01LE4,Contra Fund,2025-11-30,Equity,Equity,Pharmaceuticals,Cohance Life,Small Cap,EQUITY,0.99,203.1,3598511
Invesco India Contra Fund - Direct (G),120348,INF205K01LE4,Contra Fund,2025-11-30,Equity,Equity,FMCG,Varun Beverages,Large Cap,EQUITY,1.2,246.9521,5128275
Invesco India Contra Fund - Direct (G),120348,INF205K01LE4,Contra Fund,2025-11-30,Equity,Equity,IT - Software,LTIMindtree,Large Cap,EQUITY,1.62,333.9132,547713
Invesco India Contra Fund - Direct (G),120348,INF205K01LE4,Contra Fund,2025-11-30,Equity,Equity,FMCG,Britannia Inds.,Large Cap,EQUITY,0.41,83.6107,143022
Invesco India Contra Fund - Direct (G),120348,INF205K01LE4,Contra Fund,2025-11-30,Equity,Equity,Consumer Durables,Voltas,Mid Cap,EQUITY,0.88,181.2334,1316816
Invesco India Contra Fund - Direct (G),120348,INF205K01LE4,Contra Fund,2025-11-30,Equity,Equity,Pharmaceuticals,Lupin,Mid Cap,EQUITY,1.42,293.832,1410508
Invesco India Contra Fund - Direct (G),120348,INF205K01LE4,Contra Fund,2025-11-30,Equity,Equity,IT - Software,Mphasis,Mid Cap,EQUITY,0.83,171.9321,610536
Invesco India Contra Fund - Direct (G),120348,INF205K01LE4,Contra Fund,2025-11-30,Equity,Equity,Pharmaceuticals,Divi's Lab.,Large Cap,EQUITY,1.23,253.7319,391743
Invesco India Contra Fund - Direct (G),120348,INF205K01LE4,Contra Fund,2025-11-30,Equity,Equity,E-Commerce/App based Aggregator,FSN E-Commerce,Mid Cap,EQUITY,2.04,420.6936,15718988
Invesco India Contra Fund - Direct (G),120348,INF205K01LE4,Contra Fund,2025-11-30,Equity,Equity,Finance,Cholaman.Inv.&Fn,Large Cap,EQUITY,2.45,505.6069,2912482
Invesco India Contra Fund - Direct (G),120348,INF205K01LE4,Contra Fund,2025-11-30,Equity,Equity,Insurance,SBI Life Insuran,Large Cap,EQUITY,0.82,168.3753,856436
Invesco India Contra Fund - Direct (G),120348,INF205K01LE4,Contra Fund,2025-11-30,Equity,Equity,Logistics,Delhivery,Small Cap,EQUITY,1.14,235.3825,5522818
Invesco India Contra Fund - Direct (G),120348,INF205K01LE4,Contra Fund,2025-11-30,Equity,Equity,Steel,Shyam Metalics,Small Cap,EQUITY,1.08,222.9109,2738799
Invesco India Contra Fund - Direct (G),120348,INF205K01LE4,Contra Fund,2025-11-30,Equity,Equity,Finance,Aadhar Hsg. Fin.,Small Cap,EQUITY,0.73,149.8959,3115367
Invesco India Contra Fund - Direct (G),120348,INF205K01LE4,Contra Fund,2025-11-30,Equity,Equity,Pharmaceuticals,Glenmark Pharma.,Mid Cap,EQUITY,1.75,360.0641,1850088
Invesco India Contra Fund - Direct (G),120348,INF205K01LE4,Contra Fund,2025-11-30,Equity,Equity,Electronics,Honeywell Auto,Small Cap,EQUITY,0.84,173.3399,48973
Invesco India Contra Fund - Direct (G),120348,INF205K01LE4,Contra Fund,2025-11-30,Equity,Equity,Consumer Durables,Whirlpool India,Small Cap,EQUITY,0.37,76.4847,713410
Invesco India Contra Fund - Direct (G),120348,INF205K01LE4,Contra Fund,2025-11-30,Equity,Equity,Retail,Medplus Health,Small Cap,EQUITY,0.43,88.5326,1094617
Invesco India Contra Fund - Direct (G),120348,INF205K01LE4,Contra Fund,2025-11-30,Equity,Equity,"Diamond, Gems and Jewellery",Kalyan Jewellers,Mid Cap,EQUITY,0.88,180.8332,3578375
Invesco India Contra Fund - Direct (G),120348,INF205K01LE4,Contra Fund,2025-11-30,Equity,Equity,Bearings,Timken India,Small Cap,EQUITY,0.74,151.4216,480033
Invesco India Contra Fund - Direct (G),120348,INF205K01LE4,Contra Fund,2025-11-30,Equity,Equity,Finance,Shriram Finance,Large Cap,EQUITY,0.61,124.6618,1463768
Invesco India Contra Fund - Direct (G),120348,INF205K01LE4,Contra Fund,2025-11-30,Equity,Equity,Financial Services,Multi Comm. Exc.,Mid Cap,EQUITY,1.24,254.8182,252959
Invesco India Contra Fund - Direct (G),120348,INF205K01LE4,Contra Fund,2025-11-30,Equity,Equity,Finance,HDB FINANC SER,Mid Cap,EQUITY,0.66,135.5968,1767425
Invesco India Contra Fund - Direct (G),120348,INF205K01LE4,Contra Fund,2025-11-30,Equity,Equity,Realty,A B Real Estate,Small Cap,EQUITY,0.89,183.295,1033463
Invesco India Contra Fund - Direct (G),120348,INF205K01LE4,Contra Fund,2025-11-30,Equity,Equity,Cement,Ambuja Cements,Large Cap,EQUITY,1.1,227.0918,4127441
Invesco India Contra Fund - Direct (G),120348,INF205K01LE4,Contra Fund,2025-11-30,Equity,Equity,Auto Ancillaries,Samvardh. Mothe.,Large Cap,EQUITY,0.99,204.2519,17560989
Invesco India Contra Fund - Direct (G),120348,INF205K01LE4,Contra Fund,2025-11-30,Equity,Equity,Tyres,Balkrishna Inds,Mid Cap,EQUITY,0.27,55.8117,241724
Invesco India Contra Fund - Direct (G),120348,INF205K01LE4,Contra Fund,2025-11-30,Equity,Equity,Quick Service Restaurant,Jubilant Food.,Mid Cap,EQUITY,1.42,291.4024,4829450
Invesco India Contra Fund - Direct (G),120348,INF205K01LE4,Contra Fund,2025-11-30,Equity,Equity,Telecom-Service,Bharti Airtel PP,Mid Cap,EQUITY,2.03,418.4333,2628845
Invesco India Contra Fund - Direct (G),120348,INF205K01LE4,Contra Fund,2025-11-30,Equity,Equity,Refineries,Reliance Industr,Large Cap,EQUITY,2.56,526.8543,3361112
Invesco India Contra Fund - Direct (G),120348,INF205K01LE4,Contra Fund,2025-11-30,Equity,Equity,Pharmaceuticals,J B Chemicals &,Small Cap,EQUITY,0.51,106.0449,598684
Invesco India Contra Fund - Direct (G),120348,INF205K01LE4,Contra Fund,2025-11-30,Equity,Equity,IT - Software,Coforge,Mid Cap,EQUITY,2.32,476.8782,2498445
Invesco India Contra Fund - Direct (G),120348,INF205K01LE4,Contra Fund,2025-11-30,Equity,Equity,Retail,V-Mart Retail,Small Cap,EQUITY,0.47,96.6657,1235108
Invesco India Contra Fund - Direct (G),120348,INF205K01LE4,Contra Fund,2025-11-30,Equity,Equity,Finance,Tata Capital,Large Cap,EQUITY,0.12,25.144,766820
Invesco India Contra Fund - Direct (G),120348,INF205K01LE4,Contra Fund,2025-11-30,Equity,Equity,Capital Goods-Non Electrical Equipment,Jyoti CNC Auto.,Small Cap,EQUITY,0.68999,141.8001,1403614
Invesco India Contra Fund - Direct (G),120348,INF205K01LE4,Contra Fund,2025-12-31,Equity,Equity,Banks,ICICI Bank,Large Cap,EQUITY,5.44,1123.8008,8368462
Invesco India Contra Fund - Direct (G),120348,INF205K01LE4,Contra Fund,2025-12-31,Equity,Equity,Refineries,H P C L,Mid Cap,EQUITY,1.54,319.0296,6392739
Invesco India Contra Fund - Direct (G),120348,INF205K01LE4,Contra Fund,2025-12-31,Equity,Equity,Banks,IndusInd Bank,Mid Cap,EQUITY,1.05,217.1535,2512769
Invesco India Contra Fund - Direct (G),120348,INF205K01LE4,Contra Fund,2025-12-31,Equity,Equity,Logistics,Blackbuck,Small Cap,EQUITY,0.75,155.234,2283692
Invesco India Contra Fund - Direct (G),120348,INF205K01LE4,Contra Fund,2025-12-31,Equity,Equity,IT - Software,Infosys,Large Cap,EQUITY,4.56,941.4233,5827803
Invesco India Contra Fund - Direct (G),120348,INF205K01LE4,Contra Fund,2025-12-31,Equity,Equity,E-Commerce/App based Aggregator,Swiggy,Mid Cap,EQUITY,2.21,456.9107,11829404
Invesco India Contra Fund - Direct (G),120348,INF205K01LE4,Contra Fund,2025-12-31,Equity,Equity,Auto Ancillaries,Craftsman Auto,Small Cap,EQUITY,1.01,207.7664,270195
Invesco India Contra Fund - Direct (G),120348,INF205K01LE4,Contra Fund,2025-12-31,Equity,Equity,Healthcare,Entero Healthcar,Small Cap,EQUITY,0.78,161.9337,1577379
Invesco India Contra Fund - Direct (G),120348,INF205K01LE4,Contra Fund,2025-12-31,Equity,Equity,Finance,Cholaman.Inv.&Fn,Large Cap,EQUITY,2.4,495.7627,2912482
Invesco India Contra Fund - Direct (G),120348,INF205K01LE4,Contra Fund,2025-12-31,Equity,Equity,Insurance,SBI Life Insuran,Large Cap,EQUITY,0.84,174.2762,856436
Invesco India Contra Fund - Direct (G),120348,INF205K01LE4,Contra Fund,2025-12-31,Equity,Equity,Logistics,Delhivery,Small Cap,EQUITY,1.08,223.039,5522818
Invesco India Contra Fund - Direct (G),120348,INF205K01LE4,Contra Fund,2025-12-31,Equity,Equity,Banks,Axis Bank,Large Cap,EQUITY,3.2,660.234,5201150
Invesco India Contra Fund - Direct (G),120348,INF205K01LE4,Contra Fund,2025-12-31,Equity,Equity,Aerospace & Defence,Bharat Electron,Large Cap,EQUITY,1.7,351.8649,8805427
Invesco India Contra Fund - Direct (G),120348,INF205K01LE4,Contra Fund,2025-12-31,Equity,Equity,IT - Software,Coforge,Mid Cap,EQUITY,2.01,415.4914,2498445
Invesco India Contra Fund - Direct (G),120348,INF205K01LE4,Contra Fund,2025-12-31,Equity,Equity,Retail,V-Mart Retail,Small Cap,EQUITY,0.43,88.3473,1235108
Invesco India Contra Fund - Direct (G),120348,INF205K01LE4,Contra Fund,2025-12-31,Equity,Equity,Electronics,Honeywell Auto,Small Cap,EQUITY,0.78,160.6559,48973
Invesco India Contra Fund - Direct (G),120348,INF205K01LE4,Contra Fund,2025-12-31,Equity,Equity,Consumer Durables,Whirlpool India,Small Cap,EQUITY,0.31,64.1427,713410
Invesco India Contra Fund - Direct (G),120348,INF205K01LE4,Contra Fund,2025-12-31,Equity,Equity,E-Commerce/App based Aggregator,Eternal,Large Cap,EQUITY,1.8,371.4143,13357824
Invesco India Contra Fund - Direct (G),120348,INF205K01LE4,Contra Fund,2025-12-31,Equity,Equity,Insurance,ICICI Lombard,Mid Cap,EQUITY,1.21,250.3275,1275814
Invesco India Contra Fund - Direct (G),120348,INF205K01LE4,Contra Fund,2025-12-31,Equity,Equity,Auto Ancillaries,Samvardh. Mothe.,Large Cap,EQUITY,1.02,210.6265,17560989
Invesco India Contra Fund - Direct (G),120348,INF205K01LE4,Contra Fund,2025-12-31,Equity,Equity,Quick Service Restaurant,Jubilant Food.,Mid Cap,EQUITY,1.53,316.5763,5672820
Invesco India Contra Fund - Direct (G),120348,INF205K01LE4,Contra Fund,2025-12-31,Equity,Equity,Healthcare,Apollo Hospitals,Mid Cap,EQUITY,2.37,490.4883,696469
Invesco India Contra Fund - Direct (G),120348,INF205K01LE4,Contra Fund,2025-12-31,Equity,Equity,Healthcare,Global Health,Small Cap,EQUITY,1.21,249.3818,2102004
Invesco India Contra Fund - Direct (G),120348,INF205K01LE4,Contra Fund,2025-12-31,Equity,Equity,Banks,Federal Bank,Mid Cap,EQUITY,1.87,387.2729,14499174
Invesco India Contra Fund - Direct (G),120348,INF205K01LE4,Contra Fund,2025-12-31,Equity,Equity,Pharmaceuticals,Orchid Pharma,Small Cap,EQUITY,0.36,75.194,990763
Invesco India Contra Fund - Direct (G),120348,INF205K01LE4,Contra Fund,2025-12-31,Equity,Equity,Retail,Avenue Super.,Large Cap,EQUITY,0.85,175.2528,463362
Invesco India Contra Fund - Direct (G),120348,INF205K01LE4,Contra Fund,2025-12-31,Equity,Equity,Automobile,Tata Motors,Large Cap,EQUITY,1.02,211.0509,5079445
Invesco India Contra Fund - Direct (G),120348,INF205K01LE4,Contra Fund,2025-12-31,Equity,Equity,Realty,Prestige Estates,Mid Cap,EQUITY,1.54,318.3112,1995932
Invesco India Contra Fund - Direct (G),120348,INF205K01LE4,Contra Fund,2025-12-31,Equity,Equity,Cables,KEI Industries,Mid Cap,EQUITY,1.56,323.1071,724423
Invesco India Contra Fund - Direct (G),120348,INF205K01LE4,Contra Fund,2025-12-31,Equity,Equity,E-Commerce/App based Aggregator,FSN E-Commerce,Mid Cap,EQUITY,2.01,416.9865,15718988
Invesco India Contra Fund - Direct (G),120348,INF205K01LE4,Contra Fund,2025-12-31,Equity,Equity,Infrastructure Developers & Operators,Larsen & Toubro,Large Cap,EQUITY,3.76,776.1423,1900679
Invesco India Contra Fund - Direct (G),120348,INF205K01LE4,Contra Fund,2025-12-31,Equity,Equity,Paints/Varnish,Asian Paints,Large Cap,EQUITY,0.83,171.1888,616626
Invesco India Contra Fund - Direct (G),120348,INF205K01LE4,Contra Fund,2025-12-31,Equity,Equity,Banks,Bank of Baroda,Large Cap,EQUITY,1.04,215.8423,7294435
Invesco India Contra Fund - Direct (G),120348,INF205K01LE4,Contra Fund,2025-12-31,Equity,Equity,Pharmaceuticals,Cohance Life,Small Cap,EQUITY,0.92,190.2173,3598511
Invesco India Contra Fund - Direct (G),120348,INF205K01LE4,Contra Fund,2025-12-31,Equity,Equity,Automobile,M & M,Large Cap,EQUITY,3.99,824.3489,2222444
Invesco India Contra Fund - Direct (G),120348,INF205K01LE4,Contra Fund,2025-12-31,Equity,Equity,Infrastructure Developers & Operators,Afcons Infrastr.,Small Cap,EQUITY,0.41,84.4587,2182960
Invesco India Contra Fund - Direct (G),120348,INF205K01LE4,Contra Fund,2025-12-31,Equity,Equity,Financial Services,BSE,Large Cap,EQUITY,1.32,273.3895,1038635
Invesco India Contra Fund - Direct (G),120348,INF205K01LE4,Contra Fund,2025-12-31,Equity,Equity,FMCG,Varun Beverages,Large Cap,EQUITY,1.28,263.8173,5385676
Invesco India Contra Fund - Direct (G),120348,INF205K01LE4,Contra Fund,2025-12-31,Equity,Equity,Banks,HDFC Bank,Large Cap,EQUITY,7.61,1572.9864,15869516
Invesco India Contra Fund - Direct (G),120348,INF205K01LE4,Contra Fund,2025-12-31,Equity,Equity,Capital Goods - Electrical Equipment,Suzlon Energy,Mid Cap,EQUITY,0.72,148.8666,28264022
Invesco India Contra Fund - Direct (G),120348,INF205K01LE4,Contra Fund,2025-12-31,Equity,Equity,Pharmaceuticals,Wockhardt,Small Cap,EQUITY,0.33,67.402,466063
Invesco India Contra Fund - Direct (G),120348,INF205K01LE4,Contra Fund,2025-12-31,Equity,Equity,Steel,Shyam Metalics,Small Cap,EQUITY,1.28,264.3583,3118720
Invesco India Contra Fund - Direct (G),120348,INF205K01LE4,Contra Fund,2025-12-31,Equity,Equity,Pharmaceuticals,Lupin,Mid Cap,EQUITY,1.44,297.628,1410508
Invesco India Contra Fund - Direct (G),120348,INF205K01LE4,Contra Fund,2025-12-31,Equity,Equity,IT - Software,Mphasis,Mid Cap,EQUITY,0.83,170.6636,610536
Invesco India Contra Fund - Direct (G),120348,INF205K01LE4,Contra Fund,2025-12-31,Equity,Equity,Pharmaceuticals,Divi's Lab.,Large Cap,EQUITY,1.21,250.4217,391743
Invesco India Contra Fund - Direct (G),120348,INF205K01LE4,Contra Fund,2025-12-31,Equity,Equity,Finance,Aadhar Hsg. Fin.,Small Cap,EQUITY,0.73,151.1109,3115367
Invesco India Contra Fund - Direct (G),120348,INF205K01LE4,Contra Fund,2025-12-31,Equity,Equity,Pharmaceuticals,Glenmark Pharma.,Mid Cap,EQUITY,1.82,376.5299,1850088
Invesco India Contra Fund - Direct (G),120348,INF205K01LE4,Contra Fund,2025-12-31,Equity,Equity,Banks,RBL Bank,Small Cap,EQUITY,0.32,67.0478,2123110
Invesco India Contra Fund - Direct (G),120348,INF205K01LE4,Contra Fund,2025-12-31,Equity,Equity,Finance,Tata Capital,Large Cap,EQUITY,0.07,14.249,416820
Invesco India Contra Fund - Direct (G),120348,INF205K01LE4,Contra Fund,2025-12-31,Equity,Equity,Finance,Shriram Finance,Large Cap,EQUITY,0.71,145.8206,1463768
Invesco India Contra Fund - Direct (G),120348,INF205K01LE4,Contra Fund,2025-12-31,Equity,Equity,Financial Services,Multi Comm. Exc.,Mid Cap,EQUITY,1.36,281.6951,252959
Invesco India Contra Fund - Direct (G),120348,INF205K01LE4,Contra Fund,2025-12-31,Equity,Equity,Finance,HDB FINANC SER,Mid Cap,EQUITY,0.65,135.3052,1767425
Invesco India Contra Fund - Direct (G),120348,INF205K01LE4,Contra Fund,2025-12-31,Equity,Equity,"Diamond, Gems and Jewellery",Kalyan Jewellers,Mid Cap,EQUITY,0.84,173.6764,3578375
Invesco India Contra Fund - Direct (G),120348,INF205K01LE4,Contra Fund,2025-12-31,Equity,Equity,Bearings,Timken India,Small Cap,EQUITY,0.7,144.1587,480033
Invesco India Contra Fund - Direct (G),120348,INF205K01LE4,Contra Fund,2025-12-31,Equity,Equity,Retail,Medplus Health,Small Cap,EQUITY,0.43,88.3684,1094617
Invesco India Contra Fund - Direct (G),120348,INF205K01LE4,Contra Fund,2025-12-31,Equity,Equity,IT - Software,LTIMindtree,Large Cap,EQUITY,1.61,332.1058,547713
Invesco India Contra Fund - Direct (G),120348,INF205K01LE4,Contra Fund,2025-12-31,Equity,Equity,FMCG,Britannia Inds.,Large Cap,EQUITY,0.42,86.2566,143022
Invesco India Contra Fund - Direct (G),120348,INF205K01LE4,Contra Fund,2025-12-31,Equity,Equity,Consumer Durables,Voltas,Mid Cap,EQUITY,0.87,179.245,1316816
Invesco India Contra Fund - Direct (G),120348,INF205K01LE4,Contra Fund,2025-12-31,Equity,Equity,Banks,Kotak Mah. Bank,Large Cap,EQUITY,1.74,360.2171,1636532
Invesco India Contra Fund - Direct (G),120348,INF205K01LE4,Contra Fund,2025-12-31,Equity,Equity,IT - Software,Sonata Software,Small Cap,EQUITY,0.54,111.2584,3091799
Invesco India Contra Fund - Direct (G),120348,INF205K01LE4,Contra Fund,2025-12-31,Equity,Equity,Chemicals,Deepak Nitrite,Small Cap,EQUITY,0.35,72.3158,417600
Invesco India Contra Fund - Direct (G),120348,INF205K01LE4,Contra Fund,2025-12-31,Equity,Equity,Consumer Durables,Crompton Gr. Con,Small Cap,EQUITY,0.44,90.5168,3586745
Invesco India Contra Fund - Direct (G),120348,INF205K01LE4,Contra Fund,2025-12-31,Equity,Equity,Realty,A B Real Estate,Small Cap,EQUITY,0.84,173.0844,1033463
Invesco India Contra Fund - Direct (G),120348,INF205K01LE4,Contra Fund,2025-12-31,Equity,Equity,Cement,Ambuja Cements,Large Cap,EQUITY,1.11,229.6302,4127441
Invesco India Contra Fund - Direct (G),120348,INF205K01LE4,Contra Fund,2025-12-31,Equity,Equity,Capital Goods-Non Electrical Equipment,Jyoti CNC Auto.,Small Cap,EQUITY,0.67,138.8595,1403614
Invesco India Contra Fund - Direct (G),120348,INF205K01LE4,Contra Fund,2025-12-31,Equity,Equity,Telecom-Service,Bharti Airtel PP,Mid Cap,EQUITY,2.15,444.5508,2628845
Invesco India Contra Fund - Direct (G),120348,INF205K01LE4,Contra Fund,2025-12-31,Equity,Equity,Refineries,Reliance Industr,Large Cap,EQUITY,2.97,613.8265,3908727
Invesco India Contra Fund - Direct (G),120348,INF205K01LE4,Contra Fund,2025-12-31,Equity,Equity,Automobile,TVS Motor Co.,Large Cap,EQUITY,1.57,324.1534,871427
Invesco India Contra Fund - Direct (G),120348,INF205K01LE4,Contra Fund,2025-12-31,Equity,Equity,Pharmaceuticals,J B Chemicals &,Small Cap,EQUITY,0.53,108.9425,598684
Invesco India Contra Fund - Direct (G),120348,INF205K01LE4,Contra Fund,2026-01-31,Equity,Equity,Banks,HDFC Bank,Large Cap,EQUITY,7.39,1474.6748,15869516
Invesco India Contra Fund - Direct (G),120348,INF205K01LE4,Contra Fund,2026-01-31,Equity,Equity,IT - Software,Infosys,Large Cap,EQUITY,4.79,956.3425,5827803
Invesco India Contra Fund - Direct (G),120348,INF205K01LE4,Contra Fund,2026-01-31,Equity,Equity,E-Commerce/App based Aggregator,Swiggy,Mid Cap,EQUITY,1.84,366.4158,11829404
Invesco India Contra Fund - Direct (G),120348,INF205K01LE4,Contra Fund,2026-01-31,Equity,Equity,Auto Ancillaries,Craftsman Auto,Small Cap,EQUITY,0.99,197.7017,270195
Invesco India Contra Fund - Direct (G),120348,INF205K01LE4,Contra Fund,2026-01-31,Equity,Equity,Healthcare,Entero Healthcar,Small Cap,EQUITY,0.87,174.2846,1577379
Invesco India Contra Fund - Direct (G),120348,INF205K01LE4,Contra Fund,2026-01-31,Equity,Equity,Automobile,M & M,Large Cap,EQUITY,3.82,762.6983,2222444
Invesco India Contra Fund - Direct (G),120348,INF205K01LE4,Contra Fund,2026-01-31,Equity,Equity,Infrastructure Developers & Operators,Afcons Infrastr.,Small Cap,EQUITY,0.36,72.387,2182960
Invesco India Contra Fund - Direct (G),120348,INF205K01LE4,Contra Fund,2026-01-31,Equity,Equity,Financial Services,BSE,Large Cap,EQUITY,1.46,290.5062,1038635
Invesco India Contra Fund - Direct (G),120348,INF205K01LE4,Contra Fund,2026-01-31,Equity,Equity,Banks,Axis Bank,Large Cap,EQUITY,3.57,712.7656,5201150
Invesco India Contra Fund - Direct (G),120348,INF205K01LE4,Contra Fund,2026-01-31,Equity,Equity,Healthcare,Apollo Hospitals,Large Cap,EQUITY,1.99,396.5842,569764
Invesco India Contra Fund - Direct (G),120348,INF205K01LE4,Contra Fund,2026-01-31,Equity,Equity,Healthcare,Global Health,Small Cap,EQUITY,1.11,221.5092,2102004
Invesco India Contra Fund - Direct (G),120348,INF205K01LE4,Contra Fund,2026-01-31,Equity,Equity,IT - Software,Coforge,Mid Cap,EQUITY,1.78,355.7564,2151145
Invesco India Contra Fund - Direct (G),120348,INF205K01LE4,Contra Fund,2026-01-31,Equity,Equity,Retail,V-Mart Retail,Small Cap,EQUITY,0.39,78.0897,1235108
Invesco India Contra Fund - Direct (G),120348,INF205K01LE4,Contra Fund,2026-01-31,Equity,Equity,IT - Software,Tech Mahindra,Large Cap,EQUITY,0.65,130.1046,746398
Invesco India Contra Fund - Direct (G),120348,INF205K01LE4,Contra Fund,2026-01-31,Equity,Equity,Banks,Kotak Mah. Bank,Large Cap,EQUITY,1.48,295.9488,7253647
Invesco India Contra Fund - Direct (G),120348,INF205K01LE4,Contra Fund,2026-01-31,Equity,Equity,Pharmaceuticals,Glenmark Pharma.,Mid Cap,EQUITY,1.87,372.9592,1850088
Invesco India Contra Fund - Direct (G),120348,INF205K01LE4,Contra Fund,2026-01-31,Equity,Equity,Banks,RBL Bank,Small Cap,EQUITY,1.01,202.0366,6762732
Invesco India Contra Fund - Direct (G),120348,INF205K01LE4,Contra Fund,2026-01-31,Equity,Equity,Steel,Shyam Metalics,Small Cap,EQUITY,1.51,301.2904,3518720
Invesco India Contra Fund - Direct (G),120348,INF205K01LE4,Contra Fund,2026-01-31,Equity,Equity,Realty,Prestige Estates,Mid Cap,EQUITY,1.46,291.7055,1995932
Invesco India Contra Fund - Direct (G),120348,INF205K01LE4,Contra Fund,2026-01-31,Equity,Equity,Cables,KEI Industries,Mid Cap,EQUITY,1.46,291.2977,724423
Invesco India Contra Fund - Direct (G),120348,INF205K01LE4,Contra Fund,2026-01-31,Equity,Equity,Finance,Aadhar Hsg. Fin.,Small Cap,EQUITY,0.77,153.058,3115367
Invesco India Contra Fund - Direct (G),120348,INF205K01LE4,Contra Fund,2026-01-31,Equity,Equity,Finance,Cholaman.Inv.&Fn,Large Cap,EQUITY,2.38,475.2006,2912482
Invesco India Contra Fund - Direct (G),120348,INF205K01LE4,Contra Fund,2026-01-31,Equity,Equity,Insurance,SBI Life Insuran,Large Cap,EQUITY,0.86,171.1587,856436
Invesco India Contra Fund - Direct (G),120348,INF205K01LE4,Contra Fund,2026-01-31,Equity,Equity,Logistics,Delhivery,Small Cap,EQUITY,1.37,272.6989,6447545
Invesco India Contra Fund - Direct (G),120348,INF205K01LE4,Contra Fund,2026-01-31,Equity,Equity,Banks,Federal Bank,Mid Cap,EQUITY,1.95,389.0163,13519245
Invesco India Contra Fund - Direct (G),120348,INF205K01LE4,Contra Fund,2026-01-31,Equity,Equity,Pharmaceuticals,Orchid Pharma,Small Cap,EQUITY,0.35,69.2642,990763
Invesco India Contra Fund - Direct (G),120348,INF205K01LE4,Contra Fund,2026-01-31,Equity,Equity,Automobile,Tata Motors,Large Cap,EQUITY,1.17,232.8926,5079445
Invesco India Contra Fund - Direct (G),120348,INF205K01LE4,Contra Fund,2026-01-31,Equity,Equity,Pharmaceuticals,Lupin,Mid Cap,EQUITY,1.52,303.6639,1410508
Invesco India Contra Fund - Direct (G),120348,INF205K01LE4,Contra Fund,2026-01-31,Equity,Equity,IT - Software,Mphasis,Mid Cap,EQUITY,0.85,168.6515,610536
Invesco India Contra Fund - Direct (G),120348,INF205K01LE4,Contra Fund,2026-01-31,Equity,Equity,Pharmaceuticals,Divi's Lab.,Large Cap,EQUITY,1.19,237.0437,391743
Invesco India Contra Fund - Direct (G),120348,INF205K01LE4,Contra Fund,2026-01-31,Equity,Equity,E-Commerce/App based Aggregator,FSN E-Commerce,Mid Cap,EQUITY,1.88,373.765,15718988
Invesco India Contra Fund - Direct (G),120348,INF205K01LE4,Contra Fund,2026-01-31,Equity,Equity,Banks,ICICI Bank,Large Cap,EQUITY,5.69,1133.9266,8368462
Invesco India Contra Fund - Direct (G),120348,INF205K01LE4,Contra Fund,2026-01-31,Equity,Equity,Refineries,H P C L,Mid Cap,EQUITY,1.37,272.97,6392739
Invesco India Contra Fund - Direct (G),120348,INF205K01LE4,Contra Fund,2026-01-31,Equity,Equity,Banks,IndusInd Bank,Mid Cap,EQUITY,1.28,254.3194,2838069
Invesco India Contra Fund - Direct (G),120348,INF205K01LE4,Contra Fund,2026-01-31,Equity,Equity,Logistics,Blackbuck,Small Cap,EQUITY,0.64,127.8982,2283692
Invesco India Contra Fund - Direct (G),120348,INF205K01LE4,Contra Fund,2026-01-31,Equity,Equity,E-Commerce/App based Aggregator,Eternal,Large Cap,EQUITY,1.54,307.2259,11229015
Invesco India Contra Fund - Direct (G),120348,INF205K01LE4,Contra Fund,2026-01-31,Equity,Equity,Insurance,ICICI Lombard,Mid Cap,EQUITY,1.16,231.4454,1275814
Invesco India Contra Fund - Direct (G),120348,INF205K01LE4,Contra Fund,2026-01-31,Equity,Equity,Auto Ancillaries,Samvardh. Mothe.,Large Cap,EQUITY,0.99,198.2636,17560989
Invesco India Contra Fund - Direct (G),120348,INF205K01LE4,Contra Fund,2026-01-31,Equity,Equity,Quick Service Restaurant,Jubilant Food.,Small Cap,EQUITY,1.42,282.2864,5672820
Invesco India Contra Fund - Direct (G),120348,INF205K01LE4,Contra Fund,2026-01-31,Equity,Equity,Infrastructure Developers & Operators,Larsen & Toubro,Large Cap,EQUITY,3.75,747.404,1900679
Invesco India Contra Fund - Direct (G),120348,INF205K01LE4,Contra Fund,2026-01-31,Equity,Equity,Paints/Varnish,Asian Paints,Large Cap,EQUITY,1.08,214.2738,880807
Invesco India Contra Fund - Direct (G),120348,INF205K01LE4,Contra Fund,2026-01-31,Equity,Equity,Banks,Bank of Baroda,Large Cap,EQUITY,1.09,218.3954,7294435
Invesco India Contra Fund - Direct (G),120348,INF205K01LE4,Contra Fund,2026-01-31,Equity,Equity,Pharmaceuticals,Cohance Life,Small Cap,EQUITY,0.68999,137.2112,3598511
Invesco India Contra Fund - Direct (G),120348,INF205K01LE4,Contra Fund,2026-01-31,Equity,Equity,FMCG,Varun Beverages,Large Cap,EQUITY,1.27,253.8,5385676
Invesco India Contra Fund - Direct (G),120348,INF205K01LE4,Contra Fund,2026-01-31,Equity,Equity,IT - Software,LTIMindtree,Large Cap,EQUITY,1.64,327.2311,547713
Invesco India Contra Fund - Direct (G),120348,INF205K01LE4,Contra Fund,2026-01-31,Equity,Equity,FMCG,Britannia Inds.,Large Cap,EQUITY,0.42,83.818,143022
Invesco India Contra Fund - Direct (G),120348,INF205K01LE4,Contra Fund,2026-01-31,Equity,Equity,Consumer Durables,Voltas,Mid Cap,EQUITY,0.78,156.4188,1177941
Invesco India Contra Fund - Direct (G),120348,INF205K01LE4,Contra Fund,2026-01-31,Equity,Equity,Electronics,Honeywell Auto,Small Cap,EQUITY,0.82,163.4474,48973
Invesco India Contra Fund - Direct (G),120348,INF205K01LE4,Contra Fund,2026-01-31,Equity,Equity,Consumer Durables,Whirlpool India,Small Cap,EQUITY,0.28,55.4855,713410
Invesco India Contra Fund - Direct (G),120348,INF205K01LE4,Contra Fund,2026-01-31,Equity,Equity,Cement,UltraTech Cem.,Large Cap,EQUITY,0.67,134.5551,105999
Invesco India Contra Fund - Direct (G),120348,INF205K01LE4,Contra Fund,2026-01-31,Equity,Equity,Automobile,TVS Motor Co.,Large Cap,EQUITY,1.61,320.4586,871427
Invesco India Contra Fund - Direct (G),120348,INF205K01LE4,Contra Fund,2026-01-31,Equity,Equity,Pharmaceuticals,J B Chemicals &,Mid Cap,EQUITY,0.56,111.924,598684
Invesco India Contra Fund - Direct (G),120348,INF205K01LE4,Contra Fund,2026-01-31,Equity,Equity,Aerospace & Defence,Bharat Electron,Large Cap,EQUITY,1.98,395.3637,8805427
Invesco India Contra Fund - Direct (G),120348,INF205K01LE4,Contra Fund,2026-01-31,Equity,Equity,IT - Software,Sonata Software,Small Cap,EQUITY,0.49,98.1028,3091799
Invesco India Contra Fund - Direct (G),120348,INF205K01LE4,Contra Fund,2026-01-31,Equity,Equity,Chemicals,Deepak Nitrite,Small Cap,EQUITY,0.34,68.5908,417600
Invesco India Contra Fund - Direct (G),120348,INF205K01LE4,Contra Fund,2026-01-31,Equity,Equity,Consumer Durables,Crompton Gr. Con,Small Cap,EQUITY,0.4,79.4559,3586745
Invesco India Contra Fund - Direct (G),120348,INF205K01LE4,Contra Fund,2026-01-31,Equity,Equity,Retail,Medplus Health,Small Cap,EQUITY,0.44,87.4544,1094617
Invesco India Contra Fund - Direct (G),120348,INF205K01LE4,Contra Fund,2026-01-31,Equity,Equity,"Diamond, Gems and Jewellery",Kalyan Jewellers,Mid Cap,EQUITY,0.65,129.4119,3578375
Invesco India Contra Fund - Direct (G),120348,INF205K01LE4,Contra Fund,2026-01-31,Equity,Equity,Bearings,Timken India,Small Cap,EQUITY,0.71,141.2065,480033
Invesco India Contra Fund - Direct (G),120348,INF205K01LE4,Contra Fund,2026-01-31,Equity,Equity,Capital Goods - Electrical Equipment,Suzlon Energy,Mid Cap,EQUITY,0.68,134.7346,28264022
Invesco India Contra Fund - Direct (G),120348,INF205K01LE4,Contra Fund,2026-01-31,Equity,Equity,Pharmaceuticals,Wockhardt,Small Cap,EQUITY,0.32,64.4192,466063
Invesco India Contra Fund - Direct (G),120348,INF205K01LE4,Contra Fund,2026-01-31,Equity,Equity,Realty,A B Real Estate,Small Cap,EQUITY,0.66,130.8778,1033463
Invesco India Contra Fund - Direct (G),120348,INF205K01LE4,Contra Fund,2026-01-31,Equity,Equity,Cement,Ambuja Cements,Large Cap,EQUITY,1.06,210.5614,4127441
Invesco India Contra Fund - Direct (G),120348,INF205K01LE4,Contra Fund,2026-01-31,Equity,Equity,Finance,Shriram Finance,Large Cap,EQUITY,0.75,149.3043,1463768
Invesco India Contra Fund - Direct (G),120348,INF205K01LE4,Contra Fund,2026-01-31,Equity,Equity,Financial Services,Multi Comm. Exc.,Mid Cap,EQUITY,1.13,225.0347,890169
Invesco India Contra Fund - Direct (G),120348,INF205K01LE4,Contra Fund,2026-01-31,Equity,Equity,Finance,HDB FINANC SER,Mid Cap,EQUITY,0.63,125.0276,1767425
Invesco India Contra Fund - Direct (G),120348,INF205K01LE4,Contra Fund,2026-01-31,Equity,Equity,Telecom-Service,Bharti Airtel PP,Mid Cap,EQUITY,2.06,411.1776,2628845
Invesco India Contra Fund - Direct (G),120348,INF205K01LE4,Contra Fund,2026-01-31,Equity,Equity,Refineries,Reliance Industr,Large Cap,EQUITY,3.41,680.7109,4878249
Invesco India Contra Fund - Direct (G),120348,INF205K01LE4,Contra Fund,2026-01-31,Equity,Equity,Capital Goods-Non Electrical Equipment,Jyoti CNC Auto.,Small Cap,EQUITY,0.57,113.1804,1403614
Invesco India Contra Fund - Direct (G),120348,INF205K01LE4,Contra Fund,2026-02-28,Equity,Equity,Banks,HDFC Bank,Large Cap,EQUITY,7.06,1408.8163,15869516
Invesco India Contra Fund - Direct (G),120348,INF205K01LE4,Contra Fund,2026-02-28,Equity,Equity,Banks,ICICI Bank,Large Cap,EQUITY,5.15,1026.9565,7447650
Invesco India Contra Fund - Direct (G),120348,INF205K01LE4,Contra Fund,2026-02-28,Equity,Equity,Automobile,Tata Motors,Large Cap,EQUITY,1.29,256.6644,5079445
Invesco India Contra Fund - Direct (G),120348,INF205K01LE4,Contra Fund,2026-02-28,Equity,Equity,Insurance,ICICI Lombard,Mid Cap,EQUITY,1.22,242.596,1275814
Invesco India Contra Fund - Direct (G),120348,INF205K01LE4,Contra Fund,2026-02-28,Equity,Equity,FMCG,Varun Beverages,Large Cap,EQUITY,1.22,243.1094,5385676
Invesco India Contra Fund - Direct (G),120348,INF205K01LE4,Contra Fund,2026-02-28,Equity,Equity,Healthcare,Global Health,Small Cap,EQUITY,1.2,239.3762,2102004
Invesco India Contra Fund - Direct (G),120348,INF205K01LE4,Contra Fund,2026-02-28,Equity,Equity,Auto Ancillaries,Samvardh. Mothe.,Large Cap,EQUITY,1.17,234.1582,17560989
Invesco India Contra Fund - Direct (G),120348,INF205K01LE4,Contra Fund,2026-02-28,Equity,Equity,Retail,Medplus Health,Small Cap,EQUITY,0.47,92.7797,1094617
Invesco India Contra Fund - Direct (G),120348,INF205K01LE4,Contra Fund,2026-02-28,Equity,Equity,IT - Software,Mphasis,Mid Cap,EQUITY,0.45,89.6866,390536
Invesco India Contra Fund - Direct (G),120348,INF205K01LE4,Contra Fund,2026-02-28,Equity,Equity,Consumer Durables,Crompton Gr. Con,Small Cap,EQUITY,0.43,86.5898,3358145
Invesco India Contra Fund - Direct (G),120348,INF205K01LE4,Contra Fund,2026-02-28,Equity,Equity,Finance,Aadhar Hsg. Fin.,Small Cap,EQUITY,0.72,142.9798,3115367
Invesco India Contra Fund - Direct (G),120348,INF205K01LE4,Contra Fund,2026-02-28,Equity,Equity,Non Ferrous Metals,Hindalco Inds.,Large Cap,EQUITY,0.68999,137.7327,1489485
Invesco India Contra Fund - Direct (G),120348,INF205K01LE4,Contra Fund,2026-02-28,Equity,Equity,Logistics,Blackbuck,Small Cap,EQUITY,0.67,133.0707,2283692
Invesco India Contra Fund - Direct (G),120348,INF205K01LE4,Contra Fund,2026-02-28,Equity,Equity,E-Commerce/App based Aggregator,Eternal,Large Cap,EQUITY,0.83,165.1867,6706728
Invesco India Contra Fund - Direct (G),120348,INF205K01LE4,Contra Fund,2026-02-28,Equity,Equity,Healthcare,Entero Healthcar,Small Cap,EQUITY,0.82,162.7855,1577379
Invesco India Contra Fund - Direct (G),120348,INF205K01LE4,Contra Fund,2026-02-28,Equity,Equity,Finance,Shriram Finance,Large Cap,EQUITY,0.79,157.9991,1463768
Invesco India Contra Fund - Direct (G),120348,INF205K01LE4,Contra Fund,2026-02-28,Equity,Equity,Electronics,Honeywell Auto,Small Cap,EQUITY,0.76,151.6939,48973
Invesco India Contra Fund - Direct (G),120348,INF205K01LE4,Contra Fund,2026-02-28,Equity,Equity,Realty,A B Real Estate,Small Cap,EQUITY,0.67,133.3374,1033463
Invesco India Contra Fund - Direct (G),120348,INF205K01LE4,Contra Fund,2026-02-28,Equity,Equity,Financial Services,Multi Comm. Exc.,Mid Cap,EQUITY,1.09,217.495,890169
Invesco India Contra Fund - Direct (G),120348,INF205K01LE4,Contra Fund,2026-02-28,Equity,Equity,Banks,RBL Bank,Small Cap,EQUITY,1.08,216.2384,6762732
Invesco India Contra Fund - Direct (G),120348,INF205K01LE4,Contra Fund,2026-02-28,Equity,Equity,Cement,Ambuja Cements,Large Cap,EQUITY,1.04,206.5371,4127441
Invesco India Contra Fund - Direct (G),120348,INF205K01LE4,Contra Fund,2026-02-28,Equity,Equity,Auto Ancillaries,Craftsman Auto,Small Cap,EQUITY,1.02,203.3488,270195
Invesco India Contra Fund - Direct (G),120348,INF205K01LE4,Contra Fund,2026-02-28,Equity,Equity,Consumer Durables,Voltas,Mid Cap,EQUITY,0.92,183.9119,1177941
Invesco India Contra Fund - Direct (G),120348,INF205K01LE4,Contra Fund,2026-02-28,Equity,Equity,Cement,UltraTech Cem.,Large Cap,EQUITY,0.9,179.7066,141758
Invesco India Contra Fund - Direct (G),120348,INF205K01LE4,Contra Fund,2026-02-28,Equity,Equity,Quick Service Restaurant,Jubilant Food.,Small Cap,EQUITY,0.88,176.5227,3395320
Invesco India Contra Fund - Direct (G),120348,INF205K01LE4,Contra Fund,2026-02-28,Equity,Equity,FMCG,Britannia Inds.,Large Cap,EQUITY,0.43,85.849,143022
Invesco India Contra Fund - Direct (G),120348,INF205K01LE4,Contra Fund,2026-02-28,Equity,Equity,Refineries,H P C L,Mid Cap,EQUITY,1.41,280.4814,6392739
Invesco India Contra Fund - Direct (G),120348,INF205K01LE4,Contra Fund,2026-02-28,Equity,Equity,Logistics,Delhivery,Mid Cap,EQUITY,1.4,279.4366,6447545
Invesco India Contra Fund - Direct (G),120348,INF205K01LE4,Contra Fund,2026-02-28,Equity,Equity,Realty,Prestige Estates,Mid Cap,EQUITY,1.39,278.0333,1995932
Invesco India Contra Fund - Direct (G),120348,INF205K01LE4,Contra Fund,2026-02-28,Equity,Equity,Banks,Federal Bank,Mid Cap,EQUITY,2.03,405.3746,13519245
Invesco India Contra Fund - Direct (G),120348,INF205K01LE4,Contra Fund,2026-02-28,Equity,Equity,Pharmaceuticals,Glenmark Pharma.,Mid Cap,EQUITY,1.98,395.3083,1850088
Invesco India Contra Fund - Direct (G),120348,INF205K01LE4,Contra Fund,2026-02-28,Equity,Equity,Aerospace & Defence,Bharat Electron,Large Cap,EQUITY,1.96,391.5773,8805427
Invesco India Contra Fund - Direct (G),120348,INF205K01LE4,Contra Fund,2026-02-28,Equity,Equity,Banks,Axis Bank,Large Cap,EQUITY,3.61,719.7871,5201150
Invesco India Contra Fund - Direct (G),120348,INF205K01LE4,Contra Fund,2026-02-28,Equity,Equity,Refineries,Reliance Industr,Large Cap,EQUITY,3.41,679.9791,4878249
Invesco India Contra Fund - Direct (G),120348,INF205K01LE4,Contra Fund,2026-02-28,Equity,Equity,Finance,Cholaman.Inv.&Fn,Large Cap,EQUITY,2.53,504.0924,2912482
Invesco India Contra Fund - Direct (G),120348,INF205K01LE4,Contra Fund,2026-02-28,Equity,Equity,Banks,IndusInd Bank,Mid Cap,EQUITY,1.54,307.2441,3211331
Invesco India Contra Fund - Direct (G),120348,INF205K01LE4,Contra Fund,2026-02-28,Equity,Equity,Steel,Shyam Metalics,Small Cap,EQUITY,1.52,302.7155,3518720
Invesco India Contra Fund - Direct (G),120348,INF205K01LE4,Contra Fund,2026-02-28,Equity,Equity,Banks,Kotak Mah. Bank,Large Cap,EQUITY,1.51,301.1714,7253647
Invesco India Contra Fund - Direct (G),120348,INF205K01LE4,Contra Fund,2026-02-28,Equity,Equity,Banks,Bank of Baroda,Large Cap,EQUITY,1.38,275.7797,8565916
Invesco India Contra Fund - Direct (G),120348,INF205K01LE4,Contra Fund,2026-02-28,Equity,Equity,IT - Software,LTIMindtree,Large Cap,EQUITY,1.23,244.3895,547713
Invesco India Contra Fund - Direct (G),120348,INF205K01LE4,Contra Fund,2026-02-28,Equity,Equity,Pharmaceuticals,Divi's Lab.,Large Cap,EQUITY,1.26,251.0485,391743
Invesco India Contra Fund - Direct (G),120348,INF205K01LE4,Contra Fund,2026-02-28,Equity,Equity,Telecom-Service,Bharti Airtel PP,Small Cap,EQUITY,1.95,388.5564,2628845
Invesco India Contra Fund - Direct (G),120348,INF205K01LE4,Contra Fund,2026-02-28,Equity,Equity,Infrastructure Developers & Operators,Larsen & Toubro,Large Cap,EQUITY,4.08,813.1675,1900679
Invesco India Contra Fund - Direct (G),120348,INF205K01LE4,Contra Fund,2026-02-28,Equity,Equity,IT - Software,Infosys,Large Cap,EQUITY,3.8,757.6727,5827803
Invesco India Contra Fund - Direct (G),120348,INF205K01LE4,Contra Fund,2026-02-28,Equity,Equity,Automobile,M & M,Large Cap,EQUITY,3.79,755.0531,2222444
Invesco India Contra Fund - Direct (G),120348,INF205K01LE4,Contra Fund,2026-02-28,Equity,Equity,IT - Software,Coforge,Mid Cap,EQUITY,1.28,255.0828,2151145
Invesco India Contra Fund - Direct (G),120348,INF205K01LE4,Contra Fund,2026-02-28,Equity,Equity,Insurance,SBI Life Insuran,Large Cap,EQUITY,0.87,174.4731,856436
Invesco India Contra Fund - Direct (G),120348,INF205K01LE4,Contra Fund,2026-02-28,Equity,Equity,Bearings,Timken India,Small Cap,EQUITY,0.84,166.7107,480033
Invesco India Contra Fund - Direct (G),120348,INF205K01LE4,Contra Fund,2026-02-28,Equity,Equity,IT - Software,Sonata Software,Small Cap,EQUITY,0.42,82.922,3091799
Invesco India Contra Fund - Direct (G),120348,INF205K01LE4,Contra Fund,2026-02-28,Equity,Equity,Retail,V-Mart Retail,Small Cap,EQUITY,0.34,68.4003,1235108
Invesco India Contra Fund - Direct (G),120348,INF205K01LE4,Contra Fund,2026-02-28,Equity,Equity,Chemicals,Deepak Nitrite,Small Cap,EQUITY,0.33,66.01,417600
Invesco India Contra Fund - Direct (G),120348,INF205K01LE4,Contra Fund,2026-02-28,Equity,Equity,IT - Software,Tech Mahindra,Large Cap,EQUITY,0.67,133.7752,985235
Invesco India Contra Fund - Direct (G),120348,INF205K01LE4,Contra Fund,2026-02-28,Equity,Equity,Paints/Varnish,Asian Paints,Large Cap,EQUITY,0.65,129.9323,546807
Invesco India Contra Fund - Direct (G),120348,INF205K01LE4,Contra Fund,2026-02-28,Equity,Equity,Finance,HDB FINANC SER,Mid Cap,EQUITY,0.62,124.6476,1767425
Invesco India Contra Fund - Direct (G),120348,INF205K01LE4,Contra Fund,2026-02-28,Equity,Equity,"Diamond, Gems and Jewellery",Kalyan Jewellers,Mid Cap,EQUITY,0.74,146.7492,3578375
Invesco India Contra Fund - Direct (G),120348,INF205K01LE4,Contra Fund,2026-02-28,Equity,Equity,Healthcare,Apollo Hospitals,Large Cap,EQUITY,2.23,445.6409,569764
Invesco India Contra Fund - Direct (G),120348,INF205K01LE4,Contra Fund,2026-02-28,Equity,Equity,Pharmaceuticals,J B Chemicals &,Small Cap,EQUITY,0.62,122.9398,598684
Invesco India Contra Fund - Direct (G),120348,INF205K01LE4,Contra Fund,2026-02-28,Equity,Equity,Capital Goods-Non Electrical Equipment,Jyoti CNC Auto.,Small Cap,EQUITY,0.58,115.1595,1403614
Invesco India Contra Fund - Direct (G),120348,INF205K01LE4,Contra Fund,2026-02-28,Equity,Equity,Pharmaceuticals,Cohance Life,Small Cap,EQUITY,0.56,111.5358,3598511
Invesco India Contra Fund - Direct (G),120348,INF205K01LE4,Contra Fund,2026-02-28,Equity,Equity,Cables,KEI Industries,Mid Cap,EQUITY,1.84,368.0359,724423
Invesco India Contra Fund - Direct (G),120348,INF205K01LE4,Contra Fund,2026-02-28,Equity,Equity,E-Commerce/App based Aggregator,Swiggy,Mid Cap,EQUITY,1.79,356.9523,11829404
Invesco India Contra Fund - Direct (G),120348,INF205K01LE4,Contra Fund,2026-02-28,Equity,Equity,E-Commerce/App based Aggregator,FSN E-Commerce,Mid Cap,EQUITY,1.76,351.0178,13222007
Invesco India Contra Fund - Direct (G),120348,INF205K01LE4,Contra Fund,2026-02-28,Equity,Equity,Financial Services,BSE,Large Cap,EQUITY,1.26,250.8813,926753
Invesco India Contra Fund - Direct (G),120348,INF205K01LE4,Contra Fund,2026-02-28,Equity,Equity,Consumer Durables,Whirlpool India,Small Cap,EQUITY,0.33,65.7657,713410
Invesco India Contra Fund - Direct (G),120348,INF205K01LE4,Contra Fund,2026-02-28,Equity,Equity,Pharmaceuticals,Wockhardt,Small Cap,EQUITY,0.32,63.4731,466063
Invesco India Contra Fund - Direct (G),120348,INF205K01LE4,Contra Fund,2026-02-28,Equity,Equity,Infrastructure Developers & Operators,Afcons Infrastr.,Small Cap,EQUITY,0.32,63.7752,2182960
Invesco India Contra Fund - Direct (G),120348,INF205K01LE4,Contra Fund,2026-02-28,Equity,Equity,Automobile,TVS Motor Co.,Large Cap,EQUITY,1.69,337.2161,871427
Invesco India Contra Fund - Direct (G),120348,INF205K01LE4,Contra Fund,2026-02-28,Equity,Equity,Pharmaceuticals,Orchid Pharma,Small Cap,EQUITY,0.31,61.4025,990763
Invesco India Contra Fund - Direct (G),120348,INF205K01LE4,Contra Fund,2026-02-28,Equity,Equity,Capital Goods - Electrical Equipment,Suzlon Energy,Mid Cap,EQUITY,0.13,25.1062,5883802
Invesco India Contra Fund - Direct (G),120348,INF205K01LE4,Contra Fund,2026-02-28,Equity,Equity,Pharmaceuticals,Lupin,Large Cap,EQUITY,1.47,292.4007,1270258
Invesco India Contra Fund - Direct (G),120348,INF205K01LE4,Contra Fund,2026-03-31,Equity,Equity,Logistics,Blackbuck,Small Cap,EQUITY,0.75,131.7462,2283692
Invesco India Contra Fund - Direct (G),120348,INF205K01LE4,Contra Fund,2026-03-31,Equity,Equity,Non Ferrous Metals,Hindalco Inds.,Large Cap,EQUITY,0.75,131.7375,1489485
Invesco India Contra Fund - Direct (G),120348,INF205K01LE4,Contra Fund,2026-03-31,Equity,Equity,Electronics,Honeywell Auto,Small Cap,EQUITY,0.73,128.9214,48973
Invesco India Contra Fund - Direct (G),120348,INF205K01LE4,Contra Fund,2026-03-31,Equity,Equity,Air Transport Service,Interglobe Aviat,Large Cap,EQUITY,0.73,129.7258,328961
Invesco India Contra Fund - Direct (G),120348,INF205K01LE4,Contra Fund,2026-03-31,Equity,Equity,Finance,Shriram Finance,Large Cap,EQUITY,0.72,127.6552,1463768
Invesco India Contra Fund - Direct (G),120348,INF205K01LE4,Contra Fund,2026-03-31,Equity,Equity,Pharmaceuticals,J B Chemicals &,Small Cap,EQUITY,0.7,123.5923,598684
Invesco India Contra Fund - Direct (G),120348,INF205K01LE4,Contra Fund,2026-03-31,Equity,Equity,Paints/Varnish,Asian Paints,Large Cap,EQUITY,0.67,118.3947,546807
Invesco India Contra Fund - Direct (G),120348,INF205K01LE4,Contra Fund,2026-03-31,Equity,Equity,Realty,A B Real Estate,Small Cap,EQUITY,0.66,116.0579,1033463
Invesco India Contra Fund - Direct (G),120348,INF205K01LE4,Contra Fund,2026-03-31,Equity,Equity,IT - Software,Mphasis,Mid Cap,EQUITY,0.63,111.7932,544536
Invesco India Contra Fund - Direct (G),120348,INF205K01LE4,Contra Fund,2026-03-31,Equity,Equity,Pharmaceuticals,Cohance Life,Small Cap,EQUITY,0.61,108.4771,3598511
Invesco India Contra Fund - Direct (G),120348,INF205K01LE4,Contra Fund,2026-03-31,Equity,Equity,Capital Goods-Non Electrical Equipment,Jyoti CNC Auto.,Small Cap,EQUITY,0.57,101.3199,1403614
Invesco India Contra Fund - Direct (G),120348,INF205K01LE4,Contra Fund,2026-03-31,Equity,Equity,Retail,Medplus Health,Small Cap,EQUITY,0.52,91.9369,1094617
Invesco India Contra Fund - Direct (G),120348,INF205K01LE4,Contra Fund,2026-03-31,Equity,Equity,FMCG,Britannia Inds.,Large Cap,EQUITY,0.44,77.5608,143022
Invesco India Contra Fund - Direct (G),120348,INF205K01LE4,Contra Fund,2026-03-31,Equity,Equity,Consumer Durables,Crompton Gr. Con,Small Cap,EQUITY,0.43,75.0881,3358145
Invesco India Contra Fund - Direct (G),120348,INF205K01LE4,Contra Fund,2026-03-31,Equity,Equity,IT - Software,Sonata Software,Small Cap,EQUITY,0.37,64.8041,3091799
Invesco India Contra Fund - Direct (G),120348,INF205K01LE4,Contra Fund,2026-03-31,Equity,Equity,Infrastructure Developers & Operators,Afcons Infrastr.,Small Cap,EQUITY,0.34,59.2892,2182960
Invesco India Contra Fund - Direct (G),120348,INF205K01LE4,Contra Fund,2026-03-31,Equity,Equity,Retail,V-Mart Retail,Small Cap,EQUITY,0.33,58.9394,1235108
Invesco India Contra Fund - Direct (G),120348,INF205K01LE4,Contra Fund,2026-03-31,Equity,Equity,Pharmaceuticals,Wockhardt,Small Cap,EQUITY,0.31,54.795,466063
Invesco India Contra Fund - Direct (G),120348,INF205K01LE4,Contra Fund,2026-03-31,Equity,Equity,Pharmaceuticals,Orchid Pharma,Small Cap,EQUITY,0.27,47.7994,990763
Invesco India Contra Fund - Direct (G),120348,INF205K01LE4,Contra Fund,2026-03-31,Equity,Equity,Chemicals,Deepak Nitrite,Small Cap,EQUITY,0.15,25.736,200000
Invesco India Contra Fund - Direct (G),120348,INF205K01LE4,Contra Fund,2026-03-31,Equity,Equity,Banks,HDFC Bank,Large Cap,EQUITY,6.57,1160.9344,15869516
Invesco India Contra Fund - Direct (G),120348,INF205K01LE4,Contra Fund,2026-03-31,Equity,Equity,Banks,ICICI Bank,Large Cap,EQUITY,5.08,898.1121,7447650
Invesco India Contra Fund - Direct (G),120348,INF205K01LE4,Contra Fund,2026-03-31,Equity,Equity,IT - Software,Infosys,Large Cap,EQUITY,4.33,763.9942,6109021
Invesco India Contra Fund - Direct (G),120348,INF205K01LE4,Contra Fund,2026-03-31,Equity,Equity,Infrastructure Developers & Operators,Larsen & Toubro,Large Cap,EQUITY,3.77,666.0169,1900679
Invesco India Contra Fund - Direct (G),120348,INF205K01LE4,Contra Fund,2026-03-31,Equity,Equity,Automobile,M & M,Large Cap,EQUITY,3.72,656.6655,2222444
Invesco India Contra Fund - Direct (G),120348,INF205K01LE4,Contra Fund,2026-03-31,Equity,Equity,Refineries,Reliance Industr,Large Cap,EQUITY,3.71,655.5879,4878249
Invesco India Contra Fund - Direct (G),120348,INF205K01LE4,Contra Fund,2026-03-31,Equity,Equity,Banks,Axis Bank,Large Cap,EQUITY,3.42,604.0095,5201150
Invesco India Contra Fund - Direct (G),120348,INF205K01LE4,Contra Fund,2026-03-31,Equity,Equity,Telecom-Service,Bharti Airtel,Large Cap,EQUITY,2.65,468.5653,2628845
Invesco India Contra Fund - Direct (G),120348,INF205K01LE4,Contra Fund,2026-03-31,Equity,Equity,Finance,Cholaman.Inv.&Fn,Large Cap,EQUITY,2.23,394.5539,2912482
Invesco India Contra Fund - Direct (G),120348,INF205K01LE4,Contra Fund,2026-03-31,Equity,Equity,Healthcare,Apollo Hospitals,Large Cap,EQUITY,2.16,381.6771,514459
Invesco India Contra Fund - Direct (G),120348,INF205K01LE4,Contra Fund,2026-03-31,Equity,Equity,Pharmaceuticals,Glenmark Pharma.,Mid Cap,EQUITY,2.05,362.7876,1701870
Invesco India Contra Fund - Direct (G),120348,INF205K01LE4,Contra Fund,2026-03-31,Equity,Equity,Aerospace & Defence,Bharat Electron,Large Cap,EQUITY,2.0,352.7894,8805427
Invesco India Contra Fund - Direct (G),120348,INF205K01LE4,Contra Fund,2026-03-31,Equity,Equity,Banks,Federal Bank,Mid Cap,EQUITY,1.99,350.6892,13519245
Invesco India Contra Fund - Direct (G),120348,INF205K01LE4,Contra Fund,2026-03-31,Equity,Equity,E-Commerce/App based Aggregator,FSN E-Commerce,Mid Cap,EQUITY,1.76,310.7172,13222007
Invesco India Contra Fund - Direct (G),120348,INF205K01LE4,Contra Fund,2026-03-31,Equity,Equity,E-Commerce/App based Aggregator,Swiggy,Mid Cap,EQUITY,1.74,307.6237,11829404
Invesco India Contra Fund - Direct (G),120348,INF205K01LE4,Contra Fund,2026-03-31,Equity,Equity,Automobile,TVS Motor Co.,Large Cap,EQUITY,1.66,293.1306,871427
Invesco India Contra Fund - Direct (G),120348,INF205K01LE4,Contra Fund,2026-03-31,Equity,Equity,Cables,KEI Industries,Mid Cap,EQUITY,1.66,292.522,724423
Invesco India Contra Fund - Direct (G),120348,INF205K01LE4,Contra Fund,2026-03-31,Equity,Equity,IT - Software,Coforge,Mid Cap,EQUITY,1.57,276.5732,2481145
Invesco India Contra Fund - Direct (G),120348,INF205K01LE4,Contra Fund,2026-03-31,Equity,Equity,Steel,Shyam Metalics,Small Cap,EQUITY,1.54,271.3285,3518720
Invesco India Contra Fund - Direct (G),120348,INF205K01LE4,Contra Fund,2026-03-31,Equity,Equity,Pharmaceuticals,Lupin,Mid Cap,EQUITY,1.52,268.5401,1160552
Invesco India Contra Fund - Direct (G),120348,INF205K01LE4,Contra Fund,2026-03-31,Equity,Equity,Logistics,Delhivery,Mid Cap,EQUITY,1.52,268.6692,6447545
Invesco India Contra Fund - Direct (G),120348,INF205K01LE4,Contra Fund,2026-03-31,Equity,Equity,Banks,Kotak Mah. Bank,Large Cap,EQUITY,1.45,256.3439,7253647
Invesco India Contra Fund - Direct (G),120348,INF205K01LE4,Contra Fund,2026-03-31,Equity,Equity,Financial Services,BSE,Large Cap,EQUITY,1.41,248.6942,926753
Invesco India Contra Fund - Direct (G),120348,INF205K01LE4,Contra Fund,2026-03-31,Equity,Equity,Banks,IndusInd Bank,Mid Cap,EQUITY,1.37,241.6366,3211331
Invesco India Contra Fund - Direct (G),120348,INF205K01LE4,Contra Fund,2026-03-31,Equity,Equity,Automobile,Tata Motors,Large Cap,EQUITY,1.33,234.824,5947923
Invesco India Contra Fund - Direct (G),120348,INF205K01LE4,Contra Fund,2026-03-31,Equity,Equity,Pharmaceuticals,Divi's Lab.,Large Cap,EQUITY,1.32,232.9696,391743
Invesco India Contra Fund - Direct (G),120348,INF205K01LE4,Contra Fund,2026-03-31,Equity,Equity,Realty,Prestige Estates,Mid Cap,EQUITY,1.27,224.8417,1995932
Invesco India Contra Fund - Direct (G),120348,INF205K01LE4,Contra Fund,2026-03-31,Equity,Equity,IT - Software,LTIMindtree,Large Cap,EQUITY,1.24,219.841,547713
Invesco India Contra Fund - Direct (G),120348,INF205K01LE4,Contra Fund,2026-03-31,Equity,Equity,Insurance,ICICI Lombard,Mid Cap,EQUITY,1.24,218.2407,1275814
Invesco India Contra Fund - Direct (G),120348,INF205K01LE4,Contra Fund,2026-03-31,Equity,Equity,Refineries,H P C L,Mid Cap,EQUITY,1.21,214.4125,6392739
Invesco India Contra Fund - Direct (G),120348,INF205K01LE4,Contra Fund,2026-03-31,Equity,Equity,Banks,Bank of Baroda,Large Cap,EQUITY,1.2,212.0921,8565916
Invesco India Contra Fund - Direct (G),120348,INF205K01LE4,Contra Fund,2026-03-31,Equity,Equity,Financial Services,Multi Comm. Exc.,Mid Cap,EQUITY,1.2,212.697,890169
Invesco India Contra Fund - Direct (G),120348,INF205K01LE4,Contra Fund,2026-03-31,Equity,Equity,FMCG,Varun Beverages,Large Cap,EQUITY,1.17,206.8638,5385676
Invesco India Contra Fund - Direct (G),120348,INF205K01LE4,Contra Fund,2026-03-31,Equity,Equity,Healthcare,Global Health,Small Cap,EQUITY,1.14,202.0236,2102004
Invesco India Contra Fund - Direct (G),120348,INF205K01LE4,Contra Fund,2026-03-31,Equity,Equity,Banks,RBL Bank,Small Cap,EQUITY,1.11,195.9502,6762732
Invesco India Contra Fund - Direct (G),120348,INF205K01LE4,Contra Fund,2026-03-31,Equity,Equity,Healthcare,Entero Healthcar,Small Cap,EQUITY,1.11,196.8254,1577379
Invesco India Contra Fund - Direct (G),120348,INF205K01LE4,Contra Fund,2026-03-31,Equity,Equity,Auto Ancillaries,Craftsman Auto,Small Cap,EQUITY,1.07,188.5151,270195
Invesco India Contra Fund - Direct (G),120348,INF205K01LE4,Contra Fund,2026-03-31,Equity,Equity,Auto Ancillaries,Samvardh. Mothe.,Large Cap,EQUITY,1.04,184.5309,17560989
Invesco India Contra Fund - Direct (G),120348,INF205K01LE4,Contra Fund,2026-03-31,Equity,Equity,IT - Software,Tech Mahindra,Large Cap,EQUITY,0.99,174.0341,1257472
Invesco India Contra Fund - Direct (G),120348,INF205K01LE4,Contra Fund,2026-03-31,Equity,Equity,Cement,Ambuja Cements,Large Cap,EQUITY,0.93999,165.6136,4127441
Invesco India Contra Fund - Direct (G),120348,INF205K01LE4,Contra Fund,2026-03-31,Equity,Equity,Bearings,Timken India,Small Cap,EQUITY,0.88,154.825,480033
Invesco India Contra Fund - Direct (G),120348,INF205K01LE4,Contra Fund,2026-03-31,Equity,Equity,E-Commerce/App based Aggregator,Eternal,Large Cap,EQUITY,0.87,153.5707,6706728
Invesco India Contra Fund - Direct (G),120348,INF205K01LE4,Contra Fund,2026-03-31,Equity,Equity,Insurance,SBI Life Insuran,Large Cap,EQUITY,0.86,152.2144,856436
Invesco India Contra Fund - Direct (G),120348,INF205K01LE4,Contra Fund,2026-03-31,Equity,Equity,Cement,UltraTech Cem.,Large Cap,EQUITY,0.86,152.319,141758
Invesco India Contra Fund - Direct (G),120348,INF205K01LE4,Contra Fund,2026-03-31,Equity,Equity,Consumer Durables,Voltas,Mid Cap,EQUITY,0.85,149.9283,1177941
Invesco India Contra Fund - Direct (G),120348,INF205K01LE4,Contra Fund,2026-03-31,Equity,Equity,Quick Service Restaurant,Jubilant Food.,Small Cap,EQUITY,0.83,147.3908,3395320
Invesco India Contra Fund - Direct (G),120348,INF205K01LE4,Contra Fund,2026-03-31,Equity,Equity,Finance,Aadhar Hsg. Fin.,Small Cap,EQUITY,0.79,139.8332,3115367
Invesco India Contra Fund - Direct (G),120348,INF205K01LE4,Contra Fund,2026-03-31,Equity,Equity,"Diamond, Gems and Jewellery",Kalyan Jewellers,Mid Cap,EQUITY,0.76,134.5111,3578375
Invesco India Contra Fund - Direct (G),120348,INF205K01LE4,Contra Fund,2026-04-30,Equity,Equity,Logistics,Delhivery,Small Cap,EQUITY,1.61,312.3107,6686880
Invesco India Contra Fund - Direct (G),120348,INF205K01LE4,Contra Fund,2026-04-30,Equity,Equity,Steel,Shyam Metalics,Small Cap,EQUITY,1.58,307.4482,3518720
Invesco India Contra Fund - Direct (G),120348,INF205K01LE4,Contra Fund,2026-04-30,Equity,Equity,Automobile,TVS Motor Co.,Large Cap,EQUITY,1.57,304.3807,871427
Invesco India Contra Fund - Direct (G),120348,INF205K01LE4,Contra Fund,2026-04-30,Equity,Equity,Realty,Prestige Estates,Mid Cap,EQUITY,1.56,303.6582,2146905
Invesco India Contra Fund - Direct (G),120348,INF205K01LE4,Contra Fund,2026-04-30,Equity,Equity,Cement,Ambuja Cements,Mid Cap,EQUITY,0.93999,183.3409,4127441
Invesco India Contra Fund - Direct (G),120348,INF205K01LE4,Contra Fund,2026-04-30,Equity,Equity,E-Commerce/App based Aggregator,Meesho,Mid Cap,EQUITY,0.93,180.9574,9369720
Invesco India Contra Fund - Direct (G),120348,INF205K01LE4,Contra Fund,2026-04-30,Equity,Equity,Finance,Aditya AMC,Small Cap,EQUITY,0.88,170.7939,1682367
Invesco India Contra Fund - Direct (G),120348,INF205K01LE4,Contra Fund,2026-04-30,Equity,Equity,Auto Ancillaries,Samvardh. Mothe.,Large Cap,EQUITY,1.1,212.8567,17560989
Invesco India Contra Fund - Direct (G),120348,INF205K01LE4,Contra Fund,2026-04-30,Equity,Equity,Auto Ancillaries,Craftsman Auto,Small Cap,EQUITY,1.07,207.7259,270195
Invesco India Contra Fund - Direct (G),120348,INF205K01LE4,Contra Fund,2026-04-30,Equity,Equity,Insurance,ICICI Lombard,Mid Cap,EQUITY,1.07,207.3195,1175814
Invesco India Contra Fund - Direct (G),120348,INF205K01LE4,Contra Fund,2026-04-30,Equity,Equity,Electronics,Honeywell Auto,Small Cap,EQUITY,0.78,151.9632,48973
Invesco India Contra Fund - Direct (G),120348,INF205K01LE4,Contra Fund,2026-04-30,Equity,Equity,Finance,Shriram Finance,Large Cap,EQUITY,0.71,137.2063,1463768
Invesco India Contra Fund - Direct (G),120348,INF205K01LE4,Contra Fund,2026-04-30,Equity,Equity,"Diamond, Gems and Jewellery",Kalyan Jewellers,Mid Cap,EQUITY,0.67,129.4612,3136552
Invesco India Contra Fund - Direct (G),120348,INF205K01LE4,Contra Fund,2026-04-30,Equity,Equity,Banks,Axis Bank,Large Cap,EQUITY,3.78,733.9076,5786546
Invesco India Contra Fund - Direct (G),120348,INF205K01LE4,Contra Fund,2026-04-30,Equity,Equity,Banks,HDFC Bank,Large Cap,EQUITY,3.65,708.5718,9181959
Invesco India Contra Fund - Direct (G),120348,INF205K01LE4,Contra Fund,2026-04-30,Equity,Equity,Refineries,Reliance Industr,Large Cap,EQUITY,3.6,697.9799,4878249
Invesco India Contra Fund - Direct (G),120348,INF205K01LE4,Contra Fund,2026-04-30,Equity,Equity,Infrastructure Developers & Operators,Afcons Infrastr.,Small Cap,EQUITY,0.38,74.1552,2182960
Invesco India Contra Fund - Direct (G),120348,INF205K01LE4,Contra Fund,2026-04-30,Equity,Equity,Retail,Medplus Health,Small Cap,EQUITY,0.49,95.467,1094617
Invesco India Contra Fund - Direct (G),120348,INF205K01LE4,Contra Fund,2026-04-30,Equity,Equity,IT - Software,Tech Mahindra,Large Cap,EQUITY,1.03,199.9758,1357148
Invesco India Contra Fund - Direct (G),120348,INF205K01LE4,Contra Fund,2026-04-30,Equity,Equity,Infrastructure Developers & Operators,Larsen & Toubro,Large Cap,EQUITY,5.24,1017.6546,2535263
Invesco India Contra Fund - Direct (G),120348,INF205K01LE4,Contra Fund,2026-04-30,Equity,Equity,Banks,ICICI Bank,Large Cap,EQUITY,5.04,978.9723,7748712
Invesco India Contra Fund - Direct (G),120348,INF205K01LE4,Contra Fund,2026-04-30,Equity,Equity,Automobile,Tata Motors,Large Cap,EQUITY,1.47,285.4679,6964331
Invesco India Contra Fund - Direct (G),120348,INF205K01LE4,Contra Fund,2026-04-30,Equity,Equity,FMCG,Varun Beverages,Large Cap,EQUITY,1.43,276.6622,5385676
Invesco India Contra Fund - Direct (G),120348,INF205K01LE4,Contra Fund,2026-04-30,Equity,Equity,Banks,Kotak Mah. Bank,Large Cap,EQUITY,1.43,278.0323,7253647
Invesco India Contra Fund - Direct (G),120348,INF205K01LE4,Contra Fund,2026-04-30,Equity,Equity,E-Commerce/App based Aggregator,FSN E-Commerce,Mid Cap,EQUITY,1.8,350.0659,13222007
Invesco India Contra Fund - Direct (G),120348,INF205K01LE4,Contra Fund,2026-04-30,Equity,Equity,Financial Services,BSE,Large Cap,EQUITY,1.74,337.3844,926753
Invesco India Contra Fund - Direct (G),120348,INF205K01LE4,Contra Fund,2026-04-30,Equity,Equity,IT - Software,Coforge,Mid Cap,EQUITY,1.7,329.896,2758558
Invesco India Contra Fund - Direct (G),120348,INF205K01LE4,Contra Fund,2026-04-30,Equity,Equity,Pharmaceuticals,Lupin,Mid Cap,EQUITY,1.38,267.5304,1160552
Invesco India Contra Fund - Direct (G),120348,INF205K01LE4,Contra Fund,2026-04-30,Equity,Equity,Automobile,M & M,Large Cap,EQUITY,3.55,688.402,2222444
Invesco India Contra Fund - Direct (G),120348,INF205K01LE4,Contra Fund,2026-04-30,Equity,Equity,Logistics,Blackbuck,Small Cap,EQUITY,0.64,125.1577,2283692
Invesco India Contra Fund - Direct (G),120348,INF205K01LE4,Contra Fund,2026-04-30,Equity,Equity,Air Transport Service,Interglobe Aviat,Large Cap,EQUITY,0.97,188.1406,438015
Invesco India Contra Fund - Direct (G),120348,INF205K01LE4,Contra Fund,2026-04-30,Equity,Equity,Cables,KEI Industries,Mid Cap,EQUITY,1.81,351.8885,724423
Invesco India Contra Fund - Direct (G),120348,INF205K01LE4,Contra Fund,2026-04-30,Equity,Equity,Pharmaceuticals,Divi's Lab.,Large Cap,EQUITY,1.31,254.7309,391743
Invesco India Contra Fund - Direct (G),120348,INF205K01LE4,Contra Fund,2026-04-30,Equity,Equity,Banks,Bank of Baroda,Large Cap,EQUITY,1.26,245.4517,9316469
Invesco India Contra Fund - Direct (G),120348,INF205K01LE4,Contra Fund,2026-04-30,Equity,Equity,E-Commerce/App based Aggregator,Swiggy,Mid Cap,EQUITY,1.26,244.3407,9039612
Invesco India Contra Fund - Direct (G),120348,INF205K01LE4,Contra Fund,2026-04-30,Equity,Equity,Banks,IndusInd Bank,Mid Cap,EQUITY,1.52,294.174,3211331
Invesco India Contra Fund - Direct (G),120348,INF205K01LE4,Contra Fund,2026-04-30,Equity,Equity,Consumer Durables,Voltas,Mid Cap,EQUITY,0.87,168.4927,1177941
Invesco India Contra Fund - Direct (G),120348,INF205K01LE4,Contra Fund,2026-04-30,Equity,Equity,Financial Services,Multi Comm. Exc.,Mid Cap,EQUITY,1.25,243.1088,818135
Invesco India Contra Fund - Direct (G),120348,INF205K01LE4,Contra Fund,2026-04-30,Equity,Equity,E-Commerce/App based Aggregator,Eternal,Large Cap,EQUITY,0.85,165.6763,6706728
Invesco India Contra Fund - Direct (G),120348,INF205K01LE4,Contra Fund,2026-04-30,Equity,Equity,Bearings,Timken India,Small Cap,EQUITY,0.85,164.5937,480033
Invesco India Contra Fund - Direct (G),120348,INF205K01LE4,Contra Fund,2026-04-30,Equity,Equity,Realty,A B Real Estate,Small Cap,EQUITY,0.85,164.6668,1107972
Invesco India Contra Fund - Direct (G),120348,INF205K01LE4,Contra Fund,2026-04-30,Equity,Equity,IT - Software,Infosys,Large Cap,EQUITY,3.22,625.289,5290988
Invesco India Contra Fund - Direct (G),120348,INF205K01LE4,Contra Fund,2026-04-30,Equity,Equity,Telecom-Service,Bharti Airtel,Large Cap,EQUITY,2.56,496.0105,2628845
Invesco India Contra Fund - Direct (G),120348,INF205K01LE4,Contra Fund,2026-04-30,Equity,Equity,Finance,Cholaman.Inv.&Fn,Large Cap,EQUITY,2.35,455.1918,2912482
Invesco India Contra Fund - Direct (G),120348,INF205K01LE4,Contra Fund,2026-04-30,Equity,Equity,Pharmaceuticals,Glenmark Pharma.,Mid Cap,EQUITY,2.11,409.521,1701870
Invesco India Contra Fund - Direct (G),120348,INF205K01LE4,Contra Fund,2026-04-30,Equity,Equity,Quick Service Restaurant,Jubilant Food.,Small Cap,EQUITY,0.84,162.5,3395320
Invesco India Contra Fund - Direct (G),120348,INF205K01LE4,Contra Fund,2026-04-30,Equity,Equity,Insurance,SBI Life Insuran,Large Cap,EQUITY,0.8,155.7857,856436
Invesco India Contra Fund - Direct (G),120348,INF205K01LE4,Contra Fund,2026-04-30,Equity,Equity,Non Ferrous Metals,Hindalco Inds.,Large Cap,EQUITY,0.8,154.6085,1489485
Invesco India Contra Fund - Direct (G),120348,INF205K01LE4,Contra Fund,2026-04-30,Equity,Equity,Finance,Aadhar Hsg. Fin.,Small Cap,EQUITY,0.78,152.2168,3115367
Invesco India Contra Fund - Direct (G),120348,INF205K01LE4,Contra Fund,2026-04-30,Equity,Equity,Refineries,H P C L,Mid Cap,EQUITY,1.23,239.44,6392739
Invesco India Contra Fund - Direct (G),120348,INF205K01LE4,Contra Fund,2026-04-30,Equity,Equity,IT - Software,LTM,Large Cap,EQUITY,1.21,233.8515,547713
Invesco India Contra Fund - Direct (G),120348,INF205K01LE4,Contra Fund,2026-04-30,Equity,Equity,Healthcare,Global Health,Small Cap,EQUITY,1.21,234.8464,2102004
Invesco India Contra Fund - Direct (G),120348,INF205K01LE4,Contra Fund,2026-04-30,Equity,Equity,Pharmaceuticals,Wockhardt,Small Cap,EQUITY,0.34,65.0438,466063
Invesco India Contra Fund - Direct (G),120348,INF205K01LE4,Contra Fund,2026-04-30,Equity,Equity,Pharmaceuticals,Orchid Pharma,Small Cap,EQUITY,0.32,61.997,990763
Invesco India Contra Fund - Direct (G),120348,INF205K01LE4,Contra Fund,2026-04-30,Equity,Equity,Infrastructure Developers & Operators,KNR Construct.,Small Cap,EQUITY,0.19,37.6543,3009216
Invesco India Contra Fund - Direct (G),120348,INF205K01LE4,Contra Fund,2026-04-30,Equity,Equity,IT - Software,Hexaware Tech.,Small Cap,EQUITY,0.06,11.7088,261561
Invesco India Contra Fund - Direct (G),120348,INF205K01LE4,Contra Fund,2026-04-30,Equity,Equity,Banks,RBL Bank,Small Cap,EQUITY,1.17,227.5997,6762732
Invesco India Contra Fund - Direct (G),120348,INF205K01LE4,Contra Fund,2026-04-30,Equity,Equity,Consumer Durables,Crompton Gr. Con,Small Cap,EQUITY,0.47,91.4624,3358145
Invesco India Contra Fund - Direct (G),120348,INF205K01LE4,Contra Fund,2026-04-30,Equity,Equity,IT - Software,Sonata Software,Small Cap,EQUITY,0.41,78.8501,3091799
Invesco India Contra Fund - Direct (G),120348,INF205K01LE4,Contra Fund,2026-04-30,Equity,Equity,Retail,V-Mart Retail,Small Cap,EQUITY,0.39,76.1382,1235108
Invesco India Contra Fund - Direct (G),120348,INF205K01LE4,Contra Fund,2026-04-30,Equity,Equity,Healthcare,Apollo Hospitals,Large Cap,EQUITY,2.02,392.8666,514459
Invesco India Contra Fund - Direct (G),120348,INF205K01LE4,Contra Fund,2026-04-30,Equity,Equity,Banks,Federal Bank,Mid Cap,EQUITY,2.0,387.9347,13519245
Invesco India Contra Fund - Direct (G),120348,INF205K01LE4,Contra Fund,2026-04-30,Equity,Equity,Aerospace & Defence,Bharat Electron,Large Cap,EQUITY,1.96,379.7781,8805427
Invesco India Contra Fund - Direct (G),120348,INF205K01LE4,Contra Fund,2026-04-30,Equity,Equity,Cement,UltraTech Cem.,Large Cap,EQUITY,1.02,197.4567,170427
Invesco India Contra Fund - Direct (G),120348,INF205K01LE4,Contra Fund,2026-04-30,Equity,Equity,Pharmaceuticals,Cohance Life,Small Cap,EQUITY,1.0,193.9752,4013973
Invesco India Contra Fund - Direct (G),120348,INF205K01LE4,Contra Fund,2026-04-30,Equity,Equity,Healthcare,Entero Healthcar,Small Cap,EQUITY,0.99,191.8724,1577379
Invesco India Contra Fund - Direct (G),120348,INF205K01LE4,Contra Fund,2026-04-30,Equity,Equity,Capital Goods-Non Electrical Equipment,Jyoti CNC Auto.,Small Cap,EQUITY,0.78,150.4917,2006690
Invesco India Contra Fund - Direct (G),120348,INF205K01LE4,Contra Fund,2026-04-30,Equity,Equity,IT - Software,Mphasis,Mid Cap,EQUITY,0.64,123.9745,544536
Invesco India Contra Fund - Direct (G),120348,INF205K01LE4,Contra Fund,2026-04-30,Equity,Equity,Pharmaceuticals,J B Chemicals &,Mid Cap,EQUITY,0.63,122.3351,598684
Invesco India Contra Fund - Direct (G),120348,INF205K01LE4,Contra Fund,2026-04-30,Equity,Equity,FMCG,Britannia Inds.,Large Cap,EQUITY,0.52,100.1844,174964
Invesco India Contra Fund - Direct (G),120348,INF205K01LE4,Contra Fund,2026-05-31,Equity,Equity,Cement,UltraTech Cem.,Large Cap,EQUITY,1.0,195.6843,170427
Invesco India Contra Fund - Direct (G),120348,INF205K01LE4,Contra Fund,2026-05-31,Equity,Equity,Air Transport Service,Interglobe Aviat,Large Cap,EQUITY,0.99,192.9456,438015
Invesco India Contra Fund - Direct (G),120348,INF205K01LE4,Contra Fund,2026-05-31,Equity,Equity,E-Commerce/App based Aggregator,Swiggy,Mid Cap,EQUITY,0.99,192.7167,7472537
Invesco India Contra Fund - Direct (G),120348,INF205K01LE4,Contra Fund,2026-05-31,Equity,Equity,Banks,SBI,Large Cap,EQUITY,2.52,491.3011,5094371
Invesco India Contra Fund - Direct (G),120348,INF205K01LE4,Contra Fund,2026-05-31,Equity,Equity,Telecom-Service,Bharti Airtel,Large Cap,EQUITY,2.46,480.8158,2628845
Invesco India Contra Fund - Direct (G),120348,INF205K01LE4,Contra Fund,2026-05-31,Equity,Equity,Finance,Cholaman.Inv.&Fn,Large Cap,EQUITY,2.29,447.8524,2912482
Invesco India Contra Fund - Direct (G),120348,INF205K01LE4,Contra Fund,2026-05-31,Equity,Equity,Healthcare,Apollo Hospitals,Large Cap,EQUITY,2.16,420.6474,514459
Invesco India Contra Fund - Direct (G),120348,INF205K01LE4,Contra Fund,2026-05-31,Equity,Equity,Automobile,M & M,Large Cap,EQUITY,3.47,676.8675,2222444
Invesco India Contra Fund - Direct (G),120348,INF205K01LE4,Contra Fund,2026-05-31,Equity,Equity,Refineries,Reliance Industr,Large Cap,EQUITY,3.3,644.5143,4878249
Invesco India Contra Fund - Direct (G),120348,INF205K01LE4,Contra Fund,2026-05-31,Equity,Equity,IT - Software,Infosys,Large Cap,EQUITY,3.15,614.2308,5290988
Invesco India Contra Fund - Direct (G),120348,INF205K01LE4,Contra Fund,2026-05-31,Equity,Equity,Logistics,Delhivery,Small Cap,EQUITY,1.55,302.481,6686880
Invesco India Contra Fund - Direct (G),120348,INF205K01LE4,Contra Fund,2026-05-31,Equity,Equity,Automobile,TVS Motor Co.,Large Cap,EQUITY,1.5,292.4248,871427
Invesco India Contra Fund - Direct (G),120348,INF205K01LE4,Contra Fund,2026-05-31,Equity,Equity,Banks,IndusInd Bank,Mid Cap,EQUITY,1.5,293.628,3211331
Invesco India Contra Fund - Direct (G),120348,INF205K01LE4,Contra Fund,2026-05-31,Equity,Equity,Cement,Ambuja Cements,Mid Cap,EQUITY,0.95,184.8474,4127441
Invesco India Contra Fund - Direct (G),120348,INF205K01LE4,Contra Fund,2026-05-31,Equity,Equity,Bearings,Timken India,Small Cap,EQUITY,0.89,174.2712,480033
Invesco India Contra Fund - Direct (G),120348,INF205K01LE4,Contra Fund,2026-05-31,Equity,Equity,Electronics,Honeywell Auto,Small Cap,EQUITY,0.89,173.9521,48973
Invesco India Contra Fund - Direct (G),120348,INF205K01LE4,Contra Fund,2026-05-31,Equity,Equity,Auto Ancillaries,Samvardh. Mothe.,Large Cap,EQUITY,1.31,255.9339,17560989
Invesco India Contra Fund - Direct (G),120348,INF205K01LE4,Contra Fund,2026-05-31,Equity,Equity,Refineries,H P C L,Mid Cap,EQUITY,1.29,251.778,6392739
Invesco India Contra Fund - Direct (G),120348,INF205K01LE4,Contra Fund,2026-05-31,Equity,Equity,Banks,Bank of Baroda,Large Cap,EQUITY,1.28,250.1472,9316469
Invesco India Contra Fund - Direct (G),120348,INF205K01LE4,Contra Fund,2026-05-31,Equity,Equity,Pharmaceuticals,Cohance Life,Small Cap,EQUITY,0.89,173.2029,4013973
Invesco India Contra Fund - Direct (G),120348,INF205K01LE4,Contra Fund,2026-05-31,Equity,Equity,Pharmaceuticals,Orchid Pharma,Small Cap,EQUITY,0.4,78.518,990763
Invesco India Contra Fund - Direct (G),120348,INF205K01LE4,Contra Fund,2026-05-31,Equity,Equity,Infrastructure Developers & Operators,KNR Construct.,Small Cap,EQUITY,0.51,98.6995,7792479
Invesco India Contra Fund - Direct (G),120348,INF205K01LE4,Contra Fund,2026-05-31,Equity,Equity,FMCG,Varun Beverages,Large Cap,EQUITY,1.46,284.3637,5385676
Invesco India Contra Fund - Direct (G),120348,INF205K01LE4,Contra Fund,2026-05-31,Equity,Equity,Retail,Medplus Health,Small Cap,EQUITY,0.5,97.9901,1094617
Invesco India Contra Fund - Direct (G),120348,INF205K01LE4,Contra Fund,2026-05-31,Equity,Equity,Pharmaceuticals,Wockhardt,Small Cap,EQUITY,0.49,94.676,466063
Invesco India Contra Fund - Direct (G),120348,INF205K01LE4,Contra Fund,2026-05-31,Equity,Equity,Consumer Durables,Crompton Gr. Con,Small Cap,EQUITY,0.48,94.4142,3358145
Invesco India Contra Fund - Direct (G),120348,INF205K01LE4,Contra Fund,2026-05-31,Equity,Equity,Financial Services,Multi Comm. Exc.,Mid Cap,EQUITY,1.24,241.718,818135
Invesco India Contra Fund - Direct (G),120348,INF205K01LE4,Contra Fund,2026-05-31,Equity,Equity,Banks,RBL Bank,Small Cap,EQUITY,1.2,233.3143,6762732
Invesco India Contra Fund - Direct (G),120348,INF205K01LE4,Contra Fund,2026-05-31,Equity,Equity,Auto Ancillaries,Craftsman Auto,Small Cap,EQUITY,1.16,226.4725,249584
Invesco India Contra Fund - Direct (G),120348,INF205K01LE4,Contra Fund,2026-05-31,Equity,Equity,IT - Software,LTM,Large Cap,EQUITY,1.14,222.4591,547713
Invesco India Contra Fund - Direct (G),120348,INF205K01LE4,Contra Fund,2026-05-31,Equity,Equity,Non Ferrous Metals,Hindalco Inds.,Large Cap,EQUITY,0.86,167.8203,1489485
Invesco India Contra Fund - Direct (G),120348,INF205K01LE4,Contra Fund,2026-05-31,Equity,Equity,Quick Service Restaurant,Jubilant Food.,Small Cap,EQUITY,0.83,161.9085,3787334
Invesco India Contra Fund - Direct (G),120348,INF205K01LE4,Contra Fund,2026-05-31,Equity,Equity,Insurance,SBI Life Insuran,Large Cap,EQUITY,0.8,156.7364,856436
Invesco India Contra Fund - Direct (G),120348,INF205K01LE4,Contra Fund,2026-05-31,Equity,Equity,Banks,Kotak Mah. Bank,Large Cap,EQUITY,1.43,278.6851,7253647
Invesco India Contra Fund - Direct (G),120348,INF205K01LE4,Contra Fund,2026-05-31,Equity,Equity,Pharmaceuticals,Lupin,Mid Cap,EQUITY,1.35,263.1784,1160552
Invesco India Contra Fund - Direct (G),120348,INF205K01LE4,Contra Fund,2026-05-31,Equity,Equity,Automobile,Tata Motors,Large Cap,EQUITY,1.35,264.2964,6964331
Invesco India Contra Fund - Direct (G),120348,INF205K01LE4,Contra Fund,2026-05-31,Equity,Equity,FMCG,Britannia Inds.,Large Cap,EQUITY,0.47,91.06,174964
Invesco India Contra Fund - Direct (G),120348,INF205K01LE4,Contra Fund,2026-05-31,Equity,Equity,Infrastructure Developers & Operators,Afcons Infrastr.,Small Cap,EQUITY,0.38,74.0133,2182960
Invesco India Contra Fund - Direct (G),120348,INF205K01LE4,Contra Fund,2026-05-31,Equity,Equity,IT - Software,Hexaware Tech.,Small Cap,EQUITY,0.07,13.2873,261561
Invesco India Contra Fund - Direct (G),120348,INF205K01LE4,Contra Fund,2026-05-31,Equity,Equity,"Diamond, Gems and Jewellery",Kalyan Jewellers,Mid Cap,EQUITY,0.43,84.6709,2384760
Invesco India Contra Fund - Direct (G),120348,INF205K01LE4,Contra Fund,2026-05-31,Equity,Equity,Retail,V-Mart Retail,Small Cap,EQUITY,0.42,82.3508,1235108
Invesco India Contra Fund - Direct (G),120348,INF205K01LE4,Contra Fund,2026-05-31,Equity,Equity,IT - Software,Sonata Software,Small Cap,EQUITY,0.42,81.9636,3091799
Invesco India Contra Fund - Direct (G),120348,INF205K01LE4,Contra Fund,2026-05-31,Equity,Equity,IT - Software,Coforge,Mid Cap,EQUITY,2.01,392.2118,2758558
Invesco India Contra Fund - Direct (G),120348,INF205K01LE4,Contra Fund,2026-05-31,Equity,Equity,Aerospace & Defence,Bharat Electron,Large Cap,EQUITY,1.85,361.6829,8805427
Invesco India Contra Fund - Direct (G),120348,INF205K01LE4,Contra Fund,2026-05-31,Equity,Equity,E-Commerce/App based Aggregator,FSN E-Commerce,Mid Cap,EQUITY,1.78,346.8132,13222007
Invesco India Contra Fund - Direct (G),120348,INF205K01LE4,Contra Fund,2026-05-31,Equity,Equity,Steel,Shyam Metalics,Small Cap,EQUITY,1.75,342.4946,3518720
Invesco India Contra Fund - Direct (G),120348,INF205K01LE4,Contra Fund,2026-05-31,Equity,Equity,Finance,Aadhar Hsg. Fin.,Small Cap,EQUITY,0.76,148.6653,3115367
Invesco India Contra Fund - Direct (G),120348,INF205K01LE4,Contra Fund,2026-05-31,Equity,Equity,Realty,Prestige Estates,Mid Cap,EQUITY,1.71,333.3883,2434913
Invesco India Contra Fund - Direct (G),120348,INF205K01LE4,Contra Fund,2026-05-31,Equity,Equity,Realty,A B Real Estate,Small Cap,EQUITY,0.76,148.0246,1190100
Invesco India Contra Fund - Direct (G),120348,INF205K01LE4,Contra Fund,2026-05-31,Equity,Equity,Consumer Durables,Voltas,Mid Cap,EQUITY,0.75,146.7361,1177941
Invesco India Contra Fund - Direct (G),120348,INF205K01LE4,Contra Fund,2026-05-31,Equity,Equity,Finance,Shriram Finance,Large Cap,EQUITY,0.71,138.6408,1463768
Invesco India Contra Fund - Direct (G),120348,INF205K01LE4,Contra Fund,2026-05-31,Equity,Equity,Banks,ICICI Bank,Large Cap,EQUITY,5.9,1151.6969,9166642
Invesco India Contra Fund - Direct (G),120348,INF205K01LE4,Contra Fund,2026-05-31,Equity,Equity,IT - Software,Mphasis,Mid Cap,EQUITY,0.63,123.6859,544536
Invesco India Contra Fund - Direct (G),120348,INF205K01LE4,Contra Fund,2026-05-31,Equity,Equity,Capital Goods-Non Electrical Equipment,Jyoti CNC Auto.,Small Cap,EQUITY,0.61,119.5987,2006690
Invesco India Contra Fund - Direct (G),120348,INF205K01LE4,Contra Fund,2026-05-31,Equity,Equity,Logistics,Blackbuck,Small Cap,EQUITY,0.6,116.5939,2283692
Invesco India Contra Fund - Direct (G),120348,INF205K01LE4,Contra Fund,2026-05-31,Equity,Equity,Banks,Federal Bank,Mid Cap,EQUITY,2.0,390.6386,13519245
Invesco India Contra Fund - Direct (G),120348,INF205K01LE4,Contra Fund,2026-05-31,Equity,Equity,Pharmaceuticals,Glenmark Pharma.,Mid Cap,EQUITY,1.98,387.1584,1701870
Invesco India Contra Fund - Direct (G),120348,INF205K01LE4,Contra Fund,2026-05-31,Equity,Equity,Financial Services,BSE,Large Cap,EQUITY,1.97,384.2411,926753
Invesco India Contra Fund - Direct (G),120348,INF205K01LE4,Contra Fund,2026-05-31,Equity,Equity,Pharmaceuticals,J B Chemicals &,Mid Cap,EQUITY,0.66,129.7588,598684
Invesco India Contra Fund - Direct (G),120348,INF205K01LE4,Contra Fund,2026-05-31,Equity,Equity,E-Commerce/App based Aggregator,Meesho,Mid Cap,EQUITY,1.1,214.6694,11711368
Invesco India Contra Fund - Direct (G),120348,INF205K01LE4,Contra Fund,2026-05-31,Equity,Equity,Insurance,ICICI Lombard,Mid Cap,EQUITY,1.08,210.7294,1175814
Invesco India Contra Fund - Direct (G),120348,INF205K01LE4,Contra Fund,2026-05-31,Equity,Equity,IT - Software,Tech Mahindra,Large Cap,EQUITY,1.03,201.3872,1357148
Invesco India Contra Fund - Direct (G),120348,INF205K01LE4,Contra Fund,2026-05-31,Equity,Equity,Cables,KEI Industries,Mid Cap,EQUITY,1.96,381.5898,724423
Invesco India Contra Fund - Direct (G),120348,INF205K01LE4,Contra Fund,2026-05-31,Equity,Equity,Infrastructure Developers & Operators,Larsen & Toubro,Large Cap,EQUITY,5.3,1033.5,2535263
Invesco India Contra Fund - Direct (G),120348,INF205K01LE4,Contra Fund,2026-05-31,Equity,Equity,Pharmaceuticals,Divi's Lab.,Large Cap,EQUITY,1.34,261.1751,391743
Invesco India Contra Fund - Direct (G),120348,INF205K01LE4,Contra Fund,2026-05-31,Equity,Equity,Healthcare,Entero Healthcar,Small Cap,EQUITY,0.97,188.623,1577379
Invesco India Contra Fund - Direct (G),120348,INF205K01LE4,Contra Fund,2026-05-31,Equity,Equity,Healthcare,Global Health,Small Cap,EQUITY,1.28,249.9283,2102004
Invesco India Contra Fund - Direct (G),120348,INF205K01LE4,Contra Fund,2026-05-31,Equity,Equity,Finance,Aditya AMC,Small Cap,EQUITY,1.0,194.4703,1827728
Invesco India Contra Fund - Direct (G),120348,INF205K01LE4,Contra Fund,2026-05-31,Equity,Equity,Banks,Axis Bank,Large Cap,EQUITY,3.81,744.497,5786546
Motilal Oswal Contra Fund - Direct (G),154337,INF247L01GW6,Contra Fund,2026-05-31,Equity,Equity,FMCG,Godrej Consumer,Mid Cap,EQUITY,1.29,3.4372,33394
Motilal Oswal Contra Fund - Direct (G),154337,INF247L01GW6,Contra Fund,2026-05-31,Equity,Equity,IT - Software,Tech Mahindra,Large Cap,EQUITY,2.26,6.0571,40819
Motilal Oswal Contra Fund - Direct (G),154337,INF247L01GW6,Contra Fund,2026-05-31,Equity,Equity,Packaging,Garware Hi Tech,Small Cap,EQUITY,2.09,5.5771,9116
Motilal Oswal Contra Fund - Direct (G),154337,INF247L01GW6,Contra Fund,2026-05-31,Equity,Equity,Cables,Polycab India,Large Cap,EQUITY,2.07,5.5349,5840
Motilal Oswal Contra Fund - Direct (G),154337,INF247L01GW6,Contra Fund,2026-05-31,Equity,Equity,Capital Goods - Electrical Equipment,A B B,Large Cap,EQUITY,1.1,2.9491,4066
Motilal Oswal Contra Fund - Direct (G),154337,INF247L01GW6,Contra Fund,2026-05-31,Equity,Equity,Refineries,Reliance Industr,Large Cap,EQUITY,1.08,2.8905,21878
Motilal Oswal Contra Fund - Direct (G),154337,INF247L01GW6,Contra Fund,2026-05-31,Equity,Equity,FMCG,Britannia Inds.,Large Cap,EQUITY,0.99,2.6392,5071
Motilal Oswal Contra Fund - Direct (G),154337,INF247L01GW6,Contra Fund,2026-05-31,Equity,Equity,Automobile,Ashok Leyland,Mid Cap,EQUITY,0.88,2.3436,150772
Motilal Oswal Contra Fund - Direct (G),154337,INF247L01GW6,Contra Fund,2026-05-31,Equity,Equity,Auto Ancillaries,Uno Minda,Mid Cap,EQUITY,0.83,2.2223,20172
Motilal Oswal Contra Fund - Direct (G),154337,INF247L01GW6,Contra Fund,2026-05-31,Equity,Equity,IT - Software,Firstsour.Solu.,Small Cap,EQUITY,0.57,1.5123,57562
Motilal Oswal Contra Fund - Direct (G),154337,INF247L01GW6,Contra Fund,2026-05-31,Equity,Equity,Tyres,Apollo Tyres,Small Cap,EQUITY,0.54,1.4419,36551
Motilal Oswal Contra Fund - Direct (G),154337,INF247L01GW6,Contra Fund,2026-05-31,Equity,Equity,Pharmaceuticals,Sun Pharma.Inds.,Large Cap,EQUITY,2.29,6.1126,33974
Motilal Oswal Contra Fund - Direct (G),154337,INF247L01GW6,Contra Fund,2026-05-31,Equity,Equity,Pharmaceuticals,Rubicon Research,Small Cap,EQUITY,0.3,0.8007,7962
Motilal Oswal Contra Fund - Direct (G),154337,INF247L01GW6,Contra Fund,2026-05-31,Equity,Equity,IT - Software,Hexaware Tech.,Small Cap,EQUITY,2.03,5.4236,106764
Motilal Oswal Contra Fund - Direct (G),154337,INF247L01GW6,Contra Fund,2026-05-31,Equity,Equity,Auto Ancillaries,Bosch,Large Cap,EQUITY,2.01,5.3839,1470
Motilal Oswal Contra Fund - Direct (G),154337,INF247L01GW6,Contra Fund,2026-05-31,Equity,Equity,Capital Goods - Electrical Equipment,Suzlon Energy,Mid Cap,EQUITY,1.98,5.2968,929419
Motilal Oswal Contra Fund - Direct (G),154337,INF247L01GW6,Contra Fund,2026-05-31,Equity,Equity,Capital Goods-Non Electrical Equipment,Tube Investments,Mid Cap,EQUITY,1.94,5.1937,16533
Motilal Oswal Contra Fund - Direct (G),154337,INF247L01GW6,Contra Fund,2026-05-31,Equity,Equity,Finance,PNB Housing,Small Cap,EQUITY,0.26,0.7073,6864
Motilal Oswal Contra Fund - Direct (G),154337,INF247L01GW6,Contra Fund,2026-05-31,Equity,Equity,Fertilizers,Coromandel Inter,Mid Cap,EQUITY,0.25,0.675,3849
Motilal Oswal Contra Fund - Direct (G),154337,INF247L01GW6,Contra Fund,2026-05-31,Equity,Equity,Air Transport Service,Interglobe Aviat,Large Cap,EQUITY,0.25,0.659,1496
Motilal Oswal Contra Fund - Direct (G),154337,INF247L01GW6,Contra Fund,2026-05-31,Equity,Equity,Power Generation & Distribution,Power Grid Corpn,Large Cap,EQUITY,1.93,5.1535,177372
Motilal Oswal Contra Fund - Direct (G),154337,INF247L01GW6,Contra Fund,2026-05-31,Equity,Equity,Capital Goods - Electrical Equipment,Schneider Elect.,Small Cap,EQUITY,1.89,5.0576,38643
Motilal Oswal Contra Fund - Direct (G),154337,INF247L01GW6,Contra Fund,2026-05-31,Equity,Equity,Finance,HDFC AMC,Large Cap,EQUITY,1.89,5.0651,18940
Motilal Oswal Contra Fund - Direct (G),154337,INF247L01GW6,Contra Fund,2026-05-31,Equity,Equity,Aerospace & Defence,Solar Industries,Large Cap,EQUITY,1.87,5.0033,2742
Motilal Oswal Contra Fund - Direct (G),154337,INF247L01GW6,Contra Fund,2026-05-31,Equity,Equity,Infrastructure Developers & Operators,Va Tech Wabag,Small Cap,EQUITY,1.84,4.9284,32258
Motilal Oswal Contra Fund - Direct (G),154337,INF247L01GW6,Contra Fund,2026-05-31,Equity,Equity,Capital Goods - Electrical Equipment,Triveni Turbine,Small Cap,EQUITY,1.63,4.3611,58814
Motilal Oswal Contra Fund - Direct (G),154337,INF247L01GW6,Contra Fund,2026-05-31,Equity,Equity,Banks,J & K Bank,Small Cap,EQUITY,1.61,4.3042,306654
Motilal Oswal Contra Fund - Direct (G),154337,INF247L01GW6,Contra Fund,2026-05-31,Equity,Equity,Banks,ICICI Bank,Large Cap,EQUITY,1.53,4.1042,32666
